{"style_counts": [0.0003534768865772753, 0.0010376200506303501, 0.00029226906454815627, 0.00013205976427077548, 0.0, 0.0005475481105751134, 0.0005873045666144883, 8.378939445596867e-05, 0.000596641248728158], "style": ["Romanticism", "Romanticism", "Romanticism", "Realism", "Romanticism", "Romanticism", "Baroque", "Pop Art", "Realism", "Surrealism", "Orientalism", "Realism", "Realism", "Expressionism", "Surrealism", "Post-Impressionism", "Surrealism", "Symbolism", "Expressionism", "Romanticism"], "style_labels": ["Orientalism", "Romanticism", "Surrealism", "Expressionism", "Symbolism", "Pop Art", "Baroque", "Post-Impressionism", "Realism"], "artist": ["Aivazovsky Ivan ", "Alma-Tadema Lawrence ", "Goya Francisco", "Repin Ilya", "Aivazovsky Ivan ", "Aivazovsky Ivan ", "Rembrandt", "Warhol Andy", "Sargent John Singer", "Dali Salvador", "Delacroix Eugene ", "Repin Ilya", "Repin Ilya", "Picasso Pablo", "Escher M.C.", "Picasso Pablo", "Dali Salvador", "Roerich Nicholas", "Balthus", "Goya Francisco"], "contentId": ["196630.jpg", "214463.jpg", "193911.jpg", "215412.jpg", "196607.jpg", "196634.jpg", "220649.jpg", "229381.jpg", "266076.jpg", "221473.jpg", "187916.jpg", "215112.jpg", "215131.jpg", "224728.jpg", "204860.jpg", "223994.jpg", "221341.jpg", "225618.jpg", "244807.jpg", "193874.jpg"], "Orientalism": 0.0033668067376377985, "title": ["Night", "A Prize For The Artists Corp", "Duke of Alba", "The Revolutionary Meeting", "Moonlit night near Yalta", "Night in Amalfi", "The Resurrection of Lazurus a Small Plate", "Self-portrait", "Charles Alexander Giron", "Spanish Nobleman with a Cross of Brabant on His Jerkin", "Tiger Hunt", "Portrait of an old woman", "Portrait of Doctor Constantine Franzevich Yanitsky", "Woman in a shawl", "Still Life with Spherical Mirror", "Harlequin's Head", "Portrait of Juan de Pareja Repairing a String of His Mandolin", "Forging the sword (Nibelung)", "The week with four thursdays", "Brigand Stripping a Woman"], "Romanticism": 0.0026826635735847297, "scores": [0.006196854967349758, 0.00783743477336478, 0.007960131627897021, 0.008413852970909805, 0.008597004911478134, 0.009011425133035576, 0.009055474186168866, 0.00917038512389895, 0.009388038709009283, 0.009688580886181023, 0.009731323108762815, 0.009944326008112325, 0.010293779510343201, 0.010300248019870204, 0.01047790773579446, 0.010510820219447941, 0.010641752929846246, 0.010753002718794662, 0.010830364378519846, 0.010866005296427193], "Surrealism": 0.0034280145596669457, "Expressionism": 0.0035882238599442887, "year": ["unknown", "unknown", 1795.0, 1883.0, 1863.0, 1854.0, 1642.0, "unknown", 1884.0, 1981.0, 1854.0, 1870.0, 1865.0, 1902.0, 1934.0, 1905.0, "unknown", 1941.0, 1949.0, 1800.0], "Symbolism": 0.0037202836242150135, "Pop Art": 0.0031727355136399005, "Baroque": 0.003132979057600583, "Post-Impressionism": 0.003636494229759056, "style_dict": {"Orientalism": 1, "Romanticism": 6, "Surrealism": 3, "Expressionism": 2, "Symbolism": 1, "Pop Art": 1, "Baroque": 1, "Post-Impressionism": 1, "Realism": 4}, "Realism": 0.0031236423754869304}