{"Fauvism": 0.0031134459766204024, "style_counts": [0.00010678897491323003, 0.0008321262724426681, 3.0295829739457325e-05, 0.0006334723164554967, 0.0008128483600828851, 0.0, 0.0003398913391003955, 0.00011255233084872529], "style": ["Expressionism", "Symbolism", "unknown", "Symbolism", "Symbolism", "Post-Impressionism", "Expressionism", "Symbolism", "Realism", "Symbolism", "Post-Impressionism", "Fauvism", "Romanticism", "Symbolism", "New Realism", "Symbolism", "Realism", "Romanticism", "Realism", "Realism"], "style_labels": ["Fauvism", "unknown", "Romanticism", "Symbolism", "Expressionism", "New Realism", "Post-Impressionism", "Realism"], "artist": ["Dali Salvador", "Roerich Nicholas", "Matisse Henri", "Roerich Nicholas", "Blake William ", "Matisse Henri", "Chagall Marc", "Roerich Nicholas", "Sargent John Singer", "Roerich Nicholas", "Bonnard Pierre", "Derain Andre", "B\u00f6cklin Arnold", "Roerich Nicholas", "Hopper Edward", "Roerich Nicholas", "Shishkin Ivan", "B\u00f6cklin Arnold", "Levitan Isaac", "Shishkin Ivan"], "unknown": 0.002388108679091026, "title": ["Madrid. Drunk Man", "Castle of King Gesar", "Woman in Pink Interior", "Gilgit Road", "The Soldiers Casting Lots for Christ's Garments", "Still Life", "Station in Vitebsk", "The unspilling vessel", "Ilex Wood, Majorca", "The treasure diviner", "Gardens of Tuileries", "Figures from a Carnival", "Campagna Landscape", "Mountain Eagles (Tibetan stupa)", "Automat", "Snow Maiden", "Pine forest", "Roman Landscape", "Italian landscape", "Forest Landscape"], "year": [1922.0, "unknown", 1941.0, 1925.0, 1800.0, 1902.0, 1914.0, 1927.0, 1908.0, 1943.0, 1912.0, 1906.0, 1858.0, 1931.0, 1927.0, 1920.0, 1878.0, 1852.0, 1890.0, 1872.0], "Romanticism": 0.0031899391217942033, "scores": [0.005699171026649893, 0.006002635238122423, 0.006902521880831416, 0.007766162014826569, 0.007876999780591894, 0.00820524273112968, 0.008477634808931057, 0.008544896842521533, 0.008696208304974213, 0.008712416184153852, 0.008756749280553363, 0.008999016320559054, 0.009144360901579805, 0.009205472463080896, 0.009307676157703063, 0.009437513780981246, 0.009496828714701543, 0.009640801281177827, 0.009814114479108432, 0.009838486373209191], "Symbolism": 0.0025867626350781947, "Expressionism": 0.0024073865914508354, "contentId": ["221130.jpg", "225458.jpg", "9223372032559820592.jpg", "225637.jpg", "192963.jpg", "214191.jpg", "203329.jpg", "226880.jpg", "266152.jpg", "226878.jpg", "221894.jpg", "256123.jpg", "260591.jpg", "226241.jpg", "235527.jpg", "226654.jpg", "228871.jpg", "260649.jpg", "210251.jpg", "228683.jpg"], "New Realism": 0.0032202349515336767, "Post-Impressionism": 0.0028803436124332457, "style_dict": {"Fauvism": 1, "unknown": 1, "Romanticism": 2, "New Realism": 1, "Expressionism": 2, "Symbolism": 7, "Post-Impressionism": 2, "Realism": 4}, "Realism": 0.0031076826206849124}