{"scores": [0.006374750481111791, 0.007450232242645393, 0.007759387946192187, 0.007827205674504083, 0.008150945306125874, 0.009135793982113213, 0.009229728041012679, 0.009397983475635323, 0.009650400822159046, 0.0096997604548506, 0.009702522934769397, 0.009796001478315644, 0.009799076483501073, 0.01004118678393735, 0.010073876435448183, 0.010220994453431729, 0.010436817657823045, 0.010504111312270043, 0.010542826975173596, 0.01069806069955365], "Color Field Painting": 0.0037012749900865775, "year": [2009.0, "unknown", 1912.0, 1926.0, 1885.0, 1969.0, 1889.0, 1926.0, 1944.0, 1896.0, 1910.0, 1895.0, 1913.0, 1976.0, 1913.0, 1893.0, 2009.0, 1910.0, 1935.0, 1949.0], "style": ["Neo-Expressionism", "Romanticism", "Synthetic Cubism", "Symbolism", "Realism", "Pop Art", "Post-Impressionism", "Symbolism", "Op Art", "Realism", "Expressionism", "Realism", "Cubism", "Pop Art", "Expressionism", "Art Nouveau (Modern)", "Neo-Expressionism", "Expressionism", "Purism", "Color Field Painting"], "Neo-Expressionism": 0.002854799888516305, "Art Nouveau (Modern)": 0.003536221396264734, "Expressionism": 0.0033692942623523453, "Symbolism": 0.0029250375490912353, "style_dict": {"Neo-Expressionism": 2, "Op Art": 1, "Art Nouveau (Modern)": 1, "Romanticism": 1, "Purism": 1, "Color Field Painting": 1, "Expressionism": 3, "Symbolism": 2, "Pop Art": 2, "Post-Impressionism": 1, "Synthetic Cubism": 1, "Cubism": 1, "Realism": 3}, "Synthetic Cubism": 0.0026845639925018048, "Purism": 0.003647567807280085, "Pop Art": 0.0032564744764178293, "Post-Impressionism": 0.003193266753938527, "Realism": 0.00307623253289959, "style_counts": [0.0008464751015702099, 0.00036246544221596455, 0.00016505359382179563, 0.001123671530499637, 5.3707182806506104e-05, 0.0, 0.0003319807277342157, 0.0007762374409953088, 0.0004448005136686861, 0.0005080082361480498, 0.0010167109975847133, 0.0003110271935077291, 0.000625042457186975], "artist": ["Twombly Cy", "Delacroix Eugene ", "Picasso Pablo", "Roerich Nicholas", "van Gogh Vincent ", "Warhol Andy", "van Gogh Vincent ", "Roerich Nicholas", "Escher M.C.", "Bouguereau William-Adolphe", "Schiele Egon", "Zorn Anders", "Malevich Kazimir", "Warhol Andy", "Schiele Egon", "Toulouse-Lautrec Henri de", "Twombly Cy", "Schiele Egon", "Leger Fernand ", "Rothko Mark"], "Op Art": 0.0033388095478705314, "contentId": ["231508.jpg", "187863.jpg", "224010.jpg", "226301.jpg", "207042.jpg", "300238.jpg", "205891.jpg", "226307.jpg", "204726.jpg", "232499.jpg", "232621.jpg", "277388.jpg", "219877.jpg", "300226.jpg", "232736.jpg", "230707.jpg", "231509.jpg", "232599.jpg", "196125.jpg", "242187.jpg"], "style_labels": ["Neo-Expressionism", "Op Art", "Art Nouveau (Modern)", "Romanticism", "Purism", "Color Field Painting", "Expressionism", "Symbolism", "Pop Art", "Post-Impressionism", "Synthetic Cubism", "Cubism", "Realism"], "Romanticism": 0.0025776034595868893, "title": ["Leaving Paphos Ringed With Waves IV", "Study of a man in costume", "Head of a man with hat", "Order of Buddha all-conquering", "Study Sheet with Seven Hands", "Brillo Soap Pads", "Enclosed Field with Ploughman", "Order of the Buddha all-conquering", "Logo for Chinese-Indonesian restaurant \"Insulinde\"", "Study of the Head of Elize", "Female Nude", "The Guitar", "The Athlete of the Future", "Amos", "Rufer", "Yvette Guilbert", "Leaving Paphos Ringed With Waves V", "Boy with Hand to Face", "Project design stage for a fitness", "Violet, Black, Orange, Yellow on White and Red"], "Cubism": 0.003390247796578803}