{"Impressionism": 0.003035383550467799, "style": ["Romanticism", "Surrealism", "Romanticism", "Expressionism", "Romanticism", "Realism", "Romanticism", "Surrealism", "Op Art", "Impressionism", "Surrealism", "Magic Realism", "Impressionism", "Color Field Painting", "Realism, Surrealism", "Romanticism", "Baroque", "Romanticism", "Romanticism", "Mannerism (Late Renaissance)"], "style_labels": ["Impressionism", "Surrealism", "Op Art", "Romanticism", "Magic Realism", "Color Field Painting", "Mannerism (Late Renaissance)", "Expressionism", "Baroque", "Realism, Surrealism", "Realism"], "Surrealism": 0.002614907500935929, "Op Art": 0.0028436854166530826, "contentId": ["194102.jpg", "221796.jpg", "194091.jpg", "189686.jpg", "187920.jpg", "212578.jpg", "194117.jpg", "259024.jpg", "204784.jpg", "251166.jpg", "221634.jpg", "271299.jpg", "192213.jpg", "242152.jpg", "221356.jpg", "193956.jpg", "186658.jpg", "194046.jpg", "199711.jpg", "224867.jpg"], "artist": ["Goya Francisco", "Dali Salvador", "Goya Francisco", "Modigliani Amedeo ", "Delacroix Eugene ", "Monet Claude", "Goya Francisco", "Beksinski Zdislav", "Escher M.C.", "Sorolla Joaqu\u00edn", "Dali Salvador", "Vallotton  Felix", "Manet Edouard", "Rothko Mark", "Dali Salvador", "Goya Francisco", "Caravaggio", "Goya Francisco", "Corot Camille ", "Titian"], "Romanticism": 0.0026058061711613885, "Magic Realism": 0.0031535992856938757, "Color Field Painting": 0.0033542997336197277, "Mannerism (Late Renaissance)": 0.0034317338456772237, "Expressionism": 0.0025100639742160853, "year": [1783.0, 1957.0, 1788.0, 1915.0, "unknown", 1868.0, 1784.0, "unknown", 1951.0, 1899.0, 1950.0, 1912.0, 1879.0, 1957.0, 1942.0, 1823.0, 1604.0, 1794.0, 1827.0, 1575.0], "scores": [0.006035011505862753, 0.006409110366753682, 0.007050517306864689, 0.0072550180215867795, 0.007455600125072031, 0.007493734878863397, 0.007889903264929572, 0.008106264348071835, 0.008219308016635257, 0.00843433818000543, 0.008985313663911011, 0.009115074311091096, 0.00944066510543059, 0.00969517321757309, 0.009698758044682685, 0.00971995307896059, 0.009881629923668252, 0.009909153564109912, 0.009909607138026811, 0.009918986588161842], "title": ["The Count of Floridablanca", "Untitled (Surrealist Landscape)", "The Arrest of Christ", "Portrait of Picasso", "Two Figures", "The Luncheon", "The Family of the Infante Don Luis", "Untitled", "Prelim Drawing Ceiling Decoration for Philips_", "Children at the beach", "The Madonna of Port Lligat", "Solitaire (also known as Nude Playing Cards)", "Young woman among the flowers", "Red, White, and Brown", "Portrait of Mrs. Luther Greene", "Judith and Holovernes", "John the Baptist", "Robbery", "Rome The Fountain of the Academie de France", "Crowning with Thorns"], "Baroque": 0.003418809326749326, "style_dict": {"Impressionism": 2, "Magic Realism": 1, "Op Art": 1, "Romanticism": 7, "Surrealism": 3, "Color Field Painting": 1, "Mannerism (Late Renaissance)": 1, "Expressionism": 1, "Baroque": 1, "Realism, Surrealism": 1, "Realism": 1}, "Realism, Surrealism": 0.0033555399986824495, "Realism": 0.0025926543388030874, "style_counts": [0.0003963502952093467, 0.0008168263447412283, 0.0005880484290241572, 0.0008259276745158362, 0.0002781345599832674, 7.743411205740625e-05, 0.0, 0.0009216698714611393, 1.2924518927870388e-05, 7.619384699475429e-05, 0.0008390795068741186]}