{"Northern Renaissance": 0.0032686374296249654, "year": [1924.0, 1922.0, "unknown", 1943.0, 1804.0, 1916.0, 1881.0, 1963.0, 1952.0, 1869.0, 1779.0, "unknown", 1826.0, 1865.0, 1948.0, 1902.0, 1893.0, 1897.0, 1892.0, 1869.0], "style": ["Symbolism", "Neo-Romanticism", "Na\u00efve Art (Primitivism)", "Expressionism", "Neoclassicism", "Cubism, Fauvism", "Realism", "Magic Realism", "Cubism, Expressionism", "Neoclassicism", "Romanticism", "Northern Renaissance", "Realism", "Impressionism", "Surrealism", "Impressionism", "Realism", "Neo-Romanticism", "Realism", "Romanticism"], "Neo-Romanticism": 0.0028411608978730052, "title": ["Mountains Soshing", "Terry's Lane, Cookham", "Park with Figures", "Untitled", "Self-Portrait at the Age of 24", "Still Life with Rose", "Road in a Wood", "Over and Above Series (Fox)", "A landscape drawn into squares", "Prayer at Sainte Anne d'Auray", "The Fair at Madrid", "Allegory on Social Injustice", "Papigno, Buildings Overlooking the Valley", "Self Portrait with Evariste de Valernes", "Girl with Roses", "The palm tree", "Blessing of the waters", "The 12 wild ducks 12 villender", "Mrs. George Lewis (Elizabeth Eberstadt)", "Clash soldiers with murids on Gunib"], "Cubism, Fauvism": 0.002757355241611798, "Expressionism": 0.002549005677316735, "Symbolism": 0.0021146282743598277, "style_dict": {"Impressionism": 2, "Neo-Romanticism": 2, "Cubism, Expressionism": 1, "Northern Renaissance": 1, "Realism": 4, "Romanticism": 2, "Magic Realism": 1, "Cubism, Fauvism": 1, "Expressionism": 1, "Surrealism": 1, "Symbolism": 1, "Neoclassicism": 2, "Na\u00efve Art (Primitivism)": 1}, "Neoclassicism": 0.0028235070983962476, "Impressionism": 0.003291063617256783, "Cubism, Expressionism": 0.003141887877537094, "Magic Realism": 0.002811051296048739, "scores": [0.006112061842658348, 0.006712704738911042, 0.0069509742202098716, 0.007367574020433275, 0.00754604961526488, 0.007969781716841696, 0.008081355777949533, 0.008124983276096686, 0.00908122398770954, 0.00908123910167721, 0.009341767098907614, 0.009447577313390312, 0.009540784378996718, 0.009612908769589855, 0.009701169079573847, 0.009767763225544892, 0.009791608989230576, 0.010018545048650556, 0.010063723472628128, 0.010104963899106542], "Realism": 0.00307745084700617, "style_counts": [6.531054225111799e-05, 0.0005152132616348393, 0.00021448628197073827, 8.773672988293679e-05, 5.4092954902995594e-05, 0.0002789233125016777, 0.0005453228634590968, 0.00095150212143158, 0.0008073684821910954, 0.0, 0.0012417458851480268, 0.0005328670611115527, 0.0005990189178960437], "artist": ["Roerich Nicholas", "Spencer Stanley", "Rousseau Henri", "Pollock Jackson ", "Ingres Jean Auguste Dominique ", "Miro Joan", "Levitan Isaac", "Holbrook Carter Clarence", "Braque Georges ", "Bouguereau William-Adolphe", "Goya Francisco", "Durer Albrecht", "Corot Camille ", "Degas Edgar", "Freud Lucian", "Renoir Pierre-Auguste", "Levitan Isaac", "Kittelsen Theodor Severin", "Sargent John Singer", "Aivazovsky Ivan "], "contentId": ["226248.jpg", "298637.jpg", "191366.jpg", "185294.jpg", "193513.jpg", "228024.jpg", "210357.jpg", "327991.jpg", "193588.jpg", "232472.jpg", "194115.jpg", "200523.jpg", "199665.jpg", "213666.jpg", "231989.jpg", "219265.jpg", "210118.jpg", "321837.jpg", "266250.jpg", "196479.jpg"], "style_labels": ["Impressionism", "Neo-Romanticism", "Cubism, Expressionism", "Northern Renaissance", "Romanticism", "Realism", "Magic Realism", "Na\u00efve Art (Primitivism)", "Expressionism", "Surrealism", "Symbolism", "Neoclassicism", "Cubism, Fauvism"], "Romanticism": 0.0033022812046047995, "Surrealism": 0.0033563741595078085, "Na\u00efve Art (Primitivism)": 0.0024048720380762806}