{"Impressionism": 0.0030906693641278627, "style": ["Impressionism", "Neoclassicism", "Surrealism", "Magic Realism", "Realism", "Art Nouveau (Modern)", "Impressionism", "Surrealism", "Mannerism (Late Renaissance)", "Mannerism (Late Renaissance)", "Realism", "Realism", "Impressionism", "High Renaissance", "Romanticism", "Realism", "Mannerism (Late Renaissance)", "Orientalism", "Impressionism", "Realism"], "style_labels": ["Impressionism", "Surrealism", "Art Nouveau (Modern)", "Romanticism", "High Renaissance", "Magic Realism", "Mannerism (Late Renaissance)", "Realism", "Orientalism", "Neoclassicism"], "Surrealism": 0.0031049089455943125, "contentId": ["212556.jpg", "193365.jpg", "243148.jpg", "278380.jpg", "205884.jpg", "226635.jpg", "213382.jpg", "202962.jpg", "225040.jpg", "225039.jpg", "192000.jpg", "191887.jpg", "277245.jpg", "225041.jpg", "187810.jpg", "206343.jpg", "224900.jpg", "279475.jpg", "277270.jpg", "206629.jpg"], "Art Nouveau (Modern)": 0.00317819968766004, "artist": ["Monet Claude", "Ingres Jean Auguste Dominique ", "Delvaux Paul", "Earle Eyvind", "van Gogh Vincent ", "Roerich Nicholas", "Degas Edgar", "Chagall Marc", "Titian", "Titian", "Manet Edouard", "Courbet Gustave", "Zorn Anders", "Titian", "Delacroix Eugene ", "van Gogh Vincent ", "Titian", "Gerome Jean-Leon", "Zorn Anders", "van Gogh Vincent "], "Romanticism": 0.003577867551508448, "High Renaissance": 0.003503205524887019, "Magic Realism": 0.003052016639082819, "Mannerism (Late Renaissance)": 0.0033155413172942182, "Realism": 0.0032197922409674487, "scores": [0.007826189657304274, 0.008726752685845704, 0.008774556704076916, 0.008821462698234151, 0.008954148638189253, 0.009186178618166991, 0.009190253028848717, 0.009509873148264014, 0.009593637672116942, 0.009699680085636507, 0.00976616145999053, 0.010065233832733316, 0.01007250162536729, 0.010125566311239249, 0.01034136732437312, 0.010420729934630972, 0.01050410462780656, 0.010541585635091874, 0.010549504595166365, 0.010556298673576391], "year": [1900.0, 1851.0, 1961.0, "unknown", 1882.0, 1919.0, 1876.0, 1954.0, 1570.0, 1576.0, "unknown", 1876.0, 1902.0, 1519.0, "unknown", 1884.0, 1542.0, 1885.0, 1896.0, 1882.0], "title": ["The Japanese Bridge (The Bridge over the Water-Lily Pond)", "Jupiter and Antiope", "Path", "The Sea Below", "Edge of a Wood", "Sketches of costumes for \"Tale of Tsar Saltan\"", "Dancer on Stage with a Bouquet", "Red Roofs", "Tarquin and Lucretia", "Tarquin and Lucretia", "Artist's atelier", "The Deer", "Emma and Mouche, the dog", "The Annunciation", "Milton dictated to his daughters the (Paradise Lost)", "New-Born Calf Lying on Straw", "Jupiter and Anthiope (Pardo Venus)", "The Large Pool of Bursa", "In the studio", "Pollard Willow"], "style_dict": {"Impressionism": 4, "Surrealism": 2, "Art Nouveau (Modern)": 1, "Romanticism": 1, "High Renaissance": 1, "Magic Realism": 1, "Mannerism (Late Renaissance)": 3, "Neoclassicism": 1, "Orientalism": 1, "Realism": 5}, "Orientalism": 0.0036471383330858634, "Neoclassicism": 0.0030192492235662127, "style_counts": [0.0005564689689580016, 0.0005422293874914885, 0.0004689386454257427, 6.927078157736855e-05, 0.00014393280819879894, 0.000595121694002998, 0.00033159701579166256, 0.0004273460921183636, 0.0, 0.0006278891095196082]}