{"Fauvism": 0.0037446776436663933, "Color Field Painting, Minimalism": 0.0037571303029281873, "style": ["Impressionism", "Impressionism", "Fauvism", "Color Field Painting, Minimalism", "Expressionism", "Realism", "Post-Impressionism", "Art Nouveau (Modern), Post-Impressionism", "Surrealism", "Surrealism", "Impressionism", "Surrealism", "Impressionism", "Impressionism", "Art Nouveau (Modern)", "Art Nouveau (Modern)", "unknown", "Realism", "Realism", "Surrealism, Automatic Painting"], "Post-Impressionism": 0.00435122593278133, "Surrealism, Automatic Painting": 0.004974118629726746, "Impressionism": 0.0039056508814623507, "unknown": 0.004890526824646937, "Art Nouveau (Modern)": 0.0047927386504160565, "artist": ["Renoir Pierre-Auguste", "Renoir Pierre-Auguste", "Mondrian Piet", "Rothko Mark", "Modigliani Amedeo ", "van Gogh Vincent ", "Toulouse-Lautrec Henri de", "Toulouse-Lautrec Henri de", "Dali Salvador", "Chagall Marc", "Sargent John Singer", "Chagall Marc", "Renoir Pierre-Auguste", "Renoir Pierre-Auguste", "Toulouse-Lautrec Henri de", "Toulouse-Lautrec Henri de", "Matisse Henri", "Corot Camille ", "Manet Edouard", "Miro Joan"], "year": [1905.0, 1897.0, 1921.0, 1969.0, "unknown", "unknown", 1895.0, 1896.0, 1937.0, 1974.0, 1913.0, 1938.0, 1882.0, "unknown", "unknown", 1899.0, 1940.0, 1857.0, 1880.0, 1924.0], "style_counts": [0.0012294409860603706, 0.001216988326798507, 0.0006228926969453763, 0.0, 0.0010684677482644123, 8.35918050797746e-05, 0.00018137997931066963, 0.0005329742095931955, 0.0010967835089873423, 0.00047383034600501084, 0.000514297030981048], "Surrealism": 0.004441144420133564, "style_labels": ["Fauvism", "Color Field Painting, Minimalism", "Post-Impressionism", "Surrealism, Automatic Painting", "Impressionism", "unknown", "Art Nouveau (Modern)", "Surrealism", "Expressionism", "Art Nouveau (Modern), Post-Impressionism", "Realism"], "Expressionism": 0.0038773351207394015, "contentId": ["218784.jpg", "219056.jpg", "186068.jpg", "341035.jpg", "189805.jpg", "207264.jpg", "230675.jpg", "230402.jpg", "221046.jpg", "203009.jpg", "265959.jpg", "202376.jpg", "218510.jpg", "218872.jpg", "230666.jpg", "230474.jpg", "9223372032559820546.jpg", "199621.jpg", "192089.jpg", "227912.jpg"], "scores": [0.009221557443773652, 0.010144047546435102, 0.0108235105036785, 0.010859503318319494, 0.011206939928884082, 0.011687661667994474, 0.01257666054833655, 0.013007506157660144, 0.01301374273270299, 0.013234926170375198, 0.01345219836932526, 0.013664770109646843, 0.013723829041466889, 0.013821031011981372, 0.014103656639822416, 0.014120196358662775, 0.014135440615193114, 0.014155627180086259, 0.014238005644886231, 0.014377052007787355], "title": ["Coco Reading", "Sleeping woman", "White Rose in a Glass", "Untitled", "Young Girl with Blue Eyes", "Two Hands", "Two Friends", "Conquest\u00a0of\u00a0passage", "Herodias", "Song of Songs", "San Vigilio", "A red horse", "Girl with Auburn Hair", "Portrait of a Girl", "They", "La Gitane The Gypsy", "Still Life with Shellfish", "Monk in White, Seated, Reading", "Portrait of Ernest Cabaner", "Hermitage"], "Art Nouveau (Modern), Post-Impressionism": 0.00450028828372168, "style_dict": {"Fauvism": 1, "Impressionism": 5, "Art Nouveau (Modern), Post-Impressionism": 1, "Surrealism, Automatic Painting": 1, "Color Field Painting, Minimalism": 1, "unknown": 1, "Art Nouveau (Modern)": 2, "Surrealism": 3, "Expressionism": 1, "Post-Impressionism": 1, "Realism": 3}, "Realism": 0.004459821598745701}