{"Impressionism": 0.004672512398711928, "style": ["Surrealism", "Expressionism", "Symbolism", "Symbolism", "unknown", "Realism", "Impressionism", "Magic Realism", "Op Art", "Expressionism", "Art Nouveau (Modern)", "Art Nouveau (Modern)", "Symbolism", "Post-Impressionism", "Neo-Romanticism", "Surrealism", "Surrealism", "Art Nouveau (Modern)", "Realism", "Surrealism"], "style_labels": ["Impressionism", "Neo-Romanticism", "Surrealism", "Op Art", "unknown", "Art Nouveau (Modern)", "Magic Realism", "Expressionism", "Symbolism", "Post-Impressionism", "Realism"], "Neo-Romanticism": 0.004894483076129845, "Surrealism": 0.004548622962014383, "Op Art": 0.004721146976564474, "unknown": 0.0046366157929178375, "Art Nouveau (Modern)": 0.004741907059332756, "artist": ["Dali Salvador", "Escher M.C.", "Roerich Nicholas", "Roerich Nicholas", "Ernst Max", "Sargent John Singer", "Monet Claude", "Earle Eyvind", "Escher M.C.", "Kandinsky Wassily", "Toulouse-Lautrec Henri de", "Roerich Nicholas", "Roerich Nicholas", "van Gogh Vincent ", "Spencer Stanley", "Dali Salvador", "Escher M.C.", "Roerich Nicholas", "Manet Edouard", "Magritte Rene"], "year": [1934.0, 1918.0, 1932.0, 1932.0, 1940.0, 1910.0, 1869.0, 1992.0, 1968.0, 1910.0, 1896.0, 1912.0, 1922.0, 1888.0, 1944.0, 1928.0, "unknown", 1905.0, 1863.0, 1926.0], "style_counts": [0.00022197067741791532, 0.0, 0.00034586011411541495, 0.00017333609956537988, 0.0002578672832119766, 0.0001525760167970791, 0.0002217781458467849, 0.0004927561625339694, 0.00046141347530237464, 7.256113327858138e-06, 0.00014630920261993197], "scores": [0.012096806156140807, 0.012157425377415609, 0.012594897713012854, 0.013163565977009352, 0.013401543340065047, 0.013441612447481795, 0.01350529787565662, 0.01350585436347241, 0.01364586988593882, 0.01376380722265998, 0.01404974897077508, 0.014053171009579084, 0.014082405332307799, 0.014125902787711555, 0.014146875652746449, 0.014358912460482551, 0.014367369100937243, 0.01451353206715575, 0.014519804018562715, 0.014570450956826464], "Magic Realism": 0.00467270493028309, "Expressionism": 0.004401726913595912, "contentId": ["220983.jpg", "204645.jpg", "225476.jpg", "225933.jpg", "388637.jpg", "266075.jpg", "212314.jpg", "278292.jpg", "204608.jpg", "189418.jpg", "230643.jpg", "226653.jpg", "226676.jpg", "205766.jpg", "298661.jpg", "221063.jpg", "204641.jpg", "226350.jpg", "192068.jpg", "211566.jpg"], "Symbolism": 0.0044330696008274845, "title": ["Figure with Drawers for a Four-part Screen", "Two bells", "Charaka", "Kalki Avatar", "The Spanish Physician", "Cecily Homer", "Rough Sea at Etretat", "Snow White", "Metamorphosis III excerpt 7", "The cow", "The passenger in cabin 54", "Snow Maiden", "Spell words", "Bush in the Park at Arles", "Garden Scene. Port Glasgow.", "Inaugural Gooseflesh", "NOT DETECTED", "Pell\u00e9as and M\u00e9lisande", "Olympia", "The lost jockey"], "Post-Impressionism": 0.004887226962802002, "style_dict": {"Impressionism": 1, "Neo-Romanticism": 1, "Magic Realism": 1, "Op Art": 1, "unknown": 1, "Art Nouveau (Modern)": 3, "Surrealism": 4, "Expressionism": 2, "Symbolism": 3, "Post-Impressionism": 1, "Realism": 2}, "Realism": 0.004748173873509901}