{"Color Field Painting": 0.0019296897451381706, "year": [1952.0, 1963.0, 1887.0, 1949.0, 1888.0, 1920.0, "unknown", 1924.0, 1969.0, 1935.0, 1882.0, 1900.0, 1920.0, 1977.0, 1889.0, "unknown", "unknown", 1962.0, 1896.0, 1885.0], "Abstract Expressionism, Surrealism": 0.004128748306167465, "style": ["Color Field Painting", "Surrealism", "Post-Impressionism", "Surrealism", "Post-Impressionism", "Precisionism", "Neoclassicism", "Surrealism, Automatic Painting", "Abstract Expressionism, Surrealism", "Symbolism", "Realism", "Neo-Romanticism", "Symbolism", "Magic Realism", "Post-Impressionism", "Surrealism", "Romanticism", "Surrealism", "unknown", "Realism"], "Neo-Romanticism": 0.004616208918248421, "title": ["Untitled", "Small square station", "On the Outskirts of Paris", "Set design for the ballet 'Los Sacos Del Molinero'", "The Artist's House in Arles", "Apple Family II", "Portrait of a Young Girl", "Hermitage", "The Pool of Tears", "St. Sergius Hermitage", "Bench in a Wood", "Blege Taager Vandret Over Vandet", "Snow Maiden", "Pilgrimage #6", "Olive Grove - Bright Blue Sky", "Flying geese", "Bather Sleeping by a Brook", "All the lights", "Lemons and Bottle of Dutch Gin", "Feet"], "unknown": 0.00498443371628524, "Symbolism": 0.004473065428556276, "style_dict": {"Abstract Expressionism, Surrealism": 1, "Neo-Romanticism": 1, "Magic Realism": 1, "unknown": 1, "Realism": 2, "Romanticism": 1, "Surrealism": 4, "Color Field Painting": 1, "Precisionism": 1, "Surrealism, Automatic Painting": 1, "Symbolism": 2, "Post-Impressionism": 3, "Neoclassicism": 1}, "Neoclassicism": 0.003993950871856603, "Magic Realism": 0.004791502657579905, "Precisionism": 0.00375169294113198, "scores": [0.005577520740849216, 0.008495204304256506, 0.008569761768817902, 0.009136440645705074, 0.009393519946556668, 0.010843787321346273, 0.011544002802439089, 0.011782187124289543, 0.011933617499608069, 0.012786803874890083, 0.013171958585609999, 0.01334255988585364, 0.013554532533515795, 0.013849223959353375, 0.01384951646790507, 0.013861902048909696, 0.014149492334329302, 0.014389579372835025, 0.014406866442656282, 0.014455805930570768], "Post-Impressionism": 0.003539790973548123, "Realism": 0.004691515890066447, "style_counts": [0.0008556854101177125, 0.0003682247980367759, 0.0012167552617607935, 0.0, 0.0002929178262187637, 8.904533045750451e-05, 0.00019293105870532568, 0.0030547439711470226, 0.0012327407751532293, 0.0009080767244546983, 0.0005113682877289083, 0.0014446427427370345, 0.0009904828444285974], "artist": ["Rothko Mark", "Delvaux Paul", "van Gogh Vincent ", "Dali Salvador", "van Gogh Vincent ", "O'Keeffe Georgia", "Bouguereau William-Adolphe", "Miro Joan", "Dali Salvador", "Roerich Nicholas", "van Gogh Vincent ", "Kittelsen Theodor Severin", "Roerich Nicholas", "Holbrook Carter Clarence", "van Gogh Vincent ", "Ernst Max", "Courbet Gustave", "Delvaux Paul", "Matisse Henri", "van Gogh Vincent "], "contentId": ["242169.jpg", "243165.jpg", "206381.jpg", "221447.jpg", "207062.jpg", "231614.jpg", "232459.jpg", "227912.jpg", "221661.jpg", "226694.jpg", "205733.jpg", "321760.jpg", "226654.jpg", "345397.jpg", "206366.jpg", "234176.jpg", "191713.jpg", "243022.jpg", "9223372032559820522.jpg", "205927.jpg"], "style_labels": ["Abstract Expressionism, Surrealism", "Neo-Romanticism", "Surrealism", "unknown", "Realism", "Romanticism", "Magic Realism", "Color Field Painting", "Precisionism", "Surrealism, Automatic Painting", "Symbolism", "Post-Impressionism", "Neoclassicism"], "Romanticism": 0.004895388385827709, "Surrealism": 0.003767678454524377, "Surrealism, Automatic Painting": 0.004076356991830535}