{"High Renaissance": 0.0031810435221271134, "year": [1909.0, 1610.0, "unknown", "unknown", 1955.0, 1883.0, "unknown", 1885.0, 1923.0, 1913.0, 1942.0, 1909.0, "unknown", "unknown", 1926.0, 1930.0, 1919.0, 1889.0, 1902.0, "unknown"], "style": ["Art Nouveau (Modern)", "Baroque", "Art Nouveau (Modern)", "High Renaissance", "Op Art", "Impressionism", "Surrealism", "Realism", "Na\u00efve Art (Primitivism)", "Art Nouveau (Modern)", "Surrealism", "Art Nouveau (Modern)", "Ukiyo-e", "Romanticism", "Realism", "Expressionism", "Neoclassicism", "Post-Impressionism", "Realism", "Symbolism"], "title": ["Light night", "Raising of the Cross - Sts Amand and Walpurgis", "Dinner Menu at May Belfort s, 18 Rue Clapeyron", "Birth on Good Friday", "Three Worlds", "On the Deck", "Untitled", "Peasant Woman, Stooping, Seen from the Back", "Tchitchikov and Sobakevich after dinner", "Yard", "Study for the set of 'Romeo and Juliet'", "Jerusalem", "\u014cgama", "The Great He-Goat Or Witches Sabbath", "Country Fair", "Two Heads Looking at Each Other", "\"Tricorne\" (study)", "Enclosed Field behind Saint-Paul Hospital", "The Earle of Comer", "Conversation with God"], "Art Nouveau (Modern)": 0.0030039399857278446, "Ukiyo-e": 0.003945895183755188, "Expressionism": 0.004130344758299924, "Symbolism": 0.004210548358873005, "style_dict": {"Impressionism": 1, "Op Art": 1, "Art Nouveau (Modern)": 4, "Ukiyo-e": 1, "Romanticism": 1, "High Renaissance": 1, "Neoclassicism": 1, "Surrealism": 2, "Na\u00efve Art (Primitivism)": 1, "Expressionism": 1, "Symbolism": 1, "Baroque": 1, "Post-Impressionism": 1, "Realism": 3}, "Neoclassicism": 0.0041839677097174205, "Impressionism": 0.0034568165790637836, "scores": [0.005385197494800953, 0.008488828848397119, 0.008986708293262029, 0.009194398356994751, 0.009710894537218776, 0.009991485012353194, 0.010384012508505576, 0.01048955199635929, 0.010777085871092055, 0.010835637611238295, 0.011268098270085031, 0.011374707353190731, 0.011405103998744491, 0.011406018835890585, 0.011809386514325698, 0.01193823183976456, 0.01209322210411673, 0.012160089184047127, 0.01216154236831915, 0.012170050061742576], "Baroque": 0.0029369332250104544, "Post-Impressionism": 0.0042071021316988574, "Realism": 0.003834397039105445, "style_counts": [0.0007537317798091969, 0.0008508094219388251, 0.0002646531751178127, 0.0012066083731451238, 0.000376151319767537, 0.00026433666318692595, 0.0010295048367459092, 0.0005337680058429273, 0.0004819325357872106, 8.020360057314768e-05, 0.0, 0.0012736151338625934, 3.4462271741864114e-06, 2.658064915561642e-05], "artist": ["Roerich Nicholas", "Rubens Peter Paul", "Toulouse-Lautrec Henri de", "Raphael", "Escher M.C.", "Hassam Childe", "Beksinski Zdislav", "van Gogh Vincent ", "Chagall Marc", "Roerich Nicholas", "Dali Salvador", "Roerich Nicholas", "Hokusai Katsushika", "Goya Francisco", "Kustodiev Boris", "Kirchner Ernst Ludwig", "Picasso Pablo", "van Gogh Vincent ", "Sargent John Singer", "Roerich Nicholas"], "Op Art": 0.0033597389369342283, "contentId": ["226092.jpg", "216570.jpg", "230418.jpg", "210485.jpg", "204894.jpg", "244195.jpg", "258623.jpg", "206565.jpg", "203113.jpg", "227096.jpg", "221517.jpg", "225931.jpg", "223531.jpg", "194122.jpg", "229770.jpg", "252244.jpg", "223670.jpg", "205887.jpg", "266339.jpg", "225510.jpg"], "style_labels": ["Impressionism", "Op Art", "Ukiyo-e", "Art Nouveau (Modern)", "Realism", "Romanticism", "High Renaissance", "Surrealism", "Na\u00efve Art (Primitivism)", "Expressionism", "Symbolism", "Baroque", "Post-Impressionism", "Neoclassicism"], "Romanticism": 0.0039462116956860815, "Surrealism": 0.0036767803530301448, "Na\u00efve Art (Primitivism)": 0.0037286158230858337}