{"Impressionism": 0.0028418337622354863, "style": ["Expressionism", "Surrealism", "Impressionism", "Romanticism", "Symbolism", "Baroque", "Baroque", "Baroque", "Realism", "Romanticism", "Realism", "Neo-Romanticism", "Cubism, Expressionism", "Symbolism", "Symbolism", "Surrealism", "Realism", "Northern Renaissance", "Northern Renaissance", "Mannerism (Late Renaissance)"], "style_labels": ["Impressionism", "Neo-Romanticism", "Cubism, Expressionism", "Northern Renaissance", "Romanticism", "Surrealism", "Mannerism (Late Renaissance)", "Expressionism", "Symbolism", "Baroque", "Realism"], "Neo-Romanticism": 0.0036571492735481804, "Cubism, Expressionism": 0.0036638333356720934, "contentId": ["362443.jpg", "258754.jpg", "218910.jpg", "279458.jpg", "225634.jpg", "216689.jpg", "216498.jpg", "216638.jpg", "277306.jpg", "214523.jpg", "191748.jpg", "298489.jpg", "193765.jpg", "225704.jpg", "260630.jpg", "258743.jpg", "191792.jpg", "9223372032559808852.jpg", "195462.jpg", "225042.jpg"], "artist": ["Munch Edvard ", "Beksinski Zdislav", "Renoir Pierre-Auguste", "Gerome Jean-Leon", "Roerich Nicholas", "Rubens Peter Paul", "Rubens Peter Paul", "Rubens Peter Paul", "Zorn Anders", "Alma-Tadema Lawrence ", "Courbet Gustave", "Spencer Stanley", "Braque Georges ", "Roerich Nicholas", "B\u00f6cklin Arnold", "Beksinski Zdislav", "Courbet Gustave", "Bruegel the Elder Pieter", "Bosch Hieronymus", "Titian"], "Northern Renaissance": 0.00364981360616349, "Romanticism": 0.0031919767736285584, "scores": [0.007436197580960087, 0.007958451805589262, 0.008213956047001253, 0.008514494740134859, 0.008751221807696398, 0.00914719475454872, 0.009288395945543175, 0.00930934769640897, 0.010266106448530713, 0.010282666925596859, 0.010414529784477536, 0.010570520974674135, 0.010589840399065117, 0.010592160235052769, 0.010633747811141701, 0.01071296048284331, 0.010729709594007762, 0.01074275258646246, 0.010750554310897161, 0.01078923007389362], "Surrealism": 0.003170623066150004, "Mannerism (Late Renaissance)": 0.003732817428906396, "Expressionism": 0.002572747799879115, "year": [1895.0, "unknown", 1871.0, 1892.0, 1915.0, 1637.0, 1625.0, 1630.0, 1886.0, 1900.0, "unknown", "unknown", 1947.0, 1924.0, 1858.0, "unknown", 1857.0, 1557.0, "unknown", 1557.0], "Symbolism": 0.003335537259512564, "title": ["The Scream", "Untitled", "Portrait of Edmond Maitre (The Reader)", "The Conspirators, Presented at the Salon", "Giant's tomb", "The Rape of the Sabine Women", "Marie de Medicis as Bellona", "The Death of Achilles", "Our daily bread", "Flag Of Truce", "Head of Gazelle", "On the Landing (Looking at a Drawing)", "The Packing Case", "Himalayas", "Pan among the reeds", "Untitled", "Portrait of a Young Girl", "Parable of the Sower", "Triptych of Last Judgement", "The Annunciation"], "Baroque": 0.00308716265484628, "style_dict": {"Impressionism": 1, "Neo-Romanticism": 1, "Cubism, Expressionism": 1, "Northern Renaissance": 2, "Romanticism": 2, "Surrealism": 2, "Mannerism (Late Renaissance)": 1, "Expressionism": 1, "Symbolism": 3, "Baroque": 3, "Realism": 3}, "Realism": 0.003495010341244803, "style_counts": [0.0008909836666709525, 7.566815535819948e-05, 6.898409323430332e-05, 8.300382274295526e-05, 0.0005408406552778189, 0.0005621943627563963, 0.0, 0.0011600696290272605, 0.00039728016939388766, 0.0006456547740600893, 0.0002378070876616345]}