{"year": [1896.0, 1936.0, 1909.0, "unknown", 1665.0, 1913.0, 1889.0, 1877.0, 1894.0, "unknown", 1933.0, 1919.0, 1931.0, 1908.0, 1919.0, 1906.0, 1937.0, 1947.0, 1934.0, "unknown"], "Cloisonnism": 0.00223303296987012, "style": ["Impressionism", "unknown", "Realism", "Surrealism", "Baroque", "Art Nouveau (Modern)", "Post-Impressionism", "Realism", "Cloisonnism", "Surrealism", "Symbolism", "Fauvism", "Symbolism", "Impressionism", "Expressionism", "Realism", "Symbolism", "Neo-baroque", "Surrealism", "Ukiyo-e"], "title": ["Morning, after the Rain, Rouen", "Mount Fuji", "Vase of Flowers", "Untitled", "Self-portrait", "Setting Sun", "Joseph-Etienne Roulin", "Miss Frances Sherborne Ridley Watts", "The guitar player", "Untitled", "Bonpo stronghold", "Self-Portrait", "Yurtas", "Woman in a Red Blouse", "Portrait of Jeanne Hebuterne", "Vase of Flowers with Branches of a Flowering Apple Tree", "Kuluta", "Bust of Minerva", "The red model", "Shoki riding a shishi lion"], "unknown": 0.0016815690024595826, "Art Nouveau (Modern)": 0.0021773284011177975, "Ukiyo-e": 0.0026221688604899642, "Expressionism": 0.0024533405254156975, "Symbolism": 0.002345114440979049, "style_dict": {"Fauvism": 1, "Impressionism": 2, "Cloisonnism": 1, "unknown": 1, "Art Nouveau (Modern)": 1, "Ukiyo-e": 1, "Surrealism": 3, "Expressionism": 1, "Neo-baroque": 1, "Symbolism": 3, "Baroque": 1, "Post-Impressionism": 1, "Realism": 3}, "Fauvism": 0.0023644928355118075, "Impressionism": 0.001954914215913524, "scores": [0.00445960095217342, 0.004860359553662804, 0.005572237528792413, 0.005858750458766658, 0.006212085473912938, 0.006293288518256094, 0.00629709177817544, 0.006343228827352625, 0.0064542954305635905, 0.006576349313733223, 0.0067011245046105505, 0.0068342633135111495, 0.0069105079074615805, 0.0070526502843513365, 0.007091066167163669, 0.007216624084485122, 0.007464372635983254, 0.007535547816896875, 0.0075772281008700555, 0.007579042818794961], "Baroque": 0.002149234075838941, "Post-Impressionism": 0.0021786442387462814, "Realism": 0.002128816228509052, "style_counts": [0.00025767602497817066, 0.0006672546445763983, 0.000443524621743685, 0.0009405998580302999, 0.0004448404593720978, 0.0, 0.00039540914077840217, 0.00016882833507425588, 1.504823792275456e-05, 0.0002770544195108693, 0.00047293478465104677, 0.00038913589061984055, 0.0004933526319809145], "artist": ["Pissarro Camille ", "Roerich Nicholas", "Redon Odilon", "Beksinski Zdislav", "Rembrandt", "Schiele Egon", "van Gogh Vincent ", "Sargent John Singer", "Gauguin Paul ", "Beksinski Zdislav", "Roerich Nicholas", "Miro Joan", "Roerich Nicholas", "Renoir Pierre-Auguste", "Modigliani Amedeo ", "Redon Odilon", "Roerich Nicholas", "de Chirico Giorgio ", "Magritte Rene", "Hokusai Katsushika"], "contentId": ["208354.jpg", "226235.jpg", "248282.jpg", "258810.jpg", "220450.jpg", "232783.jpg", "206185.jpg", "265894.jpg", "190849.jpg", "258487.jpg", "225402.jpg", "228015.jpg", "227120.jpg", "219425.jpg", "189648.jpg", "248292.jpg", "226010.jpg", "194434.jpg", "211601.jpg", "223574.jpg"], "style_labels": ["Fauvism", "Impressionism", "Post-Impressionism", "unknown", "Art Nouveau (Modern)", "Ukiyo-e", "Surrealism", "Expressionism", "Neo-baroque", "Symbolism", "Baroque", "Cloisonnism", "Realism"], "Surrealism": 0.0022267597197115664, "Neo-baroque": 0.002607120622567191}