{"Impressionism": 0.003529239167864183, "style": ["Romanticism", "Symbolism", "Surrealism", "Symbolism", "Symbolism", "Symbolism", "Symbolism", "High Renaissance", "Impressionism", "Neo-Romanticism, Symbolism", "Op Art", "Symbolism", "Realism", "Surrealism", "Surrealism", "Expressionism", "Ukiyo-e", "High Renaissance", "Neo-Romanticism", "Neo-Romanticism"], "style_labels": ["Impressionism", "Neo-Romanticism", "Neo-Romanticism, Symbolism", "Op Art", "Ukiyo-e", "Romanticism", "High Renaissance", "Surrealism", "Expressionism", "Symbolism", "Realism"], "Neo-Romanticism": 0.004036619899627635, "Neo-Romanticism, Symbolism": 0.0037292045835677166, "artist": ["Aivazovsky Ivan ", "Roerich Nicholas", "Dali Salvador", "Roerich Nicholas", "Roerich Nicholas", "Roerich Nicholas", "Roerich Nicholas", "Titian", "Cassatt Mary", "Kittelsen Theodor Severin", "Escher M.C.", "Roerich Nicholas", "Corot Camille ", "Escher M.C.", "Dali Salvador", "Dali Salvador", "Hokusai Katsushika", "Titian", "Kittelsen Theodor Severin", "Kittelsen Theodor Severin"], "Op Art": 0.003809523419848531, "contentId": ["196812.jpg", "225400.jpg", "221174.jpg", "226880.jpg", "225422.jpg", "225465.jpg", "227013.jpg", "224843.jpg", "190399.jpg", "321945.jpg", "204892.jpg", "225414.jpg", "199464.jpg", "204687.jpg", "220909.jpg", "221711.jpg", "222190.jpg", "224908.jpg", "321911.jpg", "321719.jpg"], "title": ["Stormy Sea", "Bogdo-Ul", "Music - The Red Orchestra", "The unspilling vessel", "Brahmaputra", "Castles of King Gesar", "View of Kangchenjunga from Turpindar", "Annunciation", "The Visitor", "Krambugutten Med Gammelostlasten", "Three Spheres I", "Boundary of sword (study)", "Bridge in the Coubron Valley", "NOT DETECTED", "Dance", "The Two on the Cross", "Fuji at Torigoe", "Madonna and Child with Sts Catherine and Dominic and a Donor", "Husmand", "Summer"], "Ukiyo-e": 0.004002669247322332, "Romanticism": 0.002921719076560743, "High Renaissance": 0.003699498818903434, "scores": [0.008444854303397633, 0.008596766421128993, 0.008599036326882794, 0.008877830616738648, 0.009379021337152115, 0.009386346563324773, 0.009999275348621838, 0.010095154676396538, 0.010200813217655596, 0.010778787607761055, 0.011010938903774206, 0.011103715933818085, 0.01111908361709475, 0.011137605675839149, 0.011270362994075706, 0.01150175092053057, 0.011569202148659967, 0.01169074237512242, 0.011830061344118986, 0.011941100608966079], "Surrealism": 0.0034501308489774184, "Expressionism": 0.003979332723933904, "year": [1868.0, 1927.0, 1944.0, 1927.0, 1932.0, 1929.0, "unknown", 1535.0, 1880.0, "unknown", 1945.0, 1933.0, 1872.0, 1933.0, 1944.0, 1942.0, "unknown", 1516.0, "unknown", 1891.0], "Symbolism": 0.0030480551747082856, "style_dict": {"Impressionism": 1, "Neo-Romanticism": 2, "Neo-Romanticism, Symbolism": 1, "Op Art": 1, "Ukiyo-e": 1, "Romanticism": 1, "High Renaissance": 2, "Surrealism": 3, "Expressionism": 1, "Symbolism": 6, "Realism": 1}, "Realism": 0.0038469389228976128, "style_counts": [0.0005073807317634849, 0.0, 0.00030741531605993355, 0.00022709647977914305, 3.395065230538119e-05, 0.0011149008230669777, 0.0003371210807242564, 0.0005864890506502851, 5.72871756937543e-05, 0.0009885647249193719, 0.00018968097673011108]}