{"Impressionism": 0.0021386092676961375, "style": ["Surrealism", "Surrealism", "Pop Art", "Impressionism", "Symbolism", "Realism", "Impressionism", "Impressionism", "Realism", "Neo-Expressionism", "Post-Impressionism", "Impressionism", "Surrealism", "Realism", "Surrealism", "Impressionism", "Romanticism", "Realism", "Expressionism", "Surrealism"], "style_labels": ["Impressionism", "Neo-Expressionism", "Romanticism", "Surrealism", "Expressionism", "Symbolism", "Pop Art", "Post-Impressionism", "Realism"], "Neo-Expressionism": 0.002428877439125973, "contentId": ["258493.jpg", "258715.jpg", "300226.jpg", "218936.jpg", "225746.jpg", "199754.jpg", "208901.jpg", "251294.jpg", "207173.jpg", "231553.jpg", "205839.jpg", "212758.jpg", "258739.jpg", "215008.jpg", "258759.jpg", "208684.jpg", "201371.jpg", "229970.jpg", "232030.jpg", "258667.jpg"], "artist": ["Beksinski Zdislav", "Beksinski Zdislav", "Warhol Andy", "Renoir Pierre-Auguste", "Roerich Nicholas", "Corot Camille ", "Pissarro Camille ", "Sorolla Joaqu\u00edn", "van Gogh Vincent ", "Twombly Cy", "van Gogh Vincent ", "Monet Claude", "Beksinski Zdislav", "Repin Ilya", "Beksinski Zdislav", "Pissarro Camille ", "Dore Gustave ", "Kustodiev Boris", "Freud Lucian", "Beksinski Zdislav"], "Romanticism": 0.0025350588358196368, "scores": [0.0032273699016570918, 0.004606235664334176, 0.004961832593577384, 0.005771935540971294, 0.006168541846397837, 0.006310532576488941, 0.006324375493319246, 0.006602246460881943, 0.006964348299402654, 0.007020358753440873, 0.007042205575388792, 0.007050201900280325, 0.007123082216810092, 0.007161395014819946, 0.007246573560041068, 0.0073039007925186925, 0.007327262463658208, 0.007359566840582946, 0.007376662851144099, 0.007390278124115486], "Surrealism": 0.001914793466185203, "title": ["Untitled", "Untitled", "Amos", "Portrait of Monsieur Germain", "Himalayas", "The Artist's Studio", "White Horse on a Farm", "Sierra Nevada from the Alhambra, Grenada", "The Schenkweg", "Suma", "Crab on It`s Back", "The Village of La Roche-Blond, Sunset", "Untitled", "In the township board", "Untitled", "The Hill at Vaches, Bazincourt", "A Souvenir from Scotland", "Portrait of a priest and a deacon", "Last Portrait of Leigh", "Untitled"], "Expressionism": 0.0025521501969398576, "year": ["unknown", "unknown", 1976.0, 1900.0, 1937.0, 1870.0, 1874.0, 1910.0, 1882.0, 1982.0, 1889.0, 1889.0, "unknown", 1877.0, "unknown", "unknown", 1879.0, 1907.0, 1995.0, "unknown"], "Symbolism": 0.0021341690146072343, "Pop Art": 0.0017166762649206717, "Post-Impressionism": 0.002436435920794719, "style_dict": {"Impressionism": 5, "Neo-Expressionism": 1, "Romanticism": 1, "Surrealism": 5, "Expressionism": 1, "Symbolism": 1, "Pop Art": 1, "Post-Impressionism": 1, "Realism": 4}, "Realism": 0.0022824468615247873, "style_counts": [0.00041354092924372754, 0.0001232727578138748, 1.7091361120269433e-05, 0.0006373567307547123, 0.0, 0.00041798118233260517, 0.000835473932019215, 0.0001157142761452068, 0.0002697033354150946]}