{"Impressionism": 0.004544743906156663, "style": ["Expressionism", "High Renaissance", "Impressionism", "Color Field Painting", "Orientalism", "Realism", "Realism", "High Renaissance", "Baroque", "Abstract Art", "Northern Renaissance", "Realism", "Realism", "Neoclassicism", "Realism", "Neoclassicism", "Baroque", "Impressionism", "Impressionism", "High Renaissance"], "style_labels": ["Impressionism", "Orientalism", "Northern Renaissance", "High Renaissance", "Color Field Painting", "Realism", "Expressionism", "Abstract Art", "Baroque", "Neoclassicism"], "artist": ["Freud Lucian", "Michelangelo", "Cassatt Mary", "Rothko Mark", "Gerome Jean-Leon", "Courbet Gustave", "van Gogh Vincent ", "Perugino Pietro ", "Rubens Peter Paul", "Kandinsky Wassily", "Durer Albrecht", "Bouguereau William-Adolphe", "van Gogh Vincent ", "Bouguereau William-Adolphe", "Bouguereau William-Adolphe", "Bouguereau William-Adolphe", "Rubens Peter Paul", "Renoir Pierre-Auguste", "Renoir Pierre-Auguste", "Perugino Pietro "], "contentId": ["232085.jpg", "193193.jpg", "190241.jpg", "242169.jpg", "279317.jpg", "191871.jpg", "206323.jpg", "199099.jpg", "216360.jpg", "189295.jpg", "200775.jpg", "232565.jpg", "206125.jpg", "232459.jpg", "232439.jpg", "232471.jpg", "216475.jpg", "218398.jpg", "218402.jpg", "199097.jpg"], "Orientalism": 0.004436579324592158, "title": ["Pluto and the Bateman Sisters", "Sistine Chapel Ceiling: The Temptation and Expulsion", "Mother and Child", "Untitled", "Arms Dealer in Cairo", "The Bathers", "Miners in the Snow Winter", "Pala di\u00a0Fano\u00a0(Nativity\u00a0of Mary)", "Adoration of the Magi", "Crossing", "Jesus boy with Globe", "Two Sisters", "Head of a Woman", "Portrait of a Young Girl", "Modesty", "Prayer", "Lament of Christ", "Dance at Bougival", "Dance in the Country", "Pala di\u00a0Fano\u00a0(Annunciation)"], "Northern Renaissance": 0.0047056198975461115, "style_counts": [0.00023781189176408368, 0.0003459764733285686, 7.69359003746084e-05, 0.00036968909469248246, 0.0005380507869432449, 0.00044076104185730713, 0.0007293110546018333, 7.730370358838279e-05, 5.926716240911567e-05, 0.0], "High Renaissance": 0.004412866703228292, "Color Field Painting": 0.004244505010977553, "Realism": 0.004341794756063393, "Expressionism": 0.004053244743318946, "year": [1996.0, 1512.0, 1890.0, 1952.0, "unknown", 1858.0, 1882.0, 1497.0, 1629.0, 1928.0, 1493.0, 1901.0, 1885.0, "unknown", 1902.0, 1878.0, 1614.0, 1883.0, 1883.0, 1497.0], "scores": [0.011715384133930168, 0.011805081758645034, 0.011975759741380244, 0.012268197409978268, 0.012823363581467215, 0.012869651228078495, 0.01299128428405294, 0.013322565789703497, 0.013433294220647353, 0.013599927767239943, 0.013600990855261523, 0.013652880040937863, 0.01368341731239837, 0.013883618657061954, 0.01390612670833465, 0.014280268765810959, 0.014381576115861099, 0.014387654093249038, 0.014481094149504757, 0.014531654056909857], "Abstract Art": 0.0047052520943323285, "Baroque": 0.004723288635511601, "style_dict": {"Impressionism": 3, "Orientalism": 1, "Northern Renaissance": 1, "High Renaissance": 3, "Color Field Painting": 1, "Neoclassicism": 2, "Expressionism": 1, "Abstract Art": 1, "Baroque": 2, "Realism": 5}, "Neoclassicism": 0.004782555797920799}