{"style_labels": ["Neo-Romanticism", "Neo-Expressionism", "Ukiyo-e", "Orientalism", "Dada", "Romanticism", "Neo-Suprematism, Neoclassicism", "Surrealism", "Abstract Expressionism, Symbolism", "Na\u00efve Art (Primitivism)", "Expressionism", "New Realism", "Pop Art", "Symbolism", "Realism"], "Abstract Expressionism, Symbolism": 0.004405814333758559, "year": [1992.0, 1928.0, 1924.0, 1932.0, "unknown", 1931.0, 1918.0, 1956.0, 1968.0, "unknown", "unknown", 1892.0, 1949.0, 1964.0, 1889.0, "unknown", 1877.0, 1923.0, 1927.0, 1842.0], "New Realism": 0.004032318184933443, "style": ["Neo-Expressionism", "Dada", "Symbolism", "Neo-Suprematism, Neoclassicism", "Realism", "Expressionism", "New Realism", "Na\u00efve Art (Primitivism)", "Pop Art", "Neo-Romanticism", "Ukiyo-e", "Romanticism", "Surrealism", "Abstract Expressionism, Symbolism", "Realism", "Orientalism", "Romanticism", "Symbolism", "Symbolism", "Romanticism"], "Neo-Romanticism": 0.004201801186550135, "Neo-Expressionism": 0.0031305790886578897, "Ukiyo-e": 0.004271291414392419, "Expressionism": 0.0039951602480641875, "Symbolism": 0.004067477036814832, "style_dict": {"Neo-Romanticism": 1, "Neo-Expressionism": 1, "Ukiyo-e": 1, "Orientalism": 1, "Dada": 1, "Romanticism": 3, "Neo-Suprematism, Neoclassicism": 1, "New Realism": 1, "Abstract Expressionism, Symbolism": 1, "Na\u00efve Art (Primitivism)": 1, "Expressionism": 1, "Surrealism": 1, "Symbolism": 3, "Pop Art": 1, "Realism": 2}, "Dada": 0.003344377522839008, "scores": [0.009048537383717078, 0.009666494339756604, 0.01080344150016573, 0.011437783024009582, 0.011482705123428279, 0.011547498349274163, 0.011654898600582747, 0.012014702171238043, 0.012056874927638872, 0.012144767481899105, 0.01234562007390421, 0.012442171527951965, 0.012470483342295318, 0.012734441320829844, 0.012768969677796047, 0.012829970142672913, 0.012855510003361492, 0.01286526427757992, 0.01288651091563219, 0.01288699030894391], "Realism": 0.004118216572463982, "style_counts": [0.0002370638513548018, 0.0013082859492470345, 0.00016757362351249583, 0.0, 0.0010944875150659117, 0.00019007950419225317, 0.0004816636873302693, 0.00012437389736996707, 3.305070414638678e-05, 0.00028206336060676573, 0.00044370478984068207, 0.00040654685297147886, 0.0002674725882310103, 0.000371388001090045, 0.000320648465440887], "artist": ["Twombly Cy", "Ray Man", "Roerich Nicholas", "Malevich Kazimir", "Kittelsen Theodor Severin", "Escher M.C.", "Hopper Edward", "Chagall Marc", "Warhol Andy", "Kittelsen Theodor Severin", "Hokusai Katsushika", "Aivazovsky Ivan ", "Magritte Rene", "Dali Salvador", "Repin Ilya", "Delacroix Eugene ", "Aivazovsky Ivan ", "Roerich Nicholas", "Roerich Nicholas", "Turner William"], "contentId": ["231552.jpg", "210858.jpg", "226514.jpg", "219669.jpg", "321939.jpg", "204495.jpg", "235663.jpg", "203006.jpg", "229256.jpg", "321884.jpg", "223533.jpg", "196945.jpg", "211342.jpg", "246745.jpg", "215153.jpg", "187713.jpg", "196436.jpg", "225321.jpg", "225974.jpg", "238845.jpg"], "Orientalism": 0.004438865037904866, "title": ["Souvenir", "Optical Hopes and Illusions", "Sanga Chelling", "Girl", "Kirkegaarden Paa Braatebakken", "Emblemata - Buoy", "The Monhegan Boat", "Solomon is proclaimed a King of Israel (I Kings, I, 32 40)", "Marilyn Monroe", "Fra Turen Til Notodden", "Oiran\u00a0and\u00a0two\u00a0Shinz\u00f4\u00a0admiring,\u00a0cherry\u00a0blossoms\u00a0of\u00a0Nakanoch\u00f4", "The vow before Avaraisk battle", "Elementary cosmogony", "Iesu transfigurato (Mark 9:4f)", "Portrait of Jelizaveta Zvantseva", "Arab Studies Camp", "Approximation of the storm", "Alps (study)", "Kereksury", "The Dogana, San Giorgio, Citella, From the Steps of the Europa"], "Romanticism": 0.004248785533712701, "Neo-Suprematism, Neoclassicism": 0.003957201350574669, "Surrealism": 0.004314491140534911, "Na\u00efve Art (Primitivism)": 0.004156801677298172, "Pop Art": 0.004171392449673946}