{"Impressionism": 0.0025767048713684765, "style": ["Expressionism", "Post-Impressionism", "Post-Impressionism", "High Renaissance", "Neoclassicism", "Romanticism", "Impressionism", "Symbolism", "Na\u00efve Art (Primitivism)", "Rococo", "Realism", "Art Nouveau (Modern)", "Realism", "Realism", "Impressionism", "Realism", "Impressionism", "Expressionism", "Realism", "Realism"], "Rococo": 0.0025328283627224757, "artist": ["Dali Salvador", "Toulouse-Lautrec Henri de", "Toulouse-Lautrec Henri de", "Raphael", "Ingres Jean Auguste Dominique ", "Alma-Tadema Lawrence ", "Toulouse-Lautrec Henri de", "Roerich Nicholas", "Rousseau Henri", "Longhi Pietro ", "Sargent John Singer", "Roerich Nicholas", "Sargent John Singer", "Sargent John Singer", "Hassam Childe", "Courbet Gustave", "Manet Edouard", "Balthus", "Repin Ilya", "Sargent John Singer"], "contentId": ["221323.jpg", "230502.jpg", "230504.jpg", "210625.jpg", "193518.jpg", "214484.jpg", "230568.jpg", "226241.jpg", "191378.jpg", "185178.jpg", "265681.jpg", "226401.jpg", "266065.jpg", "266220.jpg", "244262.jpg", "191938.jpg", "192065.jpg", "244787.jpg", "215394.jpg", "265784.jpg"], "Art Nouveau (Modern)": 0.00262525119622775, "title": ["Portrait of El Sany Pancraci", "Man and Woman Riding through the Woods", "Man`s Head", "The Madonna of Loreto", "Study for Anacreon", "An Earthly Paradise", "Princeteau in His Studio", "Mountain Eagles (Tibetan stupa)", "Rabbit", "A nobleman kissing lady's hand", "The Sitwell Family", "Prologue. Forest.", "Beatriice Goelet", "Mrs. Abbott Lawrence Rotch", "Snow Storm, Fifth Avenue", "The Trout", "Music in the Tuileries Garden", "The Cat in the Mirror", "Tatyana Repina, the Artist's Mother", "Almina, Daughter of Asher Wertheimer"], "Realism": 0.0025405529836413365, "Romanticism": 0.0023214903690958453, "High Renaissance": 0.0019170923979003956, "scores": [0.004425334387844131, 0.004464445302103358, 0.005486737900911744, 0.0055411097241687395, 0.005669481490119801, 0.006709970199062574, 0.007142986694271739, 0.007170213155987825, 0.007304907597469084, 0.007320815567211427, 0.007383741491844238, 0.007587951914959811, 0.007637848690941931, 0.007786187792268194, 0.007801802740131373, 0.008103594289103979, 0.00821256439334388, 0.008266671281228065, 0.008415286541525215, 0.00846867630713017], "style_labels": ["Impressionism", "Rococo", "Art Nouveau (Modern)", "Realism", "Romanticism", "High Renaissance", "Na\u00efve Art (Primitivism)", "Expressionism", "Symbolism", "Post-Impressionism", "Neoclassicism"], "Na\u00efve Art (Primitivism)": 0.0025273245829063036, "Expressionism": 0.002155250246120783, "year": [1919.0, 1901.0, 1883.0, 1509.0, 1834.0, 1891.0, 1882.0, 1931.0, 1908.0, 1746.0, 1900.0, 1908.0, 1890.0, 1903.0, 1907.0, 1873.0, 1862.0, 1990.0, 1867.0, 1908.0], "Symbolism": 0.002480723504303425, "Post-Impressionism": 0.0016898266993178178, "style_dict": {"Impressionism": 3, "Rococo": 1, "Art Nouveau (Modern)": 1, "Realism": 6, "Romanticism": 1, "High Renaissance": 1, "Na\u00efve Art (Primitivism)": 1, "Expressionism": 2, "Symbolism": 1, "Post-Impressionism": 2, "Neoclassicism": 1}, "Neoclassicism": 0.001961505980893782, "style_counts": [4.854632485917776e-05, 9.24228335051902e-05, 0.0, 8.46982125863871e-05, 0.0003037608271319048, 0.0007081587983273074, 9.792661332141961e-05, 0.0004700009501069635, 0.00014452769192430104, 0.0009354244969098646, 0.0006637452153339662]}