{"Suprematism": 0.0057926306146332445, "High Renaissance": 0.005775733222652638, "year": ["unknown", "unknown", "unknown", "unknown", "unknown", 1330.0, 1500.0, "unknown", 1912.0, "unknown", 1921.0, 1892.0, "unknown", "unknown", 1919.0, "unknown", "unknown", 1954.0, 1897.0, "unknown"], "Proto Renaissance": 0.00569889421832911, "style": ["Realism", "Expressionism", "Surrealism", "Post-Impressionism", "Post-Impressionism", "Proto Renaissance", "High Renaissance", "Suprematism", "Expressionism", "Expressionism", "Expressionism", "Neo-Romanticism", "Neo-Romanticism", "Metaphysical art", "Expressionism", "Ukiyo-e", "Op Art", "Na\u00efve Art (Primitivism)", "Art Nouveau (Modern)", "Neo-Romanticism"], "Neo-Romanticism": 0.005960261690370474, "title": ["Olimpio Fusco", "Self-portrait with Model", "Untitled", "The Cock and the Hen", "My Companions", "The Crucifixion", "Birch copse", "Two squares", "Caryatid", "Female Head", "Hand with Fir Cone", "Det Doeende Bergtrollet", "Unknown title", "Two mannequins", "Life Force", "A depiction of Sun Wukong wielding his staff", "Scheme", "Moses", "Portrait of Mucha by itself", "Unknown title"], "Art Nouveau (Modern)": 0.006577707782036969, "Ukiyo-e": 0.006182738338108373, "Expressionism": 0.0053610721688913945, "style_dict": {"Suprematism": 1, "Neo-Romanticism": 3, "Op Art": 1, "Art Nouveau (Modern)": 1, "Ukiyo-e": 1, "High Renaissance": 1, "Surrealism": 1, "Na\u00efve Art (Primitivism)": 1, "Expressionism": 5, "Metaphysical art": 1, "Post-Impressionism": 2, "Proto Renaissance": 1, "Realism": 1}, "scores": [0.01183744157164212, 0.013897820619234651, 0.01580264465765898, 0.015808718052874947, 0.015965666351726807, 0.0164719228998962, 0.016694016187897787, 0.01674285593246063, 0.01699891338179449, 0.017076054620467216, 0.017117667608090373, 0.017193127430242428, 0.01721437810664555, 0.017741213598365026, 0.0177660521182185, 0.017870412278930308, 0.018549204840785812, 0.01879484767290885, 0.019012020804893476, 0.019158539377122905], "Post-Impressionism": 0.005395660196971881, "Realism": 0.0040954737186673605, "style_counts": [0.0007850771674037249, 0.0006174460916664737, 0.00016012333459980432, 0.0, 0.00039496944392858335, 0.0008019745593842442, 0.0011103679443541514, 7.513674716452812e-05, 0.0012166356131455558, 0.000439669119744468, 0.0011820475850650158, 0.000878813563707781, 0.0024822340633695594], "artist": ["Sargent John Singer", "Kirchner Ernst Ludwig", "Beksinski Zdislav", "Bonnard Pierre", "Bonnard Pierre", "Giotto", "da Vinci Leonardo", "Malevich Kazimir", "Modigliani Amedeo ", "Kirchner Ernst Ludwig", "Escher M.C.", "Kittelsen Theodor Severin", "Kittelsen Theodor Severin", "de Chirico Giorgio ", "Escher M.C.", "Hokusai Katsushika", "Escher M.C.", "Chagall Marc", "Mucha Alphonse", "Kittelsen Theodor Severin"], "Op Art": 0.006417584447437084, "contentId": ["266422.jpg", "252146.jpg", "258843.jpg", "222048.jpg", "221932.jpg", "192815.jpg", "225110.jpg", "219908.jpg", "189487.jpg", "251918.jpg", "204552.jpg", "321730.jpg", "322015.jpg", "194634.jpg", "204582.jpg", "222136.jpg", "204815.jpg", "202767.jpg", "227810.jpg", "322023.jpg"], "style_labels": ["Suprematism", "Neo-Romanticism", "Op Art", "Art Nouveau (Modern)", "Ukiyo-e", "High Renaissance", "Surrealism", "Na\u00efve Art (Primitivism)", "Expressionism", "Metaphysical art", "Post-Impressionism", "Proto Renaissance", "Realism"], "Surrealism": 0.005467339837682805, "Na\u00efve Art (Primitivism)": 0.00650257103487241, "Metaphysical art": 0.006138038662292511}