{"style_counts": [0.00074102662684572, 0.000900854463041334, 0.001552133439788106, 0.0, 0.0021498193503599605, 0.0010936736983384598, 0.0019897911809442226, 0.0010582185428519297, 0.001985377501116492, 0.0005218610181894068], "style": ["Baroque", "High Renaissance", "Expressionism", "Northern Renaissance", "Surrealism", "Baroque", "Magic Realism", "Symbolism", "Magic Realism", "Magic Realism", "Neo-Romanticism", "Neoclassicism", "Magic Realism", "Neo-Romanticism", "Neo-Romanticism", "Surrealism", "Neoclassicism", "Romanticism", "Baroque", "Magic Realism"], "style_labels": ["Neo-Romanticism", "Surrealism", "Northern Renaissance", "Romanticism", "High Renaissance", "Magic Realism", "Expressionism", "Symbolism", "Baroque", "Neoclassicism"], "Neo-Romanticism": 0.007249604780246707, "Surrealism": 0.007089776944051141, "contentId": ["220241.jpg", "199195.jpg", "251921.jpg", "201299.jpg", "276557.jpg", "220365.jpg", "278055.jpg", "225559.jpg", "278065.jpg", "278133.jpg", "321748.jpg", "193565.jpg", "278066.jpg", "298667.jpg", "321898.jpg", "202408.jpg", "232555.jpg", "193972.jpg", "220071.jpg", "278117.jpg"], "artist": ["Rembrandt", "Perugino Pietro ", "Kirchner Ernst Ludwig", "Durer Albrecht", "Varo Remedios", "Rembrandt", "Earle Eyvind", "Roerich Nicholas", "Earle Eyvind", "Earle Eyvind", "Kittelsen Theodor Severin", "Ingres Jean Auguste Dominique ", "Earle Eyvind", "Spencer Stanley", "Kittelsen Theodor Severin", "Chagall Marc", "Bouguereau William-Adolphe", "Goya Francisco", "Rembrandt", "Earle Eyvind"], "Northern Renaissance": 0.006438497967304355, "Romanticism": 0.007990631407092406, "High Renaissance": 0.005840812056732509, "scores": [0.010353761993423088, 0.016882118211959056, 0.01734465911330614, 0.01860965268796837, 0.019208333986534133, 0.01946278181215851, 0.01957223172143968, 0.020037250356876906, 0.02050631876193321, 0.02072737187023119, 0.02084869500853842, 0.021249290663504387, 0.02158138048144279, 0.022063108402629934, 0.022241821620920692, 0.02254249718878528, 0.022733386655555896, 0.023095895346817982, 0.02415385500547365, 0.024206642548830558], "Magic Realism": 0.006896957708753991, "Expressionism": 0.006000840226148252, "year": [1635.0, 1500.0, "unknown", "unknown", "unknown", 1633.0, 1990.0, 1931.0, "unknown", 1997.0, 1900.0, 1854.0, "unknown", 1944.0, "unknown", 1964.0, 1884.0, 1789.0, 1632.0, 1976.0], "Symbolism": 0.006932412864240537, "title": ["Minerva", "Virgin and Child between Sts John the Baptist and Catherine", "Female Nude with Black Hat", "The young peasant and his wife", "Amoebiasis or vegetables", "Portrait of Maertgen van Bilderbeecq", "Fog Draped hills", "Eagle's nest", "Giant Oak", "Santa Ynez Memories", "Desolation", "The Virgin of the Host", "Eyvind Girl With Raven Hair", "Self-Portrait", "Haa Var Detta For Nokko", "Adam and Eve expelled from Paradise", "The\u00a0Knitter", "Mar\u00eda Luisa of Parma wearing panniers", "Bust of a Young Woman in a Cap", "Poppies"], "Baroque": 0.006005253905975984, "style_dict": {"Neo-Romanticism": 3, "Magic Realism": 5, "Northern Renaissance": 1, "Romanticism": 1, "High Renaissance": 1, "Surrealism": 2, "Expressionism": 1, "Symbolism": 1, "Baroque": 3, "Neoclassicism": 2}, "Neoclassicism": 0.007468770388903019}