{"style_counts": [0.0002990205330509754, 4.514474795425105e-05, 0.001015350174970786, 0.00039287758564954256, 3.434480175557031e-05, 0.00034929975524089496, 0.0001247497435693523, 0.0007286505889960715, 0.0, 0.0002589755506665625], "style": ["Surrealism", "Realism", "Surrealism", "Symbolism", "Post-Impressionism", "Neoclassicism", "Art Nouveau (Modern)", "Baroque", "Surrealism", "Realism", "Neoclassicism", "Cubism", "Expressionism", "Romanticism", "Romanticism", "Expressionism", "Realism", "Baroque", "Realism", "Symbolism"], "style_labels": ["Art Nouveau (Modern)", "Romanticism", "Surrealism", "Realism", "Expressionism", "Symbolism", "Baroque", "Post-Impressionism", "Cubism", "Neoclassicism"], "artist": ["Chagall Marc", "Sargent John Singer", "Dali Salvador", "Roerich Nicholas", "van Gogh Vincent ", "Ingres Jean Auguste Dominique ", "Roerich Nicholas", "Rubens Peter Paul", "Delvaux Paul", "Sargent John Singer", "Bouguereau William-Adolphe", "Dali Salvador", "Chagall Marc", "Goya Francisco", "Dore Gustave ", "Kirchner Ernst Ludwig", "Sargent John Singer", "Rubens Peter Paul", "Sargent John Singer", "Roerich Nicholas"], "contentId": ["203207.jpg", "266344.jpg", "221542.jpg", "226470.jpg", "207163.jpg", "193322.jpg", "225461.jpg", "216445.jpg", "243163.jpg", "265993.jpg", "232571.jpg", "221387.jpg", "203174.jpg", "193878.jpg", "201751.jpg", "252127.jpg", "265893.jpg", "216434.jpg", "265693.jpg", "226843.jpg"], "Art Nouveau (Modern)": 0.003953336095114882, "title": ["The Jacob's Dream", "The Honorable Laura Lister", "Symbiotic Woman-Animal", "Russian Easter", "The Reaper after Millet", "Death of Leonardo da Vinci", "Castle of King Mark", "Girl with Fan", "Sirens", "Study of a Fig Tree", "Woman of Cervara and Her Child", "Puristic Still Life", "The Drunkard", "Cardinal Luis Maria de Borbon y Vallabriga", "Paolo and Francesca da Rimini", "Schimmeldressurakt", "Miss Elsie Palmer", "Equestrian Portrait of Giancarlo Doria", "Hospital at Granada", "The Holiest Thang La"], "Romanticism": 0.004207211880211524, "scores": [0.007284057786678356, 0.009508763917396731, 0.009841619772909257, 0.010144842432379841, 0.01018482041874444, 0.011250915239494178, 0.01142661099879156, 0.01152151927676438, 0.011965936545028567, 0.012146016674129016, 0.012265618567014844, 0.012290891502553141, 0.01236567489054635, 0.01238747252907198, 0.0123882847783419, 0.012473681981988026, 0.012560456014003372, 0.01278545392659868, 0.012785845565927264, 0.012839783156707646], "Surrealism": 0.003237006453194976, "Realism": 0.0038594790425162703, "Expressionism": 0.004218011826410189, "year": [1963.0, 1896.0, 1928.0, "unknown", 1889.0, 1818.0, 1912.0, 1614.0, 1979.0, 1908.0, 1861.0, 1924.0, 1914.0, 1800.0, "unknown", 1909.0, 1890.0, 1606.0, 1912.0, 1939.0], "Symbolism": 0.0039030568729249656, "Baroque": 0.004127606884596445, "Post-Impressionism": 0.0035237060391697635, "style_dict": {"Art Nouveau (Modern)": 1, "Romanticism": 2, "Surrealism": 3, "Realism": 4, "Expressionism": 2, "Symbolism": 2, "Baroque": 2, "Post-Impressionism": 1, "Cubism": 1, "Neoclassicism": 2}, "Cubism": 0.004252356628165852, "Neoclassicism": 0.003993381077499264}