{"Impressionism": 0.002206917628815404, "style": ["Symbolism", "Symbolism", "Impressionism", "Surrealism", "Surrealism", "Symbolism", "Realism", "Symbolism", "Symbolism", "Symbolism", "Symbolism", "New Realism", "Symbolism", "Symbolism", "Surrealism", "Romanticism", "Symbolism", "Symbolism", "Surrealism", "Symbolism"], "style_labels": ["Impressionism", "Surrealism", "Romanticism", "Symbolism", "New Realism", "Realism"], "Surrealism": 0.0024559373022787936, "contentId": ["227054.jpg", "225940.jpg", "9223372032559812028.jpg", "258755.jpg", "221790.jpg", "225704.jpg", "210347.jpg", "225482.jpg", "226514.jpg", "225779.jpg", "226906.jpg", "235582.jpg", "226806.jpg", "226028.jpg", "258745.jpg", "196547.jpg", "226166.jpg", "225711.jpg", "221532.jpg", "226481.jpg"], "artist": ["Roerich Nicholas", "Roerich Nicholas", "Monet Claude", "Beksinski Zdislav", "Dali Salvador", "Roerich Nicholas", "Levitan Isaac", "Roerich Nicholas", "Roerich Nicholas", "Roerich Nicholas", "Roerich Nicholas", "Hopper Edward", "Roerich Nicholas", "Roerich Nicholas", "Beksinski Zdislav", "Aivazovsky Ivan ", "Roerich Nicholas", "Roerich Nicholas", "Dali Salvador", "Roerich Nicholas"], "Romanticism": 0.002820697067163436, "Symbolism": 0.0021830191262763457, "scores": [0.005584292586838544, 0.006374005910879351, 0.006378812386331215, 0.006636780530035768, 0.006864373734166739, 0.0069088642205183855, 0.007098522883750938, 0.007102028565112621, 0.007176839074168634, 0.007224719007976928, 0.0072918151270084455, 0.00751990260023382, 0.007631658766495013, 0.007669497298735285, 0.007893486431762313, 0.008152863140509736, 0.0081819794780359, 0.008431328750562257, 0.00851398419375406, 0.008633425621961302], "year": [1932.0, 1924.0, 1882.0, "unknown", 1965.0, 1924.0, 1899.0, 1937.0, 1924.0, "unknown", 1933.0, 1927.0, 1929.0, 1943.0, "unknown", 1850.0, 1927.0, 1938.0, 1936.0, 1934.0], "New Realism": 0.002601707749077712, "title": ["Vyas Kund", "Kangchenjunga", "Sunset at Pourville", "Untitled", "Untitled (St. John from Behind)", "Himalayas", "Railroad tracks", "China's heroics", "Sanga Chelling", "Himalayas", "Tibet", "Lighthouse HIll", "Temple in Naggar", "Ladakh. Kashmir.", "Untitled", "Hurricane at the Sea", "Mongolia", "Himalayas", "Surrealist Composition with Invisible Figures", "Sacred Himalayas"], "style_dict": {"Impressionism": 1, "Surrealism": 4, "Romanticism": 1, "New Realism": 1, "Symbolism": 12, "Realism": 1}, "Realism": 0.0024559203723045616, "style_counts": [0.000613779438348061, 0.0003647597648847034, 0.0, 0.0006376779408870936, 0.0002189893180857272, 0.00036477669485890374]}