{"style_counts": [0.00013551513966114648, 0.00036128386758282893, 0.0004888389047866815, 0.0008081502278244335, 4.8152265686218776e-05, 0.0, 0.0006451165528840175, 0.0003852355069919877, 0.0007548608218425068], "style": ["Romanticism", "Surrealism", "Romanticism", "Realism", "Baroque", "Realism", "Op Art", "Cubism, Expressionism", "Realism", "Romanticism", "Romanticism", "Neo-Romanticism", "Magic Realism", "Romanticism", "Baroque", "Expressionism", "Surrealism", "Baroque", "Romanticism", "Surrealism"], "style_labels": ["Neo-Romanticism", "Cubism, Expressionism", "Op Art", "Romanticism", "Magic Realism", "Expressionism", "Surrealism", "Baroque", "Realism"], "Neo-Romanticism": 0.0032151331198260304, "Cubism, Expressionism": 0.0029893643919043852, "Op Art": 0.002861809354700533, "contentId": ["194102.jpg", "211663.jpg", "194117.jpg", "214946.jpg", "220393.jpg", "265682.jpg", "204784.jpg", "193588.jpg", "212578.jpg", "194190.jpg", "187920.jpg", "321995.jpg", "278114.jpg", "199711.jpg", "220713.jpg", "290274.jpg", "221180.jpg", "220000.jpg", "194091.jpg", "276569.jpg"], "artist": ["Goya Francisco", "Magritte Rene", "Goya Francisco", "Repin Ilya", "Rembrandt", "Sargent John Singer", "Escher M.C.", "Braque Georges ", "Monet Claude", "Goya Francisco", "Delacroix Eugene ", "Kittelsen Theodor Severin", "Earle Eyvind", "Corot Camille ", "Rembrandt", "Matisse Henri", "Dali Salvador", "Rembrandt", "Goya Francisco", "Varo Remedios"], "year": [1783.0, 1937.0, 1784.0, 1903.0, 1636.0, 1904.0, 1951.0, 1952.0, 1868.0, 1814.0, "unknown", 1879.0, "unknown", 1827.0, 1628.0, 1939.0, 1941.0, 1633.0, 1788.0, 1956.0], "Romanticism": 0.0025424980316626883, "Magic Realism": 0.003302495993800951, "Expressionism": 0.003350648259487121, "Surrealism": 0.0027055317066030965, "scores": [0.003983331927876292, 0.004589788710679958, 0.006251603241748033, 0.0067068116386809744, 0.007243883337931302, 0.007842056076308168, 0.008271692935309468, 0.008640374412420876, 0.008779984891725193, 0.009038626897082451, 0.009186772596656591, 0.009292929967421744, 0.009545441151047496, 0.0095555019203121, 0.009667490943183438, 0.009684619099865514, 0.009698773477667047, 0.009739373780060342, 0.009816090650062172, 0.010026583763436507], "title": ["The Count of Floridablanca", "Youth Illustrated", "The Family of the Infante Don Luis", "Ceremonial Meeting of the State Council on May 7, 1901", "Rembrandt as Shepherd", "Portrait of Lady Helen Vincent, Viscountess D'Abernon", "Prelim Drawing Ceiling Decoration for Philips_", "A landscape drawn into squares", "The Luncheon", "Truth Rescued by Time, Witnessed by History", "Two Figures", "Streik", "Pastures Through the Fog", "Rome The Fountain of the Academie de France", "Two Old Men Disputing", "The Red Table", "Mysterious Mouth Appearing in the Back of My Nurse", "A young woman at her toilet", "The Arrest of Christ", "Three destinations"], "Baroque": 0.0029654127524951722, "style_dict": {"Neo-Romanticism": 1, "Cubism, Expressionism": 1, "Op Art": 1, "Romanticism": 6, "Magic Realism": 1, "Surrealism": 3, "Expressionism": 1, "Baroque": 3, "Realism": 3}, "Realism": 0.0025957874376446553}