{"Impressionism": 0.00404344759178242, "style": ["Surrealism", "Impressionism", "Abstract Expressionism", "Surrealism", "Symbolism", "Post-Impressionism", "Neoclassicism", "High Renaissance", "Surrealism", "Expressionism", "Surrealism", "Impressionism", "Color Field Painting", "Impressionism", "Post-Impressionism", "Baroque", "Impressionism", "Baroque", "Academicism", "Romanticism"], "Abstract Expressionism": 0.0035648769212051645, "artist": ["Dali Salvador", "Renoir Pierre-Auguste", "Rothko Mark", "Dali Salvador", "Roerich Nicholas", "van Gogh Vincent ", "Ingres Jean Auguste Dominique ", "Titian", "Dali Salvador", "Chagall Marc", "Dali Salvador", "Renoir Pierre-Auguste", "Rothko Mark", "Renoir Pierre-Auguste", "Derain Andre", "Caravaggio", "Renoir Pierre-Auguste", "Rubens Peter Paul", "Gerome Jean-Leon", "Aivazovsky Ivan "], "contentId": ["221046.jpg", "219056.jpg", "242164.jpg", "221517.jpg", "226987.jpg", "206333.jpg", "193553.jpg", "224862.jpg", "221136.jpg", "202748.jpg", "221769.jpg", "218522.jpg", "242175.jpg", "218965.jpg", "256176.jpg", "186702.jpg", "218792.jpg", "216659.jpg", "279485.jpg", "196447.jpg"], "title": ["Herodias", "Sleeping woman", "Untitled", "Study for the set of 'Romeo and Juliet'", "Untitled", "Mother Roulin with Her Baby", "The Grande Odalisque", "Christ with Globe", "March of Time Comittee - Papillon", "Man with a Cat and Woman with a Child", "Untitled - Set Design (Figures Cut in Three)", "Girls putting flowers on their hats", "Untitled", "Reclining nude", "Still LIfe with Pears and Indian Bowl", "Taking of Christ", "Nude", "The Holy Family with St. Elizabeth and the Infant St. John the Baptist", "The Republic", "Battle of Chesma"], "Romanticism": 0.004689859446286089, "High Renaissance": 0.0041369805394547085, "scores": [0.009389907283911349, 0.010274128623056423, 0.010303819573427239, 0.010632027519161213, 0.011102746421313313, 0.011279727439067366, 0.01144106535835531, 0.01195741171420593, 0.011958660391555078, 0.012008109849059909, 0.012632892238618774, 0.012635640856734912, 0.012761357724425344, 0.012940184252830559, 0.012948850908133613, 0.013387541042030418, 0.013391513943139373, 0.013484262036612663, 0.013501303613109729, 0.013555437292047855], "Surrealism": 0.003663422453424803, "style_labels": ["Impressionism", "Abstract Expressionism", "Romanticism", "High Renaissance", "Surrealism", "Color Field Painting", "Expressionism", "Symbolism", "Academicism", "Baroque", "Post-Impressionism", "Neoclassicism"], "Color Field Painting": 0.004415126770306545, "Expressionism": 0.004154520890350914, "year": [1937.0, 1897.0, 1947.0, 1942.0, "unknown", 1888.0, 1814.0, 1530.0, 1940.0, 1914.0, 1942.0, 1894.0, "unknown", 1909.0, 1912.0, 1602.0, 1880.0, 1614.0, "unknown", 1886.0], "Symbolism": 0.0038412866410633445, "Academicism": 0.0046711304787094305, "Baroque": 0.004563144841644908, "Post-Impressionism": 0.004114294525821689, "style_dict": {"Impressionism": 4, "Abstract Expressionism": 1, "Romanticism": 1, "High Renaissance": 1, "Surrealism": 4, "Color Field Painting": 1, "Expressionism": 1, "Symbolism": 1, "Academicism": 1, "Baroque": 2, "Post-Impressionism": 2, "Neoclassicism": 1}, "Neoclassicism": 0.003958336960323401, "style_counts": [0.0006464118545036479, 0.0011249825250808643, 0.0, 0.0005528789068314222, 0.0010264369928613126, 0.00027473267597954987, 0.0005353385559351276, 0.0008485728052227692, 1.872896757659781e-05, 0.00012671460464119821, 0.0005755649204643998, 0.0007315224859626435]}