{"Impressionism": 0.00344269466829626, "style": ["Romanticism", "Baroque", "Romanticism", "Baroque", "High Renaissance", "Baroque", "Baroque", "High Renaissance", "Realism", "Romanticism", "Romanticism", "Baroque", "Romanticism", "Romanticism", "Realism", "Neoclassicism", "Baroque", "Expressionism", "Symbolism", "Impressionism"], "style_labels": ["Impressionism", "Romanticism", "High Renaissance", "Neoclassicism", "Expressionism", "Symbolism", "Baroque", "Realism"], "artist": ["Goya Francisco", "Rembrandt", "Goya Francisco", "Rembrandt", "Titian", "Caravaggio", "Rembrandt", "Titian", "Sargent John Singer", "Cezanne Paul", "Goya Francisco", "Rembrandt", "Goya Francisco", "Goya Francisco", "Sargent John Singer", "Ingres Jean Auguste Dominique ", "Rembrandt", "Derain Andre", "B\u00f6cklin Arnold", "Sorolla Joaqu\u00edn"], "contentId": ["194031.jpg", "220237.jpg", "193928.jpg", "220158.jpg", "224983.jpg", "186706.jpg", "220630.jpg", "224975.jpg", "265651.jpg", "216035.jpg", "193898.jpg", "220304.jpg", "193977.jpg", "194049.jpg", "266233.jpg", "193470.jpg", "220143.jpg", "256165.jpg", "260699.jpg", "251129.jpg"], "title": ["Portrait of the Countess of Chincon", "Mater Dolorosa", "Francisca Sabasa y Garcia", "Hendrickje Stoffels in velvet beret", "Portrait of Laura de Dianti", "The Lute Player", "The Nightwatch", "Portrait of Francis I", "Portrait of Mademoiselle Suzanne Poirson", "Women Dressing", "Don Andres del Peral", "Portrait of a Lady with an Ostrich Feather Fan", "Maunel Silvela", "Saint Gregory", "Mrs. Charles Hunter (Mary Smyth)", "Portrait of Jean-Pierre-Francois Gilibert", "Flora", "Self-portrait with a pipe", "Vestal", "A Portrait of Basil Mundy"], "Romanticism": 0.0025597998216256154, "High Renaissance": 0.0028756978677779927, "scores": [0.004774412665155225, 0.005978176018335531, 0.006966880148069359, 0.007518130695257998, 0.00823902543351427, 0.008500955290560872, 0.008647274852708933, 0.008695608354868413, 0.008913049034646544, 0.008928765122462289, 0.009109642670593446, 0.009145462210490264, 0.00917482864344483, 0.009202895958136373, 0.009270176143503193, 0.009458222684323666, 0.009458389966592304, 0.009654090556855784, 0.009804830186550657, 0.009950667440303214], "Neoclassicism": 0.0032723204752069988, "Expressionism": 0.0033400861084675057, "year": [1800.0, 1660.0, 1808.0, "unknown", 1523.0, 1596.0, 1642.0, 1539.0, 1884.0, 1867.0, 1798.0, "unknown", 1812.0, 1799.0, 1898.0, 1805.0, 1634.0, 1953.0, 1874.0, 1908.0], "Symbolism": 0.0033922384412195367, "Baroque": 0.0026177898199562346, "style_dict": {"Impressionism": 1, "Romanticism": 6, "High Renaissance": 2, "Neoclassicism": 1, "Expressionism": 1, "Symbolism": 1, "Baroque": 6, "Realism": 2}, "Realism": 0.003087723214304366, "style_counts": [0.0, 0.000882894846670701, 0.0005669968005183046, 0.00017037419308929547, 0.00010260855982879846, 5.0456227076778326e-05, 0.00082490484834008, 0.00035497145399188135]}