{"style_counts": [0.00026010385419716897, 0.0003271292828401773, 0.0, 1.215670751841813e-07, 2.498260134409236e-05, 0.0003128558643755719, 0.00018511423394340643, 0.001593808634766436, 0.0003128381287808013, 0.0006993259550189812, 0.0009727449697177759], "style": ["Baroque", "Cubism", "Realism", "Realism", "Realism", "Realism", "High Renaissance", "Post-Impressionism", "Expressionism", "Romanticism", "Expressionism", "Symbolism", "Romanticism", "High Renaissance", "Romanticism", "Cubism", "Na\u00efve Art (Primitivism)", "Mannerism (Late Renaissance)", "Surrealism", "High Renaissance"], "style_labels": ["Romanticism", "High Renaissance", "Surrealism", "Mannerism (Late Renaissance)", "Na\u00efve Art (Primitivism)", "Expressionism", "Symbolism", "Baroque", "Post-Impressionism", "Cubism", "Realism"], "artist": ["Rubens Peter Paul", "Braque Georges ", "Shishkin Ivan", "Courbet Gustave", "Roerich Nicholas", "Sargent John Singer", "Raphael", "Bonnard Pierre", "Modigliani Amedeo ", "Delacroix Eugene ", "Freud Lucian", "Blake William ", "Corot Camille ", "Titian", "Gerome Jean-Leon", "Chagall Marc", "Rousseau Henri", "Titian", "Dali Salvador", "Titian"], "contentId": ["216455.jpg", "193708.jpg", "229008.jpg", "191809.jpg", "225566.jpg", "266244.jpg", "210532.jpg", "221898.jpg", "189779.jpg", "187845.jpg", "232072.jpg", "192963.jpg", "199544.jpg", "224951.jpg", "279352.jpg", "202950.jpg", "191317.jpg", "225015.jpg", "220816.jpg", "224890.jpg"], "title": ["Helena Fourment", "Still Life with a Metronome", "View of Valaam Island. Kukko", "Portrait of Paul Chenavard", "Elders Gathering", "Mrs. Ernest Hills", "Pope Leo I Repulsing Attila", "Going Rowing", "Viking Eggeling", "Seated Nude, Mademoiselle Rose", "Naked Portrait with Reflection", "The Soldiers Casting Lots for Christ's Garments", "Gypsy Girl with Mandolin", "Portrait of a man with ermine coat", "Entry of the Christ in Jerusalem", "Rain", "Landscape in Montsouris Park with five figures", "Spain Succouring Religion", "Ballerina in a Death's Head", "Gian Giacomo Bartolotti da Parma"], "Romanticism": 0.003826595907373421, "High Renaissance": 0.003759570478730459, "scores": [0.00720538210842479, 0.008212438000963062, 0.009033211568053746, 0.009265072759657426, 0.009456367569786262, 0.010167369037911364, 0.010262917198955855, 0.01090786308162369, 0.01106219314610953, 0.011116906011786828, 0.01116151299827153, 0.011277032620069918, 0.011612104192231527, 0.011652988430105095, 0.011661360368686174, 0.011735392945073173, 0.011739872568481094, 0.011811730199803791, 0.011812081573844588, 0.011872094224440041], "Surrealism": 0.004086699761570578, "Mannerism (Late Renaissance)": 0.004086578194495396, "Na\u00efve Art (Primitivism)": 0.004061717160226572, "Expressionism": 0.003773843897195062, "year": [1631.0, 1909.0, 1860.0, "unknown", 1898.0, 1909.0, 1514.0, 1905.0, 1916.0, 1824.0, 1980.0, 1800.0, 1875.0, "unknown", 1897.0, 1911.0, 1910.0, 1575.0, 1939.0, 1518.0], "Symbolism": 0.0039015855276271494, "Baroque": 0.0024928911268041944, "Post-Impressionism": 0.0037738616327898508, "style_dict": {"Romanticism": 3, "High Renaissance": 3, "Surrealism": 1, "Mannerism (Late Renaissance)": 1, "Na\u00efve Art (Primitivism)": 1, "Expressionism": 2, "Symbolism": 1, "Baroque": 1, "Post-Impressionism": 1, "Cubism": 2, "Realism": 4}, "Cubism": 0.003387373806551663, "Realism": 0.003113954791852793}