{"Impressionism": 0.002912436495330076, "style": ["Symbolism", "Impressionism", "Magic Realism", "Romanticism", "Realism", "Mannerism (Late Renaissance)", "Realism", "Baroque", "Realism", "Pop Art", "Symbolism", "Surrealism", "Realism", "Romanticism", "Symbolism", "Realism", "Surrealism", "Post-Impressionism", "Surrealism", "Neoclassicism"], "style_labels": ["Impressionism", "Surrealism", "Romanticism", "Magic Realism", "Mannerism (Late Renaissance)", "Realism", "Symbolism", "Pop Art", "Baroque", "Post-Impressionism", "Neoclassicism"], "Surrealism": 0.0040277977054523195, "contentId": ["225465.jpg", "212373.jpg", "278011.jpg", "260649.jpg", "229970.jpg", "224912.jpg", "218918.jpg", "219997.jpg", "191809.jpg", "229372.jpg", "226514.jpg", "258681.jpg", "210235.jpg", "187963.jpg", "227054.jpg", "277374.jpg", "258667.jpg", "221865.jpg", "258493.jpg", "193514.jpg"], "artist": ["Roerich Nicholas", "Monet Claude", "Earle Eyvind", "B\u00f6cklin Arnold", "Kustodiev Boris", "Titian", "Renoir Pierre-Auguste", "Rembrandt", "Courbet Gustave", "Warhol Andy", "Roerich Nicholas", "Beksinski Zdislav", "Levitan Isaac", "Delacroix Eugene ", "Roerich Nicholas", "Zorn Anders", "Beksinski Zdislav", "Bonnard Pierre", "Beksinski Zdislav", "Ingres Jean Auguste Dominique "], "Romanticism": 0.003365862466091794, "Magic Realism": 0.0029201704109293137, "Mannerism (Late Renaissance)": 0.0034437950618049266, "title": ["Castles of King Gesar", "Spring", "California Miniature", "Roman Landscape", "Portrait of a priest and a deacon", "Man Holding a Flute", "Portrait of Henry Bernstein", "A Young Man at a Table (possibly Govaert Flinck)", "Portrait of Paul Chenavard", "Rebel Without A Cause", "Sanga Chelling", "Untitled", "Huts after sunset", "The Liberty Leading the People", "Vyas Kund", "Home Tunes", "Untitled", "Carriage Horse", "Untitled", "Self-Portrait at the age of 79 years old"], "Realism": 0.003395812160792728, "scores": [0.007949067459195549, 0.008418024192768136, 0.008440378083994126, 0.008456944670114035, 0.008748935947503617, 0.009953847986623236, 0.009957347448049703, 0.010220416508815193, 0.01037465478126014, 0.011036511069736916, 0.011111046919225272, 0.01132210312655174, 0.011353930083763872, 0.011364208617233883, 0.011600626874964819, 0.012048129502626456, 0.01224604998890178, 0.012445183731729575, 0.01263045761725716, 0.012636933932509958], "year": [1929.0, 1875.0, 1991.0, 1852.0, 1907.0, 1565.0, "unknown", 1660.0, "unknown", "unknown", 1924.0, "unknown", 1899.0, 1830.0, 1932.0, 1920.0, "unknown", 1895.0, "unknown", 1859.0], "Symbolism": 0.0034116022899259536, "Pop Art": 0.003818370782092799, "Baroque": 0.0035360214411499784, "Post-Impressionism": 0.004305738075986509, "style_dict": {"Impressionism": 1, "Surrealism": 3, "Romanticism": 2, "Magic Realism": 1, "Mannerism (Late Renaissance)": 1, "Neoclassicism": 1, "Symbolism": 3, "Pop Art": 1, "Baroque": 1, "Post-Impressionism": 1, "Realism": 5}, "Neoclassicism": 0.004372079092589838, "style_counts": [0.001459642597259725, 0.00034428138713749057, 0.0010062166264980243, 0.001451908681660563, 0.0009282840307849316, 0.0009762669317970873, 0.0009604768026638677, 0.0005537083104970586, 0.0008360576514399032, 6.634101660329961e-05, 0.0]}