{"year": ["unknown", 1999.0, 1933.0, 1982.0, 1982.0, 1659.0, 1879.0, 1942.0, 1958.0, 1920.0, 1950.0, "unknown", 1909.0, 1780.0, 1920.0, 1922.0, "unknown", "unknown", "unknown", 1919.0], "style": ["Neo-baroque", "Magic Realism", "Neoclassicism", "Neo-Expressionism", "Neo-Expressionism", "Baroque", "Realism", "Expressionism", "Metaphysical art", "Expressionism", "Op Art", "Magic Realism", "Art Nouveau (Modern)", "Romanticism", "Expressionism", "Neoplasticism", "Magic Realism", "Surrealism", "Baroque", "Expressionism"], "Neo-Expressionism": 0.005120298733777606, "Art Nouveau (Modern)": 0.007262833664664804, "Expressionism": 0.007114976828497529, "style_dict": {"Surrealism": 1, "Neo-Expressionism": 2, "Op Art": 1, "Art Nouveau (Modern)": 1, "Metaphysical art": 1, "Romanticism": 1, "Neoplasticism": 1, "Magic Realism": 3, "Neoclassicism": 1, "Expressionism": 4, "Neo-baroque": 1, "Baroque": 2, "Realism": 1}, "Neoclassicism": 0.005109381722533526, "Metaphysical art": 0.006883197512256492, "Magic Realism": 0.0064640419749999725, "scores": [0.0098240996750617, 0.013905128784115806, 0.01476801263112176, 0.014968002892400295, 0.015184811461022407, 0.01612670787081177, 0.017810151626873813, 0.018314121651711535, 0.019894999693447303, 0.02013570307362405, 0.02017223037963269, 0.020362567947916018, 0.02099228930664465, 0.021378527556427926, 0.022066151312213622, 0.022128066863582062, 0.023825920754313463, 0.024750961588368474, 0.02498921999477971, 0.026130850355422654], "Baroque": 0.006981962974357725, "Realism": 0.006161889583310008, "style_counts": [0.0, 0.0034429462954307377, 0.0015841322820246972, 0.0013004113645435078, 0.005164339802493645, 0.001166782100858632, 0.0009074592974488427, 0.0020992030542084095, 0.0024013554458983677, 0.0014482682007108671, 0.0016800475169518325, 0.0015812820548506412, 0.0034538633066748536], "artist": ["de Chirico Giorgio ", "Earle Eyvind", "Malevich Kazimir", "Basquiat Jean-Michel ", "Basquiat Jean-Michel ", "Rembrandt", "Repin Ilya", "Matisse Henri", "de Chirico Giorgio ", "Escher M.C.", "Escher M.C.", "Earle Eyvind", "Roerich Nicholas", "Goya Francisco", "Escher M.C.", "Mondrian Piet", "Earle Eyvind", "Beksinski Zdislav", "Rembrandt", "Escher M.C."], "Op Art": 0.0069791127471836335, "contentId": ["194443.jpg", "278180.jpg", "219931.jpg", "203839.jpg", "203828.jpg", "220444.jpg", "215438.jpg", "290276.jpg", "194490.jpg", "204519.jpg", "204458.jpg", "278081.jpg", "226902.jpg", "193891.jpg", "204835.jpg", "186049.jpg", "277988.jpg", "258479.jpg", "220322.jpg", "204833.jpg"], "style_labels": ["Surrealism", "Neo-Expressionism", "Op Art", "Art Nouveau (Modern)", "Neo-baroque", "Romanticism", "Neoplasticism", "Magic Realism", "Realism", "Expressionism", "Metaphysical art", "Baroque", "Neoclassicism"], "Romanticism": 0.007396462928349697, "Neoplasticism": 0.007655785731759493, "Surrealism": 0.00856324502920833, "Neo-baroque": 0.0033989052267146555, "title": ["Dioscuri with horse", "Waves of Golden Fire", "Worker", "Jawbone of an Ass", "Head of a Fryer", "Self-portrait", "Warrior XVII century", "Woman with a Veil", "Metaphysical Triangle", "Father with Magnifying Glass", "Circle Limit with Butterflies", "High Country Valley", "Throne of the invisible God", "Crucified Christ", "Self Portrait in a Chair", "Composition 2", "As the Shadows Deepened", "Untitled", "Portrait of a Woman Wearing a Gold Chain", "Self Portrait"]}