{"year": ["unknown", 1915.0, "unknown", "unknown", "unknown", 1936.0, 1919.0, 1910.0, "unknown", 1961.0, 1968.0, 1946.0, 1918.0, 1902.0, 1934.0, 1912.0, "unknown", 1861.0, 1870.0, 1909.0], "style": ["Pop Art", "Cubism", "Neo-Romanticism", "Symbolism", "Realism", "Symbolism", "Surrealism", "Expressionism", "Impressionism", "Op Art", "Na\u00efve Art (Primitivism)", "Expressionism", "Expressionism", "Post-Impressionism", "Symbolism", "Art Nouveau (Modern)", "Art Nouveau (Modern)", "Realism", "Neoclassicism", "Art Nouveau (Modern)"], "Neo-Romanticism": 0.004025540832559167, "title": ["Truck Announcement", "Seated man with his arms crossed", "Vaart Foerste Syltehode", "Lake", "Ingrid 03", "Lake of the Nagas. Kashmir.", "Jazz", "Standing Male Nude, Back View", "Female Nude Seated", "Moebius Strip I", "Untitled", "How to Look at Modern Art", "Long haired nude, bent over forward, jerk view", "Portrait of Juli Gonzalez", "Sacred Himalayas", "Girl in a Blue Apron", "Igor", "View of the Yelabuga", "Study of a Young Girl s Head", "Smolensk"], "Art Nouveau (Modern)": 0.005103767697505456, "Expressionism": 0.004709939065392489, "Symbolism": 0.004344766191638935, "style_dict": {"Impressionism": 1, "Neo-Romanticism": 1, "Op Art": 1, "Art Nouveau (Modern)": 3, "Neoclassicism": 1, "Surrealism": 1, "Na\u00efve Art (Primitivism)": 1, "Expressionism": 3, "Symbolism": 3, "Pop Art": 1, "Post-Impressionism": 1, "Cubism": 1, "Realism": 2}, "Neoclassicism": 0.005342360813439195, "Impressionism": 0.004529643419085217, "scores": [0.00977078733722612, 0.01089079755419277, 0.011635309532686829, 0.011644698304723915, 0.012298583906092831, 0.012598230196049286, 0.012639083083411079, 0.012945605535797905, 0.013092353411864132, 0.014173998234333662, 0.014605135658876953, 0.014675432609986164, 0.014708111248222935, 0.014727862238632155, 0.014804340403243866, 0.014978830011699569, 0.015324919939388226, 0.015333392450096264, 0.01544140881565583, 0.015564814873330519], "Post-Impressionism": 0.005095490640052555, "Realism": 0.004692231109508611, "style_counts": [0.0008127173943539567, 0.0013168199808800685, 0.00043849396807171814, 0.00023859311593377175, 0.0006501297039306353, 0.0009695381656664726, 0.00028933065599412444, 0.0006324217480466743, 0.0009975946218002685, 0.0019619003897813903, 0.0002468701733866485, 0.0015744034479410196, 0.0], "artist": ["Warhol Andy", "Picasso Pablo", "Kittelsen Theodor Severin", "Roerich Nicholas", "Kittelsen Theodor Severin", "Roerich Nicholas", "Ray Man", "Schiele Egon", "Renoir Pierre-Auguste", "Escher M.C.", "Chagall Marc", "Reinhardt Ad", "Schiele Egon", "Picasso Pablo", "Roerich Nicholas", "Schiele Egon", "Roerich Nicholas", "Shishkin Ivan", "Bouguereau William-Adolphe", "Roerich Nicholas"], "Op Art": 0.004903866845367528, "contentId": ["229395.jpg", "224374.jpg", "322026.jpg", "226045.jpg", "322046.jpg", "226059.jpg", "210850.jpg", "232798.jpg", "218420.jpg", "204610.jpg", "203315.jpg", "284619.jpg", "232664.jpg", "224284.jpg", "226476.jpg", "232631.jpg", "225895.jpg", "229005.jpg", "232498.jpg", "226641.jpg"], "style_labels": ["Impressionism", "Neo-Romanticism", "Op Art", "Art Nouveau (Modern)", "Realism", "Surrealism", "Na\u00efve Art (Primitivism)", "Expressionism", "Symbolism", "Pop Art", "Post-Impressionism", "Cubism", "Neoclassicism"], "Surrealism": 0.004372822647772748, "Na\u00efve Art (Primitivism)": 0.005053030157445109, "Pop Art": 0.0033804604236577695, "Cubism": 0.0037679573654981783}