{"style": ["Neo-Romanticism", "Realism", "Expressionism", "Symbolism", "Neo-Romanticism", "Baroque", "Baroque", "Realism", "Dada", "Neo-Romanticism", "Magic Realism", "Color Field Painting", "Expressionism", "Magic Realism", "Expressionism", "Expressionism", "Synthetic Cubism", "Color Field Painting", "Pop Art", "Magic Realism"], "style_labels": ["Neo-Romanticism", "Dada", "Magic Realism", "Color Field Painting", "Expressionism", "Symbolism", "Pop Art", "Baroque", "Synthetic Cubism", "Realism"], "Neo-Romanticism": 0.00501875091662559, "artist": ["Spencer Stanley", "Sargent John Singer", "Kirchner Ernst Ludwig", "Roerich Nicholas", "Spencer Stanley", "Rembrandt", "Rembrandt", "Sargent John Singer", "Ray Man", "Kittelsen Theodor Severin", "Earle Eyvind", "Rothko Mark", "Kirchner Ernst Ludwig", "Earle Eyvind", "Modigliani Amedeo ", "Derain Andre", "Picasso Pablo", "Rothko Mark", "Warhol Andy", "Earle Eyvind"], "contentId": ["298662.jpg", "266136.jpg", "252014.jpg", "225559.jpg", "298667.jpg", "220365.jpg", "220241.jpg", "266229.jpg", "210895.jpg", "321748.jpg", "278133.jpg", "290281.jpg", "251921.jpg", "278117.jpg", "189705.jpg", "256107.jpg", "223979.jpg", "242143.jpg", "229332.jpg", "278061.jpg"], "title": ["Marsh Meadows, Cookham", "Helen Brice", "Nervous People Eating", "Eagle's nest", "Self-Portrait", "Portrait of Maertgen van Bilderbeecq", "Minerva", "Mrs. Benjamin Kissam", "The Coat Stand", "Desolation", "Santa Ynez Memories", "No. 37/No. 19 (Slate Blue and Brown on Plum)", "Female Nude with Black Hat", "Poppies", "Recumbent nude", "Bathers", "Harlequin", "Ochre and Red on Red", "Life Savers", "Fog and Storm and Rain"], "Dada": 0.0059280421791293855, "style_counts": [0.001907690841563503, 0.0009983995790597833, 0.0006000868453700514, 0.0005799876934471371, 0.0010995353199489966, 0.0016938435983544498, 0.0, 0.0014381097310217639, 6.670146072162986e-05, 0.0016618383488777866], "style_dict": {"Neo-Romanticism": 3, "Dada": 1, "Magic Realism": 3, "Color Field Painting": 2, "Expressionism": 4, "Symbolism": 1, "Pop Art": 1, "Baroque": 2, "Synthetic Cubism": 1, "Realism": 2}, "scores": [0.012627193437310938, 0.013903569365820396, 0.014014042121728541, 0.015124153941605559, 0.015150541289022044, 0.015470383470967831, 0.016849734031830786, 0.017099037610637392, 0.017134245694172812, 0.017326767555258887, 0.017327824893604814, 0.017437531232428412, 0.017872486886793326, 0.019332777065098818, 0.019379094387440808, 0.019694966178986383, 0.019827199622302144, 0.019935962223002843, 0.020019991640582525, 0.020195594800162756], "Magic Realism": 0.0063263549128190245, "Color Field Painting": 0.006346454064741996, "Expressionism": 0.005826906438240168, "year": [1943.0, 1907.0, "unknown", 1931.0, 1944.0, 1633.0, 1635.0, 1888.0, 1920.0, 1900.0, 1997.0, 1958.0, "unknown", 1976.0, 1917.0, 1907.0, 1915.0, 1957.0, 1985.0, 1996.0], "Symbolism": 0.005232598159834666, "Pop Art": 0.006926441758189133, "Baroque": 0.005488332027167417, "Synthetic Cubism": 0.006859740297467447, "Realism": 0.005264603409311357}