{"Impressionism": 0.002888564911001139, "style": ["Surrealism", "Surrealism", "Symbolism", "Impressionism", "Art Nouveau (Modern)", "Na\u00efve Art (Primitivism)", "Symbolism", "Symbolism", "Expressionism", "Expressionism", "Impressionism", "Symbolism", "Expressionism", "Neo-Romanticism", "Na\u00efve Art (Primitivism)", "Post-Impressionism", "Cubism", "Expressionism", "Symbolism", "Symbolism"], "style_labels": ["Impressionism", "Neo-Romanticism", "Art Nouveau (Modern)", "Surrealism", "Na\u00efve Art (Primitivism)", "Expressionism", "Symbolism", "Post-Impressionism", "Cubism"], "Neo-Romanticism": 0.003287303308852666, "artist": ["Dali Salvador", "Dali Salvador", "Roerich Nicholas", "Hassam Childe", "Roerich Nicholas", "Chagall Marc", "Roerich Nicholas", "Roerich Nicholas", "Dali Salvador", "Solar Xul", "Sargent John Singer", "Roerich Nicholas", "Kandinsky Wassily", "Kittelsen Theodor Severin", "Chagall Marc", "Toulouse-Lautrec Henri de", "Picasso Pablo", "Kandinsky Wassily", "Roerich Nicholas", "Roerich Nicholas"], "contentId": ["221769.jpg", "221767.jpg", "225597.jpg", "243878.jpg", "226309.jpg", "202854.jpg", "225658.jpg", "226076.jpg", "221127.jpg", "345125.jpg", "265734.jpg", "225947.jpg", "189252.jpg", "321827.jpg", "202807.jpg", "230627.jpg", "223971.jpg", "189357.jpg", "226516.jpg", "225493.jpg"], "Art Nouveau (Modern)": 0.002887857838385442, "title": ["Untitled - Set Design (Figures Cut in Three)", "Untitled - Scene with Marine Allegory", "Final journey", "Afternoon Sky, Harney Desert", "Oze", "Noah receives the order to build the Ark", "Grand Canyon, Arizona", "Landscape", "Madonna", "Dos", "The Bridge of Sighs", "Kangchenjunga", "All Saints day I", "Peer Gynt 03", "Moses with the Burning Bush", "The Kiss", "Guitar, Bottle and Fruit Bowl", "Murnau view with railway and castle", "Santana", "Cliff"], "style_counts": [0.0005682872600795141, 0.00016954886222797505, 0.0005689943326951941, 0.0013781087183992735, 0.0003499479031837671, 0.00033378562049490856, 0.0004851690368862238, 0.00010265348458315948, 0.0], "scores": [0.005069804051078014, 0.007171662448445867, 0.0077174120531802275, 0.007769919989384798, 0.008346982736888348, 0.00865179631751352, 0.008814380325038715, 0.009006375723086409, 0.009084962884686904, 0.009126017142395412, 0.00924048624622359, 0.00925088666587103, 0.009419703191552314, 0.009501528643546359, 0.009644383744354234, 0.009694881153824601, 0.00999158788651332, 0.010402301532412093, 0.010461142434684061, 0.010655974471182666], "Surrealism": 0.0020787434526813313, "Na\u00efve Art (Primitivism)": 0.003106904267896789, "Expressionism": 0.0031230665505857075, "year": [1942.0, 1945.0, 1922.0, 1908.0, 1914.0, 1931.0, 1921.0, 1913.0, 1960.0, 1918.0, 1908.0, 1924.0, 1911.0, 1890.0, 1966.0, 1893.0, 1921.0, 1909.0, "unknown", 1917.0], "Symbolism": 0.002971683134194327, "Post-Impressionism": 0.0033541986864974362, "style_dict": {"Impressionism": 2, "Neo-Romanticism": 1, "Art Nouveau (Modern)": 1, "Surrealism": 2, "Na\u00efve Art (Primitivism)": 2, "Expressionism": 4, "Symbolism": 6, "Post-Impressionism": 1, "Cubism": 1}, "Cubism": 0.00345685217108057}