{"year": [1918.0, 1940.0, "unknown", 1937.0, 1958.0, 1912.0, 1913.0, 1933.0, "unknown", 1906.0, 1964.0, 1979.0, "unknown", 1912.0, 1912.0, 1912.0, 1912.0, 1912.0, 1963.0, 1950.0], "style": ["Art Nouveau (Modern)", "Symbolism", "Pop Art", "Cubism", "Op Art", "Art Nouveau (Modern)", "Constructivism", "Expressionism", "Surrealism", "Fauvism", "Minimalism", "Magic Realism", "Realism", "Art Nouveau (Modern)", "Art Nouveau (Modern)", "Art Nouveau (Modern)", "Art Nouveau (Modern)", "Art Nouveau (Modern)", "Na\u00efve Art (Primitivism)", "Cubism"], "title": ["Vignette for book \"N. K. Roerich\"", "Guru Kambala", "Toy Fish", "Drawing\u00a0of\u00a0ground\u00a0plan for the\u00a0office\u00a0of\u00a0Jean\u00a0Zay", "Path of Life I", "Mariners", "Fat Man", "Design for the Banquet Hall in Essen", "Untitled", "Figures from a Carnival", "No. 5", "Untitled - Country Road", "Study for a devil and victim in Judgement", "Courtier", "Isolde", "Courtier", "King Mark", "Kurvenal", "In Front of the Picture", "Head constructor"], "Art Nouveau (Modern)": 0.004135717829716237, "Expressionism": 0.00440976347933132, "Symbolism": 0.003043253718956177, "style_dict": {"Fauvism": 1, "Magic Realism": 1, "Op Art": 1, "Art Nouveau (Modern)": 7, "Surrealism": 1, "Na\u00efve Art (Primitivism)": 1, "Expressionism": 1, "Constructivism": 1, "Symbolism": 1, "Pop Art": 1, "Minimalism": 1, "Cubism": 2, "Realism": 1}, "Fauvism": 0.004542163902632637, "Magic Realism": 0.0046420156861875774, "scores": [0.0070429212622215315, 0.008796134601383405, 0.010710946730530916, 0.011722511877606574, 0.011729092268509489, 0.012490914628323387, 0.012539363435364404, 0.012745855819661174, 0.012913101529171678, 0.013128542263904797, 0.01318358592609016, 0.013417151039067559, 0.013424251516289776, 0.01371483624292893, 0.014246879873487247, 0.01451773363063114, 0.014860211846118172, 0.015131239746065471, 0.015214039068902943, 0.015271827137235204], "Minimalism": 0.004561207702806435, "Constructivism": 0.004338322017265876, "Realism": 0.004644472282714588, "style_counts": [0.0007215323770379811, 0.0007960697558870855, 0.0012057088472695598, 0.001127978449954381, 0.0006216805934829983, 0.0, 0.0008539328003392965, 0.0015579630288284907, 0.0007024885768641687, 0.0009253742624046879, 0.0022204425607144085, 0.0006797434102374655, 0.0006192239969560198], "artist": ["Roerich Nicholas", "Roerich Nicholas", "Warhol Andy", "Leger Fernand ", "Escher M.C.", "Roerich Nicholas", "Malevich Kazimir", "Kirchner Ernst Ludwig", "Beksinski Zdislav", "Derain Andre", "Rothko Mark", "Holbrook Carter Clarence", "Sargent John Singer", "Roerich Nicholas", "Roerich Nicholas", "Roerich Nicholas", "Roerich Nicholas", "Roerich Nicholas", "Chagall Marc", "Leger Fernand "], "Op Art": 0.004057987432401024, "contentId": ["227032.jpg", "225678.jpg", "229390.jpg", "195985.jpg", "204754.jpg", "226129.jpg", "219655.jpg", "251892.jpg", "258975.jpg", "256123.jpg", "290287.jpg", "345421.jpg", "266401.jpg", "225518.jpg", "225913.jpg", "225519.jpg", "225979.jpg", "226016.jpg", "202653.jpg", "196004.jpg"], "style_labels": ["Fauvism", "Surrealism", "Op Art", "Art Nouveau (Modern)", "Magic Realism", "Na\u00efve Art (Primitivism)", "Expressionism", "Pop Art", "Minimalism", "Constructivism", "Symbolism", "Cubism", "Realism"], "Surrealism": 0.004467626523783511, "Na\u00efve Art (Primitivism)": 0.005263696279670576, "Pop Art": 0.003705733250842158, "Cubism": 0.004583952869433174}