{"Impressionism": 0.0022912992471993974, "style": ["Symbolism", "Symbolism", "Symbolism", "Impressionism", "Symbolism", "Symbolism", "Na\u00efve Art (Primitivism)", "Color Field Painting", "New Realism", "Symbolism", "Symbolism", "Symbolism", "Symbolism", "Symbolism", "unknown", "Art Nouveau (Modern)", "Na\u00efve Art (Primitivism)", "Symbolism", "Symbolism", "Neoclassicism"], "style_labels": ["Impressionism", "unknown", "Art Nouveau (Modern)", "Symbolism", "Color Field Painting", "Na\u00efve Art (Primitivism)", "New Realism", "Neoclassicism"], "artist": ["Roerich Nicholas", "Roerich Nicholas", "Roerich Nicholas", "Matisse Henri", "Malevich Kazimir", "Blake William ", "Chagall Marc", "Rothko Mark", "Hopper Edward", "Roerich Nicholas", "Roerich Nicholas", "Roerich Nicholas", "Roerich Nicholas", "Roerich Nicholas", "Roerich Nicholas", "Roerich Nicholas", "Chagall Marc", "Roerich Nicholas", "Roerich Nicholas", "Ingres Jean Auguste Dominique "], "unknown": 0.0026949518609561763, "Art Nouveau (Modern)": 0.002786221623801728, "title": ["Way of giants", "Tangla", "Night rider", "Green needles on the Cross Javernaz", "Prayer", "Illustration to Milton`s Paradise Lost", "A wheatfield on a summer's afternoon", "No. 6 (Yellow, White, Blue Over Yellow on Gray)", "The Long Leg", "Karelian study", "Tibet", "Chud has gone under the ground", "Himalayas", "Thang La", "Mount Fuji", "Finland. Punky Harju.", "The Vision of Ezekiel (Ezekiel, I, 4-14)", "Himalayas", "Waiting", "Henriette Harvey and her half sister Elizabeth Norton"], "year": [1914.0, 1943.0, 1918.0, 1901.0, 1907.0, 1807.0, 1942.0, 1954.0, 1930.0, 1918.0, 1937.0, 1913.0, "unknown", "unknown", 1936.0, 1907.0, 1956.0, 1942.0, 1927.0, "unknown"], "style_counts": [0.0005575803256735457, 0.00015392771191680144, 6.265794907123201e-05, 0.000686169657464708, 0.00032055931275321026, 0.0002546191428595135, 0.00030882990319702763, 0.0], "Symbolism": 0.002162709915408272, "Color Field Painting": 0.0025283202601197037, "Na\u00efve Art (Primitivism)": 0.0025942604300133796, "scores": [0.0061053753951367095, 0.006273556444372566, 0.00656500748256073, 0.00662270663299388, 0.007133012304926999, 0.007159583787727481, 0.00719584739875164, 0.007307785474766676, 0.007341687828884778, 0.0074760220566206705, 0.007510106557549899, 0.007546442077275564, 0.007581177284455931, 0.007759427350945421, 0.007789412747797443, 0.008053216292676106, 0.008081435665729332, 0.008136977171891699, 0.008143121042032402, 0.008234321059079171], "contentId": ["227070.jpg", "226798.jpg", "226266.jpg", "213978.jpg", "219778.jpg", "192897.jpg", "267047.jpg", "290299.jpg", "235661.jpg", "225969.jpg", "226912.jpg", "225485.jpg", "225788.jpg", "226823.jpg", "226236.jpg", "225598.jpg", "203285.jpg", "225726.jpg", "227058.jpg", "193345.jpg"], "New Realism": 0.0025400496696759258, "style_dict": {"Impressionism": 1, "unknown": 1, "Art Nouveau (Modern)": 1, "New Realism": 1, "Color Field Painting": 1, "Na\u00efve Art (Primitivism)": 2, "Symbolism": 12, "Neoclassicism": 1}, "Neoclassicism": 0.0028488795728729183}