{"Impressionism": 0.004076689412196428, "style": ["Mannerism (Late Renaissance)", "Symbolism", "Neoclassicism", "Symbolism", "High Renaissance", "Art Nouveau (Modern)", "Symbolism", "Expressionism", "Symbolism", "Impressionism", "Symbolism", "Neoclassicism", "Impressionism", "Romanticism", "Romanticism", "Symbolism", "Expressionism", "High Renaissance", "Symbolism", "Symbolism"], "style_labels": ["Impressionism", "Art Nouveau (Modern)", "Romanticism", "High Renaissance", "Mannerism (Late Renaissance)", "Expressionism", "Symbolism", "Neoclassicism"], "artist": ["Titian", "Roerich Nicholas", "Ingres Jean Auguste Dominique ", "Roerich Nicholas", "Titian", "Roerich Nicholas", "Dali Salvador", "Klee Paul", "Roerich Nicholas", "Renoir Pierre-Auguste", "Roerich Nicholas", "Bouguereau William-Adolphe", "Cassatt Mary", "Delacroix Eugene ", "Delacroix Eugene ", "Roerich Nicholas", "Freud Lucian", "Titian", "Roerich Nicholas", "Roerich Nicholas"], "contentId": ["224924.jpg", "225476.jpg", "193457.jpg", "226232.jpg", "224951.jpg", "226684.jpg", "220979.jpg", "202188.jpg", "226844.jpg", "218941.jpg", "225602.jpg", "232404.jpg", "190439.jpg", "187784.jpg", "187878.jpg", "226111.jpg", "232059.jpg", "224862.jpg", "226470.jpg", "225355.jpg"], "Art Nouveau (Modern)": 0.003737410887010759, "title": ["Portrait of Caterina Cornaro (1454-1510) wife of King James II of Cyprus, dressed as St. Catherine", "Charaka", "Portrait of Bindo Altoviti", "Mother of Turfan", "Portrait of a man with ermine coat", "St. George the Victorious", "Figure In the Shape of a Cloud", "Fruits on Red", "The Hunt", "Portrait of the countess pourtales", "Fires of victory (Sentinel lights on the towers in Gobi)", "Idylle", "Young Woman Picking Fruit", "L\u00e9on Riesener", "The Bride of Lammermoor", "Magician", "Naked Girl Perched on a Chair", "Christ with Globe", "Russian Easter", "Armageddon"], "Romanticism": 0.004299396911860279, "High Renaissance": 0.004104493834492386, "scores": [0.008867716651209176, 0.008998062365769296, 0.010058237519323306, 0.010419794412292273, 0.010793624539567993, 0.010802506875469551, 0.01084913792271969, 0.011379383567086027, 0.011396359929703054, 0.011479671660408992, 0.011843608063161003, 0.01224665337116217, 0.012527454762043578, 0.012548092432993076, 0.012770531275385374, 0.012879210033851025, 0.012966961611193529, 0.013377238732487425, 0.013500592039896377, 0.013686977642363714], "Mannerism (Late Renaissance)": 0.0030680194085703993, "Expressionism": 0.0041342927040675026, "year": [1542.0, 1932.0, "unknown", 1924.0, "unknown", 1920.0, 1960.0, 1930.0, 1937.0, 1877.0, 1940.0, 1851.0, 1892.0, 1835.0, 1826.0, 1905.0, 1994.0, 1530.0, "unknown", 1935.0], "Symbolism": 0.0036337896947914996, "style_dict": {"Impressionism": 2, "Art Nouveau (Modern)": 1, "Romanticism": 2, "High Renaissance": 2, "Mannerism (Late Renaissance)": 1, "Expressionism": 2, "Symbolism": 8, "Neoclassicism": 2}, "Neoclassicism": 0.0037876300117450404, "style_counts": [0.00022270749966391, 0.0005619860248495812, 0.0, 0.0001949030773679139, 0.0012313775032899432, 0.00016510420779281, 0.0006656072170688754, 0.0005117669001152292]}