{"Impressionism": 0.002840881847759636, "style": ["Na\u00efve Art (Primitivism)", "Symbolism", "Cubism", "Realism", "Post-Impressionism", "Art Nouveau (Modern)", "Pop Art", "Impressionism", "Art Nouveau (Modern)", "Surrealism", "Expressionism", "Na\u00efve Art (Primitivism)", "Constructivism", "Baroque", "Realism", "Realism", "Post-Impressionism", "Post-Impressionism", "Impressionism", "Art Nouveau (Modern)"], "style_labels": ["Impressionism", "Art Nouveau (Modern)", "Surrealism", "Na\u00efve Art (Primitivism)", "Expressionism", "Pop Art", "Symbolism", "Constructivism", "Baroque", "Post-Impressionism", "Cubism", "Realism"], "artist": ["Chagall Marc", "Serebriakova Zinaida", "Picasso Pablo", "Levitan Isaac", "Cezanne Paul", "Roerich Nicholas", "Warhol Andy", "Monet Claude", "Roerich Nicholas", "Chagall Marc", "Freud Lucian", "Chagall Marc", "Malevich Kazimir", "Rembrandt", "van Gogh Vincent ", "Escher M.C.", "Toulouse-Lautrec Henri de", "van Gogh Vincent ", "Hassam Childe", "Roerich Nicholas"], "contentId": ["202653.jpg", "227333.jpg", "224509.jpg", "210332.jpg", "215658.jpg", "225428.jpg", "300238.jpg", "212425.jpg", "226555.jpg", "202839.jpg", "231987.jpg", "202425.jpg", "219910.jpg", "220666.jpg", "206626.jpg", "204451.jpg", "230556.jpg", "206983.jpg", "244237.jpg", "225986.jpg"], "Art Nouveau (Modern)": 0.0026775716959646346, "title": ["In Front of the Picture", "Nude", "Study to \"Girls from Avignon\"", "Path in the forest", "Leaves in a Green Pot", "Brangena", "Brillo Soap Pads", "The Banks of the Fjord at Christiania", "Shchegolikha", "Noah and the Rainbow", "Girl with her Eyes Closed", "Arlequins playing", "Undertaker", "The Spanish Gypsy", "Plowman with Stooping Woman, and a Little Farmhouse with Piles of Peat", "Chrysanthemum", "Portrait of Madame la Comtesse Ad\u00e8le de Toulouse Lautrec", "Still Life with Coffee Pot", "Rialto Market, Venice", "Kneeling angel"], "year": [1963.0, 1923.0, 1906.0, 1899.0, 1902.0, 1912.0, 1969.0, 1895.0, 1912.0, 1963.0, 1944.0, 1968.0, 1913.0, 1644.0, 1883.0, 1916.0, 1882.0, 1888.0, 1883.0, 1912.0], "style_counts": [0.00016001831368805952, 0.0003233284654831081, 0.00033630663327499644, 0.000629766636147111, 0.00030353993054155204, 0.0004571897570974093, 0.0008608078673061348, 1.0151787703138737e-05, 0.0, 0.00023141023093009583, 0.0007747320692803594, 0.00029208541521263953], "scores": [0.005748838885522408, 0.006185662326277892, 0.006434453381930022, 0.00695053404666397, 0.007082284330100057, 0.007215637182247901, 0.007352268713000671, 0.0075519579181517965, 0.007586690411395746, 0.0077016658801033295, 0.007796373832283439, 0.008214477067884779, 0.00864437463444527, 0.008673717074914681, 0.008690518284321654, 0.008703598944140755, 0.008765900887007265, 0.009041765881296246, 0.009177648577347907, 0.009261536239424202], "Surrealism": 0.0026645935281727207, "Na\u00efve Art (Primitivism)": 0.0023711335253006585, "Expressionism": 0.002697360230906159, "Pop Art": 0.002543710404350276, "Symbolism": 0.0021400922941415307, "Constructivism": 0.0029907483737445983, "Baroque": 0.003000900161447772, "Post-Impressionism": 0.00276948993051765, "style_dict": {"Impressionism": 2, "Art Nouveau (Modern)": 3, "Surrealism": 1, "Na\u00efve Art (Primitivism)": 2, "Expressionism": 1, "Constructivism": 1, "Symbolism": 1, "Pop Art": 1, "Baroque": 1, "Post-Impressionism": 3, "Cubism": 1, "Realism": 3}, "Cubism": 0.002226168092167325, "Realism": 0.0027088147462351023}