{"Abstract Expressionism, Surrealism": 0.007590051576028118, "style_counts": [0.0011702101343817883, 0.002520683149439207, 0.0021683235586503757, 0.00046666560923069866, 0.0035626458688443607, 0.00013499991664844835, 0.0017136482945806497, 0.00040665462567179844, 0.0018452425687004448, 0.0, 0.00039660852270473335], "style": ["Northern Renaissance", "Neo-Romanticism", "Neo-Romanticism", "Neo-Romanticism", "Neo-Romanticism", "High Renaissance", "Cubism, Expressionism", "High Renaissance", "Cubism, Expressionism", "Baroque", "Baroque", "Neo-Romanticism", "Abstract Expressionism, Surrealism", "Neo-Romanticism", "Op Art", "Surrealism", "Realism", "High Renaissance", "Romanticism", "Cubism"], "style_labels": ["Abstract Expressionism, Surrealism", "Neo-Romanticism", "Cubism, Expressionism", "Op Art", "Northern Renaissance", "Romanticism", "High Renaissance", "Surrealism", "Baroque", "Cubism", "Realism"], "Neo-Romanticism": 0.006239578560970732, "Cubism, Expressionism": 0.00659193815175951, "Op Art": 0.00829359610117915, "contentId": ["201212.jpg", "298559.jpg", "298607.jpg", "298645.jpg", "298599.jpg", "210629.jpg", "251906.jpg", "210513.jpg", "193787.jpg", "220255.jpg", "296714.jpg", "298515.jpg", "345393.jpg", "298521.jpg", "204491.jpg", "224105.jpg", "215255.jpg", "199195.jpg", "197016.jpg", "203304.jpg"], "artist": ["Durer Albrecht", "Spencer Stanley", "Spencer Stanley", "Spencer Stanley", "Spencer Stanley", "Raphael", "Kirchner Ernst Ludwig", "Raphael", "Braque Georges ", "Rembrandt", "Rembrandt", "Spencer Stanley", "Holbrook Carter Clarence", "Spencer Stanley", "Escher M.C.", "Picasso Pablo", "Repin Ilya", "Perugino Pietro ", "Aivazovsky Ivan ", "Chagall Marc"], "Northern Renaissance": 0.005197615841565532, "Romanticism": 0.008625261793761463, "High Renaissance": 0.0070466134158291855, "Surrealism": 0.008353607084738071, "scores": [0.015023042036854718, 0.017591532650466993, 0.018064995416038707, 0.01812755931083652, 0.018407126452765085, 0.018652970010143467, 0.018955639152427914, 0.019853537807954034, 0.01986348013216225, 0.020311700194462125, 0.02041000361060085, 0.0214000093374619, 0.021938070716326946, 0.02379375175898632, 0.023971575942245957, 0.024145029994288233, 0.02417406696658133, 0.02482279386907656, 0.024930213093148947, 0.025320413039547792], "year": [1498.0, 1920.0, "unknown", "unknown", 1938.0, 1504.0, 1929.0, 1505.0, 1954.0, 1639.0, 1659.0, "unknown", 1978.0, "unknown", 1922.0, 1938.0, 1877.0, 1500.0, 1883.0, 1912.0], "title": ["The Four Horsemen of the Apocalypse, Death, Famine, Pestilence and War", "Cockmarsh", "King Midas and the girl", "Reveille", "Crocuses", "The Marriage of the Virgin", "Entcounter", "Madonna and Child Enthroned with Saints", "The Studio (VIII)", "Portrait of artist's mother", "Jacob Wrestling with the Angel", "The Resurrection: Reunion", "Fiery Furnace", "Beatitude", "Eight Heads", "Man with a straw hat and an ice-cream", "Portrait of the Artist Vasily Polenov", "Virgin and Child between Sts John the Baptist and Catherine", "Wreck of a Merchant Ship in the Open Sea (Shipwreck)", "To Russia, with Asses and Others"], "Baroque": 0.00691501914170949, "style_dict": {"Abstract Expressionism, Surrealism": 1, "Neo-Romanticism": 6, "Cubism, Expressionism": 2, "Op Art": 1, "Northern Renaissance": 1, "Romanticism": 1, "High Renaissance": 3, "Surrealism": 1, "Baroque": 2, "Cubism": 1, "Realism": 1}, "Cubism": 0.008760261710409854, "Realism": 0.008363653187705197}