{"Impressionism": 0.0033071698623508886, "style": ["Surrealism", "Academicism", "Realism", "Surrealism", "Impressionism", "Impressionism", "Post-Impressionism", "Cubism", "Romanticism", "Neoclassicism", "Impressionism", "Impressionism", "Post-Impressionism", "Neoclassicism", "Impressionism", "Impressionism", "Color Field Painting", "unknown", "Abstract Expressionism", "Baroque"], "Abstract Expressionism": 0.003915111448630732, "artist": ["Delvaux Paul", "Gerome Jean-Leon", "Sargent John Singer", "Delvaux Paul", "Renoir Pierre-Auguste", "Hassam Childe", "Kandinsky Wassily", "Picasso Pablo", "Alma-Tadema Lawrence ", "Ingres Jean Auguste Dominique ", "Renoir Pierre-Auguste", "Cassatt Mary", "van Gogh Vincent ", "Ingres Jean Auguste Dominique ", "Renoir Pierre-Auguste", "Renoir Pierre-Auguste", "Rothko Mark", "Matisse Henri", "Rothko Mark", "Rubens Peter Paul"], "unknown": 0.0038933287587528133, "title": ["Train in Evening", "The Harem Bath", "Mabel Marquand, Mrs. Henry Galbraith Ward", "The Blue Sofa", "Confidences", "Self-portrait", "Volga song", "Pedestal, glasses, cups, mandolin", "The Favourite Poet", "Portrait of Madame de Senonnes", "Reclining nude (gabrielle)", "Mother and Sara Admiring the Baby", "Oleanders, the Hospital Garden at Saint-Remy", "Portrait of Madame Marcotte de Sainte-Marie", "Nude reclining on cushions", "Bather drying herself", "Untitled (Purple, White, and Red)", "Laurette with a White Blouse", "Untitled", "Education of Marie de Medici"], "year": [1957.0, "unknown", 1893.0, 1967.0, 1875.0, "unknown", 1906.0, 1911.0, 1888.0, 1816.0, 1903.0, 1901.0, 1889.0, 1826.0, 1907.0, 1895.0, 1953.0, 1916.0, 1945.0, 1624.0], "Romanticism": 0.003518382742492673, "Surrealism": 0.002789506527160692, "Color Field Painting": 0.0038475951195222767, "Realism": 0.0030743984702167196, "scores": [0.006945668252148089, 0.008580812221949155, 0.008886154510833579, 0.009481395250274211, 0.00967233438476062, 0.009731031126607528, 0.009934305310995761, 0.010154150071067094, 0.010169434112370075, 0.010380359131136298, 0.010480224320389546, 0.010553733151318603, 0.010641423155191178, 0.010654625396621896, 0.010866158295518152, 0.010914190568384032, 0.011120980269286306, 0.011253167488504062, 0.011316127560138209, 0.011392901067793521], "contentId": ["243213.jpg", "279473.jpg", "266189.jpg", "243172.jpg", "218385.jpg", "244258.jpg", "189435.jpg", "224237.jpg", "214609.jpg", "193475.jpg", "218966.jpg", "190256.jpg", "206363.jpg", "193479.jpg", "218808.jpg", "218256.jpg", "242124.jpg", "9223372032559820540.jpg", "242165.jpg", "216432.jpg"], "style_labels": ["Impressionism", "Abstract Expressionism", "unknown", "Romanticism", "Surrealism", "Color Field Painting", "Realism", "Academicism", "Baroque", "Post-Impressionism", "Cubism", "Neoclassicism"], "Academicism": 0.002968757288230263, "Baroque": 0.003941673259389357, "Post-Impressionism": 0.0034939981116558663, "style_dict": {"Impressionism": 6, "Abstract Expressionism": 1, "unknown": 1, "Romanticism": 1, "Surrealism": 2, "Color Field Painting": 1, "Neoclassicism": 2, "Academicism": 1, "Baroque": 1, "Post-Impressionism": 2, "Cubism": 1, "Realism": 1}, "Cubism": 0.003513094827102126, "Neoclassicism": 0.003571985134790112, "style_counts": [0.0006345033970384106, 2.6561810758551907e-05, 4.834450063651019e-05, 0.0004232905168966017, 0.001152166732228621, 9.407813986705982e-05, 0.0008672747891725896, 0.0009729159711590052, 0.0, 0.00044767514773347283, 0.0004285784322871633, 0.0003696881245992545]}