{"style_labels": ["Fauvism", "Impressionism", "Abstract Expressionism", "Neo-Romanticism", "Neo-Expressionism", "unknown", "Art Nouveau (Modern)", "Romanticism", "Purism", "Surrealism", "Expressionism", "Pop Art", "Symbolism", "Constructivism", "Post-Impressionism"], "year": [1969.0, 1900.0, 1913.0, 1927.0, 1973.0, 1912.0, "unknown", 1918.0, 1941.0, "unknown", 1910.0, 1885.0, 1906.0, 1913.0, 1950.0, 1914.0, 2009.0, 1912.0, 1927.0, "unknown"], "style": ["Pop Art", "Post-Impressionism", "Constructivism", "Symbolism", "Surrealism", "Art Nouveau (Modern)", "Purism", "Art Nouveau (Modern)", "Abstract Expressionism", "Expressionism", "Impressionism", "Neo-Romanticism", "Fauvism", "Constructivism", "Abstract Expressionism", "Expressionism", "Neo-Expressionism", "Art Nouveau (Modern)", "unknown", "Romanticism"], "Neo-Romanticism": 0.006239271876917976, "Neo-Expressionism": 0.00655474958958654, "unknown": 0.006803031750191241, "Art Nouveau (Modern)": 0.005749901647798443, "Expressionism": 0.006198598254669141, "Symbolism": 0.005507129405233846, "style_dict": {"Fauvism": 1, "Impressionism": 1, "Abstract Expressionism": 2, "Neo-Romanticism": 1, "Neo-Expressionism": 1, "unknown": 1, "Art Nouveau (Modern)": 3, "Romanticism": 1, "Purism": 1, "Surrealism": 1, "Expressionism": 2, "Constructivism": 2, "Symbolism": 1, "Pop Art": 1, "Post-Impressionism": 1}, "Fauvism": 0.006249766961008238, "Impressionism": 0.006123969798282545, "Purism": 0.0055966775245536275, "scores": [0.01341747022145309, 0.01495606165503947, 0.015398699055643504, 0.01591765129996741, 0.015979647901273045, 0.016162471322547167, 0.016176478655022024, 0.016449101603155224, 0.017224473216677576, 0.017585877772206153, 0.01770054935116494, 0.01803381522287951, 0.01806414991753075, 0.018418119155327574, 0.018566217341294343, 0.018916910862275614, 0.01894566309382241, 0.01906392488251081, 0.019663290838823677, 0.019722963554433894], "Constructivism": 0.005742489222946046, "Post-Impressionism": 0.005174442219822147, "style_counts": [0.0005739101319307549, 0.0006997072946564042, 0.0007460013775970609, 0.0005844052160209889, 0.0002689275033523897, 2.064534274770491e-05, 0.0010737754451405346, 0.0, 0.0012269995683853452, 0.0012950983356844192, 0.000625078838269788, 0.002181550977224611, 0.0013165476877051718, 0.0010811878699928945, 0.001649234873116856], "Abstract Expressionism": 0.006077675715341897, "artist": ["Warhol Andy", "Mondrian Piet", "Malevich Kazimir", "Roerich Nicholas", "Dali Salvador", "Roerich Nicholas", "Leger Fernand ", "Roerich Nicholas", "Pollock Jackson ", "Serebriakova Zinaida", "Renoir Pierre-Auguste", "Kittelsen Theodor Severin", "Derain Andre", "Malevich Kazimir", "Matisse Henri", "Chagall Marc", "Twombly Cy", "Roerich Nicholas", "Matisse Henri", "Delacroix Eugene "], "contentId": ["300238.jpg", "186009.jpg", "219724.jpg", "226880.jpg", "221047.jpg", "225572.jpg", "195924.jpg", "227032.jpg", "185288.jpg", "227566.jpg", "218478.jpg", "321822.jpg", "256123.jpg", "219655.jpg", "290268.jpg", "203329.jpg", "231507.jpg", "225518.jpg", "9223372032559820541.jpg", "187820.jpg"], "title": ["Brillo Soap Pads", "Going Fishing", "Neron", "The unspilling vessel", "Hitler Masturbating", "Entourage", "Birds on a yellow background", "Vignette for book \"N. K. Roerich\"", "Untitled", "Young Girl", "Genevieve bernheim de villers", "Krigen Mellom Froskene Og Musene 13", "Figures from a Carnival", "Fat Man", "The Beasts of the Sea", "Station in Vitebsk", "Leaving Paphos Ringed With Waves III", "Courtier", "A Nude Lying on Her Back", "Nude bearded man, seated"], "Romanticism": 0.006823677092939002, "Surrealism": 0.0055285787572544876, "Pop Art": 0.004642126115714388}