{"style": ["Realism", "Neo-Expressionism", "Surrealism", "Expressionism", "Realism", "Constructivism", "Expressionism", "Realism", "Symbolism", "Realism", "Realism", "Magic Realism", "Northern Renaissance", "Art Nouveau (Modern)", "Art Nouveau (Modern)", "Realism", "Symbolism", "Regionalism", "Neoplasticism", "Expressionism"], "style_labels": ["Neo-Expressionism", "Art Nouveau (Modern)", "Northern Renaissance", "Neoplasticism", "Magic Realism", "Expressionism", "Surrealism", "Symbolism", "Constructivism", "Realism", "Regionalism"], "Neo-Expressionism": 0.004623924743448258, "contentId": ["266400.jpg", "231495.jpg", "228057.jpg", "220919.jpg", "225544.jpg", "219655.jpg", "204616.jpg", "226312.jpg", "226199.jpg", "226325.jpg", "227011.jpg", "345421.jpg", "201006.jpg", "227031.jpg", "225640.jpg", "191851.jpg", "226806.jpg", "247661.jpg", "186028.jpg", "251873.jpg"], "Art Nouveau (Modern)": 0.00615424961143106, "artist": ["Sargent John Singer", "Twombly Cy", "Miro Joan", "Dali Salvador", "Roerich Nicholas", "Malevich Kazimir", "Escher M.C.", "Roerich Nicholas", "Roerich Nicholas", "Roerich Nicholas", "Roerich Nicholas", "Holbrook Carter Clarence", "Durer Albrecht", "Roerich Nicholas", "Roerich Nicholas", "Courbet Gustave", "Roerich Nicholas", "Rockwell Norman", "Mondrian Piet", "Kirchner Ernst Ludwig"], "Northern Renaissance": 0.006261241648926996, "style_counts": [0.0020339973261462863, 0.0005036724581635177, 0.00039668042066764997, 0.0, 0.0005029175807375053, 0.0008809065367441082, 0.0013532393516469954, 0.0004982208203787586, 0.0009627775928857663, 0.0013592392902105344, 2.659820070705088e-05], "Neoplasticism": 0.0066579220695945724, "scores": [0.012670205012639494, 0.013364861489100113, 0.015332505112555683, 0.015835957383717143, 0.01593524384558456, 0.016461084752617382, 0.016833724951838852, 0.01724110274599133, 0.017290102828262648, 0.01763399161308425, 0.017642038940696256, 0.017790251144316635, 0.0180973160314218, 0.018106298994092447, 0.018135325892742617, 0.01856135308281597, 0.018983626088160174, 0.019166991228095138, 0.019243869916229735, 0.019249493294192437], "Magic Realism": 0.0061550044888570845, "year": ["unknown", 1978.0, 1945.0, 1942.0, 1893.0, 1913.0, 1932.0, 1893.0, 1922.0, 1893.0, 1893.0, 1979.0, 1495.0, 1918.0, 1913.0, "unknown", 1929.0, "unknown", 1942.0, 1926.0], "title": ["Standing Male Figure", "Fifty Days at Iliam. Shades of Achilles, Patroclus, and Hector", "Women Sonando Evasion", "Design for a poster for 'The Secret Life of Salvador Dali'", "Distillery in Izvara", "Fat Man", "Mumified Priests in Gangi", "Ozertitsy", "Monhegan (study)", "Part of Izvara Lake", "View of Izvara estate", "Untitled - Country Road", "Putti Dancing and Making Music", "Vignette for book \"N. K. Roerich\"", "Girl", "Standing Fermale Nude", "Temple in Naggar", "Fire Rescue", "Composition with Red, Yellow and Blue", "Dance"], "Expressionism": 0.005777015532850454, "Surrealism": 0.005304682717947626, "Symbolism": 0.006159701249215865, "Constructivism": 0.0056951444767087776, "style_dict": {"Neo-Expressionism": 1, "Art Nouveau (Modern)": 2, "Northern Renaissance": 1, "Magic Realism": 1, "Surrealism": 1, "Neoplasticism": 1, "Expressionism": 3, "Symbolism": 2, "Constructivism": 1, "Realism": 6, "Regionalism": 1}, "Realism": 0.005298682779384017, "Regionalism": 0.006631323868887493}