{"style_counts": [0.001323055841008891, 0.0011232463123463932, 0.00036319375984117386, 0.0006052555137869842, 0.0007778548388850393, 0.00048808249902676515, 0.000168241909374367, 0.0, 0.0003159320077603667, 1.0251108686909483e-05], "style": ["Analytical Cubism", "Expressionism", "Surrealism", "Symbolism", "Intimism", "Romanticism", "Surrealism", "Realism", "Surrealism", "Realism", "Realism", "Surrealism", "Surrealism", "Post-Impressionism", "Post-Impressionism", "Romanticism", "Post-Impressionism", "Symbolism", "Regionalism", "Synthetic Cubism"], "style_labels": ["Analytical Cubism", "Expressionism", "Romanticism", "Surrealism", "Intimism", "Symbolism", "Post-Impressionism", "Synthetic Cubism", "Realism", "Regionalism"], "Analytical Cubism": 0.002119514899957362, "Expressionism": 0.002319324428619828, "artist": ["Braque Georges ", "Dali Salvador", "Beksinski Zdislav", "Roerich Nicholas", "Bonnard Pierre", "Dore Gustave ", "Beksinski Zdislav", "van Gogh Vincent ", "Dali Salvador", "Zorn Anders", "van Gogh Vincent ", "Dali Salvador", "Chagall Marc", "van Gogh Vincent ", "van Gogh Vincent ", "Delacroix Eugene ", "Bonnard Pierre", "B\u00f6cklin Arnold", "Rockwell Norman", "Braque Georges "], "contentId": ["193760.jpg", "221493.jpg", "258729.jpg", "227046.jpg", "222114.jpg", "201370.jpg", "258766.jpg", "205800.jpg", "221609.jpg", "277306.jpg", "206198.jpg", "221791.jpg", "203031.jpg", "205632.jpg", "206941.jpg", "187860.jpg", "222020.jpg", "260685.jpg", "247800.jpg", "193808.jpg"], "title": ["The Mandola", "Still Life (Pulpo y scorpa)", "Untitled", "Vision", "Woman Reclining on a Bed, or The Indolent Woman", "A Mountainous Landscape with A Balloon", "Untitled", "Cluster of Old Houses with the New Church in The Hague", "The Great Paranoiac", "Our daily bread", "Landscape at Sunset", "Untitled (St. John)", "Song of Songs II", "A Field of Yellow Flowers", "Still Life - French Novels and Rose", "Study for Marphisa", "Self Portrait", "The sea", "Sleeping Boy", "Violin and Glass"], "Romanticism": 0.0030793769811250753, "style_dict": {"Analytical Cubism": 1, "Expressionism": 1, "Romanticism": 2, "Surrealism": 5, "Intimism": 1, "Symbolism": 2, "Post-Impressionism": 3, "Synthetic Cubism": 1, "Realism": 3, "Regionalism": 1}, "scores": [0.006126186007276873, 0.0067037098258814105, 0.0071499958562499955, 0.007482154913725223, 0.0077020195861923135, 0.008277357566711593, 0.008309600143259264, 0.009238489803904782, 0.009283635723307124, 0.009363084575080664, 0.009498143303440896, 0.009531825359122947, 0.009576252021915508, 0.009736392656844693, 0.009809960761410334, 0.009856717662833508, 0.00988068424682896, 0.009916465772385905, 0.009920679729212685, 0.009950309244248553], "Surrealism": 0.0028373152271792207, "Intimism": 0.0026647159020812042, "year": [1910.0, 1922.0, "unknown", 1923.0, 1899.0, "unknown", "unknown", 1882.0, 1936.0, 1886.0, 1885.0, 1964.0, 1957.0, 1889.0, 1888.0, 1850.0, "unknown", "unknown", "unknown", 1913.0], "Symbolism": 0.00295448824193949, "Post-Impressionism": 0.003274328831591837, "Synthetic Cubism": 0.003442570740966261, "Realism": 0.0031266387332058664, "Regionalism": 0.0034323196322793167}