{"Impressionism": 0.0031426864857651195, "style": ["Romanticism", "Baroque", "Mannerism (Late Renaissance)", "Realism", "Impressionism", "Romanticism", "Realism", "Surrealism", "Romanticism", "Symbolism", "Baroque", "Post-Impressionism", "Realism", "Romanticism", "High Renaissance", "Neo-Romanticism", "Realism", "Realism", "Impressionism", "Surrealism"], "style_labels": ["Impressionism", "Neo-Romanticism", "Romanticism", "High Renaissance", "Surrealism", "Mannerism (Late Renaissance)", "Symbolism", "Baroque", "Post-Impressionism", "Realism"], "Neo-Romanticism": 0.003495669446123843, "artist": ["Goya Francisco", "Rubens Peter Paul", "Titian", "Corot Camille ", "Pissarro Camille ", "Turner William", "van Gogh Vincent ", "Beksinski Zdislav", "Goya Francisco", "Roerich Nicholas", "Rubens Peter Paul", "Vallotton  Felix", "Sargent John Singer", "Goya Francisco", "Titian", "Spencer Stanley", "Vallotton  Felix", "Courbet Gustave", "Pissarro Camille ", "Beksinski Zdislav"], "contentId": ["194122.jpg", "216631.jpg", "225023.jpg", "199792.jpg", "208089.jpg", "309335.jpg", "207399.jpg", "258623.jpg", "193946.jpg", "226700.jpg", "216484.jpg", "271350.jpg", "265933.jpg", "194143.jpg", "224889.jpg", "298520.jpg", "271182.jpg", "191803.jpg", "208379.jpg", "258728.jpg"], "title": ["The Great He-Goat Or Witches Sabbath", "The Cardinal Infante", "St Jerome", "The Forestry Workers", "Bather in the Woods", "Figures on a Beach", "Weaver", "Untitled", "Infante Don Sebasti\u00e1n Gabriel de Borb\u00f3n y Braganza", "Star of the Hero", "Landscape with Cows and Wildfowlers", "The Poker Game", "Portrait of Ernse Ange Duez", "The Pilgrimage of San Isidro", "Giacomo Doria", "Portrait of Rachel Westropp", "Paul Vallotton, the Artist`s Brother", "Portrait of Jules Valles", "Orchards at Louveciennes", "Untitled"], "Romanticism": 0.0026303195751347258, "High Renaissance": 0.0034359024984413618, "Surrealism": 0.0033095998934347284, "Mannerism (Late Renaissance)": 0.002402836308838124, "scores": [0.0046132934433997606, 0.006180286931991715, 0.00694509020591318, 0.007921475559396578, 0.008047569608298995, 0.00857465033420993, 0.008848550879084711, 0.008967561382780105, 0.009016574985522802, 0.00910560367389331, 0.009248286900478648, 0.009744680354474584, 0.009785879195915642, 0.009827749096390762, 0.009931035544379782, 0.010103784242016883, 0.010203895571724953, 0.010410815755322149, 0.010459327567673836, 0.010522268480568519], "year": ["unknown", 1634.0, 1575.0, 1875.0, 1895.0, 1845.0, 1884.0, "unknown", 1822.0, 1932.0, 1630.0, 1902.0, 1885.0, 1823.0, 1535.0, 1959.0, 1886.0, 1865.0, 1872.0, "unknown"], "Symbolism": 0.0031503226700917773, "Baroque": 0.00261995136282942, "Post-Impressionism": 0.0033714280275031175, "style_dict": {"Impressionism": 2, "Neo-Romanticism": 1, "Romanticism": 4, "High Renaissance": 1, "Surrealism": 2, "Mannerism (Late Renaissance)": 1, "Symbolism": 1, "Baroque": 2, "Post-Impressionism": 1, "Realism": 5}, "Realism": 0.0030520847043168046, "style_counts": [0.0003529829603587942, 0.0, 0.0008653498709891849, 5.976694768250468e-05, 0.00018606955268918313, 0.0010928331372858091, 0.0003453467760321516, 0.0008757180832944522, 0.0001242414186207741, 0.0004435847418070571]}