{"Art Nouveau (Modern), Symbolism": 0.0026438924988589426, "style_counts": [0.0009342124546320996, 0.0006323843590491096, 0.0, 6.665393305504974e-05, 0.0005942790303475887, 0.0010053454587097832, 1.5775041614984886e-05, 0.00010045688218207616, 0.00022241718986482084], "style": ["Symbolism", "Symbolism", "Art Nouveau (Modern), Symbolism", "Symbolism", "Abstract Expressionism", "Symbolism", "Symbolism", "Symbolism", "Neoclassicism", "Symbolism", "Abstract Expressionism", "Abstract Expressionism", "Realism", "Post-Impressionism", "Surrealism", "Romanticism", "Baroque", "Baroque", "Symbolism", "Symbolism"], "Abstract Expressionism": 0.0029457205944420075, "artist": ["Roerich Nicholas", "Roerich Nicholas", "Roerich Nicholas", "Roerich Nicholas", "Holbrook Carter Clarence", "Roerich Nicholas", "Roerich Nicholas", "Roerich Nicholas", "Ingres Jean Auguste Dominique ", "Roerich Nicholas", "Holbrook Carter Clarence", "Twombly Cy", "Repin Ilya", "van Gogh Vincent ", "Holbrook Carter Clarence", "Gerome Jean-Leon", "Rubens Peter Paul", "Rubens Peter Paul", "Roerich Nicholas", "Roerich Nicholas"], "contentId": ["225341.jpg", "225597.jpg", "226692.jpg", "226806.jpg", "345404.jpg", "226115.jpg", "226267.jpg", "225717.jpg", "193567.jpg", "226906.jpg", "345400.jpg", "231501.jpg", "214946.jpg", "206137.jpg", "345409.jpg", "279458.jpg", "216607.jpg", "216580.jpg", "225947.jpg", "226218.jpg"], "title": ["Anxiety", "Final journey", "St. Panteleimon the Healer", "Temple in Naggar", "Tulip", "Maitreya", "Night rider", "Himalayas", "The Vow of Louis XIII", "Tibet", "Icon Pyrophorous", "Hero and Leandro (A Painting in Four Parts) Part II", "Ceremonial Meeting of the State Council on May 7, 1901", "Head of an Angel, after Rembrandt", "Balancing Act", "The Conspirators, Presented at the Salon", "St. Gregory the Great with Saints", "Saint Gregory with Saints Domitilla, Maurus, and Papianus", "Kangchenjunga", "Moonlight. Sortavala."], "Romanticism": 0.003578104953491106, "Surrealism": 0.0035114510204360795, "style_labels": ["Art Nouveau (Modern), Symbolism", "Abstract Expressionism", "Romanticism", "Surrealism", "Neoclassicism", "Symbolism", "Baroque", "Post-Impressionism", "Realism"], "Neoclassicism": 0.002983825923143467, "scores": [0.004580298202014279, 0.00733317489992112, 0.007641832209615404, 0.008082406383567376, 0.008103857486534997, 0.008161633569961997, 0.008241008904673566, 0.008595239778225251, 0.008624366178732329, 0.008989697165210381, 0.009045192543030506, 0.009324720731362205, 0.00969918514030297, 0.010051695769213767, 0.010149398858704112, 0.010342053504359062, 0.010393639539417982, 0.01058448655893884, 0.01069501474846483, 0.010762215575940665], "year": [1938.0, 1922.0, 1916.0, 1929.0, 1978.0, 1933.0, 1918.0, 1939.0, 1824.0, 1933.0, 1969.0, 1984.0, 1903.0, 1889.0, 1976.0, 1892.0, 1606.0, 1607.0, 1924.0, 1918.0], "Symbolism": 0.002572759494781294, "Baroque": 0.003562329911876057, "Post-Impressionism": 0.0034776480713090575, "style_dict": {"Art Nouveau (Modern), Symbolism": 1, "Abstract Expressionism": 3, "Romanticism": 1, "Surrealism": 1, "Neoclassicism": 1, "Symbolism": 9, "Baroque": 2, "Post-Impressionism": 1, "Realism": 1}, "Realism": 0.0033556877636262213}