{"Impressionism": 0.0038404386683308163, "style": ["Symbolism", "Magic Realism", "Realism", "Symbolism", "Symbolism", "Northern Renaissance", "Symbolism", "Color Field Painting", "Symbolism", "Realism", "Symbolism", "Symbolism", "Baroque", "Romanticism", "Baroque", "Impressionism", "Na\u00efve Art (Primitivism)", "Realism", "Na\u00efve Art (Primitivism)", "Symbolism"], "style_labels": ["Impressionism", "Northern Renaissance", "Romanticism", "Magic Realism", "Color Field Painting", "Na\u00efve Art (Primitivism)", "Symbolism", "Baroque", "Realism"], "artist": ["Roerich Nicholas", "Earle Eyvind", "Corot Camille ", "Roerich Nicholas", "Roerich Nicholas", "Bruegel the Elder Pieter", "Roerich Nicholas", "Rothko Mark", "Roerich Nicholas", "Courbet Gustave", "Roerich Nicholas", "Roerich Nicholas", "Rembrandt", "Goya Francisco", "Rembrandt", "Monet Claude", "Botero Fernando", "Sargent John Singer", "Rousseau Henri", "Roerich Nicholas"], "contentId": ["225940.jpg", "278011.jpg", "199633.jpg", "226806.jpg", "226954.jpg", "9223372032559808852.jpg", "226891.jpg", "292727.jpg", "226783.jpg", "191759.jpg", "226802.jpg", "225465.jpg", "220569.jpg", "194160.jpg", "219997.jpg", "212373.jpg", "281238.jpg", "266250.jpg", "191423.jpg", "225908.jpg"], "title": ["Kangchenjunga", "California Miniature", "Mount Soracte", "Temple in Naggar", "Traces", "Parable of the Sower", "Thinking", "Untitled (No. 17)", "Sunset", "La Bretonnerie in the Department of Indre", "Teacher's order", "Castles of King Gesar", "The Ascension Of Christ", "The Swing", "A Young Man at a Table (possibly Govaert Flinck)", "Spring", "Still Life with Watermelon", "Mrs. George Lewis (Elizabeth Eberstadt)", "Tropical Forest with Apes and Snake", "Iskander and hermit"], "Northern Renaissance": 0.0034419246500096926, "Romanticism": 0.003753183206013055, "Magic Realism": 0.002923576286541682, "Color Field Painting": 0.0035706727178520655, "Na\u00efve Art (Primitivism)": 0.0038198217825357035, "scores": [0.007392007074353796, 0.008450222330675022, 0.00884496901231955, 0.00951803950201977, 0.009672007845723625, 0.009948441801194656, 0.010119529826266748, 0.01032057158036995, 0.010417126876927864, 0.010432864888270525, 0.01052439502480329, 0.01058085668037934, 0.010754641750015063, 0.010848094740870316, 0.010936155449191092, 0.011100295464875747, 0.011103264133650943, 0.011114527201690514, 0.011391200166283375, 0.011404140267692096], "year": [1924.0, 1991.0, 1827.0, 1929.0, 1917.0, 1557.0, 1918.0, 1961.0, 1933.0, 1856.0, 1931.0, 1929.0, 1636.0, 1779.0, 1660.0, 1875.0, "unknown", 1892.0, 1910.0, 1938.0], "Symbolism": 0.0030922326392253327, "Baroque": 0.0036833497574038265, "style_dict": {"Impressionism": 1, "Northern Renaissance": 1, "Romanticism": 1, "Magic Realism": 1, "Color Field Painting": 1, "Na\u00efve Art (Primitivism)": 2, "Symbolism": 8, "Baroque": 2, "Realism": 3}, "Realism": 0.0033817397914783815, "style_counts": [0.0, 0.00039851401832113886, 8.725546231780346e-05, 0.0009168623817891186, 0.00026976595047878416, 2.0616885795132767e-05, 0.0007482060291055248, 0.00015708891092702792, 0.00045869887685245914]}