{"Impressionism": 0.0028882462356291778, "style": ["Romanticism", "Romanticism", "Realism", "Symbolism", "Baroque", "Romanticism", "Romanticism", "Realism", "Baroque", "Art Nouveau (Modern)", "Art Nouveau (Modern)", "Realism", "Expressionism", "Romanticism", "Impressionism", "Na\u00efve Art (Primitivism), Surrealism", "Baroque", "Baroque", "Baroque", "Romanticism"], "style_labels": ["Impressionism", "Art Nouveau (Modern)", "Romanticism", "Na\u00efve Art (Primitivism), Surrealism", "Expressionism", "Symbolism", "Baroque", "Realism"], "artist": ["Goya Francisco", "Goya Francisco", "Cassatt Mary", "B\u00f6cklin Arnold", "Rembrandt", "Goya Francisco", "Goya Francisco", "Sargent John Singer", "Rembrandt", "Roerich Nicholas", "Roerich Nicholas", "Courbet Gustave", "Freud Lucian", "Goya Francisco", "Sorolla Joaqu\u00edn", "Dali Salvador", "Rembrandt", "Rembrandt", "Rembrandt", "Goya Francisco"], "contentId": ["194008.jpg", "193898.jpg", "190389.jpg", "260699.jpg", "220000.jpg", "194031.jpg", "193843.jpg", "265816.jpg", "220158.jpg", "226636.jpg", "226282.jpg", "191815.jpg", "231904.jpg", "193977.jpg", "251107.jpg", "220958.jpg", "220420.jpg", "220237.jpg", "220304.jpg", "194092.jpg"], "Art Nouveau (Modern)": 0.002708855351716641, "title": ["Plague Hospital", "Don Andres del Peral", "The Mandolin Player", "Vestal", "A young woman at her toilet", "Portrait of the Countess of Chincon", "Actress Antonia Zarate", "Caroline de Bassano, Marquise d'Espeuilles", "Hendrickje Stoffels in velvet beret", "Sketches of costumes for \"Tale of Tsar Saltan\"", "Old man", "Portrait of Z\u00e9lie Courbet", "Annabel", "Maunel Silvela", "Portrait of a Gentleman", "Exquisite Cadaver", "Saskia with a Red Flower", "Mater Dolorosa", "Portrait of a Lady with an Ostrich Feather Fan", "The Arrest of Christ"], "Romanticism": 0.00240992737576629, "scores": [0.006641979753794462, 0.00681238726227461, 0.006919698180833497, 0.006996483268753037, 0.007169271903994106, 0.007456332598268854, 0.007507168720624009, 0.00767286962820735, 0.007914608771092006, 0.007922904951083365, 0.008029213621952823, 0.00821280243290877, 0.008238057126761188, 0.00832167942829776, 0.008348105349312487, 0.008368823191196308, 0.00840865271295142, 0.008582348543842567, 0.0085976718545427, 0.008598332321887404], "Na\u00efve Art (Primitivism), Surrealism": 0.002895414117001954, "Expressionism": 0.002850172163582681, "year": [1800.0, 1798.0, 1872.0, 1874.0, 1633.0, 1800.0, 1811.0, 1884.0, "unknown", 1919.0, 1930.0, 1847.0, 1972.0, 1812.0, "unknown", 1935.0, 1641.0, 1660.0, "unknown", 1798.0], "Symbolism": 0.002420617088317254, "Baroque": 0.002631639933785666, "style_dict": {"Impressionism": 1, "Art Nouveau (Modern)": 2, "Romanticism": 6, "Na\u00efve Art (Primitivism), Surrealism": 1, "Expressionism": 1, "Symbolism": 1, "Baroque": 5, "Realism": 3}, "Realism": 0.0025375398688853726, "style_counts": [7.167881372782681e-06, 0.00018655876528539395, 0.0004854867412357189, 0.0, 4.524195341937265e-05, 0.00047479702868480356, 0.0002637741832163254, 0.0003578742481166186]}