{"style_counts": [0.0, 0.00016115375370329144, 0.00027982364074885524, 0.00031173331798817205, 5.6115948721569e-05, 0.001221511455407498, 0.000494322537575087, 0.0005315618547874212, 0.00020655281795678437], "style": ["Metaphysical art", "Baroque", "Symbolism", "Baroque", "Baroque", "Realism", "Baroque", "High Renaissance", "Surrealism", "Romanticism", "Surrealism", "Surrealism", "Mannerism (Late Renaissance)", "Surrealism", "Abstract Expressionism", "Realism", "Baroque", "Realism", "Baroque", "Realism"], "Abstract Expressionism": 0.00347632492266079, "artist": ["Delvaux Paul", "Rubens Peter Paul", "Roerich Nicholas", "Rubens Peter Paul", "Rubens Peter Paul", "Kustodiev Boris", "Rembrandt", "Raphael", "Dali Salvador", "Dore Gustave ", "Dali Salvador", "Delvaux Paul", "Titian", "Freud Lucian", "Holbrook Carter Clarence", "van Gogh Vincent ", "Caravaggio", "Sargent John Singer", "Rubens Peter Paul", "van Gogh Vincent "], "contentId": ["243042.jpg", "216640.jpg", "226232.jpg", "216380.jpg", "216730.jpg", "230003.jpg", "220111.jpg", "210652.jpg", "221448.jpg", "201391.jpg", "220743.jpg", "243158.jpg", "225029.jpg", "232025.jpg", "345405.jpg", "206098.jpg", "186676.jpg", "266279.jpg", "216411.jpg", "206101.jpg"], "title": ["Echo", "The Discovery of the Child Erichthonius", "Mother of Turfan", "Annunciation", "Virgin and Child Adored By Angels", "Portrait of Dmitri Dmitrievich Shostakovich  as a Child", "Danae", "The Transfiguration (detail)", "Set for 'Bacchanale'", "Andromeda", "A Chemist Lifting with Extreme Precaution the Cuticle of a Grand Piano", "Ruins of Selinunte", "St Nicholas", "Landscape with Birds", "Yellow Mandala", "Head of a Peasant Woman with White Cap", "not identified", "Mrs. William Russell Cooke", "Dance of Italian Villagers", "Head of a Peasant Woman with White Cap"], "year": [1943.0, 1615.0, 1924.0, "unknown", 1608.0, 1919.0, 1643.0, 1520.0, 1939.0, 1869.0, 1936.0, 1973.0, 1563.0, 1940.0, 1970.0, 1885.0, "unknown", 1895.0, 1636.0, 1885.0], "Romanticism": 0.003315171168957519, "High Renaissance": 0.003196501281911994, "Surrealism": 0.003164591604672603, "style_labels": ["Abstract Expressionism", "Romanticism", "High Renaissance", "Surrealism", "Mannerism (Late Renaissance)", "Metaphysical art", "Symbolism", "Baroque", "Realism"], "Mannerism (Late Renaissance)": 0.003420208973939226, "scores": [0.006517249165072836, 0.008256042295413824, 0.008619095475830753, 0.008774145899990907, 0.008792779154501473, 0.00893486545772888, 0.009046488687373268, 0.009239077029317314, 0.00940804141798693, 0.009582077119346426, 0.009607070752955336, 0.009609731632402332, 0.009885675424376957, 0.009913836783283047, 0.010047871377729316, 0.01022380952863763, 0.01023339384932169, 0.0102673514124441, 0.010296875512992515, 0.010393551757243533], "Metaphysical art": 0.0022548134672532895, "Symbolism": 0.002982002385085715, "Baroque": 0.002944763067873439, "style_dict": {"Abstract Expressionism": 1, "Romanticism": 1, "High Renaissance": 1, "Surrealism": 4, "Mannerism (Late Renaissance)": 1, "Metaphysical art": 1, "Symbolism": 1, "Baroque": 6, "Realism": 4}, "Realism": 0.0032697721047040217}