{"style_counts": [0.00035287221704050076, 0.00018401489131925075, 0.0, 0.0009293635680227563, 0.0005260277530402258], "style": ["Neo-Expressionism", "Realism", "Realism", "Realism", "Post-Impressionism", "Realism", "Realism", "Realism", "Realism", "Realism", "Neo-Romanticism", "Post-Impressionism", "Realism", "Romanticism", "Post-Impressionism", "Neo-Romanticism", "Neo-Romanticism", "Post-Impressionism", "Neo-Expressionism", "Realism"], "style_labels": ["Post-Impressionism", "Neo-Romanticism", "Romanticism", "Realism", "Neo-Expressionism"], "Neo-Romanticism": 0.0045717933391366365, "Neo-Expressionism": 0.00422978047741562, "contentId": ["203893.jpg", "229844.jpg", "206537.jpg", "206538.jpg", "205769.jpg", "205733.jpg", "206531.jpg", "206240.jpg", "230003.jpg", "206041.jpg", "321765.jpg", "206307.jpg", "210055.jpg", "194175.jpg", "206813.jpg", "321699.jpg", "321763.jpg", "206146.jpg", "203810.jpg", "232407.jpg"], "artist": ["Basquiat Jean-Michel ", "Kustodiev Boris", "van Gogh Vincent ", "van Gogh Vincent ", "van Gogh Vincent ", "van Gogh Vincent ", "van Gogh Vincent ", "van Gogh Vincent ", "Kustodiev Boris", "van Gogh Vincent ", "Kittelsen Theodor Severin", "van Gogh Vincent ", "Levitan Isaac", "Goya Francisco", "van Gogh Vincent ", "Kittelsen Theodor Severin", "Kittelsen Theodor Severin", "van Gogh Vincent ", "Basquiat Jean-Michel ", "Bouguereau William-Adolphe"], "Romanticism": 0.004755808230455836, "scores": [0.010629486173847399, 0.011392434230629245, 0.01159127427170794, 0.012001360950463712, 0.012163789432506317, 0.012224421016032258, 0.012569341074320003, 0.012667691915903855, 0.012684261233177795, 0.013200431953833388, 0.013330872821254874, 0.013458573635775455, 0.013463268991151436, 0.013746053795279684, 0.013833554617768428, 0.013834706182440894, 0.013922027558516598, 0.014163432252763699, 0.014279174848192171, 0.014318888204504426], "year": [1987.0, 1918.0, 1884.0, 1884.0, 1890.0, 1882.0, 1885.0, 1884.0, 1919.0, 1885.0, 1900.0, 1889.0, 1897.0, 1797.0, 1890.0, 1890.0, 1900.0, 1890.0, 1988.0, 1898.0], "title": ["Pegasus", "Harvester", "Peasant Woman, Head", "Peasant Woman, Head", "Can, Books, Wineglass, Bread and Arum Sketch of Two Women and a Girl", "Bench in a Wood", "Peasant Woman, Head", "Lane with Trees and One Figure", "Portrait of Dmitri Dmitrievich Shostakovich  as a Child", "Hands", "I Came to the Secret Springs and Lakes Where Mooses Slake Their Thurst", "Mask of an Egyptian Mummy", "Alps. Snow.", "They Sing for the Composer", "Sheet with Hands and Several Figures", "August", "Woodpecker", "Horse and Carriage", "Eroica I", "Inspiration"], "Post-Impressionism": 0.004402936013415325, "style_dict": {"Post-Impressionism": 4, "Neo-Romanticism": 3, "Romanticism": 1, "Realism": 10, "Neo-Expressionism": 2}, "Realism": 0.003826444662433071}