{"Impressionism": 0.0012744946955575121, "style": ["Romanticism", "Impressionism", "Impressionism", "Baroque", "Symbolism", "New Realism", "Na\u00efve Art (Primitivism)", "Symbolism", "Symbolism", "Romanticism", "Symbolism", "Na\u00efve Art (Primitivism), Surrealism", "Romanticism", "Neo-Romanticism", "Impressionism", "Expressionism", "Impressionism", "Surrealism", "Romanticism", "Abstract Expressionism"], "Abstract Expressionism": 0.0016870021632438901, "Neo-Romanticism": 0.0016177037290014027, "Symbolism": 0.001374732559488726, "style_labels": ["Impressionism", "Abstract Expressionism", "Neo-Romanticism", "Symbolism", "Romanticism", "Surrealism", "Na\u00efve Art (Primitivism), Surrealism", "Na\u00efve Art (Primitivism)", "Expressionism", "New Realism", "Baroque"], "contentId": ["196947.jpg", "211781.jpg", "313790.jpg", "220357.jpg", "226218.jpg", "235555.jpg", "203285.jpg", "226228.jpg", "226266.jpg", "196472.jpg", "192932.jpg", "220945.jpg", "196735.jpg", "321701.jpg", "238079.jpg", "232588.jpg", "313742.jpg", "221593.jpg", "196431.jpg", "231549.jpg"], "artist": ["Aivazovsky Ivan ", "Monet Claude", "Churchill Winston", "Rembrandt", "Roerich Nicholas", "Hopper Edward", "Chagall Marc", "Roerich Nicholas", "Roerich Nicholas", "Aivazovsky Ivan ", "Blake William ", "Dali Salvador", "Aivazovsky Ivan ", "Kittelsen Theodor Severin", "Sisley Alfred", "Schiele Egon", "Churchill Winston", "Dali Salvador", "Aivazovsky Ivan ", "Twombly Cy"], "Romanticism": 0.0013645370813402773, "scores": [0.002534941337338851, 0.0028457917807815244, 0.003227529098845826, 0.0032778793077262967, 0.003534095515545546, 0.0037208812036828797, 0.003920600446188772, 0.0042788473460866954, 0.00430068489825, 0.004572827867937258, 0.004627988733047265, 0.0046351351088456, 0.004646228725009017, 0.004675765170948965, 0.004678121558463769, 0.004713875134882174, 0.004769468351446196, 0.004797462496902367, 0.0048634571146992985, 0.004876063408149875], "Surrealism": 0.001659808114231759, "Na\u00efve Art (Primitivism), Surrealism": 0.0016036466922232208, "Na\u00efve Art (Primitivism)": 0.0013564346646683567, "Expressionism": 0.0016308888716492637, "year": [1886.0, 1883.0, "unknown", 1632.0, 1918.0, 1916.0, 1956.0, 1933.0, 1918.0, 1869.0, 1786.0, 1982.0, 1892.0, 1890.0, 1878.0, 1911.0, "unknown", 1929.0, 1877.0, 1961.0], "New Realism": 0.0012873365488428464, "title": ["The wedding of the poet in ancient Greece", "Boats on the Beach at Etretat", "Swimming Pool at Chartwell", "Portrait of Jacob III de Gheyn", "Moonlight. Sortavala.", "Elizabeth Griffiths Smith Hopper, The Artist's Mother", "The Vision of Ezekiel (Ezekiel, I, 4-14)", "Mother of Genghis Khan", "Night rider", "Chains of the Caucasus Mountains", "Oberon, Titania and Puck with Fairies Dancing", "El Escorial and Catastrophe-Form Calligraphy", "Sea view", "October", "The Seine at Point du Jour", "A Tree in Late Autumn", "Cloud Swept Landscape in South France", "The First Days of Spring", "Agitated sea", "School of Athens"], "Baroque": 0.001134068411363177, "style_dict": {"Impressionism": 4, "Abstract Expressionism": 1, "Neo-Romanticism": 1, "Surrealism": 1, "Romanticism": 4, "New Realism": 1, "Na\u00efve Art (Primitivism), Surrealism": 1, "Na\u00efve Art (Primitivism)": 1, "Expressionism": 1, "Symbolism": 4, "Baroque": 1}, "style_counts": [0.000412507467686396, 0.0, 6.929843424252624e-05, 0.00031226960375518864, 0.000322465081903589, 2.7194049012191357e-05, 8.335547102067409e-05, 0.00033056749857551804, 5.6113291594606096e-05, 0.00039966561440107906, 0.000552933751880702]}