{"Impressionism": 0.0026886729389824066, "style": ["Na\u00efve Art (Primitivism)", "Magic Realism", "Baroque", "Realism", "Realism", "Symbolism", "Magic Realism", "Realism", "Impressionism", "Symbolism", "Symbolism", "Post-Impressionism", "Expressionism", "Realism", "Na\u00efve Art (Primitivism)", "Realism", "Realism", "Surrealism", "Symbolism", "Magic Realism"], "style_labels": ["Impressionism", "Surrealism", "Magic Realism", "Na\u00efve Art (Primitivism)", "Expressionism", "Symbolism", "Baroque", "Post-Impressionism", "Realism"], "Surrealism": 0.002966389394141066, "contentId": ["203315.jpg", "278353.jpg", "220569.jpg", "199542.jpg", "229970.jpg", "225465.jpg", "278016.jpg", "199507.jpg", "212373.jpg", "226131.jpg", "225638.jpg", "185978.jpg", "232615.jpg", "199513.jpg", "203066.jpg", "191963.jpg", "199706.jpg", "202992.jpg", "225369.jpg", "278025.jpg"], "artist": ["Chagall Marc", "Earle Eyvind", "Rembrandt", "Corot Camille ", "Kustodiev Boris", "Roerich Nicholas", "Earle Eyvind", "Corot Camille ", "Monet Claude", "Roerich Nicholas", "Roerich Nicholas", "Mondrian Piet", "Schiele Egon", "Corot Camille ", "Chagall Marc", "Courbet Gustave", "Corot Camille ", "Chagall Marc", "Roerich Nicholas", "Earle Eyvind"], "style_counts": [0.0002777164551586164, 0.0, 0.0005080199395367524, 0.0006082080892991781, 0.0001352792268499714, 0.0003787637888380546, 0.0008021000260047817, 0.00021829685993413062, 0.0005465776035152858], "scores": [0.005697242126070165, 0.006037485635691425, 0.006255600865576073, 0.0066380702178236405, 0.006816414770580357, 0.006868146583999036, 0.007036962551880664, 0.007305106575803345, 0.007771264329054426, 0.007795553853756133, 0.007846289726576628, 0.007943009048956905, 0.008182960871030927, 0.008185111596005486, 0.008189799781765934, 0.008226154348655645, 0.008352977729997603, 0.008573968127748051, 0.009002346698758337, 0.009019401958860212], "Magic Realism": 0.0024583694546043036, "Na\u00efve Art (Primitivism)": 0.0023581813048418935, "Expressionism": 0.0028311101672911163, "year": [1968.0, 1976.0, 1636.0, 1870.0, 1907.0, 1929.0, 1982.0, 1865.0, 1875.0, 1937.0, 1925.0, 1911.0, 1912.0, 1870.0, 1963.0, 1858.0, 1826.0, 1968.0, 1931.0, "unknown"], "Symbolism": 0.002587625605302966, "title": ["Untitled", "The Rock", "The Ascension Of Christ", "Goatherd Charming His Goat with a Flute", "Portrait of a priest and a deacon", "Castles of King Gesar", "Carmel Valley", "Evening Distant Tower", "Spring", "Marvelous miracle (To the feat)", "Gilgit Road", "Dune Landscape", "Deuring Castle, Bregenz", "Field by a River", "Striking the Rock", "Valley of Ornans", "Rocks at Civita Castellana", "Self-Portrait", "Banner of Peace", "Coastline Fogl"], "Baroque": 0.0021642893681362916, "Post-Impressionism": 0.0027480925342068937, "style_dict": {"Impressionism": 1, "Surrealism": 1, "Magic Realism": 3, "Na\u00efve Art (Primitivism)": 2, "Expressionism": 1, "Symbolism": 4, "Baroque": 1, "Post-Impressionism": 1, "Realism": 6}, "Realism": 0.0024198117906257975}