{"style": ["Post-Impressionism", "Na\u00efve Art (Primitivism)", "Na\u00efve Art (Primitivism)", "Regionalism", "Na\u00efve Art (Primitivism)", "Expressionism", "Art Nouveau (Modern)", "Art Nouveau (Modern), Post-Impressionism", "Na\u00efve Art (Primitivism)", "Cubism", "Na\u00efve Art (Primitivism)", "Art Nouveau (Modern)", "Art Nouveau (Modern)", "Abstract Expressionism", "Expressionism", "Baroque", "Na\u00efve Art (Primitivism)", "Art Nouveau (Modern)", "Regionalism", "Regionalism"], "Abstract Expressionism": 0.003678873687506357, "artist": ["van Gogh Vincent ", "Chagall Marc", "Leger Fernand ", "Rockwell Norman", "Chagall Marc", "Pollock Jackson ", "Mucha Alphonse", "Toulouse-Lautrec Henri de", "Chagall Marc", "Leger Fernand ", "Leger Fernand ", "Roerich Nicholas", "Roerich Nicholas", "Pollock Jackson ", "Klee Paul", "Rembrandt", "Leger Fernand ", "Roerich Nicholas", "Rockwell Norman", "Rockwell Norman"], "contentId": ["207177.jpg", "202413.jpg", "196253.jpg", "247651.jpg", "202692.jpg", "185284.jpg", "227678.jpg", "230711.jpg", "202826.jpg", "196309.jpg", "196143.jpg", "225572.jpg", "225484.jpg", "185288.jpg", "202221.jpg", "220732.jpg", "196235.jpg", "227032.jpg", "247667.jpg", "247772.jpg"], "Art Nouveau (Modern)": 0.003443264585419483, "Post-Impressionism": 0.0015814168083513932, "style_counts": [0.00019766944576138368, 0.0004332785478483592, 0.0022951263249163523, 0.0009752749040555786, 0.00044874891117807625, 0.0, 0.0005465121165222353, 0.0003556373844848526, 0.0004833954783762806], "style_labels": ["Abstract Expressionism", "Art Nouveau (Modern)", "Post-Impressionism", "Na\u00efve Art (Primitivism)", "Expressionism", "Baroque", "Art Nouveau (Modern), Post-Impressionism", "Cubism", "Regionalism"], "Na\u00efve Art (Primitivism)": 0.0029012682292122558, "Expressionism": 0.0034277942220896905, "year": [1887.0, 1960.0, 1954.0, "unknown", 1960.0, 1937.0, 1902.0, "unknown", 1964.0, "unknown", 1955.0, 1912.0, 1906.0, 1941.0, 1940.0, "unknown", "unknown", 1918.0, "unknown", "unknown"], "scores": [0.004570882480321158, 0.006880173552797526, 0.0072073153467399585, 0.00727102806583307, 0.00908798194866943, 0.009142983365141584, 0.009614778514657404, 0.009625027603719617, 0.009965465876557285, 0.010176726538496434, 0.01021081081555127, 0.010267307044834481, 0.010565132172323074, 0.010633312607235695, 0.011042878475023197, 0.011204650790663637, 0.011229710969008738, 0.011485167425497262, 0.011517672100910118, 0.011706185649334018], "title": ["The Seine with the Pont de Clichy", "Ahasuerus sends Vasthi away", "The dancers (yellow background)", "Doctor and Doll", "Job in despair", "Landscape with Steer", "Morning Star", "Yvette Guilbert", "Musicians on a green background", "The two sailors", "Singer at the microphone", "Entourage", "Christ the saviour. Saint Peter and Saint Paul.", "Untitled", "Mess of fish", "Woman Standing with Raised Hands", "The camper", "Vignette for book \"N. K. Roerich\"", "Flute", "Piano"], "Baroque": 0.003876543133267828, "Art Nouveau (Modern), Post-Impressionism": 0.0033300310167455605, "style_dict": {"Post-Impressionism": 1, "Art Nouveau (Modern)": 4, "Abstract Expressionism": 1, "Na\u00efve Art (Primitivism)": 6, "Expressionism": 2, "Baroque": 1, "Art Nouveau (Modern), Post-Impressionism": 1, "Cubism": 1, "Regionalism": 3}, "Cubism": 0.003520905748782932, "Regionalism": 0.0033931476548914653}