{"style_counts": [0.00013558321470807932, 0.001284724261312431, 0.0008039223314393329, 0.000280073385350299, 0.0005659877000031566, 0.0, 0.0006189824579150294, 6.285757607160658e-05, 0.0014219017892861396, 0.001743098072714666], "style": ["Realism", "Realism", "Realism", "Baroque", "Northern Renaissance", "Romanticism", "Realism", "Realism", "Realism", "Realism", "Expressionism", "Magic Realism", "Realism", "High Renaissance", "Pop Art", "Surrealism", "Realism", "Surrealism", "Color Field Painting", "Realism"], "style_labels": ["Surrealism", "Northern Renaissance", "Romanticism", "High Renaissance", "Magic Realism", "Color Field Painting", "Expressionism", "Pop Art", "Baroque", "Realism"], "Surrealism": 0.005964518351725417, "contentId": ["266210.jpg", "266197.jpg", "230103.jpg", "220375.jpg", "200848.jpg", "238804.jpg", "215235.jpg", "210199.jpg", "266193.jpg", "266119.jpg", "189563.jpg", "327526.jpg", "215092.jpg", "225043.jpg", "229266.jpg", "211499.jpg", "266283.jpg", "203033.jpg", "242170.jpg", "266415.jpg"], "artist": ["Sargent John Singer", "Sargent John Singer", "Kustodiev Boris", "Rembrandt", "Durer Albrecht", "Turner William", "Repin Ilya", "Levitan Isaac", "Sargent John Singer", "Sargent John Singer", "Modigliani Amedeo ", "Holbrook Carter Clarence", "Repin Ilya", "Titian", "Warhol Andy", "Magritte Rene", "Sargent John Singer", "Chagall Marc", "Rothko Mark", "Sargent John Singer"], "Northern Renaissance": 0.004815377305121087, "Romanticism": 0.005296179234994164, "High Renaissance": 0.005820028181083187, "Magic Realism": 0.005534113866430374, "Color Field Painting": 0.006100101566433482, "title": ["Mary Turner Austin", "Madame Paul Escudier", "Portrait of Stjepan Nikolsky, uncle of the artist", "Portrait of Rembrandt van Rijn", "Man's head in profile", "Self-Portrait", "Portrait of the Art Critic Vladimir Stasov", "Forest edge, rising of the moon/Forest edge, sun behind the clouds", "Madame Errazuriz", "General Lucius Fairchild", "Madame Dorival", "unknown title", "Portrait of a Woman (E.D. Botkina)", "The Beauty", "Blackglama (Judy Garland)", "The empire of lights", "Olivia Richardson", "Song of Songs III", "Untitled", "Portrait of Jean Joseph Marie Carries"], "Expressionism": 0.005481119108518395, "year": [1880.0, 1882.0, 1901.0, 1628.0, "unknown", 1799.0, 1873.0, 1896.0, 1882.0, 1887.0, 1916.0, "unknown", 1881.0, 1536.0, 1985.0, 1954.0, 1883.0, 1960.0, 1968.0, 1880.0], "scores": [0.007550867956513928, 0.009687899264292369, 0.012945584526031822, 0.013521736513662693, 0.013918230566336133, 0.015307926885583245, 0.015328911174510487, 0.015519894642184347, 0.015529117352580543, 0.015577898627649966, 0.01584247187292657, 0.0159956464245119, 0.016265282267590615, 0.016822045084762628, 0.017449879525270266, 0.017517838905171182, 0.01752799746550006, 0.017606481748376587, 0.01763156128791749, 0.017666274122227245], "Pop Art": 0.0060372439903618605, "Baroque": 0.004678199777147302, "style_dict": {"Surrealism": 2, "Northern Renaissance": 1, "Romanticism": 1, "High Renaissance": 1, "Magic Realism": 1, "Color Field Painting": 1, "Expressionism": 1, "Pop Art": 1, "Baroque": 1, "Realism": 10}, "Realism": 0.004357003493718817}