{"Impressionism": 0.0032870884173981448, "style": ["Symbolism", "Impressionism", "Symbolism", "Color Field Painting", "Symbolism", "Symbolism", "Surrealism", "Symbolism", "Symbolism", "Impressionism", "Cloisonnism", "Impressionism", "Orientalism", "Symbolism", "Neo-Romanticism", "Na\u00efve Art (Primitivism)", "Realism, Surrealism", "Impressionism", "Baroque", "Mannerism (Late Renaissance)"], "style_labels": ["Impressionism", "Neo-Romanticism", "Orientalism", "Surrealism", "Color Field Painting", "Mannerism (Late Renaissance)", "Na\u00efve Art (Primitivism)", "Symbolism", "Baroque", "Cloisonnism", "Realism, Surrealism"], "Neo-Romanticism": 0.0036285699044265114, "artist": ["Roerich Nicholas", "Matisse Henri", "Roerich Nicholas", "Rothko Mark", "Roerich Nicholas", "Roerich Nicholas", "Magritte Rene", "Roerich Nicholas", "Roerich Nicholas", "Churchill Winston", "Gauguin Paul ", "Sorolla Joaqu\u00edn", "Gerome Jean-Leon", "Roerich Nicholas", "Kittelsen Theodor Severin", "Botero Fernando", "Dali Salvador", "Churchill Winston", "Rubens Peter Paul", "Titian"], "contentId": ["226266.jpg", "213978.jpg", "226250.jpg", "290299.jpg", "226148.jpg", "226481.jpg", "211410.jpg", "226267.jpg", "226700.jpg", "313773.jpg", "190963.jpg", "251080.jpg", "279482.jpg", "225407.jpg", "321701.jpg", "281238.jpg", "221360.jpg", "313742.jpg", "216628.jpg", "224876.jpg"], "Orientalism": 0.003608868742148262, "title": ["Night rider", "Green needles on the Cross Javernaz", "Mstislav's duel with Rededia", "No. 6 (Yellow, White, Blue Over Yellow on Gray)", "Messengers of morning", "Sacred Himalayas", "Pandora's Box", "Night rider", "Star of the Hero", "Mountains and Sea at Sunset", "The child", "Academic study from life", "The Prisoner", "Border of Tibet", "October", "Still Life with Watermelon", "Portrait of Mrs. Ruth Daponte", "Cloud Swept Landscape in South France", "The Baptism of Christ", "Diana and Callisto"], "style_counts": [0.0004769795343059213, 0.0001354980472775269, 0.0001551992095557564, 0.00046503982616474815, 0.0005640787612164466, 0.0, 0.0001317931171759268, 0.0008426749841123904, 2.86077138955676e-06, 0.00016699026198951916, 0.00011733697685589739], "Surrealism": 0.0032990281255393327, "Color Field Painting": 0.0031999891904875514, "Mannerism (Late Renaissance)": 0.003764067951704031, "Na\u00efve Art (Primitivism)": 0.003632274834528075, "scores": [0.007007246285376278, 0.008885242298761191, 0.009017705572961417, 0.009249158381758228, 0.00931832483030859, 0.009372153590043565, 0.00953541772256401, 0.009854785589601161, 0.009936056085332639, 0.009998044290402755, 0.010396891765309136, 0.010403864227187778, 0.010430972290259593, 0.010484136820619338, 0.010487915973306373, 0.010498624598636912, 0.010540408218346035, 0.010743306949845991, 0.010871287009577355, 0.010879555702407395], "year": [1918.0, 1901.0, 1943.0, 1954.0, 1917.0, 1934.0, 1951.0, 1918.0, 1932.0, "unknown", 1895.0, 1887.0, 1861.0, 1940.0, 1890.0, "unknown", 1965.0, "unknown", 1605.0, 1559.0], "Symbolism": 0.0029213929675916328, "Baroque": 0.0037612071803145197, "Cloisonnism": 0.0035970776897144867, "style_dict": {"Impressionism": 4, "Neo-Romanticism": 1, "Orientalism": 1, "Surrealism": 1, "Color Field Painting": 1, "Mannerism (Late Renaissance)": 1, "Na\u00efve Art (Primitivism)": 1, "Symbolism": 7, "Baroque": 1, "Cloisonnism": 1, "Realism, Surrealism": 1}, "Realism, Surrealism": 0.003646730974848079}