{"Synthetic Cubism": 0.0023200042378242964, "Northern Renaissance": 0.0031662077490425275, "year": [1958.0, 1962.0, 1913.0, 1877.0, 1937.0, 1913.0, 1985.0, 1926.0, "unknown", 1895.0, 1973.0, 1978.0, 1950.0, 1923.0, "unknown", "unknown", 1923.0, "unknown", 1910.0, 1908.0], "style": ["Regionalism", "Abstract Expressionism", "Synthetic Cubism", "Realism", "Regionalism", "Art Nouveau (Modern)", "Abstract Expressionism", "Realism", "Surrealism", "Symbolism", "Na\u00efve Art (Primitivism)", "Neo-Expressionism", "Regionalism", "Na\u00efve Art (Primitivism)", "Northern Renaissance", "Baroque", "Na\u00efve Art (Primitivism)", "Cubism", "Expressionism", "Impressionism"], "Neo-Expressionism": 0.003070595372505031, "Art Nouveau (Modern)": 0.0027116176823722914, "Expressionism": 0.003259438204797748, "Symbolism": 0.002941685391291362, "style_dict": {"Impressionism": 1, "Abstract Expressionism": 2, "Neo-Expressionism": 1, "Art Nouveau (Modern)": 1, "Northern Renaissance": 1, "Surrealism": 1, "Na\u00efve Art (Primitivism)": 3, "Expressionism": 1, "Symbolism": 1, "Baroque": 1, "Synthetic Cubism": 1, "Cubism": 1, "Realism": 2, "Regionalism": 3}, "Regionalism": 0.0025167742465569474, "Impressionism": 0.0032803018758307597, "scores": [0.005922990780003188, 0.006613689567687155, 0.006705674727206763, 0.007202514750179056, 0.007774099216626054, 0.007837583167340723, 0.00830288959033771, 0.008369321260840171, 0.008383151813407964, 0.008502564375604281, 0.008596137510971307, 0.008875162144615194, 0.008921655510351284, 0.009008941193268206, 0.009151517457464509, 0.00917019634922825, 0.009214121223409345, 0.009266416299358954, 0.009420988133755186, 0.00948129189927504], "Baroque": 0.003172670202086055, "Realism": 0.0026442789477382133, "style_counts": [0.0, 0.0007472931662653171, 0.00020970650332574614, 0.0005686841934584574, 0.00011409412678820008, 0.00037993039575856535, 0.0002961455851850925, 2.0863671032933517e-05, 0.0003386164845393669, 0.0001076316737447236, 0.0009602976380064243, 7.434185562082973e-05, 0.0006360229280925056, 0.0007635276292737858], "Abstract Expressionism": 0.0025330087095653945, "artist": ["Rockwell Norman", "Twombly Cy", "Braque Georges ", "Sargent John Singer", "Rockwell Norman", "Roerich Nicholas", "Twombly Cy", "Kustodiev Boris", "Beksinski Zdislav", "Klimt Gustav", "Chagall Marc", "Twombly Cy", "Rockwell Norman", "Chagall Marc", "Durer Albrecht", "Rembrandt", "Chagall Marc", "Leger Fernand ", "Schiele Egon", "Cassatt Mary"], "contentId": ["247854.jpg", "231503.jpg", "193814.jpg", "266111.jpg", "247676.jpg", "226355.jpg", "231578.jpg", "230027.jpg", "258992.jpg", "191516.jpg", "203105.jpg", "231497.jpg", "247635.jpg", "202967.jpg", "201264.jpg", "220142.jpg", "202744.jpg", "196307.jpg", "232685.jpg", "190187.jpg"], "style_labels": ["Impressionism", "Abstract Expressionism", "Neo-Expressionism", "Art Nouveau (Modern)", "Northern Renaissance", "Surrealism", "Na\u00efve Art (Primitivism)", "Expressionism", "Symbolism", "Baroque", "Synthetic Cubism", "Cubism", "Realism", "Regionalism"], "Surrealism": 0.0029003714800721237, "Na\u00efve Art (Primitivism)": 0.002984156290645633, "title": ["Weighing in", "Ides of March", "Violin and Pipe, 'Le Quotidien'", "Figure of a Child", "Gaiety Dance Team", "People (Old man)", "Untitled", "Portrait of I.B. Kustodieva, daughter of the artist", "Untitled", "Love", "Study to vitrage at Notre-Dame Cathedral in Reims", "Fifty Days at Iliam. Shield of Achilles", "Christmas Dance", "Revelations of Nozdryov", "The Piece Of Turf With The Columbine", "Five studies of Saskia and one of an older woman", "Madame Sobakevitch", "The tug in the city", "Poldi Lodzinsky", "Head of Francoise Looking Down (no.4)"], "Cubism": 0.0032059600202099144}