{"year": [1912.0, "unknown", 1978.0, 1955.0, 1890.0, 1645.0, 1963.0, 1985.0, 1610.0, 1893.0, 1995.0, 1597.0, 1924.0, 1923.0, "unknown", 1902.0, "unknown", 1995.0, "unknown", 1996.0], "Academicism": 0.009452506952115192, "Abstract Expressionism, Surrealism": 0.007870787605489683, "style": ["Cubism", "Neo-Romanticism", "Surrealism", "Abstract Expressionism, Surrealism", "Post-Impressionism", "Baroque", "Surrealism", "Magic Realism", "Baroque", "Symbolism", "Magic Realism", "Baroque", "Art Nouveau (Modern)", "Na\u00efve Art (Primitivism)", "Academicism", "Realism", "Regionalism", "Magic Realism", "Impressionism", "Magic Realism"], "Neo-Romanticism": 0.005779823150149453, "title": ["To Russia, with Asses and Others", "The Forest Court", "Woman with Egg and Arrows", "Rhinocerotic Portrait of Vermeer's 'Lacemaker'", "Portrait of Adeline Ravoux", "Girl in the Window", "The Abduction of Sabines", "Santa Ynez", "The Miracle of St. Walburga", "Moonlight", "Black Silken Hair", "Portrait of a Man", "View in Tula, a sketch for E. Zamyatin's play, 'The Flea'", "Banquet degenerates into brawl", "The Pyrrhic Dance", "Alice Wernher born Alice Sedgwick Mankiewicz", "Stuck Inside", "Ocean Paradise", "Portrait of a woman", "Snow Laden"], "Art Nouveau (Modern)": 0.009357469643545524, "Symbolism": 0.00902012820816901, "style_dict": {"Abstract Expressionism, Surrealism": 1, "Impressionism": 1, "Neo-Romanticism": 1, "Magic Realism": 4, "Art Nouveau (Modern)": 1, "Surrealism": 2, "Na\u00efve Art (Primitivism)": 1, "Symbolism": 1, "Academicism": 1, "Baroque": 3, "Post-Impressionism": 1, "Cubism": 1, "Realism": 1, "Regionalism": 1}, "Regionalism": 0.00981502683042505, "Impressionism": 0.010044669766211234, "Magic Realism": 0.009016666656051758, "scores": [0.014499309981636514, 0.01670583759882642, 0.018582621476045287, 0.02274950220730656, 0.02311924531219473, 0.02377236041051324, 0.02446086781550666, 0.0248663894499771, 0.025521544300676324, 0.02607152382549424, 0.02683236767182447, 0.027018799547004348, 0.027046565983074672, 0.02716730187654442, 0.0273212591357109, 0.027883039446830918, 0.02836907635365367, 0.029016069078590414, 0.02903282980965042, 0.029090949590896826], "Baroque": 0.00849126883287429, "Post-Impressionism": 0.007998709940697282, "Realism": 0.009646869600997744, "style_counts": [0.002173882160721563, 0.0, 0.004264846616061746, 0.002735384432721699, 0.0006872001226656543, 0.0010280031101594922, 0.0006454283702467256, 0.0010245415580422135, 0.00059216281409602, 0.0015534009333368903, 0.002045959825513921, 0.0050282527803940935, 0.00039780016521351325, 0.00022964293578620065], "artist": ["Chagall Marc", "Kittelsen Theodor Severin", "Dali Salvador", "Dali Salvador", "van Gogh Vincent ", "Rembrandt", "Picasso Pablo", "Earle Eyvind", "Rubens Peter Paul", "Munch Edvard ", "Earle Eyvind", "Rubens Peter Paul", "Kustodiev Boris", "Chagall Marc", "Gerome Jean-Leon", "Sargent John Singer", "Rockwell Norman", "Earle Eyvind", "Sorolla Joaqu\u00edn", "Earle Eyvind"], "contentId": ["203304.jpg", "321878.jpg", "221833.jpg", "221404.jpg", "206649.jpg", "220148.jpg", "224520.jpg", "278138.jpg", "216681.jpg", "185395.jpg", "278001.jpg", "216533.jpg", "230306.jpg", "202437.jpg", "279483.jpg", "266403.jpg", "247808.jpg", "278111.jpg", "251363.jpg", "278148.jpg"], "style_labels": ["Abstract Expressionism, Surrealism", "Impressionism", "Neo-Romanticism", "Surrealism", "Art Nouveau (Modern)", "Magic Realism", "Na\u00efve Art (Primitivism)", "Symbolism", "Academicism", "Baroque", "Post-Impressionism", "Cubism", "Realism", "Regionalism"], "Surrealism": 0.007309285333489472, "Na\u00efve Art (Primitivism)": 0.009399241395964538, "Cubism": 0.005016416985817156}