{"Impressionism": 0.004114531272872949, "style": ["Art Nouveau (Modern)", "Symbolism", "Post-Impressionism", "Surrealism", "Impressionism", "Symbolism", "Abstract Expressionism, Symbolism", "Neo-Romanticism, Symbolism", "Symbolism", "Neo-Romanticism", "Surrealism", "Post-Impressionism", "High Renaissance", "Surrealism", "Expressionism", "Symbolism", "Symbolism", "Symbolism", "Cubism", "Op Art, Surrealism"], "style_labels": ["Impressionism", "Neo-Romanticism", "Neo-Romanticism, Symbolism", "Op Art, Surrealism", "Art Nouveau (Modern)", "High Renaissance", "Surrealism", "Abstract Expressionism, Symbolism", "Expressionism", "Symbolism", "Post-Impressionism", "Cubism"], "Neo-Romanticism": 0.004319082602239048, "Neo-Romanticism, Symbolism": 0.004229139902845561, "Op Art, Surrealism": 0.005262911468041581, "contentId": ["226401.jpg", "225933.jpg", "206385.jpg", "202427.jpg", "212164.jpg", "226676.jpg", "246776.jpg", "321944.jpg", "226878.jpg", "322086.jpg", "221562.jpg", "207138.jpg", "193165.jpg", "220826.jpg", "232085.jpg", "226241.jpg", "225476.jpg", "225597.jpg", "202457.jpg", "221755.jpg"], "Art Nouveau (Modern)": 0.00279460322623624, "artist": ["Roerich Nicholas", "Roerich Nicholas", "van Gogh Vincent ", "Chagall Marc", "Monet Claude", "Roerich Nicholas", "Dali Salvador", "Kittelsen Theodor Severin", "Roerich Nicholas", "Kittelsen Theodor Severin", "Dali Salvador", "van Gogh Vincent ", "Michelangelo", "Dali Salvador", "Freud Lucian", "Roerich Nicholas", "Roerich Nicholas", "Roerich Nicholas", "Chagall Marc", "Dali Salvador"], "style_counts": [0.001148380195168608, 0.0009438288658025762, 0.0010337715651960178, 0.0, 0.002468308241805328, 0.0005719082755624161, 0.0010328266239200135, 0.001061681342839238, 0.0004155544045303383, 0.0011365503121302245, 0.0010757645225464296, 0.00013820610221582097], "High Renaissance": 0.004691003192479135, "scores": [0.008077442239638733, 0.010566388530677807, 0.011133679078151604, 0.011516779823791786, 0.01189252498809253, 0.012083347744925817, 0.01214311690230742, 0.012223786535376539, 0.012228919413483398, 0.012483754373532418, 0.012623627682280217, 0.013523918277475858, 0.013558743143742436, 0.013876197556147387, 0.014010663956811505, 0.014151100630462005, 0.014281510969527969, 0.014317821934092447, 0.014812303656921585, 0.015211770671535228], "Surrealism": 0.004230084844121528, "Abstract Expressionism, Symbolism": 0.0042012301252023435, "Expressionism": 0.004847357063511286, "year": [1908.0, 1932.0, 1889.0, 1980.0, 1908.0, 1922.0, 1967.0, "unknown", 1943.0, 1900.0, 1976.0, 1888.0, 1532.0, 1983.0, 1996.0, 1931.0, 1932.0, 1922.0, 1914.0, 1960.0], "Symbolism": 0.004126361155911398, "title": ["Prologue. Forest.", "Kalki Avatar", "Orchard in Bloom with View of Arles", "Artist and His Bride", "Palazzo Contarini", "Spell words", "Plange, virgo, accincta. Sacco.", "Kornstaurer i Maaneskinn", "The treasure diviner", "Askeladdens adventure", "The Chair", "The Old Peasant Patience Escalier with Walking Stick, Half-Figure", "Portrait of Andrea Quaratesi", "Bed and Bedside Table Ferociously Attacking a Cello", "Pluto and the Bateman Sisters", "Mountain Eagles (Tibetan stupa)", "Charaka", "Final journey", "Blue Lovers", "Untitled"], "Post-Impressionism": 0.004187146945495188, "style_dict": {"Impressionism": 1, "Neo-Romanticism": 1, "Neo-Romanticism, Symbolism": 1, "Op Art, Surrealism": 1, "Art Nouveau (Modern)": 1, "High Renaissance": 1, "Surrealism": 3, "Abstract Expressionism, Symbolism": 1, "Expressionism": 1, "Symbolism": 6, "Post-Impressionism": 2, "Cubism": 1}, "Cubism": 0.005124705365825717}