{"Impressionism": 0.001951889342137214, "style": ["Baroque", "Impressionism", "Realism", "Baroque", "Baroque", "Romanticism", "Expressionism", "Neo-Romanticism", "Expressionism", "Cubism", "Realism", "Impressionism", "Expressionism", "Baroque", "Romanticism", "Expressionism", "Surrealism", "Symbolism", "Realism", "High Renaissance"], "style_labels": ["Impressionism", "Neo-Romanticism", "Romanticism", "High Renaissance", "Surrealism", "Expressionism", "Symbolism", "Baroque", "Cubism", "Realism"], "Neo-Romanticism": 0.0021419556743829953, "artist": ["Rembrandt", "Renoir Pierre-Auguste", "Sargent John Singer", "Rembrandt", "Rembrandt", "Goya Francisco", "Derain Andre", "Kittelsen Theodor Severin", "Modigliani Amedeo ", "Picasso Pablo", "Cassatt Mary", "Toulouse-Lautrec Henri de", "Dali Salvador", "Rembrandt", "Aivazovsky Ivan ", "Matisse Henri", "Picasso Pablo", "Redon Odilon", "Repin Ilya", "Titian"], "contentId": ["220708.jpg", "218215.jpg", "265665.jpg", "220158.jpg", "220143.jpg", "194147.jpg", "256165.jpg", "321835.jpg", "189632.jpg", "223968.jpg", "190305.jpg", "230566.jpg", "221519.jpg", "220046.jpg", "196584.jpg", "214314.jpg", "224732.jpg", "247989.jpg", "215115.jpg", "225064.jpg"], "title": ["Tobit and Anna with a Goat", "Anemones", "Mrs Charles Huntington", "Hendrickje Stoffels in velvet beret", "Flora", "The Repentant Saint Peter", "Self-portrait with a pipe", "Peer Gynt 11", "Portrait of Chaim Soutine", "Guitar on pedestal", "Portrait of Madame Cordier", "Prick and Woodman", "Study for 'Woman Undressing'", "The Conspiracy of Claudius Civilis", "Lunar night in the Crimea", "Two Dancers (Study for Rouge et Noir", "Woman in beret and checked dress", "Flight into Egypt", "Portrait of Artist Vladimir Samoilov", "The Tribute Money"], "Romanticism": 0.002203583650583654, "High Renaissance": 0.0025741167881508232, "scores": [0.003955515501856967, 0.0045779231828045035, 0.00510641189535554, 0.005585696904968785, 0.005747240683141024, 0.0059538808669697, 0.006177209835689913, 0.006191048187902043, 0.006327795650950176, 0.006382475322265769, 0.006566383383694658, 0.006916514941212202, 0.006952817987335177, 0.007021678133066738, 0.007022754322295085, 0.007105448568484442, 0.0072427649554752775, 0.007266417466679775, 0.007308964678402138, 0.007440154465997524], "Surrealism": 0.002505824704275107, "Expressionism": 0.0021812347080551247, "year": [1645.0, 1916.0, 1898.0, "unknown", 1634.0, 1824.0, 1953.0, 1890.0, 1915.0, 1920.0, 1874.0, 1882.0, 1959.0, 1662.0, 1862.0, 1938.0, 1937.0, "unknown", 1902.0, 1516.0], "Symbolism": 0.002514007911552815, "Baroque": 0.001831989390733163, "style_dict": {"Impressionism": 2, "Neo-Romanticism": 1, "Romanticism": 2, "High Renaissance": 1, "Surrealism": 1, "Expressionism": 4, "Symbolism": 1, "Baroque": 4, "Cubism": 1, "Realism": 3}, "Cubism": 0.002208184917676966, "Realism": 0.0021120890458093014, "style_counts": [0.0006222274460135901, 0.00043216111376775945, 0.00037053313756707507, 0.0, 6.829208387570951e-05, 0.00039288208009569114, 6.0108876598019556e-05, 0.0007421273974176357, 0.0003659318704738457, 0.00046202774234149757]}