{"Northern Renaissance": 0.004593374824724917, "Color Field Painting": 0.0035829765494484298, "year": [1952.0, 1882.0, "unknown", "unknown", 1760.0, 1883.0, 1516.0, "unknown", 1854.0, 1905.0, "unknown", 1940.0, 1983.0, 1888.0, 1882.0, "unknown", "unknown", 1883.0, 1906.0, 1888.0], "Rococo": 0.00471727446138007, "style": ["Color Field Painting", "Realism", "Northern Renaissance", "Neoclassicism", "Rococo", "Realism", "Northern Renaissance", "Northern Renaissance", "Romanticism", "Impressionism", "Cubism", "Symbolism", "Neo-Expressionism", "Post-Impressionism", "Realism", "Northern Renaissance", "Surrealism", "Impressionism", "Fauvism", "Romanticism"], "Neo-Expressionism": 0.0051218507368174584, "Symbolism": 0.005102558572035711, "style_dict": {"Fauvism": 1, "Impressionism": 2, "Post-Impressionism": 1, "Neo-Expressionism": 1, "Northern Renaissance": 4, "Romanticism": 2, "Surrealism": 1, "Color Field Painting": 1, "Realism": 3, "Symbolism": 1, "Rococo": 1, "Cubism": 1, "Neoclassicism": 1}, "Neoclassicism": 0.004489984201039683, "Fauvism": 0.0053023625424530535, "Impressionism": 0.005028066465421451, "scores": [0.010356134227729992, 0.012401968253677075, 0.012853964315493262, 0.012977723528085074, 0.013634676877417796, 0.013945155675394373, 0.013988332221345448, 0.014128915451804966, 0.014241103438850225, 0.014343342248227822, 0.014745852571295896, 0.014748291189623002, 0.014804052717856843, 0.014828147094720233, 0.014854748862606095, 0.014967318886351942, 0.015066274570649274, 0.015266327533025271, 0.015325798942832808, 0.015339441882782601], "Post-Impressionism": 0.0051301868191216005, "Realism": 0.004584507673955974, "style_counts": [0.0, 0.00027429607703166603, 0.0005850880810730485, 0.0001805118056356081, 0.0007089877177282045, 0.0002792417491658261, 8.978927069658305e-05, 0.0017193859930046962, 0.0007178548684970698, 0.0001998039704174115, 0.00017217572333150244, 0.00020064767445659992, 0.0008123783414134556], "artist": ["Rothko Mark", "van Gogh Vincent ", "Durer Albrecht", "Ingres Jean Auguste Dominique ", "Longhi Pietro ", "van Gogh Vincent ", "Bosch Hieronymus", "Durer Albrecht", "Dore Gustave ", "Renoir Pierre-Auguste", "Leger Fernand ", "Roerich Nicholas", "Basquiat Jean-Michel ", "van Gogh Vincent ", "van Gogh Vincent ", "Durer Albrecht", "Beksinski Zdislav", "Renoir Pierre-Auguste", "Derain Andre", "Alma-Tadema Lawrence "], "contentId": ["242169.jpg", "205733.jpg", "201082.jpg", "193435.jpg", "185168.jpg", "206276.jpg", "195450.jpg", "200929.jpg", "201813.jpg", "218784.jpg", "195987.jpg", "225669.jpg", "203784.jpg", "207062.jpg", "207501.jpg", "200675.jpg", "259117.jpg", "218398.jpg", "344299.jpg", "214609.jpg"], "style_labels": ["Fauvism", "Impressionism", "Rococo", "Neo-Expressionism", "Northern Renaissance", "Romanticism", "Surrealism", "Color Field Painting", "Realism", "Symbolism", "Post-Impressionism", "Cubism", "Neoclassicism"], "Romanticism": 0.005023120793287244, "Surrealism": 0.0052125732717564575, "title": ["Untitled", "Bench in a Wood", "St. Fridolin", "Pere Desmarets", "The Family Concert", "Man Feeding Chickens or Sowing", "The Temptation\u00a0of St.\u00a0Anthony (detail)", "Portrait of a Man", "Semiramide, spidocchiatrice di straccioni", "Coco Reading", "Face by hand on a red background", "Guardians of the Night", "Ascent", "The Artist's House in Arles", "Woman Spreading Out Laundry on a Field", "Ecce Homo", "Untitled", "Dance at Bougival", "L'Estaque", "The Favourite Poet"], "Cubism": 0.005101714867996449}