{"Impressionism": 0.0054010556715521464, "style": ["Baroque", "Op Art", "Expressionism", "High Renaissance", "Art Nouveau (Modern)", "Surrealism", "Expressionism", "Baroque", "Surrealism", "Symbolism", "Surrealism", "Realism", "Symbolism", "Impressionism", "Post-Impressionism", "Neo-Romanticism", "Baroque", "Surrealism", "Magic Realism", "Surrealism"], "style_labels": ["Impressionism", "Neo-Romanticism", "Surrealism", "Op Art", "Art Nouveau (Modern)", "High Renaissance", "Magic Realism", "Expressionism", "Symbolism", "Baroque", "Post-Impressionism", "Realism"], "Neo-Romanticism": 0.005594420127716804, "Surrealism": 0.004931244323418657, "Op Art": 0.004434830129364922, "contentId": ["216640.jpg", "204613.jpg", "244700.jpg", "210614.jpg", "226684.jpg", "220888.jpg", "202725.jpg", "186676.jpg", "259159.jpg", "225355.jpg", "203132.jpg", "191942.jpg", "225476.jpg", "251186.jpg", "189435.jpg", "321764.jpg", "216669.jpg", "243213.jpg", "278380.jpg", "221268.jpg"], "Art Nouveau (Modern)": 0.00479384294063934, "artist": ["Rubens Peter Paul", "Escher M.C.", "Balthus", "Raphael", "Roerich Nicholas", "Dali Salvador", "Chagall Marc", "Caravaggio", "Beksinski Zdislav", "Roerich Nicholas", "Chagall Marc", "Courbet Gustave", "Roerich Nicholas", "Sorolla Joaqu\u00edn", "Kandinsky Wassily", "Kittelsen Theodor Severin", "Rubens Peter Paul", "Delvaux Paul", "Earle Eyvind", "Dali Salvador"], "style_counts": [0.0002606926875488025, 6.73282313841117e-05, 0.0007305040356823111, 0.0012269182297359738, 0.0008679054184616009, 0.0009336407319292528, 0.0, 0.001097637465302559, 0.0004858824188158639, 0.0008861514368051493, 0.00016303716649146427, 0.00032571573727979697], "High Renaissance": 0.004728107627171672, "scores": [0.012367988197530523, 0.012818307756983366, 0.01298324535566276, 0.01366598875387045, 0.013855988247413848, 0.013880843672527478, 0.013894246686213446, 0.014330175835722922, 0.014475349554514612, 0.014975683174625913, 0.01518309563933738, 0.015423117989324327, 0.01550435967640501, 0.015611058775879228, 0.015893319535946027, 0.016169953938958505, 0.016221065443565955, 0.01630934583881606, 0.016364557557460177, 0.01636479305265083], "Magic Realism": 0.005661748359100894, "Expressionism": 0.004564110893798371, "year": [1615.0, 1951.0, 1950.0, 1518.0, 1920.0, 1974.0, 1914.0, "unknown", "unknown", 1935.0, 1957.0, 1860.0, 1932.0, 1916.0, 1906.0, 1900.0, 1632.0, 1957.0, "unknown", 1943.0], "Symbolism": 0.005175865940285119, "title": ["The Discovery of the Child Erichthonius", "Mosaic I", "Girl on a Bed", "The Holy Family of the Oak Tree", "St. George the Victorious", "Cranach Metamorphosis (Woman in a Mirror)", "Lisa with a Mandolin", "not identified", "Untitled", "Armageddon", "The birds", "The Village Girl with a Goatling", "Charaka", "Female nude", "Volga song", "Woodpecker", "The Last Supper", "Train in Evening", "The Sea Below", "Painting for the backdrop of 'Cafe De Chinitas'"], "Baroque": 0.004775596922295742, "Post-Impressionism": 0.005498711192609497, "style_dict": {"Impressionism": 1, "Neo-Romanticism": 1, "Magic Realism": 1, "Op Art": 1, "Art Nouveau (Modern)": 1, "High Renaissance": 1, "Surrealism": 5, "Expressionism": 2, "Symbolism": 2, "Baroque": 3, "Post-Impressionism": 1, "Realism": 1}, "Realism": 0.005336032621821098}