{"Fauvism": 0.0027481262148220708, "Impressionism": 0.004471248302487158, "Neo-Suprematism": 0.004427522627323064, "style_labels": ["Fauvism", "Impressionism", "Neo-Suprematism", "Surrealism", "Art Nouveau (Modern)", "High Renaissance", "Magic Realism", "Na\u00efve Art (Primitivism)", "Expressionism", "Symbolism", "Pop Art", "Post-Impressionism"], "Surrealism": 0.0043351974696116, "contentId": ["185974.jpg", "345392.jpg", "193151.jpg", "345408.jpg", "300236.jpg", "225391.jpg", "226806.jpg", "226931.jpg", "226824.jpg", "220769.jpg", "278027.jpg", "226819.jpg", "226809.jpg", "219677.jpg", "203031.jpg", "337093.jpg", "252173.jpg", "225663.jpg", "202769.jpg", "230550.jpg"], "Art Nouveau (Modern)": 0.004419365555563671, "artist": ["Mondrian Piet", "Holbrook Carter Clarence", "Michelangelo", "Holbrook Carter Clarence", "Warhol Andy", "Roerich Nicholas", "Roerich Nicholas", "Roerich Nicholas", "Roerich Nicholas", "Dali Salvador", "Earle Eyvind", "Roerich Nicholas", "Roerich Nicholas", "Malevich Kazimir", "Chagall Marc", "Cezanne Paul", "Kirchner Ernst Ludwig", "Roerich Nicholas", "Chagall Marc", "Toulouse-Lautrec Henri de"], "style": ["Fauvism", "Magic Realism", "High Renaissance", "Magic Realism", "Pop Art", "Symbolism", "Symbolism", "Symbolism", "Symbolism", "Surrealism", "Magic Realism", "Art Nouveau (Modern)", "Symbolism", "Neo-Suprematism", "Surrealism", "Impressionism", "Expressionism", "Symbolism", "Na\u00efve Art (Primitivism)", "Post-Impressionism"], "High Renaissance": 0.003857676697506141, "scores": [0.007943106398455801, 0.009747740093649562, 0.011150119777565895, 0.011452340853825474, 0.011756330214094462, 0.011802297141459982, 0.012250113171926157, 0.012303969766601688, 0.012532046098654421, 0.012690396343975483, 0.012762163369030733, 0.012773609389620327, 0.012790498596197856, 0.012797186359460809, 0.012839052479840747, 0.01292356981605005, 0.01315873106909331, 0.013386715068607731, 0.01343901727429844, 0.013544317021872875], "Magic Realism": 0.003778958555622709, "title": ["Church tower at Domburg", "Factory", "Madonna of the Stairs", "Antique Shop", "Mimosas", "Black Gobi", "Temple in Naggar", "Tibetian camp", "The Church in the name of St. Sergius in America", "Angelic Landscape", "Copy of Sea mist and Pastures", "Terem of Yaroslavna.  By the monastery wall.", "Temptation of Christ", "Harvesting", "Song of Songs II", "Rose Bouquet", "Still Life with Sculpture", "Great Wall of China", "Moses  breaks Tablets of Law", "Portrait of Cipa Godebsky"], "Na\u00efve Art (Primitivism)": 0.0046495808843912845, "Expressionism": 0.004552608512432757, "year": [1911.0, 1980.0, 1490.0, 1979.0, 1976.0, 1928.0, 1929.0, 1936.0, 1931.0, 1977.0, "unknown", 1908.0, 1933.0, 1929.0, 1957.0, 1884.0, 1912.0, "unknown", 1931.0, 1896.0], "Symbolism": 0.003990101436114616, "Pop Art": 0.0040674111148427585, "Post-Impressionism": 0.004686012096842336, "style_dict": {"Fauvism": 1, "Impressionism": 1, "Neo-Suprematism": 1, "Surrealism": 2, "Art Nouveau (Modern)": 1, "High Renaissance": 1, "Magic Realism": 3, "Na\u00efve Art (Primitivism)": 1, "Expressionism": 1, "Symbolism": 6, "Pop Art": 1, "Post-Impressionism": 1}, "style_counts": [0.0019378858820202627, 0.00021476379435525494, 0.0002584894695193407, 0.0003508146272307444, 0.00026664654127872556, 0.0008283353993362441, 0.0009070535412196712, 3.643121245111569e-05, 0.0001334035844096082, 0.0006959106607277166, 0.0006186009819996174, 0.0]}