{"Fauvism": 0.004312637069916359, "Neo-Suprematism, Cubism": 0.004681639428828079, "style": ["Surrealism", "Surrealism", "Na\u00efve Art (Primitivism)", "Symbolism", "Symbolism", "Symbolism", "Symbolism", "Baroque", "Symbolism", "Fauvism", "Symbolism", "Symbolism", "Realism", "High Renaissance", "Symbolism", "Realism", "Neo-Suprematism, Cubism", "Symbolism", "Cubism, Expressionism", "Surrealism"], "style_labels": ["Fauvism", "Neo-Suprematism, Cubism", "Cubism, Expressionism", "High Renaissance", "Surrealism", "Na\u00efve Art (Primitivism)", "Symbolism", "Baroque", "Realism"], "Cubism, Expressionism": 0.0048228946309930455, "contentId": ["258832.jpg", "221175.jpg", "202661.jpg", "225602.jpg", "225885.jpg", "226060.jpg", "225873.jpg", "186676.jpg", "226067.jpg", "186054.jpg", "225521.jpg", "226327.jpg", "206907.jpg", "224964.jpg", "226357.jpg", "210313.jpg", "219629.jpg", "225780.jpg", "193782.jpg", "258659.jpg"], "artist": ["Beksinski Zdislav", "Dali Salvador", "Chagall Marc", "Roerich Nicholas", "Roerich Nicholas", "Roerich Nicholas", "Roerich Nicholas", "Caravaggio", "Roerich Nicholas", "Mondrian Piet", "Roerich Nicholas", "Roerich Nicholas", "van Gogh Vincent ", "Titian", "Roerich Nicholas", "Levitan Isaac", "Malevich Kazimir", "Roerich Nicholas", "Braque Georges ", "Beksinski Zdislav"], "style_counts": [0.0005102575610766991, 0.00014125520216501375, 0.0, 0.00031735943046962145, 0.001330178572164109, 0.0009966953557779545, 0.0010373809302584025, 0.0006552923649001396, 0.0003777203162831366], "High Renaissance": 0.004505535200523492, "Surrealism": 0.0034927160588289993, "Na\u00efve Art (Primitivism)": 0.003826199275215142, "scores": [0.00815126392801211, 0.009131142044332097, 0.01105913832516462, 0.01147552634768712, 0.011502815143757755, 0.011516360417604765, 0.011770125783225394, 0.012045919888058906, 0.012461825148605495, 0.012465124388942312, 0.01269867056857054, 0.012790690364793869, 0.01287323425970608, 0.013022671697800133, 0.013184895922922798, 0.01330385478313653, 0.013531678385737812, 0.013601212049801473, 0.013939958432731343, 0.014107320687038793], "year": ["unknown", 1957.0, 1918.0, 1940.0, 1938.0, 1939.0, 1940.0, "unknown", 1945.0, 1911.0, 1947.0, 1942.0, 1884.0, 1540.0, 1932.0, 1898.0, 1932.0, "unknown", 1949.0, 1957.0], "Symbolism": 0.0037855137007346885, "title": ["Untitled", "Music - The Red Orchestra", "Interior with Flowers", "Fires of victory (Sentinel lights on the towers in Gobi)", "Hystaspes. Shahnameh.", "Lake Sheshnag", "Human ancestors", "not identified", "Lama", "Evolution", "Covenant of Teacher", "Partisans", "Sower", "Portrait of Benedetto Varchi", "Pilgrim", "Night. Riverbank.", "Boy", "Himalayas", "The Studio (III)", "Untitled"], "Baroque": 0.004167602266092876, "style_dict": {"Fauvism": 1, "Neo-Suprematism, Cubism": 1, "Cubism, Expressionism": 1, "High Renaissance": 1, "Surrealism": 3, "Na\u00efve Art (Primitivism)": 1, "Symbolism": 9, "Baroque": 1, "Realism": 2}, "Realism": 0.004445174314709903}