{"Impressionism": 0.008573869830603402, "style": ["Neoclassicism", "Magic Realism", "Surrealism", "Neoclassicism", "High Renaissance", "Baroque", "Neoplasticism", "Realism", "High Renaissance", "Magic Realism", "Realism", "Neoclassicism", "Neoplasticism", "Post-Impressionism", "Cubism", "Impressionism", "Neoclassicism", "Realism", "Realism", "Expressionism"], "style_labels": ["Impressionism", "Surrealism", "Realism", "High Renaissance", "Magic Realism", "Neoplasticism", "Expressionism", "Baroque", "Post-Impressionism", "Cubism", "Neoclassicism"], "Surrealism": 0.005898169863120452, "contentId": ["193566.jpg", "345397.jpg", "211551.jpg", "232492.jpg", "224991.jpg", "220323.jpg", "186028.jpg", "266174.jpg", "224946.jpg", "278350.jpg", "266130.jpg", "232571.jpg", "186025.jpg", "205938.jpg", "196321.jpg", "251363.jpg", "232386.jpg", "266351.jpg", "266054.jpg", "214023.jpg"], "artist": ["Ingres Jean Auguste Dominique ", "Holbrook Carter Clarence", "Magritte Rene", "Bouguereau William-Adolphe", "Titian", "Rembrandt", "Mondrian Piet", "Sargent John Singer", "Titian", "Earle Eyvind", "Sargent John Singer", "Bouguereau William-Adolphe", "Mondrian Piet", "van Gogh Vincent ", "Leger Fernand ", "Sorolla Joaqu\u00edn", "Bouguereau William-Adolphe", "Sargent John Singer", "Sargent John Singer", "Matisse Henri"], "Realism": 0.007592458825574083, "style_counts": [0.0003520669512034891, 0.0030277669186864475, 0.0013334779562327315, 0.002048885146910373, 0.002458922118662832, 0.0015587497457306698, 0.0, 0.0020522382335308453, 0.0009733441324638603, 0.00046373885378492297, 0.002403621594643801], "High Renaissance": 0.006877051634896493, "Magic Realism": 0.006467014663144082, "Neoplasticism": 0.007367187036076209, "Expressionism": 0.00892593678180688, "year": [1866.0, 1977.0, 1927.0, 1865.0, 1540.0, 1662.0, 1942.0, 1906.0, 1508.0, "unknown", 1908.0, 1861.0, 1943.0, 1888.0, 1952.0, "unknown", 1869.0, 1902.0, 1923.0, 1945.0], "scores": [0.013819523553476822, 0.016589755795232336, 0.01704790359563764, 0.01763003478951763, 0.019695136796149947, 0.019867544156228982, 0.02039922740601914, 0.020419789723407383, 0.020802980994909112, 0.02149370431077239, 0.021496929636030913, 0.02298426995869718, 0.022985237945645786, 0.02298594919571358, 0.024458897900882175, 0.024781671214254043, 0.024995511431196854, 0.025063107398200377, 0.025481818250167432, 0.025799275586901184], "title": ["The Virgin of the Host", "Pilgrimage #6", "The interpretation of dreams", "Soup", "Portrait of Pietro Bembo", "Portrait of a Woman with a Lapdog", "Composition with Red, Yellow and Blue", "Lady Margaret Spicer", "Portrait of a Man", "East River", "H.R.H. the Duchess of Connaught and Strathearn (Princess Louisa Margaret Alexandra Victoria Agnes of Prussia)", "Woman of Cervara and Her Child", "Broadway Boogie Woogie", "Field with Flowers", "The woman with black hair", "Portrait of a woman", "Faneuse", "The Misses Hunter", "Abbott Lawrence Lowell", "Leda and the Swan"], "Baroque": 0.0068736985482760575, "Post-Impressionism": 0.007952592649342978, "style_dict": {"Impressionism": 1, "Surrealism": 1, "Realism": 4, "Neoplasticism": 2, "Magic Realism": 2, "High Renaissance": 2, "Expressionism": 1, "Baroque": 1, "Post-Impressionism": 1, "Cubism": 1, "Neoclassicism": 4}, "Cubism": 0.008462197928021982, "Neoclassicism": 0.00652231518716304}