{"style_labels": ["Neo-Romanticism", "Op Art", "Ukiyo-e", "Art Nouveau (Modern)", "Northern Renaissance", "Purism", "Surrealism", "Color Field Painting", "Mannerism (Late Renaissance)", "Na\u00efve Art (Primitivism)", "Symbolism", "Synthetic Cubism", "Cubism", "Realism", "Regionalism"], "Northern Renaissance": 0.003310639629669601, "Color Field Painting": 0.0017637138787388795, "year": [1961.0, 1914.0, 1933.0, 1899.0, "unknown", 1968.0, 1911.0, 1552.0, 1929.0, "unknown", 1885.0, 1910.0, 1884.0, 1914.0, 1963.0, 1820.0, "unknown", 1893.0, 1812.0, "unknown"], "style": ["Color Field Painting", "Art Nouveau (Modern)", "Surrealism", "Art Nouveau (Modern)", "Regionalism", "Op Art", "Cubism", "Mannerism (Late Renaissance)", "Realism", "Symbolism", "Neo-Romanticism", "Na\u00efve Art (Primitivism)", "Realism", "Synthetic Cubism", "Na\u00efve Art (Primitivism)", "Symbolism", "Purism", "Realism", "Ukiyo-e", "Northern Renaissance"], "Neo-Romanticism": 0.0028575956857982985, "title": ["Untitled (No. 17)", "Sketches of costumes for \"Sister Beatrice\"", "NOT DETECTED", "Family", "Clown Training Dogs", "Metamorphosis III excerpt 2", "The Gray Tree", "Portrait of Cardinal Cristoforo Madruzzo", "Goriano Sicoli", "Fighting on a bridge", "Krigen Mellom Froskene Og Musene 11", "Jungle with Lion", "Weaver with Other Figures in Front of Loom", "The Green Jug", "Clown in Love", "Los", "The birds in the landscape", "Drying House in Tarakanovka", "The giant mountain man", "Noble woman at horses and Lansquenet"], "Art Nouveau (Modern)": 0.0024134028450856575, "Ukiyo-e": 0.0032935832449662063, "Symbolism": 0.0029729535176898306, "style_dict": {"Neo-Romanticism": 1, "Op Art": 1, "Northern Renaissance": 1, "Art Nouveau (Modern)": 2, "Ukiyo-e": 1, "Purism": 1, "Surrealism": 1, "Color Field Painting": 1, "Mannerism (Late Renaissance)": 1, "Na\u00efve Art (Primitivism)": 2, "Symbolism": 2, "Synthetic Cubism": 1, "Cubism": 1, "Realism": 3, "Regionalism": 1}, "Regionalism": 0.0026272666752990767, "Purism": 0.003252549615126852, "scores": [0.005097788784116358, 0.006847481081479052, 0.006993272815918179, 0.00736475373752374, 0.007593777398746204, 0.007783060359423292, 0.007961637432720822, 0.007999661591270505, 0.008033392184020528, 0.008151276682575644, 0.008259513865717324, 0.008330618040746989, 0.0087666095167787, 0.008956823949524299, 0.00902870039422553, 0.009356083758896199, 0.009401077548718693, 0.009417815078599713, 0.009519679993530327, 0.009568979286168832], "Realism": 0.002917240748430366, "style_counts": [0.00045304394387124525, 0.0006178855442614539, 1.7056384703395544e-05, 0.0008972367845839768, 0.0, 5.809001454271101e-05, 0.0008911332818050122, 0.0015469257509307388, 0.0005429466609653266, 0.00036282536729237425, 0.000337686111979818, 0.00021179121162262504, 0.0005561021169878666, 0.0003933988812392375, 0.000683372954370487], "artist": ["Rothko Mark", "Roerich Nicholas", "Escher M.C.", "Vallotton  Felix", "Rockwell Norman", "Escher M.C.", "Mondrian Piet", "Titian", "Escher M.C.", "B\u00f6cklin Arnold", "Kittelsen Theodor Severin", "Rousseau Henri", "van Gogh Vincent ", "Braque Georges ", "Chagall Marc", "Blake William ", "Leger Fernand ", "Roerich Nicholas", "Hokusai Katsushika", "Durer Albrecht"], "Op Art": 0.0026927540854081704, "contentId": ["292727.jpg", "226631.jpg", "204687.jpg", "271105.jpg", "247639.jpg", "204603.jpg", "185975.jpg", "224966.jpg", "204662.jpg", "260601.jpg", "321820.jpg", "191313.jpg", "207408.jpg", "193755.jpg", "202495.jpg", "192911.jpg", "196227.jpg", "225554.jpg", "223617.jpg", "200871.jpg"], "Synthetic Cubism": 0.003098848418047015, "Surrealism": 0.0024195063478645467, "Mannerism (Late Renaissance)": 0.002767692968704232, "Na\u00efve Art (Primitivism)": 0.0029478142623772215, "Cubism": 0.0027545375126817304}