{"style_counts": [0.0, 0.00033987003477797817, 0.0013259107975255313, 0.0009722221138144249, 0.001172341919593145, 0.0009109855827337254, 0.0006248062177001135, 0.0005534524127570606, 0.0005513096528930728, 0.00031731010881319577, 0.00028970122783444907], "style": ["Dada", "Surrealism", "Purism", "Romanticism", "Expressionism", "Na\u00efve Art (Primitivism)", "Surrealism", "Surrealism", "Academicism", "Academicism", "Art Nouveau (Modern)", "Orientalism", "Surrealism", "Realism", "Surrealism", "Na\u00efve Art (Primitivism)", "Expressionism", "Art Nouveau (Modern)", "Art Nouveau (Modern)", "Suprematism"], "Suprematism": 0.004980351318698202, "artist": ["Ray Man", "Delvaux Paul", "Leger Fernand ", "Gerome Jean-Leon", "Dali Salvador", "Kahlo Frida ", "Dali Salvador", "Dali Salvador", "Gerome Jean-Leon", "Gerome Jean-Leon", "Mucha Alphonse", "Gerome Jean-Leon", "Chagall Marc", "van Gogh Vincent ", "Dali Salvador", "Leger Fernand ", "Modigliani Amedeo ", "Toulouse-Lautrec Henri de", "Mucha Alphonse", "Malevich Kazimir"], "contentId": ["210855.jpg", "243178.jpg", "196140.jpg", "279343.jpg", "221663.jpg", "185015.jpg", "221610.jpg", "221418.jpg", "279390.jpg", "279473.jpg", "227829.jpg", "279418.jpg", "202547.jpg", "207318.jpg", "221094.jpg", "196213.jpg", "189591.jpg", "230454.jpg", "227844.jpg", "219844.jpg"], "Orientalism": 0.004640481283920243, "title": ["Lee Miller", "The Deposition", "Sacred Heart of Audincourt", "Dante and Virgil in Hell", "The Pyramids and the Sphynx of Gizeh", "Two Women", "The Hand", "Saint Sebastian", "Nude from behind (Study for King Candaule)", "The Harem Bath", "Spirit Of Spring", "Prayer in the House of an Arnaut Chief", "Double portrait with a glass of wine", "Vase with Gladioli and Lilac", "Landscape Near Port Lligat", "The acrobat and his partner", "Nude on sofa", "In Moulin Rouge", "The Lady of the Camellias", "Suprematism"], "Dada": 0.003654440521172686, "Romanticism": 0.004008129204883797, "Purism": 0.0038080093991050955, "Surrealism": 0.004069365735964458, "style_labels": ["Suprematism", "Orientalism", "Dada", "Romanticism", "Purism", "Surrealism", "Na\u00efve Art (Primitivism)", "Expressionism", "Academicism", "Art Nouveau (Modern)", "Realism"], "Na\u00efve Art (Primitivism)": 0.004355545100998127, "Expressionism": 0.004426898905941214, "year": [1930.0, 1951.0, 1951.0, "unknown", 1954.0, 1929.0, 1930.0, 1982.0, 1859.0, "unknown", 1894.0, "unknown", 1918.0, 1886.0, 1958.0, 1948.0, 1918.0, 1890.0, 1896.0, 1915.0], "scores": [0.010562691673308871, 0.010768117790881031, 0.011006562820976512, 0.011584983455794935, 0.012042660746011576, 0.0120740609527956, 0.012503113910167417, 0.012551746793692867, 0.012982667260036492, 0.01309941858226133, 0.013382733564489217, 0.013412716046088805, 0.013499645103914638, 0.01355772254880559, 0.013570287641883283, 0.013575212588997031, 0.014026806644953583, 0.01422531031803134, 0.014299625253573985, 0.014395066795966204], "Academicism": 0.0044290416658051375, "style_dict": {"Suprematism": 1, "Art Nouveau (Modern)": 3, "Dada": 1, "Romanticism": 1, "Purism": 1, "Surrealism": 5, "Na\u00efve Art (Primitivism)": 2, "Expressionism": 2, "Academicism": 2, "Orientalism": 1, "Realism": 1}, "Art Nouveau (Modern)": 0.004663041209885034, "Realism": 0.004690650090863726}