{"Hard Edge Painting": 0.005904438643058067, "style_counts": [0.0, 0.0003003335582268951, 6.3954240401287166e-06, 3.023556125170135e-05, 0.00021225179687500706, 0.0016173452516351494, 0.0008710811781071914, 0.0008616869097305413, 0.0008910202869419903, 0.0006234540966407742, 0.000396285277991959, 0.0008864702177089345], "Cubism, Surrealism": 0.005604105084831194, "style_labels": ["Hard Edge Painting", "Cubism, Surrealism", "Cubo-Futurism", "Op Art", "Northern Renaissance", "Dada", "Surrealism", "Na\u00efve Art (Primitivism)", "Expressionism", "Pop Art", "Cubism", "Realism"], "Cubo-Futurism": 0.005898043219017957, "artist": ["Escher M.C.", "Chagall Marc", "Roerich Nicholas", "Ernst Max", "Ernst Max", "Escher M.C.", "Chagall Marc", "Warhol Andy", "Chagall Marc", "Leger Fernand ", "Escher M.C.", "Picasso Pablo", "Durer Albrecht", "Chagall Marc", "Escher M.C.", "Malevich Kazimir", "Reinhardt Ad", "Sargent John Singer", "Chagall Marc", "Picasso Pablo"], "Op Art": 0.0058742030818064676, "Northern Renaissance": 0.005692186846183146, "title": ["Mumified Priests in Gangi", "David", "Approach to Gryzovo village", "The postman Cheval", "Petrified Forest", "Merry Christmas & Happy New Year", "The painter in red jacket", "Self-Portrait in Drag", "A green tree with lovers", "The Observatory, study for the City", "NOT DETECTED", "Still life, school of Paris", "Third Knot", "Three nudes", "Plane-filling Motif with Fish and Bird", "Peasant Woman Carrying Buckets with Water", "Number 17", "Study for a devil and victim in Judgement", "Clown with the yellow goat", "Minotaur attacking an amazone"], "Dada": 0.004287093391423018, "style": ["Expressionism", "Na\u00efve Art (Primitivism)", "Realism", "Dada", "Surrealism", "Expressionism", "Surrealism", "Pop Art", "Na\u00efve Art (Primitivism)", "Cubism", "Expressionism", "Cubism, Surrealism", "Northern Renaissance", "Surrealism", "Op Art", "Cubo-Futurism", "Hard Edge Painting", "Realism", "Na\u00efve Art (Primitivism)", "Expressionism"], "scores": [0.012032539225668434, 0.01229802067359351, 0.012386007670633652, 0.012391293662032378, 0.013485692170238405, 0.01482608495710586, 0.014997285405021456, 0.015264008586850652, 0.01572858924443509, 0.015920610924547933, 0.01604954495421998, 0.016197947065478373, 0.016452536100875804, 0.01675279663100264, 0.016978630687800027, 0.017047537547100484, 0.01706602270012579, 0.017164195985015573, 0.01729359242712028, 0.01814568956256589], "Surrealism": 0.005033357464950963, "Na\u00efve Art (Primitivism)": 0.005042751733327536, "Expressionism": 0.005013418356116132, "contentId": ["204616.jpg", "202528.jpg", "225343.jpg", "234477.jpg", "234422.jpg", "204590.jpg", "203235.jpg", "300213.jpg", "202365.jpg", "196280.jpg", "204709.jpg", "224497.jpg", "201305.jpg", "203301.jpg", "204736.jpg", "219744.jpg", "283526.jpg", "266401.jpg", "202497.jpg", "224128.jpg"], "year": [1932.0, 1956.0, 1893.0, 1932.0, 1929.0, 1961.0, 1984.0, 1982.0, 1980.0, "unknown", 1936.0, 1936.0, 1507.0, 1984.0, 1951.0, 1913.0, 1953.0, "unknown", 1982.0, "unknown"], "Pop Art": 0.005280984546417301, "style_dict": {"Hard Edge Painting": 1, "Cubism, Surrealism": 1, "Cubo-Futurism": 1, "Op Art": 1, "Northern Renaissance": 1, "Dada": 1, "Surrealism": 3, "Na\u00efve Art (Primitivism)": 3, "Expressionism": 4, "Pop Art": 1, "Cubism": 1, "Realism": 2}, "Cubism": 0.0055081533650661535, "Realism": 0.005017968425349195}