{"style": ["Surrealism", "Neo-Expressionism", "Purism", "Surrealism", "Expressionism", "Cubism", "Surrealism", "Constructivism", "Na\u00efve Art (Primitivism)", "Surrealism", "Purism", "Constructivism", "Abstract Expressionism", "Surrealism", "Expressionism", "Art Nouveau (Modern)", "Na\u00efve Art (Primitivism)", "Surrealism", "Realism", "Realism"], "Abstract Expressionism": 0.005567601138896435, "Neo-Expressionism": 0.0037994208491145356, "contentId": ["203024.jpg", "231495.jpg", "195924.jpg", "203211.jpg", "223861.jpg", "196128.jpg", "203041.jpg", "219724.jpg", "202380.jpg", "203042.jpg", "195993.jpg", "219655.jpg", "231583.jpg", "202903.jpg", "224361.jpg", "225889.jpg", "203111.jpg", "258661.jpg", "191851.jpg", "322054.jpg"], "Art Nouveau (Modern)": 0.005701217760333041, "artist": ["Chagall Marc", "Twombly Cy", "Leger Fernand ", "Chagall Marc", "Picasso Pablo", "Leger Fernand ", "Chagall Marc", "Malevich Kazimir", "Chagall Marc", "Chagall Marc", "Leger Fernand ", "Malevich Kazimir", "Twombly Cy", "Chagall Marc", "Picasso Pablo", "Roerich Nicholas", "Chagall Marc", "Beksinski Zdislav", "Courbet Gustave", "Kittelsen Theodor Severin"], "style_counts": [0.000457299059531624, 0.0022254793493134972, 0.00032368243809499653, 0.0011058313877608805, 0.0013944928101565779, 0.000607134190573011, 0.0009417360364012417, 0.0007610072512916899, 0.001313811621136085, 0.0], "Purism": 0.004919068810667217, "Surrealism": 0.004630407388271519, "style_labels": ["Abstract Expressionism", "Neo-Expressionism", "Art Nouveau (Modern)", "Purism", "Surrealism", "Na\u00efve Art (Primitivism)", "Expressionism", "Constructivism", "Cubism", "Realism"], "title": ["Song of Songs II", "Fifty Days at Iliam. Shades of Achilles, Patroclus, and Hector", "Birds on a yellow background", "The Jacob's Dream", "Dancer", "Project for female costume Skating Rink", "Song of Songs IV", "Neron", "A tree in blossom", "Song of Songs IV", "Flower lamp", "Fat Man", "Untitled (Peonias series)", "Paradise", "Seated female nude", "Idols", "Table of lovers", "Untitled", "Standing Fermale Nude", "Lava skraedder"], "Na\u00efve Art (Primitivism)": 0.005417766007855001, "Expressionism": 0.0050831641620268375, "year": [1957.0, 1978.0, "unknown", 1963.0, 1919.0, "unknown", 1958.0, 1913.0, 1977.0, 1958.0, 1951.0, 1913.0, 2007.0, 1961.0, 1907.0, "unknown", 1983.0, 1956.0, "unknown", "unknown"], "scores": [0.010700665191216567, 0.010981738718642518, 0.01297459195042773, 0.013327146619164735, 0.01359865819294858, 0.013616797372752024, 0.014695679129622713, 0.015004403823923717, 0.015381179384015377, 0.015523155295791666, 0.01599320394423318, 0.015994019327491386, 0.016092437091096777, 0.016241892841437268, 0.01633547519939889, 0.016478638800082646, 0.01652338344304706, 0.016623154422692743, 0.017738279990086293, 0.017741621989592348], "Constructivism": 0.005263892947136341, "style_dict": {"Abstract Expressionism": 1, "Neo-Expressionism": 1, "Art Nouveau (Modern)": 1, "Purism": 2, "Surrealism": 6, "Na\u00efve Art (Primitivism)": 2, "Expressionism": 2, "Constructivism": 2, "Cubism": 1, "Realism": 2}, "Cubism": 0.004711088577292002, "Realism": 0.0060249001984281}