{"style": ["High Renaissance", "Symbolism", "Symbolism", "Post-Impressionism", "Surrealism, Symbolism", "Realism", "Northern Renaissance", "Expressionism", "Realism", "Symbolism", "New Realism", "Expressionism", "Realism", "Realism", "Metaphysical art", "Realism", "Neoclassicism", "Realism", "Symbolism", "Surrealism"], "style_labels": ["Symbolism", "Northern Renaissance", "High Renaissance", "Surrealism", "Realism", "Expressionism", "Metaphysical art", "New Realism", "Surrealism, Symbolism", "Post-Impressionism", "Neoclassicism"], "Symbolism": 0.002919597239630065, "contentId": ["224843.jpg", "225940.jpg", "225717.jpg", "220845.jpg", "221431.jpg", "277361.jpg", "9223372032559808852.jpg", "189779.jpg", "210235.jpg", "225465.jpg", "235582.jpg", "189454.jpg", "191809.jpg", "229008.jpg", "194528.jpg", "192166.jpg", "232469.jpg", "191829.jpg", "225407.jpg", "220770.jpg"], "artist": ["Titian", "Roerich Nicholas", "Roerich Nicholas", "Dali Salvador", "Dali Salvador", "Zorn Anders", "Bruegel the Elder Pieter", "Modigliani Amedeo ", "Levitan Isaac", "Roerich Nicholas", "Hopper Edward", "Modigliani Amedeo ", "Courbet Gustave", "Shishkin Ivan", "de Chirico Giorgio ", "Manet Edouard", "Bouguereau William-Adolphe", "Courbet Gustave", "Roerich Nicholas", "Dali Salvador"], "Northern Renaissance": 0.0031654563500190893, "style_counts": [0.0006809945721286681, 0.00043513546173967743, 0.0013039425918445202, 0.0, 0.000530955470525396, 0.00037898700891203507, 0.00018905060998741785, 0.00029161923407650114, 0.0006160161010293486, 0.0006591905487799421, 9.152439513970823e-05], "High Renaissance": 0.0022966492199142413, "scores": [0.00663817004303438, 0.0076793164015374026, 0.008161472039765277, 0.008501743139154076, 0.008626533343595085, 0.00874293769699213, 0.009149345634948252, 0.009216758529478527, 0.009223530822202716, 0.009388468760164541, 0.009564160886185693, 0.009754878984464567, 0.009763930926635238, 0.009822774912729614, 0.00986062234049912, 0.010031240749705793, 0.010142509357549491, 0.010164546849392716, 0.010325860019209186, 0.010407048884419803], "Surrealism": 0.0036005918117587945, "year": [1535.0, 1924.0, 1939.0, 1923.0, 1981.0, 1888.0, 1557.0, 1916.0, 1899.0, 1929.0, 1927.0, 1916.0, "unknown", 1860.0, 1910.0, 1881.0, 1879.0, 1857.0, 1940.0, 1932.0], "title": ["Annunciation", "Kangchenjunga", "Himalayas", "Cadaques", "Seated Figure Contemplating a 'Great Tapeworm Masturbator'", "A Fisherman", "Parable of the Sower", "Viking Eggeling", "Huts after sunset", "Castles of King Gesar", "Lighthouse HIll", "A young girl", "Portrait of Paul Chenavard", "View of Valaam Island. Kukko", "Portrait of Andrea, brother of the artist", "The Journalist Henri Rochefort", "Portrait of the Artist", "Seacoast (Souvenir of Les Cabanes)", "Border of Tibet", "Angelus"], "Realism": 0.0030696363412333334, "Expressionism": 0.0032216048028466692, "Metaphysical art": 0.003411541201771374, "New Realism": 0.0033089725776822656, "Surrealism, Symbolism": 0.0029845757107293844, "Post-Impressionism": 0.002941401262978815, "style_dict": {"Surrealism": 1, "Northern Renaissance": 1, "High Renaissance": 1, "New Realism": 1, "Neoclassicism": 1, "Expressionism": 2, "Metaphysical art": 1, "Symbolism": 4, "Surrealism, Symbolism": 1, "Post-Impressionism": 1, "Realism": 6}, "Neoclassicism": 0.0035090674166190967}