{"Impressionism": 0.002202270086069887, "style": ["Realism", "Art Nouveau (Modern)", "Impressionism", "Expressionism", "Realism", "High Renaissance", "Impressionism", "Realism", "Realism", "Neoclassicism", "Symbolism", "Expressionism", "Realism", "Neoclassicism", "Realism", "High Renaissance", "Realism", "Neoclassicism", "Expressionism", "Neoclassicism"], "style_labels": ["Impressionism", "Art Nouveau (Modern)", "High Renaissance", "Neoclassicism", "Expressionism", "Symbolism", "Realism"], "artist": ["Sargent John Singer", "Roerich Nicholas", "Renoir Pierre-Auguste", "Freud Lucian", "Zorn Anders", "Raphael", "Renoir Pierre-Auguste", "Sargent John Singer", "van Gogh Vincent ", "Ingres Jean Auguste Dominique ", "Roerich Nicholas", "Delvaux Paul", "Courbet Gustave", "Ingres Jean Auguste Dominique ", "Corot Camille ", "da Vinci Leonardo", "Sargent John Singer", "Bouguereau William-Adolphe", "Chagall Marc", "Bouguereau William-Adolphe"], "contentId": ["266336.jpg", "226401.jpg", "218784.jpg", "232115.jpg", "277293.jpg", "210545.jpg", "219569.jpg", "266263.jpg", "206343.jpg", "193494.jpg", "225476.jpg", "243049.jpg", "191816.jpg", "193320.jpg", "199606.jpg", "225139.jpg", "266307.jpg", "232522.jpg", "202366.jpg", "232459.jpg"], "Art Nouveau (Modern)": 0.0018665189290460486, "title": ["The Countess of Rocksavage (Sybil Sassoon)", "Prologue. Forest.", "Coco Reading", "Sleeping Head", "Mrs Symons", "Portrait of Cardinal Dovizzi de Bibbiena", "Young Woman Reading", "Mrs. Joseph E. Widener", "New-Born Calf Lying on Straw", "Portrait of Mrs. Devau\u00e7ay", "Charaka", "Girls by the sea", "Reclining nude", "Comtes de Tournon, n\u00e9e Genevi\u00e8ve de Seytres Caumont", "Madame Legois", "Drawing of an equestrian monument", "Rose Marie Ormond", "The Nymphaeum", "A Group of People", "Portrait of a Young Girl"], "style_counts": [0.0007257620672058707, 0.0010615132242296488, 0.000273634193642569, 3.291492400536722e-05, 0.0002094265719210231, 0.0, 0.0005005765315969635], "High Renaissance": 0.002654397959633154, "scores": [0.0049597384194581436, 0.005394933598093294, 0.005857835865959669, 0.0067483125090207745, 0.00681055749855199, 0.006845017172624583, 0.007111063902193144, 0.007883022002340591, 0.008143398768574325, 0.008225770966412749, 0.008463101442040252, 0.008515387816810252, 0.008553971771140938, 0.008586940357087187, 0.008649942074079405, 0.008786408464502871, 0.009001461921185299, 0.00913507392958695, 0.009168943111554514, 0.009309212204325897], "Neoclassicism": 0.002895117229270333, "Expressionism": 0.002718605581354776, "year": [1913.0, 1908.0, 1905.0, 1962.0, 1888.0, 1516.0, "unknown", 1903.0, 1884.0, 1807.0, 1932.0, 1928.0, "unknown", 1812.0, 1838.0, 1500.0, 1912.0, 1878.0, 1914.0, "unknown"], "Symbolism": 0.0029280321532757954, "style_dict": {"Impressionism": 2, "Art Nouveau (Modern)": 1, "High Renaissance": 2, "Neoclassicism": 4, "Expressionism": 3, "Symbolism": 1, "Realism": 7}, "Realism": 0.002427455621678752}