{"style_counts": [0.0019327164003138941, 0.0011099670432835884, 0.0006166354018424247, 0.00010193121512669379, 0.0008956608477931338, 0.00010358257637854695, 0.0007257907529233387, 0.000339138219236812, 0.0], "style": ["Op Art", "Op Art", "Art Nouveau (Modern)", "Purism", "Expressionism", "Northern Renaissance", "Expressionism", "Pop Art", "Expressionism", "Purism", "Expressionism", "Op Art", "Romanticism", "Expressionism", "Expressionism", "Na\u00efve Art (Primitivism)", "Abstract Art", "Na\u00efve Art (Primitivism)", "Art Nouveau (Modern)", "Op Art"], "style_labels": ["Op Art", "Art Nouveau (Modern)", "Northern Renaissance", "Romanticism", "Purism", "Na\u00efve Art (Primitivism)", "Expressionism", "Pop Art", "Abstract Art"], "artist": ["Escher M.C.", "Escher M.C.", "Roerich Nicholas", "Leger Fernand ", "Kirchner Ernst Ludwig", "Durer Albrecht", "Escher M.C.", "Warhol Andy", "Kirchner Ernst Ludwig", "Leger Fernand ", "Escher M.C.", "Escher M.C.", "Delacroix Eugene ", "Kirchner Ernst Ludwig", "Escher M.C.", "Leger Fernand ", "Kandinsky Wassily", "Leger Fernand ", "Roerich Nicholas", "Escher M.C."], "Op Art": 0.0037136612055396934, "contentId": ["204743.jpg", "204754.jpg", "227032.jpg", "196354.jpg", "252180.jpg", "201305.jpg", "204914.jpg", "300238.jpg", "251874.jpg", "196174.jpg", "204492.jpg", "204755.jpg", "187863.jpg", "252075.jpg", "204709.jpg", "196026.jpg", "282902.jpg", "196235.jpg", "227020.jpg", "204479.jpg"], "Art Nouveau (Modern)": 0.004536410562570062, "title": ["Trees and Animals", "Path of Life I", "Vignette for book \"N. K. Roerich\"", "The\u00a0album\u00a0\"Circus\"", "Street in the Rain", "Third Knot", "Young Thrush", "Brillo Soap Pads", "Dance Group of the Mary Wigman School in Dresden", "Still Life with Apples", "Emblemata - Anvil", "Fishes in Waves", "Study of a man in costume", "Painter and Modell", "NOT DETECTED", "Manufacturers on a blue background", "Succession", "The camper", "Vignette for book \"N. K. Roerich\"", "Development II"], "Northern Renaissance": 0.005029742204011227, "Romanticism": 0.005544446390726904, "Purism": 0.00475071675806045, "Na\u00efve Art (Primitivism)": 0.005542795029475071, "Expressionism": 0.004920586852930301, "Pop Art": 0.005307239386616783, "year": [1953.0, 1958.0, 1918.0, 1950.0, 1926.0, 1507.0, 1917.0, 1969.0, 1926.0, "unknown", 1931.0, 1963.0, "unknown", 1936.0, 1936.0, 1951.0, 1935.0, "unknown", 1918.0, 1939.0], "Abstract Art": 0.005646377605853669, "scores": [0.005438060923261, 0.007493296425254448, 0.010205891290955534, 0.012417016615604692, 0.014507413443822373, 0.01453782481597246, 0.01476848576889913, 0.015339894835471312, 0.01535847419423777, 0.015559374587220133, 0.015722930017489246, 0.015756396049238352, 0.016025511260926367, 0.0160421975442431, 0.016171328729348244, 0.016307703787866716, 0.016320130366376806, 0.016333139688766082, 0.016508476880911768, 0.016537546067720656], "style_dict": {"Op Art": 4, "Art Nouveau (Modern)": 2, "Northern Renaissance": 1, "Romanticism": 1, "Purism": 2, "Na\u00efve Art (Primitivism)": 2, "Expressionism": 6, "Abstract Art": 1, "Pop Art": 1}}