{"Impressionism": 0.0032228472958289855, "style": ["Romanticism", "Symbolism", "Surrealism", "Realism", "Surrealism", "Magic Realism", "Realism", "Baroque", "Expressionism, Symbolism", "Romanticism", "Symbolism", "Expressionism", "Baroque", "Abstract Art", "Impressionism", "Surrealism", "Realism", "Realism", "Realism", "High Renaissance"], "style_labels": ["Impressionism", "Surrealism", "Romanticism", "High Renaissance", "Magic Realism", "Expressionism, Symbolism", "Expressionism", "Symbolism", "Abstract Art", "Baroque", "Realism"], "Surrealism": 0.002623277895372267, "contentId": ["194062.jpg", "225879.jpg", "221061.jpg", "266064.jpg", "234174.jpg", "278038.jpg", "215394.jpg", "219968.jpg", "224090.jpg", "187929.jpg", "226676.jpg", "275240.jpg", "220431.jpg", "221717.jpg", "251129.jpg", "202465.jpg", "215221.jpg", "191786.jpg", "215016.jpg", "210537.jpg"], "artist": ["Goya Francisco", "Roerich Nicholas", "Dali Salvador", "Sargent John Singer", "Ernst Max", "Earle Eyvind", "Repin Ilya", "Rembrandt", "Picasso Pablo", "Delacroix Eugene ", "Roerich Nicholas", "Dix Otto ", "Rembrandt", "Dali Salvador", "Sorolla Joaqu\u00edn", "Chagall Marc", "Repin Ilya", "Courbet Gustave", "Repin Ilya", "Raphael"], "Romanticism": 0.0022265300943184593, "High Renaissance": 0.003352442429193564, "scores": [0.005037755628530487, 0.005426402846859231, 0.0068510525695829345, 0.006858337001123669, 0.007071956782766769, 0.00711281019376343, 0.00738878686853049, 0.007439114629148477, 0.007817764821246794, 0.008074008367466318, 0.008431745272103185, 0.00883335452985869, 0.009202372768147428, 0.009313311302601386, 0.009315226803876125, 0.00965290540865276, 0.009654549053718691, 0.00968320954732173, 0.00968500298616499, 0.00968980491731389], "Magic Realism": 0.0024608634423347263, "Expressionism, Symbolism": 0.002704761005185425, "title": ["Self portrait with spectacles", "Hunting", "Imperial Violets", "Beatrice Townsend", "Flowers of seashells", "Early Spring", "Tatyana Repina, the Artist's Mother", "A Portrait of a Young Woman", "Madonna with Garland", "Vase of Flowers on a Console", "Spell words", "The Street of Brothels", "Self-portrait", "The Vertebrated Cavern - Series of Decals", "A Portrait of Basil Mundy", "Bride with Blue Face", "Portrait of sculptor Mark Matveevich Antokolski", "Peasant Wearing Madras", "Jew praying", "Portrait of a Woman (La Muta)"], "Expressionism": 0.0030561309304683653, "year": [1801.0, 1937.0, 1938.0, 1882.0, "unknown", "unknown", 1867.0, 1632.0, 1904.0, 1849.0, 1922.0, 1914.0, 1629.0, 1936.0, 1908.0, "unknown", 1914.0, 1848.0, 1875.0, 1507.0], "Symbolism": 0.0023532748032845303, "Abstract Art": 0.003222184577869088, "Baroque": 0.0028259181995354253, "style_dict": {"Impressionism": 1, "Magic Realism": 1, "Romanticism": 2, "High Renaissance": 1, "Surrealism": 3, "Expressionism, Symbolism": 1, "Expressionism": 1, "Symbolism": 2, "Abstract Art": 1, "Baroque": 2, "Realism": 5}, "Realism": 0.0027996953202534154, "style_counts": [0.000129595133364524, 0.0007291645338212138, 0.0011259123348750233, 0.0, 0.0008915789868587654, 0.0006476814240080619, 0.0002963114987251103, 0.0009991676259090143, 0.00013025785132447787, 0.000526524229658154, 0.0005527471089401548]}