{"scores": [0.007436125203522478, 0.016244453798753222, 0.016472584561613757, 0.016717717317638194, 0.017490981775531243, 0.018551518264234915, 0.02195713044420234, 0.023212718287985268, 0.023735165546358437, 0.023841595629985238, 0.024100736791909258, 0.02529788458112528, 0.026037161928821797, 0.02798425046066194, 0.028026610953421613, 0.028276111757546164, 0.028324216069175984, 0.028616179408799708, 0.029440391350025137, 0.0295798013884775], "year": [1934.0, 1918.0, 1929.0, 1918.0, 1922.0, 1918.0, 1944.0, "unknown", 1941.0, "unknown", 1899.0, 1892.0, 1955.0, 1912.0, "unknown", "unknown", "unknown", 1955.0, 1633.0, 1966.0], "style": ["Surrealism", "Art Nouveau (Modern)", "Cubism, Expressionism", "Art Nouveau (Modern)", "Expressionism", "Art Nouveau (Modern)", "Neo-Romanticism", "Regionalism, Social Realism", "Op Art", "Regionalism", "Art Nouveau (Modern)", "Art Nouveau (Modern)", "Magic Realism", "Analytical Cubism", "Pop Art", "Expressionism", "Regionalism", "Na\u00efve Art (Primitivism)", "Baroque", "Magic Realism"], "Neo-Romanticism": 0.007596645789323804, "Regionalism, Social Realism": 0.008031049370922886, "Art Nouveau (Modern)": 0.00652933838835005, "Expressionism": 0.007771785025416609, "style_dict": {"Neo-Romanticism": 1, "Regionalism, Social Realism": 1, "Op Art": 1, "Art Nouveau (Modern)": 5, "Cubism, Expressionism": 1, "Magic Realism": 2, "Surrealism": 1, "Na\u00efve Art (Primitivism)": 1, "Expressionism": 2, "Pop Art": 1, "Analytical Cubism": 1, "Baroque": 1, "Regionalism": 2}, "Regionalism": 0.008858361825166635, "Cubism, Expressionism": 0.005699123137573063, "Magic Realism": 0.00944440752734571, "Pop Art": 0.00969654193335377, "Baroque": 0.010185676382146123, "style_counts": [0.0005037901734906702, 0.007612953623141849, 0.004486553244573033, 0.001973872664677301, 0.003656337993796055, 0.0021546270112231536, 0.0007412688548004143, 0.000285157761790944, 0.002413891356729425, 0.0004891344487922833, 0.002589030592822228, 0.0, 0.001327314556979431], "Analytical Cubism": 0.009681886208655401, "artist": ["Escher M.C.", "Roerich Nicholas", "Kirchner Ernst Ludwig", "Roerich Nicholas", "Escher M.C.", "Roerich Nicholas", "Spencer Stanley", "Rockwell Norman", "Escher M.C.", "Rockwell Norman", "Mucha Alphonse", "Vallotton  Felix", "Holbrook Carter Clarence", "Braque Georges ", "Warhol Andy", "Kirchner Ernst Ludwig", "Rockwell Norman", "Chagall Marc", "Rembrandt", "Earle Eyvind"], "Op Art": 0.00821180371746876, "contentId": ["204702.jpg", "227018.jpg", "251906.jpg", "227017.jpg", "204440.jpg", "227037.jpg", "298667.jpg", "247825.jpg", "204774.jpg", "247807.jpg", "227630.jpg", "271326.jpg", "345380.jpg", "193741.jpg", "229367.jpg", "252014.jpg", "247791.jpg", "202881.jpg", "220365.jpg", "278013.jpg"], "style_labels": ["Analytical Cubism", "Surrealism", "Cubism, Expressionism", "Op Art", "Art Nouveau (Modern)", "Regionalism, Social Realism", "Magic Realism", "Na\u00efve Art (Primitivism)", "Expressionism", "Pop Art", "Neo-Romanticism", "Baroque", "Regionalism"], "Surrealism": 0.002572722759004213, "Na\u00efve Art (Primitivism)": 0.00990051862035518, "title": ["NOT DETECTED", "Vignette for book \"N. K. Roerich\"", "Entcounter", "Vignette for book \"N. K. Roerich\"", "Bookplate B.G. Escher [Beer]", "Vignette for book \"N. K. Roerich\"", "Self-Portrait", "The Golden Rule", "Plane Filling Motif with Reptiles", "Stilts", "Cover\u00a0for\u00a0the book's\u00a0timeless songs\u00a0of\u00a0Paul\u00a0Redonnel", "The brawl at the scene or cafe", "Pipeline", "The Bottle of Rum", "Paramount", "Nervous People Eating", "Rush", "Notre-Dame in gray", "Portrait of Maertgen van Bilderbeecq", "California landscape"]}