{"Northern Renaissance": 0.0026797345584900984, "year": [1937.0, 1945.0, 1912.0, 1957.0, 1557.0, 1982.0, "unknown", 1979.0, 1856.0, "unknown", 1923.0, 1956.0, 1955.0, 1918.0, 1984.0, 1883.0, 1958.0, 1965.0, "unknown", 1855.0], "Cubism, Surrealism": 0.0034435760349860517, "title": ["Landscape with Steer", "Study\u00a0for a\u00a0Portrait", "Cabin", "The birds", "Parable of the Sower", "El Escorial and Catastrophe-Form Calligraphy", "Rouen burial of Cardinal Bonnechose", "Clowns Making Up", "Christ on the Cross", "A bowl of lip rouge", "Gogol and Chagall", "Driven from Jerusalem by rebelled again Absalom, David, barefoot, climbed to the hill of Olives", "Three Worlds", "Pierre Edouard Baranowski", "Hero and Leandro (A Painting in Four Parts) Part II", "Snowy Yard", "Two seated women", "Untitled (St. John from Behind)", "Homoku view", "Rocky island"], "Art Nouveau (Modern)": 0.002667678730541408, "Ukiyo-e": 0.0033015719643756584, "Expressionism": 0.0027870403739523883, "style_dict": {"Impressionism": 1, "Cubism, Surrealism": 1, "Abstract Expressionism": 1, "Magic Realism": 1, "Op Art": 1, "Ukiyo-e": 2, "Art Nouveau (Modern)": 1, "Northern Renaissance": 1, "Romanticism": 2, "Surrealism": 2, "Na\u00efve Art (Primitivism), Surrealism": 1, "Na\u00efve Art (Primitivism)": 3, "Expressionism": 2, "Realism": 1}, "Impressionism": 0.0030098075570383982, "style": ["Expressionism", "Na\u00efve Art (Primitivism)", "Art Nouveau (Modern)", "Surrealism", "Northern Renaissance", "Na\u00efve Art (Primitivism), Surrealism", "Impressionism", "Magic Realism", "Romanticism", "Ukiyo-e", "Na\u00efve Art (Primitivism)", "Na\u00efve Art (Primitivism)", "Op Art", "Expressionism", "Abstract Expressionism", "Realism", "Cubism, Surrealism", "Surrealism", "Ukiyo-e", "Romanticism"], "Magic Realism": 0.0030874397806887623, "Na\u00efve Art (Primitivism), Surrealism": 0.0026930253165321225, "scores": [0.0065283326866029355, 0.006660632541530502, 0.007710583261897178, 0.007717096773429516, 0.007745429086518128, 0.007783844318203826, 0.008699462759566236, 0.008923848746307927, 0.009274177802190336, 0.00938836261104314, 0.009421580003068766, 0.009650853474860634, 0.009816340895511158, 0.009884207940549112, 0.00991735349397278, 0.009952694732520603, 0.009953214917691739, 0.010039750939794149, 0.010054191757818465, 0.010186219580499279], "Realism": 0.00344339606326798, "style_counts": [0.00043376847794762696, 0.0, 1.24072011224996e-05, 0.0004282566755319239, 4.735516177345467e-05, 0.00014200407061037978, 0.000775897304444606, 0.0007638414764958856, 0.00013897411924201908, 0.0003561362542972013, 0.0007505507184538684, 0.0005802732128760146, 0.0006565356610336304, 1.7997171808392665e-07], "Abstract Expressionism": 0.00343116883386357, "artist": ["Pollock Jackson ", "Leger Fernand ", "Roerich Nicholas", "Chagall Marc", "Bruegel the Elder Pieter", "Dali Salvador", "Pissarro Camille ", "Holbrook Carter Clarence", "Delacroix Eugene ", "Hokusai Katsushika", "Chagall Marc", "Chagall Marc", "Escher M.C.", "Modigliani Amedeo ", "Twombly Cy", "van Gogh Vincent ", "Picasso Pablo", "Dali Salvador", "Hokusai Katsushika", "Aivazovsky Ivan "], "Op Art": 0.003396220873212603, "contentId": ["185285.jpg", "196192.jpg", "225443.jpg", "203132.jpg", "9223372032559808852.jpg", "220945.jpg", "208510.jpg", "345410.jpg", "187733.jpg", "222133.jpg", "202591.jpg", "202552.jpg", "204894.jpg", "189800.jpg", "231501.jpg", "206894.jpg", "224650.jpg", "221790.jpg", "222207.jpg", "196685.jpg"], "style_labels": ["Impressionism", "Cubism, Surrealism", "Abstract Expressionism", "Surrealism", "Op Art", "Ukiyo-e", "Art Nouveau (Modern)", "Northern Renaissance", "Romanticism", "Magic Realism", "Na\u00efve Art (Primitivism), Surrealism", "Na\u00efve Art (Primitivism)", "Expressionism", "Realism"], "Romanticism": 0.0033046019157440274, "Surrealism": 0.0030153193594540995, "Na\u00efve Art (Primitivism)": 0.002863302822110051}