{"Impressionism": 0.004123757037898417, "style": ["Baroque", "Realism", "Impressionism", "Pop Art", "Baroque", "Realism", "Symbolism", "Baroque", "Realism", "Romanticism", "Post-Impressionism", "Baroque", "Baroque", "Expressionism", "Japonism", "Surrealism", "Impressionism", "Surrealism", "Baroque", "Baroque"], "style_labels": ["Impressionism", "Romanticism", "Surrealism", "Japonism", "Expressionism", "Symbolism", "Pop Art", "Baroque", "Post-Impressionism", "Realism"], "artist": ["Rubens Peter Paul", "Sargent John Singer", "Sorolla Joaqu\u00edn", "Warhol Andy", "Rubens Peter Paul", "Repin Ilya", "Roerich Nicholas", "Rembrandt", "Courbet Gustave", "Alma-Tadema Lawrence ", "van Gogh Vincent ", "Rubens Peter Paul", "Rubens Peter Paul", "Dali Salvador", "Bonnard Pierre", "Chagall Marc", "Sorolla Joaqu\u00edn", "Delvaux Paul", "Rubens Peter Paul", "Rubens Peter Paul"], "contentId": ["216669.jpg", "266350.jpg", "251365.jpg", "229264.jpg", "216367.jpg", "215369.jpg", "225476.jpg", "220111.jpg", "191779.jpg", "214620.jpg", "207330.jpg", "216573.jpg", "216423.jpg", "221708.jpg", "221907.jpg", "202428.jpg", "251124.jpg", "243073.jpg", "216432.jpg", "216675.jpg"], "title": ["The Last Supper", "The Marlborough Family", "Rump of Valencia", "Big electric chair", "Aeneas And His Family Departing From Troy", "Send off of recruit", "Charaka", "Danae", "Marc Trapadoux is Examining the Book of Prints", "The Roman Potter", "Vase with Zinnias", "Return of the Prodigal Son", "Descent from the Cross (outside left)", "The Truck (We'll be arriving later, about five o'clock)", "Intimit", "Artist and His Model", "An Arab Examining a Pistol", "Nodes Rose", "Education of Marie de Medici", "The Martyrdom of St. Sebastian"], "Romanticism": 0.004317892554356685, "scores": [0.00917752313355636, 0.010416745843682535, 0.010840936983793343, 0.011274804399590135, 0.011337994204270785, 0.011740969525855969, 0.012058653929621934, 0.01218580413222467, 0.012203211540808844, 0.01248031469274269, 0.012546081933973472, 0.012625480035649249, 0.012869923637338652, 0.013202917653509713, 0.013273893608589573, 0.013373486634192975, 0.013443364942206734, 0.01345810388816951, 0.01357036977928044, 0.013701682754221265], "Surrealism": 0.004556316281677266, "Japonism": 0.0045924520167092055, "Expressionism": 0.004567896021486113, "year": [1632.0, 1905.0, 1906.0, 1967.0, 1603.0, 1879.0, 1932.0, 1643.0, 1848.0, 1884.0, 1886.0, 1618.0, 1614.0, 1983.0, 1896.0, 1973.0, 1881.0, 1937.0, 1624.0, 1608.0], "Symbolism": 0.004172007942119927, "Pop Art": 0.0039008146162474292, "Baroque": 0.003841918996389775, "Post-Impressionism": 0.004340646458262337, "style_dict": {"Impressionism": 2, "Romanticism": 1, "Surrealism": 2, "Japonism": 1, "Expressionism": 1, "Symbolism": 1, "Pop Art": 1, "Baroque": 7, "Post-Impressionism": 1, "Realism": 3}, "Realism": 0.0038233197287223116, "style_counts": [0.0004686949788107464, 0.0002745594623525527, 3.6135735031916916e-05, 0.0, 2.4555995223107807e-05, 0.000420444074589299, 0.000691637400461742, 0.000750533020319466, 0.00025180555844683816, 0.0007691322879869178]}