{"Abstract Expressionism, Surrealism": 0.006252776922594691, "style_counts": [0.0019216914445782107, 0.0006673153617465788, 0.0007342094648217223, 0.0014143963302559737, 0.0012746759769006744, 0.0029089977486675966, 0.0015866762394771694, 0.0004378848848894945, 0.0001644851807487413, 0.0], "style": ["Expressionism", "High Renaissance", "Abstract Expressionism, Surrealism", "Surrealism", "Magic Realism", "Magic Realism", "Expressionism", "Magic Realism", "Cubism, Expressionism", "Romanticism", "Magic Realism", "High Renaissance", "Baroque", "Cubism", "Neoclassicism", "Cubism, Expressionism", "Magic Realism", "Magic Realism", "Magic Realism", "Neoclassicism"], "style_labels": ["Abstract Expressionism, Surrealism", "Cubism, Expressionism", "Romanticism", "High Renaissance", "Magic Realism", "Expressionism", "Surrealism", "Baroque", "Cubism", "Neoclassicism"], "Cubism, Expressionism": 0.007507153005426377, "contentId": ["231992.jpg", "199195.jpg", "221404.jpg", "224269.jpg", "278112.jpg", "278138.jpg", "185328.jpg", "278084.jpg", "193787.jpg", "193889.jpg", "278103.jpg", "210591.jpg", "220365.jpg", "203304.jpg", "193565.jpg", "224051.jpg", "278028.jpg", "278055.jpg", "278075.jpg", "232555.jpg"], "artist": ["Freud Lucian", "Perugino Pietro ", "Dali Salvador", "Picasso Pablo", "Earle Eyvind", "Earle Eyvind", "Munch Edvard ", "Earle Eyvind", "Braque Georges ", "Goya Francisco", "Earle Eyvind", "Raphael", "Rembrandt", "Chagall Marc", "Ingres Jean Auguste Dominique ", "Picasso Pablo", "Earle Eyvind", "Earle Eyvind", "Earle Eyvind", "Bouguereau William-Adolphe"], "year": [1998.0, 1500.0, 1955.0, 1937.0, 1998.0, 1985.0, 1894.0, 1975.0, 1954.0, 1803.0, 1986.0, "unknown", 1633.0, 1912.0, 1854.0, 1920.0, 1994.0, 1990.0, 1970.0, 1884.0], "Romanticism": 0.007440258902351268, "High Renaissance": 0.006760072036916934, "Magic Realism": 0.006899792390272308, "Expressionism": 0.005265470618505404, "Surrealism": 0.006587792127695746, "scores": [0.010874584102556137, 0.017725527377617328, 0.018072849825492586, 0.019041168312782467, 0.019299525845599488, 0.019481052212401748, 0.02013312976300974, 0.020385341874696136, 0.02080804580360114, 0.021505114202791623, 0.022002553941105837, 0.022083711837325257, 0.022361602399797967, 0.02315182918326352, 0.02324838155886201, 0.02340066205988669, 0.0240251383575496, 0.024086232861195465, 0.024215536349025322, 0.024890065029671938], "title": ["Grand Interior,  Notting Hill", "Virgin and Child between Sts John the Baptist and Catherine", "Rhinocerotic Portrait of Vermeer's 'Lacemaker'", "Portrait of Dora Maar", "Of the hills and Valley's", "Santa Ynez", "Anxiety", "Jewel Tree", "The Studio (VIII)", "Count Fernand Nunez VII", "Morning Mist", "The Alba Madonna", "Portrait of Maertgen van Bilderbeecq", "To Russia, with Asses and Others", "The Virgin of the Host", "Landscape of Juan-les-Pins", "Crimson Autumn", "Fog Draped hills", "Green Hillside", "The\u00a0Knitter"], "Baroque": 0.007736583482283422, "style_dict": {"Abstract Expressionism, Surrealism": 1, "Cubism, Expressionism": 2, "Romanticism": 1, "High Renaissance": 2, "Surrealism": 1, "Magic Realism": 7, "Expressionism": 2, "Baroque": 1, "Cubism": 1, "Neoclassicism": 2}, "Cubism": 0.00800998318642416, "Neoclassicism": 0.008174468367172914}