{"Impressionism": 0.0027870252025566644, "style": ["Realism", "Realism", "Suprematism", "Mannerism (Late Renaissance)", "Symbolism", "Impressionism", "Impressionism", "Romanticism", "Expressionism", "Realism", "Realism", "Baroque", "Realism", "Realism", "Northern Renaissance", "Realism", "Romanticism", "Expressionism", "Impressionism", "Romanticism"], "Suprematism": 0.002487754019938189, "artist": ["Levitan Isaac", "Corot Camille ", "Malevich Kazimir", "Titian", "B\u00f6cklin Arnold", "Sargent John Singer", "Degas Edgar", "Dore Gustave ", "Chagall Marc", "Kustodiev Boris", "van Gogh Vincent ", "Rembrandt", "Courbet Gustave", "Repin Ilya", "Bosch Hieronymus", "Corot Camille ", "Delacroix Eugene ", "Serebriakova Zinaida", "Monet Claude", "B\u00f6cklin Arnold"], "contentId": ["210324.jpg", "199633.jpg", "219625.jpg", "224966.jpg", "260601.jpg", "265850.jpg", "213723.jpg", "201362.jpg", "203351.jpg", "229970.jpg", "207192.jpg", "220569.jpg", "191899.jpg", "215008.jpg", "195336.jpg", "199754.jpg", "187961.jpg", "227348.jpg", "212808.jpg", "260649.jpg"], "title": ["Overgrown Pond", "Mount Soracte", "Black Suprematistic Square", "Portrait of Cardinal Cristoforo Madruzzo", "Fighting on a bridge", "Fountain at Bologna", "The Fallen Jockey", "A Canyon", "Wounded Soldier", "Portrait of a priest and a deacon", "The State Lottery", "The Ascension Of Christ", "The Glacier", "In the township board", "Hermit Saints Triptych", "The Artist's Studio", "The Crusaders' entry into Constantinople, 12th April 1204, 1840 (oil on canvas)", "Pears on the branches", "Valley of the Creuse, Sunset", "Roman Landscape"], "Northern Renaissance": 0.003130850255322004, "Romanticism": 0.002948066596887687, "scores": [0.006837449235801197, 0.006910764241708722, 0.007190533959821993, 0.007502141610008641, 0.007612931423313226, 0.007864621237221918, 0.007913393515848677, 0.0080118794719201, 0.008124949065149961, 0.008330569416548982, 0.008392229915586974, 0.008595182824667718, 0.008978766471823128, 0.009033328418447815, 0.009049321156184717, 0.009087960797405495, 0.009144331444144078, 0.009158271199842784, 0.009269529286451448, 0.009338643830584607], "style_labels": ["Impressionism", "Suprematism", "Northern Renaissance", "Romanticism", "Mannerism (Late Renaissance)", "Expressionism", "Symbolism", "Baroque", "Realism"], "Mannerism (Late Renaissance)": 0.0025955628681721132, "Expressionism": 0.002934891907640341, "year": [1887.0, 1827.0, 1915.0, 1552.0, "unknown", 1906.0, 1898.0, 1878.0, 1914.0, 1907.0, 1882.0, 1636.0, 1873.0, 1877.0, 1505.0, 1870.0, 1840.0, 1930.0, 1889.0, 1852.0], "Symbolism": 0.00263389351301111, "Baroque": 0.002973729175559048, "style_dict": {"Impressionism": 3, "Suprematism": 1, "Northern Renaissance": 1, "Romanticism": 3, "Mannerism (Late Renaissance)": 1, "Expressionism": 2, "Symbolism": 1, "Baroque": 1, "Realism": 7}, "Realism": 0.002587885163625402, "style_counts": [0.00034382505276531194, 0.0006430962353838332, 0.0, 0.00018278365843427125, 0.0005352873871499186, 0.00019595834768171283, 0.0004969567423108723, 0.0001571210797629563, 0.0005429650916966011]}