{"style_counts": [0.0, 0.0016906084654600972, 0.001063872872970717, 9.750813123288182e-05, 0.000509966083492186, 0.0010293807961334611, 0.001203183411605857], "style": ["Romanticism", "Surrealism", "Surrealism", "Expressionism", "Realism", "Magic Realism", "Surrealism", "Surrealism", "Expressionism", "Surrealism", "Surrealism", "High Renaissance", "Romanticism", "Analytical Cubism", "Romanticism", "Expressionism", "Magic Realism", "Romanticism", "Romanticism", "Magic Realism"], "style_labels": ["Analytical Cubism", "Surrealism", "Romanticism", "High Renaissance", "Magic Realism", "Expressionism", "Realism"], "Analytical Cubism": 0.007722187734262743, "Surrealism": 0.006031579268802595, "contentId": ["193891.jpg", "220861.jpg", "258479.jpg", "204519.jpg", "215438.jpg", "278180.jpg", "224114.jpg", "204427.jpg", "204833.jpg", "224105.jpg", "211591.jpg", "225026.jpg", "194179.jpg", "224596.jpg", "193943.jpg", "204434.jpg", "277988.jpg", "194177.jpg", "194074.jpg", "278081.jpg"], "artist": ["Goya Francisco", "Dali Salvador", "Beksinski Zdislav", "Escher M.C.", "Repin Ilya", "Earle Eyvind", "Picasso Pablo", "Escher M.C.", "Escher M.C.", "Picasso Pablo", "Magritte Rene", "Titian", "Goya Francisco", "Picasso Pablo", "Goya Francisco", "Escher M.C.", "Earle Eyvind", "Goya Francisco", "Goya Francisco", "Earle Eyvind"], "Romanticism": 0.006658314861292011, "High Renaissance": 0.0076246796030297785, "Magic Realism": 0.007212221650770565, "Expressionism": 0.00669280693812928, "year": [1780.0, 1951.0, "unknown", 1920.0, 1879.0, 1999.0, 1938.0, 1960.0, 1919.0, 1938.0, 1927.0, "unknown", 1799.0, 1912.0, 1799.0, 1926.0, "unknown", 1799.0, 1799.0, "unknown"], "scores": [0.012410366048394007, 0.015658858436492177, 0.01659601444190987, 0.016674109207966054, 0.018842345983810432, 0.0191234106284308, 0.019268149159601566, 0.019794848318310746, 0.020766476979636767, 0.02090509062468433, 0.021248930480493568, 0.02203815858760421, 0.02209072725122395, 0.022319993336285204, 0.022630015565387695, 0.022708987048057037, 0.022755661852889617, 0.022886280019507876, 0.022888280635887444, 0.02293858300839425], "title": ["Crucified Christ", "Celestial Coronation", "Untitled", "Father with Magnifying Glass", "Warrior XVII century", "Waves of Golden Fire", "Man with straw hat", "Ascending & Descending", "Self Portrait", "Man with a straw hat and an ice-cream", "The pipe", "St Luke", "This certainly is reading", "The shell Saint Jacques (Our future is in the air)", "Hush", "Birds", "As the Shadows Deepened", "They spruce themselves up", "Sleep overcomes them", "High Country Valley"], "style_dict": {"Analytical Cubism": 1, "Magic Realism": 3, "Romanticism": 5, "High Renaissance": 1, "Surrealism": 6, "Expressionism": 3, "Realism": 1}, "Realism": 0.00651900432265687}