{"High Renaissance": 0.004373767599415044, "year": [1895.0, 1931.0, 1808.0, 1509.0, 1923.0, 1912.0, "unknown", 1808.0, 1926.0, 1890.0, 2002.0, "unknown", 1913.0, 1887.0, 1756.0, 1886.0, 1888.0, 1631.0, 1808.0, 1874.0], "style": ["Impressionism", "Surrealism", "Symbolism", "High Renaissance", "Neoclassicism", "Cubism", "Neoclassicism", "Symbolism", "Surrealism", "Post-Impressionism", "Expressionism", "Regionalism", "Art Nouveau (Modern)", "Realism", "Neoclassicism", "Romanticism", "Post-Impressionism", "Baroque", "Symbolism", "Realism"], "title": ["The White Dory", "Weather Vane", "Illustration to Milton`s Paradise Lost", "Ignudo", "Seated woman with her arms folded (Sarah Murphy)", "Still Life with Gingerpot 2", "Plan and sections of the Hypogeum of the Scipios", "NOT DETECTED", "Polar light", "Couple Walking between Rows of Trees", "Eli", "The Land of Enchantment", "The saviour over the door", "Thaw", "The Roman antiquities, t. 2, Plate XXXIV. Grand marble urn believed to Alexander Severus and his mother Julia Mamea (figures carved from Barbault).", "Tempest", "The Viaduct and the Trinquetaille Bridge", "Beggar Man and Woman", "Illustration to Milton`s Paradise Lost", "The old churchyard on the banks of the Volga"], "Art Nouveau (Modern)": 0.0049251801693202335, "Expressionism": 0.004865994575427669, "Symbolism": 0.004499116413902168, "style_dict": {"Impressionism": 1, "Art Nouveau (Modern)": 1, "Romanticism": 1, "High Renaissance": 1, "Surrealism": 2, "Realism": 2, "Expressionism": 1, "Symbolism": 3, "Baroque": 1, "Post-Impressionism": 2, "Cubism": 1, "Neoclassicism": 3, "Regionalism": 1}, "Neoclassicism": 0.004548804205311984, "Regionalism": 0.004886771678647056, "Impressionism": 0.0037632809161139897, "scores": [0.01087728087696548, 0.011480110814052764, 0.01172491859053642, 0.012641814344950549, 0.012832081870925962, 0.01305929372399861, 0.013440424612995432, 0.013907650867673918, 0.013934934027609753, 0.014034759636159275, 0.014064533294892073, 0.014124586847248282, 0.014235601663953452, 0.014399223323917961, 0.014608492207872279, 0.014695762616772686, 0.014737826410288462, 0.014739101986958863, 0.014801875272599319, 0.014929875223242652], "Baroque": 0.005099379326099947, "Post-Impressionism": 0.0048859199069890644, "Realism": 0.004980422205160382, "style_counts": [0.0013360984099859419, 0.00017419915677974185, 1.4994393045753007e-05, 0.0007256117266849493, 0.000783608983856765, 0.00011895712093956679, 0.00023338475067224973, 0.0006002629121977243, 0.0, 0.00021345941911088406, 0.0005811737740556433, 0.0005505751207879328, 0.0002126076474529004], "artist": ["Hassam Childe", "Escher M.C.", "Blake William ", "Michelangelo", "Picasso Pablo", "Mondrian Piet", "Piranesi Giovanni Battista", "Blake William ", "Magritte Rene", "van Gogh Vincent ", "Freud Lucian", "Rockwell Norman", "Roerich Nicholas", "Savrasov Aleksey", "Piranesi Giovanni Battista", "Aivazovsky Ivan ", "van Gogh Vincent ", "Rembrandt", "Blake William ", "Savrasov Aleksey"], "contentId": ["244378.jpg", "204909.jpg", "192902.jpg", "193132.jpg", "224409.jpg", "185985.jpg", "261974.jpg", "192944.jpg", "211420.jpg", "205836.jpg", "231946.jpg", "247827.jpg", "226869.jpg", "237206.jpg", "262294.jpg", "196844.jpg", "207200.jpg", "220054.jpg", "192903.jpg", "237211.jpg"], "style_labels": ["Impressionism", "Art Nouveau (Modern)", "Romanticism", "High Renaissance", "Surrealism", "Realism", "Expressionism", "Symbolism", "Baroque", "Post-Impressionism", "Cubism", "Neoclassicism", "Regionalism"], "Romanticism": 0.0050843849330542154, "Surrealism": 0.004315770342243163, "Cubism": 0.004518205552044341}