{"Impressionism": 0.0038052091349773847, "style": ["Northern Renaissance", "Baroque", "Surrealism", "Magic Realism", "Post-Impressionism", "Realism", "Post-Impressionism", "Art Nouveau (Modern)", "Realism", "Romanticism", "Realism", "Baroque", "Post-Impressionism", "Romanticism", "High Renaissance", "Neoclassicism", "Realism", "Impressionism", "Art Nouveau (Modern)", "Impressionism"], "style_labels": ["Impressionism", "Surrealism", "Art Nouveau (Modern)", "Northern Renaissance", "Romanticism", "High Renaissance", "Magic Realism", "Realism", "Baroque", "Post-Impressionism", "Neoclassicism"], "Surrealism": 0.002974228324307163, "contentId": ["9223372032559808852.jpg", "216505.jpg", "258934.jpg", "278383.jpg", "207322.jpg", "210184.jpg", "206672.jpg", "227826.jpg", "206829.jpg", "187731.jpg", "199541.jpg", "216689.jpg", "215766.jpg", "279401.jpg", "224942.jpg", "232488.jpg", "212844.jpg", "213483.jpg", "226454.jpg", "213477.jpg"], "Art Nouveau (Modern)": 0.003547189565224788, "artist": ["Bruegel the Elder Pieter", "Rubens Peter Paul", "Beksinski Zdislav", "Earle Eyvind", "van Gogh Vincent ", "Levitan Isaac", "van Gogh Vincent ", "Mucha Alphonse", "van Gogh Vincent ", "Delacroix Eugene ", "Corot Camille ", "Rubens Peter Paul", "Cezanne Paul", "Gerome Jean-Leon", "Titian", "Bouguereau William-Adolphe", "Monet Claude", "Degas Edgar", "Roerich Nicholas", "Degas Edgar"], "Northern Renaissance": 0.0014866985426985428, "Romanticism": 0.0035876234033706176, "High Renaissance": 0.0037468754936852513, "Magic Realism": 0.003139876007349769, "Realism": 0.0033998590697717516, "scores": [0.004297111480321253, 0.008528743686931612, 0.008596625550112258, 0.009075408934939543, 0.009420352929098444, 0.009553831549867876, 0.009589246840925623, 0.009732925221908417, 0.010318529754336258, 0.010363368762906618, 0.010459217822336202, 0.010514966040242416, 0.010587960963440366, 0.010763707620001804, 0.010829863107301099, 0.010889792021913314, 0.011072209765529993, 0.011093364577587037, 0.011156041222772233, 0.011315047624228209], "year": [1557.0, 1638.0, "unknown", "unknown", 1886.0, 1898.0, 1888.0, 1907.0, 1883.0, 1853.0, 1873.0, 1637.0, 1887.0, "unknown", 1515.0, 1872.0, 1858.0, 1872.0, 1903.0, 1886.0], "title": ["Parable of the Sower", "Mercury and Argus", "Untitled", "Morning Fog", "Vase with Myosotis and Peonies", "Felling. Firewood.", "Portrait of Postman Roulin", "Self-portrait", "Shepherd with Flock near a Little Church at Zweeloo", "Christ on the Cross", "Gisors, River Bordered by Trees", "The Rape of the Sabine Women", "Portrait of Madame Cezanne", "Pifferari", "Portrait of a Bearded Man", "Small\u00a0marauding", "View At Rouelles Le Havre", "Henri Rouart and His Daughter Helene", "Rostov the Great", "Harlequin and Colombina"], "Baroque": 0.003233843503281775, "Post-Impressionism": 0.003293302831136211, "style_dict": {"Impressionism": 2, "Magic Realism": 1, "Art Nouveau (Modern)": 2, "Northern Renaissance": 1, "Romanticism": 2, "High Renaissance": 1, "Surrealism": 1, "Neoclassicism": 1, "Baroque": 2, "Post-Impressionism": 3, "Realism": 4}, "Neoclassicism": 0.003767609475204582, "style_counts": [0.0, 0.0008309808106702343, 0.00025801956975257667, 0.002318510592278833, 0.00021758573160679529, 5.8333641292152016e-05, 0.0006653331276276209, 0.0004053500652055897, 0.0005713656316955751, 0.0005119063038412364, 3.759965977279123e-05]}