{"Fauvism": 0.0019046555098366567, "Impressionism": 0.0017250343685095012, "style": ["Baroque", "Impressionism", "Art Nouveau (Modern)", "Romanticism", "Magic Realism", "Post-Impressionism", "Neoclassicism", "Impressionism", "Magic Realism", "Surrealism", "Impressionism", "Fauvism", "Realism", "Surrealism", "Impressionism", "Realism", "Post-Impressionism", "Impressionism", "Expressionism", "Neo-Romanticism, Symbolism"], "style_labels": ["Fauvism", "Impressionism", "Neo-Romanticism, Symbolism", "Surrealism", "Art Nouveau (Modern)", "Romanticism", "Magic Realism", "Realism", "Expressionism", "Baroque", "Post-Impressionism", "Neoclassicism"], "Neo-Romanticism, Symbolism": 0.0022318347403671606, "Surrealism": 0.0018867540706494444, "contentId": ["186688.jpg", "218794.jpg", "227604.jpg", "193967.jpg", "278217.jpg", "214230.jpg", "224450.jpg", "218881.jpg", "278185.jpg", "227894.jpg", "218536.jpg", "186005.jpg", "215093.jpg", "234436.jpg", "218887.jpg", "266040.jpg", "224790.jpg", "219522.jpg", "214337.jpg", "321725.jpg"], "Art Nouveau (Modern)": 0.0014200678110116985, "artist": ["Caravaggio", "Renoir Pierre-Auguste", "Mucha Alphonse", "Goya Francisco", "Earle Eyvind", "Matisse Henri", "Picasso Pablo", "Renoir Pierre-Auguste", "Earle Eyvind", "Miro Joan", "Renoir Pierre-Auguste", "Mondrian Piet", "Repin Ilya", "Ernst Max", "Renoir Pierre-Auguste", "Sargent John Singer", "Picasso Pablo", "Renoir Pierre-Auguste", "Matisse Henri", "Kittelsen Theodor Severin"], "Romanticism": 0.0014238287243724386, "Magic Realism": 0.0016035425570862939, "Realism": 0.002032052730077317, "Expressionism": 0.002211926704237862, "year": [1606.0, 1887.0, "unknown", 1823.0, 1981.0, 1940.0, 1923.0, 1915.0, 1982.0, 1926.0, 1901.0, 1910.0, 1907.0, 1968.0, "unknown", 1875.0, 1902.0, 1913.0, 1917.0, 1908.0], "scores": [0.0040754051665670265, 0.004076285672568339, 0.004104523895245641, 0.004115394333007419, 0.004413665084548633, 0.004869170038037723, 0.0049893785685806704, 0.004995433374094242, 0.005029401335125588, 0.0051118474193488, 0.005113506344700898, 0.005505162494153193, 0.005716131399912558, 0.005999017040093552, 0.006126968244391386, 0.00625037913240991, 0.006321220558727619, 0.006348578697070246, 0.0063932904764654585, 0.0064508321018487596], "title": ["Saint Francis in Meditation", "Nude (Study for The Large Bathers )", "Dawn", "Loyalty", "Winter", "Still Life with Two Vases", "Standing female nude", "Portrait of a Woman", "Winter Barns", "Dog Barking-at the Moon", "Head of a Little Girl in Profile", "Dune in Zeeland", "Portrait of a Woman (Olga Shoofs)", "Sign for a School of Monsters", "Portrait of a Woman with Hair Bun", "Violet Sargent", "Woman with green stockings", "Young Girl Wearing a Red Hat", "Woman in Turban (Lorette)", "Svelgfoss power plant"], "Baroque": 0.001409993422276386, "Post-Impressionism": 0.0019002585341288511, "style_dict": {"Fauvism": 1, "Impressionism": 5, "Neo-Romanticism, Symbolism": 1, "Surrealism": 2, "Art Nouveau (Modern)": 1, "Romanticism": 1, "Magic Realism": 2, "Realism": 2, "Expressionism": 1, "Baroque": 1, "Post-Impressionism": 2, "Neoclassicism": 1}, "Neoclassicism": 0.0017262065182273732, "style_counts": [0.00032717923053049436, 0.0005068003718576852, 0.0, 0.00034508066971772333, 0.000811766929355473, 0.0008080060159947333, 0.0006282921832808652, 0.00019978201028980624, 1.990803612927916e-05, 0.0008218413180907103, 0.0003315762062382488, 0.0005056282221397312]}