{"Impressionism": 0.002475272281628318, "style": ["Art Nouveau (Modern)", "Surrealism", "Impressionism", "Impressionism", "Romanticism", "Northern Renaissance", "Surrealism", "Post-Impressionism", "Impressionism", "Cubism, Expressionism", "Post-Impressionism", "Impressionism", "Neo-Romanticism", "Intimism", "Impressionism", "Neoclassicism", "Baroque", "Surrealism", "Surrealism", "Baroque"], "style_labels": ["Impressionism", "Neo-Romanticism", "Cubism, Expressionism", "Art Nouveau (Modern)", "Northern Renaissance", "Romanticism", "Surrealism", "Intimism", "Baroque", "Post-Impressionism", "Neoclassicism"], "Neo-Romanticism": 0.0027809723148592967, "Cubism, Expressionism": 0.0027254699229071542, "contentId": ["226401.jpg", "221032.jpg", "230411.jpg", "251295.jpg", "187910.jpg", "195435.jpg", "258685.jpg", "207251.jpg", "212557.jpg", "193820.jpg", "205700.jpg", "212556.jpg", "298602.jpg", "221965.jpg", "218263.jpg", "193365.jpg", "216521.jpg", "243148.jpg", "234169.jpg", "216359.jpg"], "Art Nouveau (Modern)": 0.0019052021538201057, "artist": ["Roerich Nicholas", "Dali Salvador", "Toulouse-Lautrec Henri de", "Sorolla Joaqu\u00edn", "Delacroix Eugene ", "Bosch Hieronymus", "Beksinski Zdislav", "van Gogh Vincent ", "Monet Claude", "Braque Georges ", "van Gogh Vincent ", "Monet Claude", "Spencer Stanley", "Bonnard Pierre", "Renoir Pierre-Auguste", "Ingres Jean Auguste Dominique ", "Rubens Peter Paul", "Delvaux Paul", "Ernst Max", "Rubens Peter Paul"], "Northern Renaissance": 0.0026303936275486354, "Romanticism": 0.0025648742787381996, "Surrealism": 0.0025282604185392827, "Intimism": 0.0027914686411654697, "year": [1908.0, 1981.0, 1881.0, 1907.0, 1863.0, "unknown", "unknown", 1889.0, 1905.0, 1945.0, 1887.0, 1900.0, 1914.0, 1930.0, 1895.0, 1851.0, 1640.0, 1961.0, 1919.0, 1619.0], "scores": [0.005506742498484578, 0.006113521937780981, 0.006885441177380554, 0.007326277949827823, 0.007413440177819188, 0.0076028154532166185, 0.007764195395794721, 0.007840825190735779, 0.007873545284906178, 0.007877621292166275, 0.00794259572280404, 0.00803660268921155, 0.008038043838360431, 0.008068382123477456, 0.008133991429345061, 0.00839789484888809, 0.008405922806326828, 0.008413245257562069, 0.008498419699465663, 0.00850453249843146], "title": ["Prologue. Forest.", "Great Tapeworm Masturbator, Appears Behind Arcades", "Cuirassier", "Skipping rope at La Granja", "The Summer Diana Surprised by Actaeon", "The Last Judgement (detail)", "Untitled", "Trees in the Garden of the Asylum", "The Japanese Bridge (The Bridge over the Water-Lily Pond)", "Woman at the Mirror", "Avenue in Voyer d'Argenson Park at Asnieres", "The Japanese Bridge (The Bridge over the Water-Lily Pond)", "The Centurion's Servant", "Still life with flowers or the Venus of Cyrene", "Bather with Long Hair", "Jupiter and Antiope", "Nymphs and Satyrs", "Path", "Family Excursions", "Adoration of the Magi"], "Baroque": 0.0028715920799190025, "Post-Impressionism": 0.002680208526177039, "style_dict": {"Impressionism": 5, "Neo-Romanticism": 1, "Cubism, Expressionism": 1, "Art Nouveau (Modern)": 1, "Northern Renaissance": 1, "Romanticism": 1, "Surrealism": 4, "Intimism": 1, "Baroque": 2, "Post-Impressionism": 2, "Neoclassicism": 1}, "Neoclassicism": 0.0029054722202934632, "style_counts": [0.0004301999386651101, 0.00012449990543417222, 0.0001800022973863502, 0.0010002700664734077, 0.00027507859274478186, 0.00034059794155527623, 0.000377211801754207, 0.00011400357912805248, 3.388014037442044e-05, 0.00022526369411646208, 0.0]}