{"Synthetic Cubism": 0.0039750379890235235, "Color Field Painting": 0.0029595727540611128, "year": [1888.0, 1883.0, 2009.0, 1949.0, 1929.0, 1926.0, 1948.0, 1884.0, 1885.0, 1890.0, 2009.0, 1912.0, 1963.0, 1900.0, 1913.0, 1963.0, 1882.0, "unknown", 1917.0, 1904.0], "style": ["Post-Impressionism", "Realism", "Neo-Expressionism", "Color Field Painting", "Cubism", "Symbolism", "Purism", "Realism", "Realism", "Post-Impressionism", "Neo-Expressionism", "Synthetic Cubism", "Abstract Expressionism", "Art Nouveau (Modern)", "Constructivism", "Surrealism", "Realism", "Baroque", "Expressionism", "Cubism"], "Neo-Expressionism": 0.0032927369043799504, "Art Nouveau (Modern)": 0.0042885232146629895, "Expressionism": 0.004640443091242467, "Symbolism": 0.003206397822363547, "style_dict": {"Abstract Expressionism": 1, "Neo-Expressionism": 2, "Art Nouveau (Modern)": 1, "Purism": 1, "Surrealism": 1, "Color Field Painting": 1, "Expressionism": 1, "Symbolism": 1, "Constructivism": 1, "Baroque": 1, "Post-Impressionism": 2, "Synthetic Cubism": 1, "Cubism": 2, "Realism": 4}, "Purism": 0.003343851885961657, "scores": [0.006468572872090725, 0.0072164347985272485, 0.007914517674011586, 0.008554265503777211, 0.00857556057321127, 0.00926768171033936, 0.0096649750537714, 0.009979160090132673, 0.010478621699803703, 0.011470007528484084, 0.011476008104780746, 0.011489337540037958, 0.011942476204202149, 0.012395426382743976, 0.012583957891642888, 0.012793381563005848, 0.013255893898713775, 0.013365350921002665, 0.0134126056550516, 0.013734186815484287], "Constructivism": 0.004353750640299109, "Baroque": 0.004624094075265597, "Post-Impressionism": 0.0030461796843983422, "Realism": 0.0033609631169103293, "style_counts": [0.000508629883624212, 0.0013477061868625295, 0.000351919876579454, 0.001296591205280806, 0.00021423683315269226, 0.0016808703371813394, 0.0, 0.001434045268878914, 0.00028669245094337104, 1.634901597680205e-05, 0.0015942634068440986, 0.0006654051022189078, 0.0008519883895913294, 0.0012794799743320873], "Abstract Expressionism": 0.004131813207618249, "artist": ["van Gogh Vincent ", "van Gogh Vincent ", "Twombly Cy", "Rothko Mark", "Leger Fernand ", "Roerich Nicholas", "Leger Fernand ", "van Gogh Vincent ", "van Gogh Vincent ", "van Gogh Vincent ", "Twombly Cy", "Picasso Pablo", "Twombly Cy", "Roerich Nicholas", "Malevich Kazimir", "Chagall Marc", "van Gogh Vincent ", "Rembrandt", "Schiele Egon", "Leger Fernand "], "contentId": ["206983.jpg", "206627.jpg", "231508.jpg", "242187.jpg", "195984.jpg", "226301.jpg", "196177.jpg", "207443.jpg", "206567.jpg", "207452.jpg", "231509.jpg", "224010.jpg", "231511.jpg", "226767.jpg", "219805.jpg", "202842.jpg", "206428.jpg", "219994.jpg", "232772.jpg", "196119.jpg"], "style_labels": ["Abstract Expressionism", "Neo-Expressionism", "Art Nouveau (Modern)", "Purism", "Surrealism", "Color Field Painting", "Expressionism", "Symbolism", "Constructivism", "Baroque", "Post-Impressionism", "Synthetic Cubism", "Cubism", "Realism"], "Surrealism": 0.004426206258089741, "title": ["Still Life with Coffee Pot", "Plowman with Two Women", "Leaving Paphos Ringed With Waves IV", "Violet, Black, Orange, Yellow on White and Red", "Draft costume (Front)", "Order of Buddha all-conquering", "Still Life with fruits", "Wheat Harvest", "Peasant Woman, Two Heads", "Wheatfields under Thunderclouds", "Leaving Paphos Ringed With Waves V", "Head of a man with hat", "Leda and the Swan", "Study to \"Overseas Guests'", "Singer", "Noah and the Rainbow", "Orphan Man, Standing", "A Woman with a Little Child on her Lap", "Self Portrait with Checkered Shirt", "Portrait of Henry Viel, a friend of painter Fernand Leger"], "Cubism": 0.0037884547016510703}