{"Impressionism": 0.002663584758660703, "style": ["Realism", "Symbolism", "Surrealism", "Na\u00efve Art (Primitivism)", "Post-Impressionism", "Baroque", "Impressionism", "Surrealism", "unknown", "Impressionism", "Cubism", "Romanticism", "Expressionism", "Post-Impressionism", "Romanticism", "Romanticism", "Surrealism", "Expressionism", "Impressionism", "Impressionism"], "style_labels": ["Impressionism", "unknown", "Romanticism", "Surrealism", "Na\u00efve Art (Primitivism)", "Expressionism", "Symbolism", "Baroque", "Post-Impressionism", "Cubism", "Realism"], "artist": ["Levitan Isaac", "Roerich Nicholas", "Beksinski Zdislav", "Rousseau Henri", "Bonnard Pierre", "Rubens Peter Paul", "Hassam Childe", "Picasso Pablo", "Matisse Henri", "Pissarro Camille ", "Dali Salvador", "Goya Francisco", "Dali Salvador", "Bonnard Pierre", "Aivazovsky Ivan ", "B\u00f6cklin Arnold", "Dali Salvador", "Munch Edvard ", "Renoir Pierre-Auguste", "Monet Claude"], "unknown": 0.0025689269632516434, "title": ["By the whirlpool", "Koksar", "Untitled", "Scout Attacked by a Tiger", "Avenue du Bois in Boulogne", "The Battle of the Amazons", "Central Park", "Woman in an Armchair", "Woman in Pink Interior", "Jeanne in the Garden, Pontoise", "Cubist Composition - Portrait of a Seated Person Holding a Letter", "Scene of Rape and Murder", "Figure after Michelangelo's 'Dawn' on the Tomb of Lorenzo di Medici", "Gardens of Tuileries", "Sea coast. Wave", "Roman Landscape", "Study for a fruit bowl in 'Still Life - Fast Moving'", "The Sick Child", "Banks of the River", "The Pave de Chailly"], "year": [1892.0, 1944.0, "unknown", 1904.0, 1914.0, 1600.0, 1906.0, 1941.0, 1941.0, "unknown", 1923.0, 1812.0, 1982.0, 1912.0, 1880.0, 1852.0, 1956.0, 1886.0, "unknown", 1865.0], "Romanticism": 0.002785965588356041, "scores": [0.005945061337391424, 0.006025041436853341, 0.006469024495070402, 0.006485089770901501, 0.006855237331981434, 0.006961822060801383, 0.00716865058533492, 0.0074200515054890035, 0.007425153942680509, 0.007574015533280029, 0.007730071500998344, 0.007981159171889199, 0.007989257395969986, 0.008100358205060079, 0.008450290494744748, 0.00860657141151313, 0.008632299366040545, 0.008659471153567928, 0.00881078806635519, 0.008883920065112419], "Surrealism": 0.002505939929436316, "Na\u00efve Art (Primitivism)": 0.002243687080454263, "Expressionism": 0.002827147831443786, "contentId": ["210136.jpg", "324017.jpg", "258675.jpg", "191380.jpg", "221854.jpg", "216629.jpg", "243943.jpg", "366365.jpg", "9223372032559820592.jpg", "208243.jpg", "220894.jpg", "194052.jpg", "220974.jpg", "221894.jpg", "196728.jpg", "260649.jpg", "221504.jpg", "185474.jpg", "218238.jpg", "212606.jpg"], "Symbolism": 0.0020845212801410815, "Baroque": 0.0024086251333526503, "Post-Impressionism": 0.002539634144714961, "style_dict": {"Impressionism": 4, "unknown": 1, "Romanticism": 3, "Surrealism": 3, "Na\u00efve Art (Primitivism)": 1, "Expressionism": 2, "Symbolism": 1, "Baroque": 1, "Post-Impressionism": 2, "Cubism": 1, "Realism": 1}, "Cubism": 0.0026744211985467526, "Realism": 0.0020568500647538492, "style_counts": [0.00016356307278309057, 0.0002582208681921605, 4.1182243087689585e-05, 0.00032120790200751426, 0.0005834607509894729, 0.0, 0.0007426265513027497, 0.0004185226980911727, 0.00028751368672885746, 0.0001527266328970045, 0.0007702977666899091]}