{"Impressionism": 0.006006955271976818, "style": ["Abstract Expressionism", "Magic Realism", "unknown", "Neo-Romanticism", "Abstract Expressionism", "Art Nouveau (Modern)", "Expressionism", "Impressionism", "Symbolism", "Magic Realism", "Symbolism", "Symbolism", "Expressionism", "Symbolism", "Abstract Expressionism", "Cubism", "Post-Impressionism", "Symbolism", "Surrealism", "Neo-Romanticism"], "Abstract Expressionism": 0.0055519015851441065, "Neo-Romanticism": 0.006133476979436944, "Surrealism": 0.00666514356935264, "unknown": 0.00539022128526328, "Art Nouveau (Modern)": 0.005954571640754272, "artist": ["Holbrook Carter Clarence", "Holbrook Carter Clarence", "Matisse Henri", "Kittelsen Theodor Severin", "Holbrook Carter Clarence", "Roerich Nicholas", "Klee Paul", "Sisley Alfred", "Roerich Nicholas", "Earle Eyvind", "Malevich Kazimir", "Malevich Kazimir", "Matisse Henri", "Roerich Nicholas", "Twombly Cy", "Klee Paul", "Matisse Henri", "Roerich Nicholas", "Beksinski Zdislav", "Kittelsen Theodor Severin"], "year": [1969.0, 1979.0, 1906.0, 1900.0, 1970.0, 1907.0, 1930.0, 1891.0, 1910.0, "unknown", 1907.0, 1907.0, 1946.0, 1911.0, 1984.0, 1921.0, "unknown", 1943.0, "unknown", 1890.0], "style_counts": [0.0006581882973758502, 0.0011132419842085906, 0.0005316665899157691, 0.0, 0.0012749222840894303, 0.000710571928598358, 0.0011121154124733579, 0.0005848387789777476, 0.0007143281320735051, 3.595974200276686e-05, 6.084217747104326e-05], "scores": [0.01414602297267337, 0.015173293797877657, 0.015579743371735748, 0.0168348786643129, 0.016870433916673772, 0.017210925700805575, 0.01730633191528021, 0.01736233386906727, 0.017525441796228378, 0.017527811317170662, 0.017950206667253464, 0.01842892384371403, 0.01849984094470452, 0.01884958213255356, 0.018879575385288137, 0.019088886223729, 0.01916080571247402, 0.01921696130390075, 0.019264742735180106, 0.019284418727835456], "Magic Realism": 0.0055530281568792915, "style_labels": ["Impressionism", "Abstract Expressionism", "Neo-Romanticism", "Surrealism", "unknown", "Art Nouveau (Modern)", "Magic Realism", "Expressionism", "Symbolism", "Post-Impressionism", "Cubism"], "Expressionism": 0.006080304790374927, "contentId": ["345403.jpg", "345408.jpg", "9223372032559820539.jpg", "321764.jpg", "345405.jpg", "226157.jpg", "202188.jpg", "238268.jpg", "225324.jpg", "278027.jpg", "219898.jpg", "219808.jpg", "214363.jpg", "226950.jpg", "231502.jpg", "202295.jpg", "214108.jpg", "226262.jpg", "259054.jpg", "321825.jpg"], "Symbolism": 0.005950815437279199, "title": ["Teal Mandala", "Antique Shop", "Street at Biskra", "Woodpecker", "Yellow Mandala", "Mist in the forest", "Fruits on Red", "Hill Path in Sunlight", "Ancient landscape", "Copy of Sea mist and Pastures", "Triumph of the Skies", "Sketch for fresco", "Young Woman in White, Red Background", "Town (Monastery on hills)", "Hero and Leandro (A Painting in Four Parts) Part III", "Revolving House", "Odalisque in blue or white slave", "Nastasia Mikulichna", "Untitled", "Peer Gynt In the Hall of the Mountain King"], "Post-Impressionism": 0.006629183827349854, "style_dict": {"Impressionism": 1, "Abstract Expressionism": 3, "Neo-Romanticism": 2, "Surrealism": 1, "unknown": 1, "Art Nouveau (Modern)": 1, "Magic Realism": 2, "Expressionism": 2, "Symbolism": 5, "Post-Impressionism": 1, "Cubism": 1}, "Cubism": 0.006604301391881632}