{"Impressionism": 0.003386394035111028, "style": ["Realism", "Symbolism", "Romanticism", "Realism", "Neoclassicism", "Romanticism", "Neoclassicism", "Rococo", "Romanticism", "Color Field Painting", "Romanticism", "Surrealism", "Expressionism", "Regionalism", "Symbolism", "Impressionism", "Surrealism", "Realism", "Realism", "Na\u00efve Art (Primitivism)"], "style_labels": ["Impressionism", "Romanticism", "Neoclassicism", "Surrealism", "Color Field Painting", "Na\u00efve Art (Primitivism)", "Expressionism", "Symbolism", "Rococo", "Realism", "Regionalism"], "artist": ["Repin Ilya", "Roerich Nicholas", "Goya Francisco", "Repin Ilya", "Bouguereau William-Adolphe", "Goya Francisco", "Bouguereau William-Adolphe", "Longhi Pietro ", "Gerome Jean-Leon", "Reinhardt Ad", "B\u00f6cklin Arnold", "Dali Salvador", "Modigliani Amedeo ", "Rockwell Norman", "Roerich Nicholas", "Renoir Pierre-Auguste", "Dali Salvador", "Levitan Isaac", "van Gogh Vincent ", "Chagall Marc"], "contentId": ["215367.jpg", "225510.jpg", "194091.jpg", "214946.jpg", "232386.jpg", "194102.jpg", "232571.jpg", "185157.jpg", "279352.jpg", "283304.jpg", "260678.jpg", "221798.jpg", "189779.jpg", "247803.jpg", "227054.jpg", "219217.jpg", "221790.jpg", "210309.jpg", "205703.jpg", "202793.jpg"], "title": ["Self-portrait", "Conversation with God", "The Arrest of Christ", "Ceremonial Meeting of the State Council on May 7, 1901", "Faneuse", "The Count of Floridablanca", "Woman of Cervara and Her Child", "The Seller of Fritters", "Entry of the Christ in Jerusalem", "Abstract Painting", "The Muse of Anacreon", "Untitled -The Seven Arts", "Viking Eggeling", "Solitaire", "Vyas Kund", "The First Step", "Untitled (St. John from Behind)", "Moonlit Night. A Village", "Avenue of Poplars at Sunset", "Moses receiving the Tablets of Law"], "Romanticism": 0.002690084486135656, "Neoclassicism": 0.0027873419755635865, "scores": [0.005226413810244303, 0.0062991526442058065, 0.007057951924433731, 0.007642998818220115, 0.007862572362010895, 0.007886193360518629, 0.008551744360221535, 0.008764389307917102, 0.008881361789324192, 0.008901362791893153, 0.008934583235370202, 0.009323871832414593, 0.009390600202427934, 0.009617762910148542, 0.009694998085064372, 0.009787937680192947, 0.009800714942388438, 0.009862110488651134, 0.010104690685278899, 0.010193258600605475], "Surrealism": 0.0032475773670502645, "Color Field Painting": 0.0030796601743618792, "style_counts": [0.00014023141462871092, 0.0008365409636040821, 0.0007392834741760668, 0.00027904808268941483, 0.0004469652753777975, 0.0, 0.00027770074765809394, 0.0008106325488105304, 0.0004943548485708549, 0.0008302901069996427, 0.00019910784447874086], "Na\u00efve Art (Primitivism)": 0.0035266254497396954, "Expressionism": 0.0032489247020816236, "year": ["unknown", "unknown", 1788.0, 1903.0, 1869.0, 1783.0, 1861.0, "unknown", 1897.0, 1961.0, 1873.0, 1944.0, 1916.0, 1950.0, 1932.0, 1876.0, 1965.0, 1897.0, 1884.0, 1952.0], "Symbolism": 0.0027159929009291377, "Rococo": 0.0030322706011687924, "style_dict": {"Impressionism": 1, "Na\u00efve Art (Primitivism)": 1, "Romanticism": 4, "Surrealism": 2, "Color Field Painting": 1, "Neoclassicism": 2, "Expressionism": 1, "Symbolism": 2, "Rococo": 1, "Realism": 4, "Regionalism": 1}, "Realism": 0.0026963353427400015, "Regionalism": 0.003327517605260955}