{"Impressionism": 0.003342187327611432, "style": ["Na\u00efve Art (Primitivism)", "Realism", "Symbolism", "Symbolism", "Na\u00efve Art (Primitivism)", "Post-Impressionism", "Symbolism", "Romanticism", "Realism", "Symbolism", "Realism", "Realism", "Symbolism", "Post-Impressionism", "Surrealism", "Impressionism", "Impressionism", "Symbolism", "Realism", "Impressionism"], "style_labels": ["Impressionism", "Romanticism", "Surrealism", "Na\u00efve Art (Primitivism)", "Symbolism", "Post-Impressionism", "Realism"], "artist": ["Chagall Marc", "van Gogh Vincent ", "Roerich Nicholas", "Roerich Nicholas", "Chagall Marc", "van Gogh Vincent ", "Roerich Nicholas", "Turner William", "van Gogh Vincent ", "Roerich Nicholas", "van Gogh Vincent ", "van Gogh Vincent ", "Roerich Nicholas", "van Gogh Vincent ", "Beksinski Zdislav", "Sisley Alfred", "Renoir Pierre-Auguste", "Roerich Nicholas", "Kustodiev Boris", "Pissarro Camille "], "contentId": ["202668.jpg", "206554.jpg", "226257.jpg", "225414.jpg", "203238.jpg", "207348.jpg", "226248.jpg", "309335.jpg", "206631.jpg", "226421.jpg", "207116.jpg", "206212.jpg", "226485.jpg", "207252.jpg", "258798.jpg", "238370.jpg", "219364.jpg", "226239.jpg", "230204.jpg", "208715.jpg"], "title": ["Jacob leaves his country and his family to go to Egypt (Genesis XLVI, 5 7)", "Peasant Woman, Seen against the Window, Head and Whole Figure", "Namze", "Boundary of sword (study)", "The people of Israel leaving Egypt (Exiode, XIII, 18 22)", "View of Arles from a Hill", "Mountains Soshing", "Figures on a Beach", "Pollard Willow", "Red Lama", "The Kingfisher", "Landscape with Bog-Oak Trunks", "Sadness (Two in boat)", "Trees with Ivy", "Untitled", "Landscape at Louveciennes", "Vase of Flowers", "Mountain Abode", "Self Portrait  with Wife", "The Louvre, Morning, Sun"], "Romanticism": 0.0029106017159717147, "Surrealism": 0.0032372288335669047, "Na\u00efve Art (Primitivism)": 0.0025819909245448905, "scores": [0.007008027970360611, 0.0072603671868293924, 0.007638186207153978, 0.008001846672353, 0.00819700147380733, 0.008363867054869384, 0.00838965277652989, 0.008412720998328758, 0.00869851369837282, 0.008738413731951576, 0.008788088833359064, 0.008917555002131589, 0.009073770340020784, 0.009155581453367104, 0.009356794794388924, 0.009754365472804411, 0.009945425296254166, 0.010059351033459181, 0.010284562330117791, 0.010337104555707622], "year": [1956.0, 1885.0, 1924.0, 1933.0, 1956.0, 1888.0, 1924.0, 1845.0, 1881.0, 1924.0, 1884.0, 1883.0, 1939.0, 1889.0, "unknown", 1873.0, "unknown", 1933.0, 1918.0, 1901.0], "Symbolism": 0.0027588006433880144, "Post-Impressionism": 0.0029750062120825777, "style_dict": {"Impressionism": 3, "Romanticism": 1, "Surrealism": 1, "Na\u00efve Art (Primitivism)": 2, "Symbolism": 6, "Post-Impressionism": 2, "Realism": 5}, "Realism": 0.0028436417625426922, "style_counts": [0.0, 0.00043158561163969544, 0.00010495849404446034, 0.0007601964030664599, 0.0005833866842234192, 0.00036718111552880295, 0.0004985455650686754]}