{"style_counts": [0.0012536498272605057, 0.0004410594921240296, 0.000517809023997895, 0.00020214099195869917, 0.0002997425684433397, 0.0009013820732882705, 0.0004629186813589481, 0.0, 0.0010371001571235494, 0.00010688905436373464, 0.000470052123390019], "style": ["Abstract Expressionism", "Baroque", "Neoclassicism", "Expressionism", "Expressionism", "Expressionism", "Baroque", "Romanticism", "Symbolism", "Cubism, Expressionism", "Expressionism", "Abstract Expressionism", "Expressionism", "Surrealism", "Symbolism", "High Renaissance", "Cubism", "Neoclassicism", "Abstract Art", "Neoclassicism"], "Abstract Expressionism": 0.0037737586072233028, "Cubism, Expressionism": 0.004586348942359761, "contentId": ["345404.jpg", "216659.jpg", "232571.jpg", "189572.jpg", "214363.jpg", "202188.jpg", "216730.jpg", "214620.jpg", "225662.jpg", "193782.jpg", "232096.jpg", "345405.jpg", "9223372032559820562.jpg", "221769.jpg", "226232.jpg", "224948.jpg", "196414.jpg", "232544.jpg", "282742.jpg", "232578.jpg"], "artist": ["Holbrook Carter Clarence", "Rubens Peter Paul", "Bouguereau William-Adolphe", "Modigliani Amedeo ", "Matisse Henri", "Klee Paul", "Rubens Peter Paul", "Alma-Tadema Lawrence ", "Roerich Nicholas", "Braque Georges ", "Freud Lucian", "Holbrook Carter Clarence", "Modigliani Amedeo ", "Dali Salvador", "Roerich Nicholas", "Titian", "Leger Fernand ", "Bouguereau William-Adolphe", "Klee Paul", "Bouguereau William-Adolphe"], "Romanticism": 0.004509599410485931, "High Renaissance": 0.004825267442525113, "scores": [0.008900799851314823, 0.010812864052750209, 0.011822568348062043, 0.011981337918993328, 0.012260149789076446, 0.012618799641554483, 0.012685574408749699, 0.013034418775493727, 0.013062997911587933, 0.013256253454853598, 0.01330310116781653, 0.013322404030831472, 0.013605224713213153, 0.013664711899973009, 0.013816725186625516, 0.013946816740170441, 0.014222130250479748, 0.014306050968595566, 0.014531079354441031, 0.014829238833028075], "Surrealism": 0.004727665866040443, "style_labels": ["Abstract Expressionism", "Cubism, Expressionism", "Romanticism", "High Renaissance", "Surrealism", "Expressionism", "Symbolism", "Abstract Art", "Baroque", "Cubism", "Neoclassicism"], "title": ["Tulip", "The Holy Family with St. Elizabeth and the Infant St. John the Baptist", "Woman of Cervara and Her Child", "Marcelle", "Young Woman in White, Red Background", "Fruits on Red", "Virgin and Child Adored By Angels", "The Roman Potter", "Great spirit of Himalayas", "The Studio (III)", "Pregnant Girl", "Yellow Mandala", "Young Farmer", "Untitled - Set Design (Figures Cut in Three)", "Mother of Turfan", "Portrait of a Man", "Two Figures, naked on red bottom", "The\u00a0bird\u00a0Ch\u00a0ri", "Neuer Stadtteil in M", "Young Worker"], "Expressionism": 0.004126026361195488, "year": [1978.0, 1614.0, 1861.0, 1917.0, 1946.0, 1930.0, 1608.0, 1884.0, "unknown", 1949.0, 1961.0, 1970.0, 1918.0, 1942.0, 1924.0, 1515.0, 1923.0, 1867.0, 1928.0, 1869.0], "Symbolism": 0.0045644897531248885, "Abstract Art": 0.00502740843448383, "Baroque": 0.003990308277360231, "style_dict": {"Abstract Expressionism": 2, "Cubism, Expressionism": 1, "Romanticism": 1, "High Renaissance": 1, "Surrealism": 1, "Expressionism": 5, "Symbolism": 2, "Abstract Art": 1, "Baroque": 2, "Cubism": 1, "Neoclassicism": 3}, "Cubism": 0.004920519380120054, "Neoclassicism": 0.004557356311093767}