{"style_counts": [0.002309894343452412, 0.001260520554934752, 0.0005404271789718473, 0.003636481244058354, 0.0009374078318020729, 0.00032063070533794313, 0.002598171825069384, 0.0016746031962562302, 0.0022956321315892314, 0.00023751326366805436, 0.003049196406231136, 0.0], "style": ["Proto Renaissance", "Cubism", "Surrealism", "Expressionism", "Neo-Romanticism", "Baroque", "Cubism, Expressionism", "Surrealism", "Magic Realism", "Magic Realism", "Romanticism", "Surrealism", "Romanticism", "Magic Realism", "Mannerism (Late Renaissance)", "Synthetic Cubism", "Magic Realism", "Magic Realism", "Neoclassicism", "Magic Realism"], "style_labels": ["Neo-Romanticism", "Cubism, Expressionism", "Romanticism", "Proto Renaissance", "Magic Realism", "Mannerism (Late Renaissance)", "Expressionism", "Surrealism", "Baroque", "Synthetic Cubism", "Cubism", "Neoclassicism"], "Neo-Romanticism": 0.006416710369766123, "Cubism, Expressionism": 0.007466084158283732, "contentId": ["192798.jpg", "203304.jpg", "276557.jpg", "231992.jpg", "298521.jpg", "216576.jpg", "193787.jpg", "224105.jpg", "278138.jpg", "278055.jpg", "193972.jpg", "224114.jpg", "187850.jpg", "278045.jpg", "225088.jpg", "193809.jpg", "278064.jpg", "278135.jpg", "232555.jpg", "278128.jpg"], "artist": ["Giotto", "Chagall Marc", "Varo Remedios", "Freud Lucian", "Spencer Stanley", "Rubens Peter Paul", "Braque Georges ", "Picasso Pablo", "Earle Eyvind", "Earle Eyvind", "Goya Francisco", "Picasso Pablo", "Delacroix Eugene ", "Earle Eyvind", "Titian", "Braque Georges ", "Earle Eyvind", "Earle Eyvind", "Bouguereau William-Adolphe", "Earle Eyvind"], "year": [1300.0, 1912.0, "unknown", 1998.0, "unknown", 1631.0, 1954.0, 1938.0, 1985.0, 1990.0, 1789.0, 1938.0, 1852.0, 2000.0, 1560.0, 1912.0, 1991.0, "unknown", 1884.0, "unknown"], "Romanticism": 0.008186177534246619, "Proto Renaissance": 0.005090123469160174, "Magic Realism": 0.007789196881416449, "Mannerism (Late Renaissance)": 0.008405974007880576, "Expressionism": 0.006128432888149074, "Surrealism": 0.007052001516962316, "scores": [0.014712349119465014, 0.016409820628561403, 0.01656447373309349, 0.017713449340068108, 0.018546678431371456, 0.01858790152574588, 0.021579758793179256, 0.022659964433068447, 0.023271263275908904, 0.023414425223578478, 0.023999478407977885, 0.024153287446385202, 0.02420792203644683, 0.024243818858547185, 0.02429638986998725, 0.024536630175978322, 0.02462681293464631, 0.024925922588766185, 0.025223131805410262, 0.02605564772904083], "title": ["St. Paul", "To Russia, with Asses and Others", "Amoebiasis or vegetables", "Grand Interior,  Notting Hill", "Beatitude", "Rubens and Helene Fourment in the Garden", "The Studio (VIII)", "Man with a straw hat and an ice-cream", "Santa Ynez", "Fog Draped hills", "Mar\u00eda Luisa of Parma wearing panniers", "Man with straw hat", "Sketch for Peace Descends to Earth", "Evening Magic", "Wisdom", "Violin and Glass", "Gardner's Ranch", "Santa Ynez Oaks", "The\u00a0Knitter", "Red Wagon & Foliage"], "Baroque": 0.006430972581629288, "style_dict": {"Neo-Romanticism": 1, "Cubism, Expressionism": 1, "Romanticism": 2, "Magic Realism": 6, "Cubism": 1, "Surrealism": 3, "Mannerism (Late Renaissance)": 1, "Expressionism": 1, "Baroque": 1, "Synthetic Cubism": 1, "Proto Renaissance": 1, "Neoclassicism": 1}, "Synthetic Cubism": 0.008489091449550411, "Cubism": 0.005677408306987381, "Neoclassicism": 0.008726604713218483}