{"style_counts": [0.0007247407996129329, 0.0005240619428537041, 0.0, 0.000730798876730776, 0.0006603064557312299, 0.0003648749324314249, 0.0005173487440187641, 3.674176829515652e-05, 0.0006020868247716971, 0.0004126951619569663, 0.0008062251744023197, 0.0005664157128577596], "style": ["Realism", "Symbolism", "Romanticism", "Neo-Romanticism", "Neo-Romanticism", "Magic Realism", "Post-Impressionism", "Regionalism", "Post-Impressionism", "Expressionism", "Realism", "Symbolism", "Orientalism", "Na\u00efve Art (Primitivism)", "Orientalism", "Symbolism", "Symbolism", "Symbolism", "New Realism", "Art Nouveau (Modern)"], "style_labels": ["Neo-Romanticism", "Symbolism", "Art Nouveau (Modern)", "Romanticism", "Magic Realism", "Na\u00efve Art (Primitivism)", "Expressionism", "New Realism", "Post-Impressionism", "Orientalism", "Realism", "Regionalism"], "Neo-Romanticism": 0.0022441430735379788, "Symbolism": 0.002444821930297152, "contentId": ["277301.jpg", "225940.jpg", "201370.jpg", "298627.jpg", "298444.jpg", "278323.jpg", "206684.jpg", "247594.jpg", "185978.jpg", "232057.jpg", "199820.jpg", "226514.jpg", "279354.jpg", "326233.jpg", "279482.jpg", "226783.jpg", "226156.jpg", "226802.jpg", "235582.jpg", "227107.jpg"], "Art Nouveau (Modern)": 0.0029688838731508757, "artist": ["Zorn Anders", "Roerich Nicholas", "Dore Gustave ", "Spencer Stanley", "Spencer Stanley", "Earle Eyvind", "van Gogh Vincent ", "Rockwell Norman", "Mondrian Piet", "Freud Lucian", "Corot Camille ", "Roerich Nicholas", "Gerome Jean-Leon", "Chagall Marc", "Gerome Jean-Leon", "Roerich Nicholas", "Roerich Nicholas", "Roerich Nicholas", "Hopper Edward", "Roerich Nicholas"], "Romanticism": 0.002238084996420138, "scores": [0.005634070594623263, 0.006251600794466367, 0.006468897665423905, 0.006563317315813158, 0.0066521673652900504, 0.006672646968226503, 0.006857633833658292, 0.006944026119756074, 0.007080145136388797, 0.007085847900733608, 0.007101562547833704, 0.00739570165943192, 0.007397378434418398, 0.007526553899564636, 0.007655704924270607, 0.007731500300485444, 0.008164061544287608, 0.00824237758857827, 0.008474980730013263, 0.00858117809942867], "Magic Realism": 0.0023085774174196093, "Na\u00efve Art (Primitivism)": 0.0026040089407194603, "Expressionism": 0.0024515351291320513, "year": [1918.0, 1924.0, "unknown", "unknown", 1956.0, "unknown", 1888.0, 1921.0, 1911.0, 1967.0, 1860.0, 1924.0, "unknown", 1930.0, 1861.0, 1933.0, 1924.0, 1931.0, 1927.0, 1903.0], "New Realism": 0.0029321421048557465, "title": ["Ols Maria", "Kangchenjunga", "A Mountainous Landscape with A Balloon", "The last day", "Portrait Of J. E. Martineau", "Early Autumn", "Postman Joseph Roulin", "A Drum for Tommy", "Dune Landscape", "Naked Girl Asleep I", "The Pond at Ville d'Avray", "Sanga Chelling", "Excursion of the Harem", "A village in winter", "The Prisoner", "Sunset", "Mist Before Dawn", "Teacher's order", "Lighthouse HIll", "Yaroslavl. Saint Basil Church."], "Post-Impressionism": 0.002366797048379115, "style_dict": {"New Realism": 1, "Neo-Romanticism": 2, "Orientalism": 2, "Romanticism": 1, "Magic Realism": 1, "Na\u00efve Art (Primitivism)": 1, "Expressionism": 1, "Symbolism": 5, "Post-Impressionism": 2, "Art Nouveau (Modern)": 1, "Realism": 2, "Regionalism": 1}, "Orientalism": 0.0025561887111938855, "Realism": 0.002162658698748509, "Regionalism": 0.002402468160293149}