{"Impressionism": 0.0032198504599764252, "style": ["Romanticism", "Art Nouveau (Modern)", "Realism", "High Renaissance", "Symbolism", "Neoclassicism", "Expressionism", "Realism", "Fauvism, Pointillism", "Post-Impressionism", "Surrealism", "Symbolism", "Symbolism", "Surrealism", "Cubism", "Realism", "Impressionism", "Expressionism", "Realism", "Symbolism"], "style_labels": ["Impressionism", "Art Nouveau (Modern)", "Realism", "Romanticism", "High Renaissance", "Surrealism", "Fauvism, Pointillism", "Expressionism", "Symbolism", "Post-Impressionism", "Cubism", "Neoclassicism"], "artist": ["Aivazovsky Ivan ", "Roerich Nicholas", "Corot Camille ", "Raphael", "Roerich Nicholas", "Ingres Jean Auguste Dominique ", "Balthus", "Cassatt Mary", "Derain Andre", "Toulouse-Lautrec Henri de", "Beksinski Zdislav", "Roerich Nicholas", "Roerich Nicholas", "Magritte Rene", "Chagall Marc", "van Gogh Vincent ", "Pissarro Camille ", "Schiele Egon", "Repin Ilya", "Roerich Nicholas"], "contentId": ["196453.jpg", "226377.jpg", "199443.jpg", "210658.jpg", "226676.jpg", "193348.jpg", "244787.jpg", "190355.jpg", "256118.jpg", "230675.jpg", "258685.jpg", "225809.jpg", "225785.jpg", "211557.jpg", "202606.jpg", "206010.jpg", "208197.jpg", "232618.jpg", "215016.jpg", "226412.jpg"], "Art Nouveau (Modern)": 0.002216090763282839, "title": ["Between the waves", "Polovtsian camp", "Algerian Woman", "The Virgin of the Rose", "Spell words", "Henry IV Recieving The Ambassador of Spain", "The Cat in the Mirror", "Spanish Dancer Wearing a Lace Mantilla", "Effect of Sun on the Water, London", "Two Friends", "Untitled", "Himalayas", "Himalayas", "The Ladder Of Fire", "Homage to Gogol. Design for curtain for Gogol festival.", "Girl in the Woods", "Garden at Eragny", "Edge of Town (Krumau Town Crescent)", "Jew praying", "Qaidam"], "Realism": 0.0027112994563512367, "Romanticism": 0.002084748855908208, "High Renaissance": 0.0023637375663617456, "scores": [0.006025699215423425, 0.006405326155127272, 0.00669589394944557, 0.006832080304890201, 0.0068337082697375335, 0.007415746540795421, 0.007711046378865048, 0.007845707535450296, 0.007895744718647459, 0.008105970119879177, 0.008480335671012631, 0.008614977889345257, 0.008710134988964887, 0.009004254590489834, 0.009071882298968728, 0.009114368785321625, 0.009306564834164834, 0.009312664810147253, 0.009362477850777148, 0.009391607645959884], "Surrealism": 0.0029690868761784103, "Fauvism, Pointillism": 0.0027317401981517392, "Expressionism": 0.002890824246904864, "year": [1898.0, 1914.0, 1873.0, 1518.0, 1922.0, 1817.0, 1990.0, 1873.0, 1906.0, 1895.0, "unknown", "unknown", "unknown", 1939.0, 1917.0, 1882.0, 1899.0, 1918.0, 1875.0, 1928.0], "Symbolism": 0.002754982881575943, "Post-Impressionism": 0.002804473195440896, "style_dict": {"Impressionism": 1, "Art Nouveau (Modern)": 1, "Romanticism": 1, "High Renaissance": 1, "Surrealism": 2, "Neoclassicism": 1, "Expressionism": 2, "Symbolism": 4, "Post-Impressionism": 1, "Cubism": 1, "Realism": 4, "Fauvism, Pointillism": 1}, "Cubism": 0.0031386558750393905, "Neoclassicism": 0.0025656722255662963, "style_counts": [0.0, 0.0010037596966935292, 0.000508551003625124, 0.001135101604068156, 0.0008561128936146467, 0.00025076358379805264, 0.0004881102618247146, 0.0003290262130715149, 0.0004648675784004741, 0.0004153772645355547, 8.11945849370499e-05, 0.0006541782344101632]}