{"style_counts": [0.0007408326574472879, 0.0, 0.00019070991366365586, 0.0007242793515251922, 0.0009328289029608694, 0.0007609907122536619, 0.0004287623849293931, 0.00012881933802855183, 0.0026703345628050768, 0.000598863117760251, 0.0006511200550388674], "style": ["Symbolism", "Purism", "Surrealism", "High Renaissance", "Baroque", "Cubism, Expressionism", "Post-Impressionism", "High Renaissance", "Surrealism", "Mannerism (Late Renaissance)", "Purism", "Baroque", "Surrealism", "Romanticism", "Expressionism", "Surrealism", "High Renaissance", "Northern Renaissance", "Romanticism", "Baroque"], "style_labels": ["Cubism, Expressionism", "Northern Renaissance", "Romanticism", "High Renaissance", "Purism", "Surrealism", "Mannerism (Late Renaissance)", "Expressionism", "Symbolism", "Baroque", "Post-Impressionism"], "Cubism, Expressionism": 0.006610631866325717, "contentId": ["226822.jpg", "196140.jpg", "211369.jpg", "224908.jpg", "216610.jpg", "193782.jpg", "207326.jpg", "224890.jpg", "221769.jpg", "225015.jpg", "196141.jpg", "216725.jpg", "221604.jpg", "187823.jpg", "202748.jpg", "221188.jpg", "224884.jpg", "201086.jpg", "201751.jpg", "186676.jpg"], "artist": ["Roerich Nicholas", "Leger Fernand ", "Magritte Rene", "Titian", "Rubens Peter Paul", "Braque Georges ", "van Gogh Vincent ", "Titian", "Dali Salvador", "Titian", "Leger Fernand ", "Rubens Peter Paul", "Dali Salvador", "Delacroix Eugene ", "Chagall Marc", "Dali Salvador", "Titian", "Durer Albrecht", "Dore Gustave ", "Caravaggio"], "Northern Renaissance": 0.00735146452377302, "Romanticism": 0.007160754610109309, "High Renaissance": 0.006627185172247803, "Purism": 0.006418635620812172, "Surrealism": 0.00659047381151938, "Mannerism (Late Renaissance)": 0.0069227021388436035, "scores": [0.013530205834223177, 0.017759052533792848, 0.01846381821964964, 0.018554651173757694, 0.018646474203723375, 0.019107183648276266, 0.01936648642060477, 0.01977196326985521, 0.019977426878532833, 0.020009182750440925, 0.020039509296178242, 0.020677818003207567, 0.020780204173165766, 0.02083296751470308, 0.02087612966218059, 0.0210379323062492, 0.021233203066350712, 0.021248465438689114, 0.021335842473800184, 0.021362665680384797], "Expressionism": 0.007222645185744496, "year": [1947.0, 1951.0, 1928.0, 1516.0, 1609.0, 1949.0, 1886.0, 1518.0, 1942.0, 1575.0, 1951.0, 1635.0, 1941.0, 1849.0, 1914.0, 1977.0, 1526.0, 1521.0, "unknown", "unknown"], "Symbolism": 0.004681129960967895, "title": ["Testament of the Teacher", "Sacred Heart of Audincourt", "Intermission", "Madonna and Child with Sts Catherine and Dominic and a Donor", "St. Jerome in His Hermitage", "The Studio (III)", "Vase with Red Gladioli", "Gian Giacomo Bartolotti da Parma", "Untitled - Set Design (Figures Cut in Three)", "Spain Succouring Religion", "Sacred Heart of Audincourt", "Venus und Adonis", "The Golden Age - Family of Marsupial Centaurs", "Othello and Desdemona", "Man with a Cat and Woman with a Child", "Nike, Victory Goddess of Samothrace, Appears in a Tree Bathed in Light", "Entombment of Christ", "St. Jerome", "Paolo and Francesca da Rimini", "not identified"], "Baroque": 0.006752601406012792, "Post-Impressionism": 0.0067003444687340815, "style_dict": {"Cubism, Expressionism": 1, "Northern Renaissance": 1, "Romanticism": 2, "High Renaissance": 3, "Purism": 2, "Surrealism": 4, "Mannerism (Late Renaissance)": 1, "Expressionism": 1, "Symbolism": 1, "Baroque": 3, "Post-Impressionism": 1}}