{"Northern Renaissance": 0.006515511651725746, "High Renaissance": 0.008739501732485283, "Color Field Painting": 0.007651315596459803, "year": [1510.0, "unknown", "unknown", "unknown", 1925.0, 1957.0, 1904.0, 1931.0, 1982.0, 1918.0, "unknown", 1923.0, 1943.0, 1955.0, 1914.0, 1528.0, "unknown", 1506.0, "unknown", 1956.0], "style": ["Northern Renaissance", "Art Nouveau (Modern)", "Northern Renaissance", "Pop Art", "Symbolism", "Color Field Painting", "Impressionism", "Symbolism", "Neo-Expressionism", "Art Nouveau (Modern)", "Expressionism", "Symbolism", "Neo-Romanticism", "Magic Realism", "Cubism", "Northern Renaissance", "Na\u00efve Art (Primitivism)", "High Renaissance", "Na\u00efve Art (Primitivism)", "Op Art"], "Neo-Romanticism": 0.00856283238331953, "Neo-Expressionism": 0.00806777419647113, "Art Nouveau (Modern)": 0.007040801265956123, "Expressionism": 0.008142440243135084, "Symbolism": 0.007695280902837842, "style_dict": {"Impressionism": 1, "Neo-Romanticism": 1, "Neo-Expressionism": 1, "Op Art": 1, "Art Nouveau (Modern)": 2, "Northern Renaissance": 3, "High Renaissance": 1, "Magic Realism": 1, "Color Field Painting": 1, "Na\u00efve Art (Primitivism)": 2, "Expressionism": 1, "Symbolism": 3, "Pop Art": 1, "Cubism": 1}, "Impressionism": 0.007872188769018488, "Magic Realism": 0.008568370458245801, "scores": [0.015465917964528397, 0.018110011654560085, 0.018145992851107698, 0.020772429619947207, 0.02150587931444898, 0.022115146510757862, 0.022753552090798414, 0.02316215014661915, 0.023318866686563577, 0.023352407729531167, 0.023534679319114828, 0.024490974603016923, 0.024749768888345472, 0.024765775983705482, 0.024876520520476435, 0.024944274785739573, 0.025000616407613502, 0.025260408985660062, 0.025693192142336056, 0.026173488510308672], "Pop Art": 0.007186767433358463, "style_counts": [0.0011832167990734055, 0.0004925731847723602, 0.000987631371620834, 0.0, 0.0020146043021358473, 0.0025398939163662204, 0.0003159038356066457, 0.0004870351098461567, 0.0014040899716321054, 0.000447007005812905, 0.0009129653249568825, 0.0013601246652540366, 0.0018686381347334802, 0.000448720129612723], "artist": ["Durer Albrecht", "Roerich Nicholas", "Durer Albrecht", "Warhol Andy", "Roerich Nicholas", "Rothko Mark", "Sargent John Singer", "Roerich Nicholas", "Basquiat Jean-Michel ", "Roerich Nicholas", "Kirchner Ernst Ludwig", "Roerich Nicholas", "Spencer Stanley", "Holbrook Carter Clarence", "Malevich Kazimir", "Durer Albrecht", "Botero Fernando", "Michelangelo", "Leger Fernand ", "Escher M.C."], "Op Art": 0.00905540556809196, "contentId": ["201032.jpg", "226640.jpg", "200885.jpg", "229397.jpg", "226159.jpg", "242143.jpg", "266348.jpg", "225559.jpg", "203914.jpg", "227017.jpg", "252100.jpg", "226894.jpg", "298662.jpg", "345380.jpg", "219654.jpg", "200497.jpg", "281234.jpg", "193129.jpg", "196071.jpg", "204751.jpg"], "style_labels": ["Impressionism", "Neo-Romanticism", "Neo-Expressionism", "Op Art", "Art Nouveau (Modern)", "Northern Renaissance", "High Renaissance", "Magic Realism", "Color Field Painting", "Na\u00efve Art (Primitivism)", "Expressionism", "Symbolism", "Pop Art", "Cubism"], "Na\u00efve Art (Primitivism)": 0.008608398562279051, "title": ["Schoolmaster", "Smolensk", "Nude Woman with the Zodiac", "Van Heusen (ronald Reagan)", "Mohammed on mount Hira", "Ochre and Red on Red", "The Libreria", "Eagle's nest", "Self-Portrait as a Heel, Part Two", "Vignette for book \"N. K. Roerich\"", "Portrait of Van de Velde", "Three arrows", "Marsh Meadows, Cookham", "Pipeline", "Englishman in Moscow", "A sea monster bearing away a princess", "Man Smoking", "Holy Family with St. John the Baptist", "Three musicians", "Circular Fish"], "Cubism": 0.008606685438479197}