{"Impressionism": 0.004456036535258111, "style": ["Color Field Painting", "Post-Impressionism", "Symbolism", "Art Nouveau (Modern)", "Ukiyo-e", "unknown", "Japonism", "Cubism", "Post-Impressionism", "Post-Impressionism", "Art Nouveau (Modern)", "Northern Renaissance", "Op Art", "Impressionism", "Cubism", "Realism", "Post-Impressionism", "Post-Impressionism", "Symbolism", "Post-Impressionism"], "style_labels": ["Impressionism", "Op Art", "Ukiyo-e", "Art Nouveau (Modern)", "Northern Renaissance", "Japonism", "Color Field Painting", "unknown", "Symbolism", "Post-Impressionism", "Cubism", "Realism"], "contentId": ["292727.jpg", "205667.jpg", "226993.jpg", "271105.jpg", "222190.jpg", "9223372032559820498.jpg", "205656.jpg", "223810.jpg", "211621.jpg", "206161.jpg", "226279.jpg", "195446.jpg", "204607.jpg", "227173.jpg", "196309.jpg", "206577.jpg", "205913.jpg", "205831.jpg", "225355.jpg", "238362.jpg"], "Op Art": 0.004437100315883431, "Ukiyo-e": 0.003986900502049959, "Art Nouveau (Modern)": 0.00407178749553411, "artist": ["Rothko Mark", "van Gogh Vincent ", "Roerich Nicholas", "Vallotton  Felix", "Hokusai Katsushika", "Matisse Henri", "van Gogh Vincent ", "Picasso Pablo", "Magritte Rene", "van Gogh Vincent ", "Roerich Nicholas", "Bosch Hieronymus", "Escher M.C.", "Serebriakova Zinaida", "Leger Fernand ", "van Gogh Vincent ", "van Gogh Vincent ", "van Gogh Vincent ", "Roerich Nicholas", "Sisley Alfred"], "Northern Renaissance": 0.004345113320633571, "style_counts": [4.464287852656845e-05, 6.357909790122296e-05, 0.0005137789117346525, 0.00042889191825046247, 0.0001555660931510383, 0.00045168687578345246, 0.0010503659772648222, 0.0004621141704856946, 0.0003072502647332165, 0.00046352051011355755, 0.00030549785605737956, 0.0], "Japonism": 0.004048992538001221, "Color Field Painting": 0.0034503134365197826, "year": [1961.0, 1889.0, 1915.0, 1899.0, "unknown", 1918.0, 1888.0, 1909.0, 1948.0, 1890.0, 1910.0, "unknown", 1968.0, 1904.0, "unknown", 1883.0, 1888.0, 1890.0, 1935.0, 1898.0], "scores": [0.00997268851280644, 0.01068682929927262, 0.010968384948894763, 0.011485126449421804, 0.011523624612667241, 0.011672954921652438, 0.011703093679771043, 0.01177240533273226, 0.012323958679527664, 0.012351581197008157, 0.012493133184044457, 0.012558992826817696, 0.01282486943998162, 0.012879602153663522, 0.012932506873772471, 0.013008636668947669, 0.01328625280194277, 0.013509597879414931, 0.013726207536784805, 0.013792710490319014], "unknown": 0.004038565243298984, "Symbolism": 0.004193429149051429, "title": ["Untitled (No. 17)", "A Row of Bare Trees", "Untitled", "Family", "Fuji at Torigoe", "Autumn in Cagnes", "A mousm\u00e9, sitting", "Carnival at the bistro", "The staging post", "Interior of a Farm with Two Figures", "Old king", "The Ship of Fools in Flames", "Metamorphosis III excerpt 6", "Autumn Landscape", "The two sailors", "Peat Diggers in the Dunes", "Farmers Working in the Field", "Couple Arm in Arm and Other Figures, with a Windmill in the Background", "Armageddon", "Village of Saint Mamm\u00e8s"], "Post-Impressionism": 0.004037158903671075, "style_dict": {"Impressionism": 1, "Op Art": 1, "unknown": 1, "Art Nouveau (Modern)": 2, "Ukiyo-e": 1, "Japonism": 1, "Color Field Painting": 1, "Realism": 1, "Symbolism": 2, "Post-Impressionism": 6, "Cubism": 2, "Northern Renaissance": 1}, "Cubism": 0.0041951815577272724, "Realism": 0.004500679413784598}