{"Impressionism": 0.0019537674743653, "style": ["Impressionism", "Symbolism", "Impressionism", "Symbolism", "Symbolism", "Impressionism", "New Realism", "Realism", "Symbolism", "Realism", "Post-Impressionism", "Impressionism", "Impressionism", "Symbolism", "Symbolism", "Symbolism", "Impressionism", "Baroque", "Post-Impressionism", "Expressionism"], "style_labels": ["Impressionism", "Symbolism", "Expressionism", "New Realism", "Baroque", "Post-Impressionism", "Realism"], "artist": ["Levitan Isaac", "Roerich Nicholas", "Matisse Henri", "Roerich Nicholas", "Roerich Nicholas", "Hassam Childe", "Hopper Edward", "Levitan Isaac", "Roerich Nicholas", "Corot Camille ", "van Gogh Vincent ", "Sisley Alfred", "Gauguin Paul ", "Roerich Nicholas", "Roerich Nicholas", "Roerich Nicholas", "Hassam Childe", "Rembrandt", "Mondrian Piet", "Serebriakova Zinaida"], "contentId": ["210190.jpg", "226240.jpg", "213978.jpg", "226481.jpg", "226266.jpg", "244149.jpg", "235661.jpg", "210391.jpg", "226239.jpg", "199502.jpg", "206890.jpg", "238203.jpg", "190950.jpg", "225350.jpg", "226267.jpg", "226700.jpg", "244259.jpg", "220723.jpg", "185978.jpg", "227238.jpg"], "title": ["Fields", "Mountain Abode", "Green needles on the Cross Javernaz", "Sacred Himalayas", "Night rider", "Newfields, New Hampshire", "The Long Leg", "Stubbled field", "Mountain Abode", "Dunkirk   a Fisherwoman with Shrimp", "Snowy Landscape with Arles in the Background", "The Port of Saint Mammes, Morning", "Working the land", "Arhat", "Night rider", "Star of the Hero", "September Moonrise", "View over the Amstel from the Rampart", "Dune Landscape", "Florence"], "style_counts": [0.0007297564970157877, 0.0006748821180138087, 0.0, 0.0005347699552274987, 8.022476028446412e-05, 0.0002789615398181011, 0.0005080138428992242], "scores": [0.004375290106994521, 0.004511312990256165, 0.004767499950605845, 0.005736306209174671, 0.006031713552368796, 0.006071162074453813, 0.006210697922956107, 0.006305053643226058, 0.006413586192612333, 0.006506260000520469, 0.006530135260501031, 0.006929536026042078, 0.00713029846781502, 0.007222802337400247, 0.007295249263071277, 0.007474033006353483, 0.007482373064946129, 0.007524502517106897, 0.007630039442165403, 0.00775638189851722], "Symbolism": 0.0020086418533672534, "Expressionism": 0.002683523971381077, "year": [1899.0, 1933.0, 1901.0, 1934.0, 1918.0, 1906.0, 1930.0, 1885.0, 1933.0, "unknown", 1888.0, 1885.0, 1873.0, 1932.0, 1918.0, 1932.0, 1900.0, 1650.0, 1911.0, 1949.0], "New Realism": 0.002148754016153525, "Baroque": 0.002603299211096572, "Post-Impressionism": 0.0024045624315629606, "style_dict": {"Impressionism": 6, "New Realism": 1, "Expressionism": 1, "Symbolism": 7, "Baroque": 1, "Post-Impressionism": 2, "Realism": 2}, "Realism": 0.0021755101284818205}