{"Impressionism": 0.00238524294231127, "style": ["Realism", "Expressionism", "Realism", "Surrealism", "Impressionism", "Romanticism", "Surrealism", "Post-Impressionism", "Realism", "Na\u00efve Art (Primitivism)", "Art Nouveau (Modern)", "Art Nouveau (Modern)", "Expressionism", "Romanticism", "Realism", "Realism, Surrealism", "Realism", "High Renaissance", "Expressionism", "Baroque"], "style_labels": ["Impressionism", "Art Nouveau (Modern)", "Romanticism", "High Renaissance", "Surrealism", "Na\u00efve Art (Primitivism)", "Expressionism", "Baroque", "Post-Impressionism", "Realism, Surrealism", "Realism"], "artist": ["Sargent John Singer", "Balthus", "Sargent John Singer", "Ernst Max", "Sargent John Singer", "Goya Francisco", "Varo Remedios", "Cezanne Paul", "Repin Ilya", "Rousseau Henri", "Schiele Egon", "Roerich Nicholas", "Modigliani Amedeo ", "Corot Camille ", "Repin Ilya", "Dali Salvador", "Sargent John Singer", "Raphael", "Braque Georges ", "Rubens Peter Paul"], "contentId": ["266359.jpg", "244787.jpg", "266075.jpg", "234169.jpg", "265746.jpg", "194148.jpg", "276523.jpg", "215881.jpg", "215394.jpg", "191378.jpg", "232658.jpg", "225593.jpg", "189641.jpg", "199608.jpg", "215016.jpg", "221181.jpg", "265698.jpg", "210621.jpg", "193682.jpg", "216573.jpg"], "Art Nouveau (Modern)": 0.0029108818809330927, "title": ["The Wyndham Sisters", "The Cat in the Mirror", "Cecily Homer", "Family Excursions", "Two Wine Glasses", "The Sacrifice to Priapus", "Premonition", "Still Life with Fruit and a Ginger Pot", "Tatyana Repina, the Artist's Mother", "Rabbit", "Krumau Town Crescent I", "Fight with the dragon", "Portrait of George Ortiz", "Mademoiselle de Foudras", "Jew praying", "Mystical Carnation", "The Daughters of Edward Darley Boit", "The Liberation of St. Peter, in the Stanza D'Eliodoro", "Oysters", "Return of the Prodigal Son"], "Romanticism": 0.0028001719731951757, "High Renaissance": 0.003223931119134655, "Surrealism": 0.002447532243328068, "Na\u00efve Art (Primitivism)": 0.0028808093732308414, "Expressionism": 0.002758563970350706, "year": [1899.0, 1990.0, 1910.0, 1919.0, 1874.0, 1771.0, 1953.0, 1895.0, 1867.0, 1908.0, 1915.0, 1912.0, 1917.0, 1872.0, 1875.0, 1951.0, 1882.0, 1514.0, 1950.0, 1618.0], "scores": [0.005925797680338834, 0.006517202352941033, 0.006642976264315992, 0.0068301770226555205, 0.006894238836177645, 0.007508878927636269, 0.007583041657388167, 0.007664323106204409, 0.008325327539228251, 0.008326610052268976, 0.008488147230648158, 0.008653680917289285, 0.008828529813097341, 0.00898099208485429, 0.009036070087095434, 0.009040259290543343, 0.009112924792645005, 0.009318359456149382, 0.009446025177890154, 0.009494110231917204], "Baroque": 0.003284736714569807, "Post-Impressionism": 0.002651673815060764, "style_dict": {"Impressionism": 1, "Art Nouveau (Modern)": 2, "Romanticism": 2, "High Renaissance": 1, "Surrealism": 2, "Na\u00efve Art (Primitivism)": 1, "Expressionism": 3, "Baroque": 1, "Post-Impressionism": 1, "Realism, Surrealism": 1, "Realism": 5}, "Realism, Surrealism": 0.0031277150649726597, "Realism": 0.00252620900248099, "style_counts": [0.0008994937722586194, 0.000373854833636722, 0.0004845647413747045, 6.0805595435198256e-05, 0.0008372044712418036, 0.0004039273413389832, 0.0005261727442191777, 0.0, 0.0006330628995090404, 0.00015702164959718878, 0.0007585277120888412]}