{"style": ["Realism", "Realism", "Na\u00efve Art (Primitivism)", "Art Nouveau (Modern)", "Symbolism", "Na\u00efve Art (Primitivism)", "Regionalism", "Realism", "Symbolism", "High Renaissance", "Post-Impressionism", "Realism", "Realism", "Magic Realism", "Expressionism", "Post-Impressionism", "Expressionism", "Symbolism", "Rococo", "Realism"], "Rococo": 0.003354477072097082, "artist": ["Courbet Gustave", "Sargent John Singer", "Rousseau Henri", "Roerich Nicholas", "Roerich Nicholas", "Chagall Marc", "Rockwell Norman", "van Gogh Vincent ", "Roerich Nicholas", "Raphael", "van Gogh Vincent ", "Courbet Gustave", "Sargent John Singer", "Earle Eyvind", "Freud Lucian", "Bonnard Pierre", "Modigliani Amedeo ", "Roerich Nicholas", "Longhi Pietro ", "Kustodiev Boris"], "contentId": ["191709.jpg", "266336.jpg", "191378.jpg", "226401.jpg", "225933.jpg", "202652.jpg", "247830.jpg", "206343.jpg", "226878.jpg", "210545.jpg", "206698.jpg", "191846.jpg", "266095.jpg", "278305.jpg", "231994.jpg", "221886.jpg", "189572.jpg", "225476.jpg", "185178.jpg", "230004.jpg"], "Art Nouveau (Modern)": 0.0024942583787461127, "title": ["A Young Woman Reading", "The Countess of Rocksavage (Sybil Sassoon)", "Rabbit", "Prologue. Forest.", "Kalki Avatar", "Illustration to Nikolai Gogol's \"Dead Souls\"", "The Music Man", "New-Born Calf Lying on Straw", "The treasure diviner", "Portrait of Cardinal Dovizzi de Bibbiena", "Quay with Men Unloading Sand Barges", "Sleeping Nude Woman", "Dr. Pozzi at Home", "Ocean Mist", "Guy and Speck", "Flowers on a Mantlepiece", "Marcelle", "Charaka", "A nobleman kissing lady's hand", "Portrait of Dr. S. Y. Lyubimov with dog"], "style_counts": [0.0, 0.0008602186933510669, 0.0005385588645621109, 0.0002728988388988052, 0.001042202626776123, 0.00021569920280861687, 0.0006271767184450328, 0.0003364568804629098, 0.0010683344011558349, 0.0007014080992724381], "High Renaissance": 0.0028159182075350687, "scores": [0.002802836222629744, 0.005398372641462698, 0.006174926119054585, 0.0072093339748236385, 0.007226155023622178, 0.007441775895612656, 0.0076683556308030565, 0.007790852361939613, 0.007877527879287928, 0.008139050459604953, 0.008493386181609816, 0.008602952219293719, 0.008709579950298451, 0.008906906694983865, 0.009157971602469204, 0.009279366402708645, 0.00932590820808664, 0.009407102164422289, 0.009695685791699622, 0.009704529333526384], "Magic Realism": 0.0030815782331982786, "style_labels": ["Rococo", "Art Nouveau (Modern)", "High Renaissance", "Magic Realism", "Na\u00efve Art (Primitivism)", "Expressionism", "Symbolism", "Post-Impressionism", "Realism", "Regionalism"], "Na\u00efve Art (Primitivism)": 0.0023122744453210027, "Expressionism": 0.0031387778692884586, "year": [1868.0, 1913.0, 1908.0, 1908.0, 1932.0, 1923.0, 1966.0, 1884.0, 1943.0, 1516.0, 1888.0, 1862.0, 1881.0, 1995.0, 1981.0, 1913.0, 1917.0, 1932.0, 1746.0, 1905.0], "Symbolism": 0.002727300353652096, "Post-Impressionism": 0.0030180201916342416, "style_dict": {"Rococo": 1, "Art Nouveau (Modern)": 1, "High Renaissance": 1, "Magic Realism": 1, "Na\u00efve Art (Primitivism)": 2, "Expressionism": 2, "Symbolism": 3, "Post-Impressionism": 2, "Realism": 6, "Regionalism": 1}, "Realism": 0.0022861426709412484, "Regionalism": 0.002653068972824685}