{"style_counts": [1.38123178484717e-05, 7.30169999714203e-05, 0.0002517623622446674, 0.000494415126846337, 0.000285330139720652, 0.0, 0.000955341473097282, 0.00025181979491650797, 0.00044748285924611775, 0.00016962581681423394], "style": ["Surrealism", "Romanticism", "Baroque", "Magic Realism", "Baroque", "Magic Realism", "Realism", "Realism", "Symbolism", "Neoclassicism", "Baroque", "Expressionism", "Cubism, Expressionism", "Baroque", "Romanticism", "Intimism", "Romanticism", "Realism", "Expressionism", "Romanticism"], "style_labels": ["Expressionism", "Cubism, Expressionism", "Romanticism", "Magic Realism", "Realism", "Intimism", "Surrealism", "Symbolism", "Baroque", "Neoclassicism"], "Expressionism": 0.004033504243938436, "Cubism, Expressionism": 0.003974299561815477, "contentId": ["224812.jpg", "196975.jpg", "220362.jpg", "278143.jpg", "216418.jpg", "278356.jpg", "206085.jpg", "191839.jpg", "225967.jpg", "232505.jpg", "186691.jpg", "232605.jpg", "193781.jpg", "220136.jpg", "196765.jpg", "271120.jpg", "194117.jpg", "226146.jpg", "290274.jpg", "194078.jpg"], "artist": ["Picasso Pablo", "Aivazovsky Ivan ", "Rembrandt", "Earle Eyvind", "Rubens Peter Paul", "Earle Eyvind", "van Gogh Vincent ", "Courbet Gustave", "Roerich Nicholas", "Bouguereau William-Adolphe", "Caravaggio", "Schiele Egon", "Braque Georges ", "Rembrandt", "Aivazovsky Ivan ", "Vallotton  Felix", "Goya Francisco", "Roerich Nicholas", "Matisse Henri", "Goya Francisco"], "year": [1934.0, 1862.0, 1632.0, 1990.0, 1614.0, "unknown", 1885.0, 1873.0, 1917.0, 1868.0, 1595.0, 1911.0, 1949.0, "unknown", 1874.0, 1904.0, 1784.0, 1897.0, 1939.0, 1795.0], "Romanticism": 0.003795554199542214, "scores": [0.008936957472466981, 0.010151201798958556, 0.010409132592413014, 0.010414163940992741, 0.010463058879998419, 0.010508439007358398, 0.010852518087357437, 0.010912052900421347, 0.010970396662148442, 0.011207967815124516, 0.011290463384641913, 0.011347721635128673, 0.011487203210890555, 0.011676443060780632, 0.011682973653423804, 0.011698249485454443, 0.011965717009076485, 0.012045141423988905, 0.012405092601842513, 0.012422707234947705], "Magic Realism": 0.00355290143494063, "Realism": 0.0037619864220662927, "Intimism": 0.004047316561786962, "Surrealism": 0.0030919750886896254, "Symbolism": 0.0037954967668704124, "title": ["Woman writing", "View of Crimea at sunset", "Portrait Of Joris de Caullery", "Silent Meadow", "Descent from the Cross", "Indian Lands", "Head of a Peasant Woman with Brownish Cap", "Self-Portrait at Sainte Pelagie", "Karelian landscape. Rocky seashore.", "The Bunch Of Grapes", "Saint Francis of Assisi in Ecstasy", "City on the Blue River", "The Studio (II)", "Evangelist Writing", "Self-portrait", "Gabrielle Vallotton at the Piano", "The Family of the Infante Don Luis", "Messenger. Clan revolted against to clan.", "The Red Table", "St. Francis Borgia Helping a Dying Impenitent"], "Baroque": 0.003599833702540814, "style_dict": {"Intimism": 1, "Magic Realism": 2, "Cubism, Expressionism": 1, "Romanticism": 4, "Surrealism": 1, "Neoclassicism": 1, "Expressionism": 2, "Symbolism": 1, "Baroque": 4, "Realism": 3}, "Neoclassicism": 0.0038776907449727294}