{"Synthetic Cubism": 0.0036097363524607335, "year": ["unknown", 1981.0, 1911.0, 1911.0, 1933.0, 1987.0, 1984.0, 1906.0, 1905.0, 1926.0, 1913.0, 1957.0, 1950.0, 1630.0, 1951.0, "unknown", "unknown", 1640.0, 1787.0, "unknown"], "Abstract Expressionism, Surrealism": 0.0032179375467430303, "style": ["Ukiyo-e", "Abstract Expressionism, Surrealism", "Expressionism", "Analytical Cubism", "Expressionism", "Pop Art", "Pop Art", "Expressionism", "Impressionism", "Expressionism", "Synthetic Cubism", "Cubism", "Purism", "Baroque", "Surrealism", "Pop Art", "Neoclassicism", "Baroque", "Romanticism", "Art Nouveau (Modern)"], "title": ["Bluebells and\u00a0Dragonflies", "Group Surrounding a Reclining Nude - Velazquez", "Autumn Trees", "Portuguese", "Colourful Dance", "Black Lenin", "The Scream (after Munch)", "El Tinen", "Young Girl", "Dance Group of the Mary Wigman School in Dresden", "Woman with a Guitar", "Portrait of Jacqueline", "The\u00a0album\u00a0\"Circus\"", "Seated Old Man", "The Dance", "Martinson Coffee", "Study of seated woman", "Boas und Ruth", "Highwaymen Attacking a Coach", "Evestar"], "Art Nouveau (Modern)": 0.00394446564588503, "Ukiyo-e": 0.002917905652854774, "Expressionism": 0.003273700665945877, "style_dict": {"Abstract Expressionism, Surrealism": 1, "Impressionism": 1, "Analytical Cubism": 1, "Art Nouveau (Modern)": 1, "Ukiyo-e": 1, "Romanticism": 1, "Purism": 1, "Surrealism": 1, "Expressionism": 4, "Pop Art": 3, "Baroque": 2, "Synthetic Cubism": 1, "Cubism": 1, "Neoclassicism": 1}, "Neoclassicism": 0.0038596639964458383, "Impressionism": 0.0035603370565111462, "Purism": 0.003699005460117606, "scores": [0.008433832091217008, 0.009301035803779724, 0.009525469818454885, 0.009636995145501603, 0.009812365617689882, 0.010073563011220154, 0.010103467930873446, 0.010205354709697901, 0.010290697676730978, 0.010324230381606672, 0.010433480006603619, 0.01061016810358788, 0.010691500914227636, 0.010751730362243335, 0.010788949416181623, 0.011046702416066548, 0.011155863810295694, 0.011170769556149932, 0.011258861643230908, 0.011400972102857744], "Baroque": 0.003722695575202487, "style_counts": [0.0007265280991419765, 0.0003841285893738666, 0.0006102941438370646, 0.0, 0.0010265599930302516, 4.9166844797277065e-05, 0.0002454601857674321, 0.00021174531788314965, 0.0006707649799391202, 0.00047021956212556226, 0.00022177007068258092, 0.00033472929342426294, 0.00027359940710380837, 8.480164943913682e-05], "Analytical Cubism": 0.003334171502047941, "artist": ["Hokusai Katsushika", "Dali Salvador", "Schiele Egon", "Braque Georges ", "Kirchner Ernst Ludwig", "Warhol Andy", "Warhol Andy", "Picasso Pablo", "Renoir Pierre-Auguste", "Kirchner Ernst Ludwig", "Braque Georges ", "Picasso Pablo", "Leger Fernand ", "Rembrandt", "Chagall Marc", "Warhol Andy", "Ingres Jean Auguste Dominique ", "Rembrandt", "Goya Francisco", "Mucha Alphonse"], "contentId": ["222158.jpg", "221034.jpg", "232594.jpg", "193692.jpg", "251864.jpg", "229265.jpg", "9223372032559811408.jpg", "223879.jpg", "219497.jpg", "251874.jpg", "193822.jpg", "224277.jpg", "196380.jpg", "220428.jpg", "203167.jpg", "300216.jpg", "193537.jpg", "220064.jpg", "193940.jpg", "227645.jpg"], "style_labels": ["Abstract Expressionism, Surrealism", "Impressionism", "Analytical Cubism", "Art Nouveau (Modern)", "Ukiyo-e", "Romanticism", "Purism", "Surrealism", "Expressionism", "Pop Art", "Baroque", "Synthetic Cubism", "Cubism", "Neoclassicism"], "Romanticism": 0.0038952988010877796, "Surrealism": 0.0037327203280019083, "Pop Art": 0.00347424608375944, "Cubism": 0.0036708662387812626}