{"Impressionism": 0.00452818714767161, "style": ["Realism", "Romanticism", "Symbolism", "Surrealism", "Op Art", "Baroque", "Surrealism", "Surrealism", "Abstract Expressionism", "Surrealism", "Northern Renaissance", "Surrealism", "High Renaissance", "Surrealism", "Surrealism", "Expressionism", "Impressionism", "Symbolism", "Expressionism", "Art Nouveau (Modern)"], "Abstract Expressionism": 0.003949350585214747, "artist": ["Sargent John Singer", "B\u00f6cklin Arnold", "Roerich Nicholas", "Dali Salvador", "Escher M.C.", "Rubens Peter Paul", "Dali Salvador", "Dali Salvador", "Twombly Cy", "Dali Salvador", "Bruegel the Elder Pieter", "Beksinski Zdislav", "Titian", "Beksinski Zdislav", "Dali Salvador", "Modigliani Amedeo ", "Monet Claude", "Roerich Nicholas", "Dali Salvador", "Roerich Nicholas"], "Op Art": 0.0036125675694587563, "contentId": ["265769.jpg", "260639.jpg", "226435.jpg", "221835.jpg", "204760.jpg", "216518.jpg", "221798.jpg", "220993.jpg", "231504.jpg", "221634.jpg", "186871.jpg", "259024.jpg", "224889.jpg", "258970.jpg", "221354.jpg", "189784.jpg", "212576.jpg", "225310.jpg", "221766.jpg", "225987.jpg"], "Art Nouveau (Modern)": 0.004618893137360796, "title": ["A Rose Trellis (Roses at Oxfordshire)", "Portrait of actress Fanny Janauscher", "Rock Relief of Buddha", "Women forming a skull", "Palm", "Nicolas Trigault", "Untitled -The Seven Arts", "Flaming Giraffe", "III Notes From Salalah (Note I)", "The Madonna of Port Lligat", "The Death of the Virgin", "Untitled", "Giacomo Doria", "Untitled", "Portrait of Mrs. George Tait, II", "Woman with a Green Necklace (Madame Menier)", "The Jetty at Le Havre, Bad Weather", "A tree", "Untitled - Scene in a Cabaret in Madrid", "Kneeling warriors (Study of murals for the chapel in Pskov)"], "Northern Renaissance": 0.004018023972207016, "Romanticism": 0.003378899188478709, "High Renaissance": 0.004365505813928425, "scores": [0.008069235335648597, 0.00976627478715713, 0.00985950699048084, 0.010244247734204067, 0.01044166327625518, 0.010570708664374227, 0.01119644517192024, 0.011325018671536992, 0.011415091393535394, 0.011512005647087549, 0.011613583011816923, 0.01258213258510221, 0.012617934713510227, 0.012789240367057265, 0.01283724827724441, 0.012885174908490345, 0.013088144246098408, 0.0131113959820199, 0.013326172814578742, 0.013350318276968054], "Surrealism": 0.003707854953173465, "style_labels": ["Impressionism", "Abstract Expressionism", "Op Art", "Art Nouveau (Modern)", "Northern Renaissance", "Romanticism", "High Renaissance", "Surrealism", "Expressionism", "Symbolism", "Baroque", "Realism"], "Expressionism": 0.004450991837244564, "year": [1886.0, "unknown", 1928.0, "unknown", 1933.0, 1617.0, 1944.0, "unknown", 2007.0, 1950.0, 1564.0, "unknown", 1535.0, "unknown", 1941.0, 1918.0, 1870.0, 1944.0, 1922.0, 1914.0], "Symbolism": 0.003900726612952889, "Baroque": 0.003657214209727957, "style_dict": {"Impressionism": 1, "Abstract Expressionism": 1, "Op Art": 1, "Art Nouveau (Modern)": 1, "Northern Renaissance": 1, "Romanticism": 1, "High Renaissance": 1, "Surrealism": 7, "Expressionism": 2, "Symbolism": 2, "Baroque": 1, "Realism": 1}, "Realism": 0.0027917638323182374, "style_counts": [9.07059896891882e-05, 0.0006695425521460185, 0.0010063255679020333, 0.0, 0.0006008691651537834, 0.0012399939488820788, 0.00025338732343227477, 0.0009110381841872517, 0.0001679013001162355, 0.000718166524407815, 0.0009616789276327697, 0.0018271293050424742]}