{"Impressionism": 0.0041171750346205745, "style": ["Art Nouveau (Modern)", "Impressionism", "Surrealism", "Realism", "Symbolism", "Romanticism", "Expressionism", "Realism", "Symbolism", "Academicism", "Surrealism", "Surrealism", "Symbolism", "Na\u00efve Art (Primitivism)", "Surrealism", "Surrealism", "Symbolism", "Realism", "Baroque", "unknown"], "style_labels": ["Impressionism", "unknown", "Art Nouveau (Modern)", "Romanticism", "Surrealism", "Na\u00efve Art (Primitivism)", "Expressionism", "Symbolism", "Academicism", "Baroque", "Realism"], "artist": ["Zorn Anders", "Renoir Pierre-Auguste", "Chagall Marc", "Levitan Isaac", "Roerich Nicholas", "Goya Francisco", "Dali Salvador", "Sargent John Singer", "Roerich Nicholas", "Gerome Jean-Leon", "Dali Salvador", "Dali Salvador", "Roerich Nicholas", "Rousseau Henri", "Dali Salvador", "Dali Salvador", "Roerich Nicholas", "Zorn Anders", "Rembrandt", "Matisse Henri"], "unknown": 0.005977117518656968, "Art Nouveau (Modern)": 0.0035193122609964043, "title": ["Oscar II", "Christine Lerolle Embroidering", "Song of Songs V", "Night. Riverbank.", "Armageddon", "Triple generation", "Still Life (Pulpo y scorpa)", "William Marshall Cazalet", "Mongolia (Campaign of Genghis Khan)", "The End of the Corrida", "Music - The Red Orchestra", "Design for 'Destino'", "Hystaspes. Shahnameh.", "Woman Walking in an Exotic Forest", "Untitled - for the campaign against venereal disease", "Paranoiac Woman-Horse (Invisible Sleeping Woman, Lion, Horse)", "Maitreya the Conqueror", "Lucky with the ladies", "A Young Man at a Table (possibly Govaert Flinck)", "Woman in Yellow and Blue with a Guitar"], "year": ["unknown", 1897.0, 1965.0, 1898.0, 1935.0, 1769.0, 1922.0, 1902.0, 1937.0, 1870.0, 1957.0, 1947.0, 1938.0, 1905.0, 1942.0, 1930.0, 1926.0, 1884.0, 1660.0, 1939.0], "Romanticism": 0.005159294147938969, "scores": [0.010172120766401702, 0.011900166442382471, 0.012296116637315167, 0.013341413658361848, 0.014440728889330656, 0.014912278095881753, 0.015037415625010389, 0.015208000300975848, 0.015336550843011467, 0.015581102144391467, 0.01563938339185091, 0.016191241930229715, 0.016314444295680186, 0.01643470353807329, 0.016626311274248837, 0.01678669220245958, 0.016910604688555764, 0.01703198951238949, 0.017198445554281183, 0.0172760916695525], "Surrealism": 0.005017061176358792, "Na\u00efve Art (Primitivism)": 0.005686017202865189, "Expressionism": 0.005202588761784671, "contentId": ["277305.jpg", "218360.jpg", "203056.jpg", "210313.jpg", "225355.jpg", "194188.jpg", "221493.jpg", "266394.jpg", "226167.jpg", "279466.jpg", "221175.jpg", "220920.jpg", "225885.jpg", "191441.jpg", "221761.jpg", "221277.jpg", "226119.jpg", "277376.jpg", "219997.jpg", "9223372032559820548.jpg"], "Symbolism": 0.005173416357188091, "Academicism": 0.005390691388339815, "Baroque": 0.005950253806382172, "style_dict": {"Impressionism": 1, "unknown": 1, "Art Nouveau (Modern)": 1, "Romanticism": 1, "Surrealism": 5, "Na\u00efve Art (Primitivism)": 1, "Expressionism": 1, "Symbolism": 4, "Academicism": 1, "Baroque": 1, "Realism": 3}, "Realism": 0.0050718154260217686, "style_counts": [0.0018599424840363143, 0.0, 0.0024578052576604836, 0.0008178233707180071, 0.0009600563422981212, 0.0002911003157917147, 0.0007745287568722281, 0.0008037011614688838, 0.0005864261303171192, 2.686371227478279e-05, 0.000905302092635174]}