{"Impressionism": 0.003475520807260168, "style": ["Surrealism", "Neoclassicism", "Baroque", "Post-Impressionism", "Expressionism", "Romanticism", "Post-Impressionism", "Surrealism", "Impressionism", "Metaphysical art", "Baroque", "Neoclassicism", "Surrealism", "Romanticism", "Mannerism (Late Renaissance)", "Neoclassicism", "Baroque", "Impressionism", "Romanticism", "Realism"], "style_labels": ["Impressionism", "Romanticism", "Surrealism", "Mannerism (Late Renaissance)", "Realism", "Expressionism", "Metaphysical art", "Baroque", "Post-Impressionism", "Neoclassicism"], "artist": ["Delvaux Paul", "Bouguereau William-Adolphe", "Rubens Peter Paul", "van Gogh Vincent ", "Freud Lucian", "Alma-Tadema Lawrence ", "van Gogh Vincent ", "Delvaux Paul", "Renoir Pierre-Auguste", "Delvaux Paul", "Rembrandt", "Bouguereau William-Adolphe", "Delvaux Paul", "Goya Francisco", "Titian", "Bouguereau William-Adolphe", "Rembrandt", "Cassatt Mary", "Turner William", "van Gogh Vincent "], "contentId": ["243197.jpg", "232544.jpg", "216669.jpg", "207208.jpg", "232096.jpg", "214620.jpg", "207316.jpg", "243196.jpg", "218256.jpg", "243021.jpg", "220409.jpg", "232530.jpg", "243072.jpg", "193915.jpg", "225040.jpg", "232495.jpg", "220652.jpg", "190193.jpg", "238798.jpg", "207398.jpg"], "title": ["The Sleeping Venus", "The\u00a0bird\u00a0Ch\u00a0ri", "The Last Supper", "Thistles", "Pregnant Girl", "The Roman Potter", "Vase with Gladioli and Carnations", "The skeleton has the shell", "Bather drying herself", "Afternoon Mass", "Samson at the Wedding", "The Shell", "Nocturnes", "Equestrian portrait of Maria Luisa of Parma", "Tarquin and Lucretia", "Study for Vierge aux anges", "The Rich Man from the Parable", "In the Box", "Salon", "Weaver"], "year": [1943.0, 1867.0, 1632.0, 1888.0, 1961.0, 1884.0, 1886.0, 1944.0, 1895.0, 1937.0, 1638.0, 1871.0, 1931.0, 1788.0, 1570.0, "unknown", 1627.0, 1879.0, "unknown", 1884.0], "Romanticism": 0.003355657207991743, "Surrealism": 0.0029171237338061202, "Mannerism (Late Renaissance)": 0.003644874614528518, "Realism": 0.0038338231822337408, "Expressionism": 0.002884916772357457, "Metaphysical art": 0.0033238085328252303, "scores": [0.006580586493269504, 0.006671603714422842, 0.0073731641372253905, 0.008168107186774798, 0.008338481962702952, 0.008772213926262741, 0.008952285663219043, 0.00934575682306202, 0.009516717962427644, 0.009607042311932332, 0.009788134125666249, 0.010101783389039833, 0.010290421829608425, 0.010379122203122135, 0.010535042646905898, 0.010535604039702634, 0.010838688713566367, 0.010950199913174058, 0.011006615661509945, 0.011081174250696005], "Baroque": 0.003115541757368078, "Post-Impressionism": 0.002907241917922266, "style_dict": {"Impressionism": 2, "Romanticism": 3, "Surrealism": 3, "Mannerism (Late Renaissance)": 1, "Realism": 1, "Expressionism": 1, "Metaphysical art": 1, "Baroque": 3, "Post-Impressionism": 2, "Neoclassicism": 3}, "Neoclassicism": 0.0030386550654349425, "style_counts": [0.0003583023749734737, 0.00047816597424199525, 0.0009166994484275381, 0.00018894856770512725, 0.0, 0.0009489064098762157, 0.0005100146494084745, 0.00071828142486563, 0.0009265812643114435, 0.0007951681167986946]}