{"Impressionism": 0.006487623187494043, "style": ["Realism", "Romanticism", "Realism", "Realism", "Na\u00efve Art (Primitivism)", "Realism", "Surrealism", "Na\u00efve Art (Primitivism)", "Realism", "Surrealism", "Realism", "Realism", "Realism", "Realism", "Impressionism", "Realism", "Realism", "Pop Art", "High Renaissance", "Color Field Painting"], "style_labels": ["Impressionism", "Romanticism", "High Renaissance", "Surrealism", "Color Field Painting", "Na\u00efve Art (Primitivism)", "Pop Art", "Realism"], "artist": ["Sargent John Singer", "Aivazovsky Ivan ", "Kustodiev Boris", "Sargent John Singer", "Chagall Marc", "Sargent John Singer", "Miro Joan", "Chagall Marc", "Sargent John Singer", "Magritte Rene", "Sargent John Singer", "Repin Ilya", "Sargent John Singer", "Sargent John Singer", "Munch Edvard ", "Sargent John Singer", "Sargent John Singer", "Warhol Andy", "Raphael", "Rothko Mark"], "contentId": ["266197.jpg", "196732.jpg", "230103.jpg", "266210.jpg", "203169.jpg", "266415.jpg", "227919.jpg", "202499.jpg", "266264.jpg", "211435.jpg", "266141.jpg", "215206.jpg", "266193.jpg", "266119.jpg", "185441.jpg", "266283.jpg", "266289.jpg", "229351.jpg", "210641.jpg", "242170.jpg"], "title": ["Madame Paul Escudier", "Sea view", "Portrait of Stjepan Nikolsky, uncle of the artist", "Mary Turner Austin", "The deposit", "Portrait of Jean Joseph Marie Carries", "Man and Woman in Front of a Pile of Excrement", "Coachman feeds a horses", "Mrs. Kate Moore", "Project for a mural, Norine House, Brussels", "Henry James", "Portrait of poet Grand Prince Konstantin Konstantinovich Romanov", "Madame Errazuriz", "General Lucius Fairchild", "Sister Inger", "Olivia Richardson", "Peter A. B. Widener", "Marilyn Red", "The Pregnant Woman, La Donna Gravida", "Untitled"], "Romanticism": 0.004658409112987775, "High Renaissance": 0.0068051935182669, "Surrealism": 0.00600942222783481, "Color Field Painting": 0.006821539585120598, "Na\u00efve Art (Primitivism)": 0.005958455172623929, "scores": [0.012590071837223642, 0.013464534136905987, 0.015637154383820087, 0.01570664313669022, 0.017417533784685035, 0.01747349650581644, 0.017497126944711595, 0.017671081547094555, 0.01780131672683312, 0.017891627155100495, 0.017974137669128067, 0.01813611635456924, 0.01818534364220011, 0.01869165014663801, 0.018751642837005075, 0.019231194842916667, 0.019324718638109733, 0.019574262643715798, 0.019669539152216683, 0.019716785362203296], "year": [1882.0, 1841.0, 1901.0, 1880.0, 1923.0, 1880.0, 1936.0, 1923.0, 1884.0, 1931.0, 1913.0, 1891.0, 1882.0, 1887.0, 1884.0, 1883.0, 1902.0, "unknown", 1507.0, 1968.0], "Pop Art": 0.006772230108546126, "style_dict": {"Impressionism": 1, "Romanticism": 1, "High Renaissance": 1, "Surrealism": 2, "Color Field Painting": 1, "Na\u00efve Art (Primitivism)": 2, "Pop Art": 1, "Realism": 11}, "Realism": 0.00520408536263896, "style_counts": [0.00033391639762647696, 0.0021631304721327904, 1.6346066853634156e-05, 0.0008121173572857021, 0.0, 0.0008630844124966064, 4.9309476574443956e-05, 0.0016174542224816069]}