{"style": ["High Renaissance", "Symbolism", "Magic Realism", "Realism", "Pop Art", "Symbolism", "Na\u00efve Art (Primitivism)", "Cubo-Futurism", "Surrealism", "Symbolism", "Neoclassicism", "High Renaissance", "Symbolism", "Symbolism", "Mannerism (Late Renaissance)", "Realism", "Baroque", "Neoclassicism", "Baroque", "Realism"], "style_labels": ["Cubo-Futurism", "Surrealism", "Realism", "High Renaissance", "Magic Realism", "Mannerism (Late Renaissance)", "Na\u00efve Art (Primitivism)", "Symbolism", "Pop Art", "Baroque", "Neoclassicism"], "Cubo-Futurism": 0.0045789074884455315, "Surrealism": 0.004588739119818637, "contentId": ["225068.jpg", "226516.jpg", "278025.jpg", "232372.jpg", "9223372032559811411.jpg", "225947.jpg", "202793.jpg", "219783.jpg", "220909.jpg", "226880.jpg", "193553.jpg", "224845.jpg", "226562.jpg", "225976.jpg", "225042.jpg", "199760.jpg", "216560.jpg", "232386.jpg", "216725.jpg", "232432.jpg"], "artist": ["Titian", "Roerich Nicholas", "Earle Eyvind", "Bouguereau William-Adolphe", "Warhol Andy", "Roerich Nicholas", "Chagall Marc", "Malevich Kazimir", "Dali Salvador", "Roerich Nicholas", "Ingres Jean Auguste Dominique ", "Titian", "Roerich Nicholas", "Roerich Nicholas", "Titian", "Corot Camille ", "Rubens Peter Paul", "Bouguereau William-Adolphe", "Rubens Peter Paul", "Bouguereau William-Adolphe"], "Realism": 0.004467371459519234, "style_counts": [0.00021818569966081114, 0.00020835406828778602, 0.0003297217285871401, 0.001065197587625799, 0.0008664114156174962, 3.742441555720788e-05, 0.0002486705731872263, 0.0006933459793265762, 0.0005278841906426468, 0.0, 0.00013508593399125246], "High Renaissance": 0.0037318956004806455, "Magic Realism": 0.003930681772488882, "Mannerism (Late Renaissance)": 0.0047596687725491365, "title": ["The Vicious Husband", "Santana", "Coastline Fogl", "Cupid with Thorn", "30 Are Better than One", "Kangchenjunga", "Moses receiving the Tablets of Law", "Reaper", "Dance", "The unspilling vessel", "The Grande Odalisque", "Apostles group", "She who leads", "King Gesar", "The Annunciation", "The Baptism of Christ (study)", "Portrait of Lady Arundel with her Train", "Faneuse", "Venus und Adonis", "Marguerite"], "Na\u00efve Art (Primitivism)": 0.004548422614919123, "scores": [0.008571746415381899, 0.009950818878759211, 0.0113611315844791, 0.011886870394106967, 0.012339601114825372, 0.01311555705533305, 0.013146632269138456, 0.013234744886622221, 0.013263161956277093, 0.013281996822959578, 0.013308062683907112, 0.013404931329088023, 0.01344552116608185, 0.013630390277811717, 0.013757212197116328, 0.013766113277308973, 0.013885305754606588, 0.01414592907643985, 0.014364190584901852, 0.014496162906291354], "year": [1511.0, "unknown", "unknown", 1894.0, 1964.0, 1924.0, 1952.0, 1913.0, 1944.0, 1927.0, 1814.0, "unknown", 1944.0, 1941.0, 1557.0, 1845.0, 1620.0, 1869.0, 1635.0, 1903.0], "Symbolism": 0.004103747208779809, "Pop Art": 0.004269208997463733, "Baroque": 0.004797093188106376, "style_dict": {"Cubo-Futurism": 1, "Surrealism": 1, "High Renaissance": 2, "Neoclassicism": 2, "Magic Realism": 1, "Mannerism (Late Renaissance)": 1, "Na\u00efve Art (Primitivism)": 1, "Symbolism": 5, "Pop Art": 1, "Baroque": 2, "Realism": 3}, "Neoclassicism": 0.004662007254115194}