{"style": ["Surrealism", "Surrealism", "Op Art", "Expressionism", "Surrealism", "Expressionism", "Ukiyo-e", "Cubism", "Expressionism", "Proto Renaissance", "Proto Renaissance", "Surrealism", "Expressionism", "Art Nouveau (Modern)", "Neo-Romanticism", "Metaphysical art", "Surrealism", "Proto Renaissance", "Expressionism", "Proto Renaissance"], "style_labels": ["Neo-Romanticism", "Op Art", "Art Nouveau (Modern)", "Ukiyo-e", "Proto Renaissance", "Surrealism", "Expressionism", "Metaphysical art", "Cubism"], "Neo-Romanticism": 0.0076766988173959825, "artist": ["Escher M.C.", "Picasso Pablo", "Escher M.C.", "Escher M.C.", "Picasso Pablo", "Escher M.C.", "Hokusai Katsushika", "Escher M.C.", "Escher M.C.", "Giotto", "Giotto", "Beksinski Zdislav", "Kirchner Ernst Ludwig", "Vallotton  Felix", "Kittelsen Theodor Severin", "de Chirico Giorgio ", "Dali Salvador", "Giotto", "Kirchner Ernst Ludwig", "Giotto"], "Op Art": 0.004891644160732935, "contentId": ["204550.jpg", "223797.jpg", "204483.jpg", "204552.jpg", "223731.jpg", "204582.jpg", "222136.jpg", "204828.jpg", "204863.jpg", "192811.jpg", "192810.jpg", "259114.jpg", "252146.jpg", "271264.jpg", "322031.jpg", "194490.jpg", "221757.jpg", "192815.jpg", "252136.jpg", "192812.jpg"], "Art Nouveau (Modern)": 0.007664415509449846, "title": ["Grasshopper", "Bust of woman", "Dolphins", "Hand with Fir Cone", "Bather", "Life Force", "A depiction of Sun Wukong wielding his staff", "Seated Female Nude III", "Sunflowers", "The Crucifixion", "The Crucifixion", "Untitled", "Self-portrait with Model", "Portrait of Matilde Serao", "Daisies", "Metaphysical Triangle", "Untitled - Design for the ball in the dream sequence in 'Spellbound'", "The Crucifixion", "Self-portrait", "The Crucifixion"], "Ukiyo-e": 0.005795759220699666, "style_counts": [9.708022992793719e-05, 0.002882134886590948, 0.00010936353787405206, 0.0019780198266242666, 0.0005547424821157332, 0.0023492476171512733, 0.0015723796859191674, 0.0, 0.0019370895215451434], "Proto Renaissance": 0.007219036565208127, "scores": [0.01263708492109002, 0.013339662962348692, 0.014138670131860162, 0.01438677451017702, 0.014843972957975715, 0.015097781066943662, 0.016751898767076598, 0.01687020256491931, 0.01941103140527102, 0.0197474702440901, 0.019748233018567145, 0.02029096543156348, 0.02214321306214284, 0.02215301012929518, 0.022188513455676233, 0.02246911141051008, 0.022725598428222728, 0.0232097338499646, 0.024805143437122007, 0.025208638093466046], "Surrealism": 0.005424531430172639, "Expressionism": 0.006201399361404776, "Metaphysical art": 0.007773779047323945, "year": [1935.0, 1931.0, 1923.0, 1921.0, 1931.0, 1919.0, "unknown", 1920.0, 1918.0, 1300.0, 1317.0, "unknown", "unknown", 1891.0, "unknown", 1958.0, 1944.0, 1330.0, "unknown", 1317.0], "style_dict": {"Neo-Romanticism": 1, "Op Art": 1, "Art Nouveau (Modern)": 1, "Ukiyo-e": 1, "Proto Renaissance": 4, "Surrealism": 5, "Expressionism": 5, "Metaphysical art": 1, "Cubism": 1}, "Cubism": 0.0058366895257787686}