{"Impressionism": 0.004975834186459612, "style": ["Expressionism", "Expressionism", "Art Nouveau (Modern)", "Na\u00efve Art (Primitivism)", "Art Nouveau (Modern)", "Orientalism", "Art Nouveau (Modern)", "Na\u00efve Art (Primitivism)", "High Renaissance", "Cubism, Na\u00efve Art (Primitivism)", "Color Field Painting", "Na\u00efve Art (Primitivism)", "Symbolism", "Art Nouveau (Modern)", "Surrealism", "Expressionism", "Abstract Expressionism", "Na\u00efve Art (Primitivism)", "Impressionism", "Romanticism"], "Abstract Expressionism": 0.0049302401487676985, "Symbolism": 0.004810519782613224, "contentId": ["251989.jpg", "232864.jpg", "226555.jpg", "202877.jpg", "227039.jpg", "279397.jpg", "227029.jpg", "202368.jpg", "199075.jpg", "223903.jpg", "300129.jpg", "196411.jpg", "227333.jpg", "227032.jpg", "221678.jpg", "252170.jpg", "185288.jpg", "202418.jpg", "244388.jpg", "187903.jpg"], "Art Nouveau (Modern)": 0.004164270025111487, "artist": ["Kirchner Ernst Ludwig", "Schiele Egon", "Roerich Nicholas", "Chagall Marc", "Roerich Nicholas", "Gerome Jean-Leon", "Roerich Nicholas", "Chagall Marc", "Perugino Pietro ", "Picasso Pablo", "Rothko Mark", "Leger Fernand ", "Serebriakova Zinaida", "Roerich Nicholas", "Dali Salvador", "Kirchner Ernst Ludwig", "Pollock Jackson ", "Chagall Marc", "Hassam Childe", "Delacroix Eugene "], "Romanticism": 0.004984482105197405, "High Renaissance": 0.00472088193224576, "scores": [0.008799047373939871, 0.009974941403144252, 0.011394113528632609, 0.012556792664301413, 0.012602312404198485, 0.012669234304403497, 0.012809150910332023, 0.012927903805125526, 0.01364510380932542, 0.013843401394466345, 0.01385565652268871, 0.01387034856149038, 0.013904190520466061, 0.013907277269600908, 0.014113844755295453, 0.01416431079235856, 0.014250226885643941, 0.014271932214757251, 0.0143820106045171, 0.014407006304601398], "Surrealism": 0.0048830551698888025, "style_labels": ["Impressionism", "Abstract Expressionism", "Symbolism", "Art Nouveau (Modern)", "Romanticism", "High Renaissance", "Surrealism", "Color Field Painting", "Na\u00efve Art (Primitivism)", "Expressionism", "Cubism, Na\u00efve Art (Primitivism)", "Orientalism"], "Color Field Painting": 0.0047937281717608275, "Na\u00efve Art (Primitivism)": 0.004403562327313209, "Expressionism": 0.00366502483774652, "year": [1926.0, 1912.0, 1912.0, 1965.0, 1918.0, "unknown", 1918.0, 1914.0, 1497.0, 1907.0, 1954.0, 1949.0, 1923.0, 1918.0, "unknown", 1916.0, 1941.0, "unknown", 1883.0, 1847.0], "Cubism, Na\u00efve Art (Primitivism)": 0.004789488188378453, "title": ["Man's Head. Self-portrait", "Woman with Black Stockings", "Shchegolikha", "Lovers for Berggruen (The offering)", "Vignette for book \"N. K. Roerich\"", "Pho Xai", "Vignette for book \"N. K. Roerich\"", "A jew", "Madonna, an Angel and Little St. John Adoring the Child", "Female nude (study)", "No. 1 (Royal Red and Blue)", "Trouville", "Nude", "Vignette for book \"N. K. Roerich\"", "The Simoniacs", "Station in K\u00f6nigstein", "Untitled", "An artist", "Venice", "The Muse of Orpheus"], "style_dict": {"Impressionism": 1, "Abstract Expressionism": 1, "Surrealism": 1, "Orientalism": 1, "Romanticism": 1, "High Renaissance": 1, "Symbolism": 1, "Color Field Painting": 1, "Na\u00efve Art (Primitivism)": 4, "Expressionism": 3, "Cubism, Na\u00efve Art (Primitivism)": 1, "Art Nouveau (Modern)": 4}, "Orientalism": 0.004383254254333409, "style_counts": [8.647918737780813e-06, 5.4241956429668114e-05, 0.00017396232258415356, 0.0008202120800859802, 0.0, 0.0002636001729516835, 0.00010142693530856839, 0.00019075393343659375, 0.0005809197778842146, 0.0013194572674508631, 0.00019499391681898626, 0.0006012278508640279]}