{"Impressionism": 0.003622813604462266, "style": ["Expressionism", "Realism", "Romanticism", "Na\u00efve Art (Primitivism)", "Neo-Expressionism", "Neo-Expressionism", "Realism", "Realism", "Expressionism", "Impressionism", "Na\u00efve Art (Primitivism)", "Realism", "Surrealism", "High Renaissance", "Pop Art", "Realism", "Realism", "Realism", "Realism", "Pop Art"], "style_labels": ["Impressionism", "Neo-Expressionism", "Romanticism", "High Renaissance", "Surrealism", "Na\u00efve Art (Primitivism)", "Expressionism", "Pop Art", "Realism"], "Neo-Expressionism": 0.0031433283518474122, "contentId": ["221130.jpg", "266337.jpg", "196941.jpg", "191322.jpg", "203804.jpg", "231509.jpg", "205992.jpg", "210154.jpg", "223768.jpg", "244227.jpg", "202920.jpg", "266290.jpg", "221283.jpg", "224952.jpg", "229264.jpg", "190400.jpg", "215290.jpg", "228753.jpg", "191725.jpg", "300207.jpg"], "artist": ["Dali Salvador", "Sargent John Singer", "Aivazovsky Ivan ", "Rousseau Henri", "Basquiat Jean-Michel ", "Twombly Cy", "van Gogh Vincent ", "Levitan Isaac", "Picasso Pablo", "Hassam Childe", "Chagall Marc", "Sargent John Singer", "Dali Salvador", "Titian", "Warhol Andy", "Cassatt Mary", "Repin Ilya", "Shishkin Ivan", "Courbet Gustave", "Warhol Andy"], "Romanticism": 0.0030001812872972864, "High Renaissance": 0.0038279314274867636, "Surrealism": 0.0037396046419198962, "title": ["Madrid. Drunk Man", "The Duchess of Sutherland", "The Tempest", "Landscape with Monkeys", "Dog", "Leaving Paphos Ringed With Waves V", "Garbage Dump", "Dandelions", "Bull (plate III)", "Promenade at Sunset, Paris", "Peasant with a Clock", "Peter A. B. Widener", "Pentagonal Sardana", "Portrait of a Musician", "Big electric chair", "The Young Bride", "Portrait of the writer Aleksey Konstantinovich Tolstoy", "In The Birch Tree Forest", "Chateau de Chillon", "The Last Supper"], "Na\u00efve Art (Primitivism)": 0.00335561788794252, "Expressionism": 0.0029545930854270176, "year": [1922.0, 1904.0, 1899.0, "unknown", 1982.0, 2009.0, 1883.0, 1889.0, 1945.0, 1889.0, 1968.0, 1903.0, 1979.0, 1515.0, 1967.0, 1875.0, 1896.0, 1883.0, 1873.0, 1986.0], "scores": [0.007184154189400194, 0.008446180750748404, 0.008671639261372635, 0.009123429803851047, 0.009208682168510698, 0.009301994878486349, 0.00940385491265483, 0.009424468462279303, 0.010215083907213707, 0.01047127812645974, 0.010637394413041193, 0.010700198472077635, 0.010808847642702667, 0.011064144889170891, 0.011185793818190334, 0.011327023924618783, 0.011513084813470145, 0.011588626419907416, 0.011623328673460009, 0.011841515613446044], "Pop Art": 0.00391030508605672, "style_dict": {"Impressionism": 1, "Neo-Expressionism": 2, "Romanticism": 1, "High Renaissance": 1, "Surrealism": 1, "Na\u00efve Art (Primitivism)": 2, "Expressionism": 2, "Pop Art": 2, "Realism": 8}, "Realism": 0.003263047838784565, "style_counts": [0.0002874914815944596, 0.0007669767342093348, 0.0009101237987594324, 8.237365857000079e-05, 0.00017070044413680652, 0.0005546871981142454, 0.000955712000629716, 0.0, 0.0006472572472721039]}