{"Impressionism": 0.0038941606038547668, "style": ["Na\u00efve Art (Primitivism)", "High Renaissance", "Impressionism", "Ukiyo-e", "Realism", "High Renaissance", "High Renaissance", "Post-Impressionism", "Suprematism", "Neoclassicism", "Na\u00efve Art (Primitivism)", "Expressionism", "Impressionism", "Expressionism", "Realism", "Na\u00efve Art (Primitivism)", "High Renaissance", "Northern Renaissance", "Na\u00efve Art (Primitivism)", "Realism"], "Suprematism": 0.004118843681004012, "artist": ["Chagall Marc", "Titian", "Cassatt Mary", "Hokusai Katsushika", "van Gogh Vincent ", "Titian", "Michelangelo", "van Gogh Vincent ", "Malevich Kazimir", "Corot Camille ", "Chagall Marc", "Balthus", "Hassam Childe", "Modigliani Amedeo ", "Corot Camille ", "Chagall Marc", "Titian", "Durer Albrecht", "Chagall Marc", "Sargent John Singer"], "Ukiyo-e": 0.003655533290785919, "title": ["Jacob weeps over Joseph's tunic", "Studies of Saint Sebastian", "The Visitor", "\u014cgama", "New-Born Calf Lying on Straw", "Annunciation", "Ignudo", "Public Garden with Benches", "Suprematism", "Rebecca", "The Adoration of the Golden Calf", "Chassy by the fireplace at workshop", "Carriage, Rue Bonaparte", "Jeanne Hebuterne", "Souvenir of the Lake Nemi Region", "Nozdryov and Tchitchikov", "Girolamo and Cardinal Marco Corner Investing Marco, Abbot of Carrara, with His Benefice", "Lobster", "Manilov and Chichikov on the threshold", "Miss Elsie Palmer"], "Northern Renaissance": 0.004558949578536545, "style_counts": [0.000664788974681807, 0.0004401058975325167, 0.0009034162877505914, 0.0, 0.000734280267912002, 0.00041234847087445736, 0.0006632029803873563, 0.0002721394420297507, 0.0004747929510218185, 0.00025456955062219677], "High Renaissance": 0.0038246693106245167, "scores": [0.008873672634229657, 0.010253338949453282, 0.010414175174376422, 0.010565850183736849, 0.01118164734800069, 0.011629567426260898, 0.011741148619196815, 0.011804730970992824, 0.011904989450763077, 0.01244125846793601, 0.012449319908034325, 0.012484762423350393, 0.012518061371872172, 0.012759739301082084, 0.01282383842356384, 0.012864554966097466, 0.012953111137363072, 0.01317705910747465, 0.013255204210638468, 0.013260834519769778], "style_labels": ["Impressionism", "Suprematism", "Ukiyo-e", "Northern Renaissance", "High Renaissance", "Realism", "Na\u00efve Art (Primitivism)", "Expressionism", "Post-Impressionism", "Neoclassicism"], "Realism": 0.004146601107662108, "Na\u00efve Art (Primitivism)": 0.003895746598149215, "Expressionism": 0.004286810136506734, "contentId": ["202671.jpg", "225034.jpg", "190399.jpg", "223531.jpg", "206343.jpg", "224843.jpg", "193135.jpg", "206692.jpg", "219846.jpg", "199695.jpg", "203123.jpg", "244686.jpg", "243934.jpg", "189529.jpg", "199745.jpg", "202883.jpg", "224894.jpg", "200806.jpg", "202750.jpg", "265893.jpg"], "year": [1931.0, 1520.0, 1880.0, "unknown", 1884.0, 1535.0, 1509.0, 1888.0, 1915.0, 1839.0, 1966.0, 1955.0, 1888.0, 1918.0, 1865.0, 1923.0, 1520.0, 1495.0, 1923.0, 1890.0], "Post-Impressionism": 0.004084156627514662, "style_dict": {"Impressionism": 2, "Suprematism": 1, "Northern Renaissance": 1, "Ukiyo-e": 1, "High Renaissance": 4, "Neoclassicism": 1, "Na\u00efve Art (Primitivism)": 4, "Expressionism": 2, "Post-Impressionism": 1, "Realism": 3}, "Neoclassicism": 0.004304380027914374}