{"Impressionism": 0.0023922372732541244, "Social Realism": 0.0026095705152523476, "style_labels": ["Impressionism", "Social Realism", "Symbolism", "Romanticism", "Magic Realism", "Color Field Painting", "Na\u00efve Art (Primitivism)", "New Realism", "Post-Impressionism", "Realism"], "Symbolism": 0.0018652908999627993, "contentId": ["185978.jpg", "225940.jpg", "327991.jpg", "265660.jpg", "199633.jpg", "196479.jpg", "278323.jpg", "226421.jpg", "230133.jpg", "212373.jpg", "207372.jpg", "235655.jpg", "244354.jpg", "191423.jpg", "207189.jpg", "235592.jpg", "235582.jpg", "292727.jpg", "199657.jpg", "228798.jpg"], "artist": ["Mondrian Piet", "Roerich Nicholas", "Holbrook Carter Clarence", "Sargent John Singer", "Corot Camille ", "Aivazovsky Ivan ", "Earle Eyvind", "Roerich Nicholas", "Kustodiev Boris", "Monet Claude", "van Gogh Vincent ", "Hopper Edward", "Hassam Childe", "Rousseau Henri", "van Gogh Vincent ", "Hopper Edward", "Hopper Edward", "Rothko Mark", "Corot Camille ", "Shishkin Ivan"], "Romanticism": 0.0022186161243116487, "style_dict": {"Impressionism": 2, "New Realism": 2, "Color Field Painting": 1, "Romanticism": 1, "Magic Realism": 2, "Social Realism": 1, "Na\u00efve Art (Primitivism)": 1, "Symbolism": 2, "Post-Impressionism": 2, "Realism": 6}, "Magic Realism": 0.002097963654838443, "Color Field Painting": 0.00262695218255416, "Na\u00efve Art (Primitivism)": 0.002559759668591283, "scores": [0.0037073073318603135, 0.004306198264373848, 0.005769093913701201, 0.00605590850828025, 0.006386167224395962, 0.006412625387323435, 0.006585558010660398, 0.006678272202295983, 0.006702347905526249, 0.006714678712943519, 0.006767283107745779, 0.007347956204675774, 0.007372914636625044, 0.00739865705309789, 0.007457178022167589, 0.0075426289175239275, 0.007588650716749979, 0.007592868397798233, 0.007759513746758715, 0.0078038094760139246], "year": [1911.0, 1924.0, 1963.0, 1897.0, 1827.0, 1869.0, "unknown", 1924.0, 1915.0, 1875.0, 1885.0, 1931.0, 1912.0, 1910.0, 1888.0, 1931.0, 1927.0, 1961.0, 1827.0, 1867.0], "New Realism": 0.00253640965683287, "title": ["Dune Landscape", "Kangchenjunga", "Over and Above Series (Fox)", "Portrait of Mrs Harold Wilson", "Mount Soracte", "Clash soldiers with murids on Gunib", "Early Autumn", "Red Lama", "Portrait of Y.E. Kustodieva", "Spring", "View on the Singel in Amsterdam", "The Camel's Hump", "The North Gorge, Appledore, Isles of Shoals", "Tropical Forest with Apes and Snake", "The Starry Night", "New York, New Haven and Hartford", "Lighthouse HIll", "Untitled (No. 17)", "Olevano, La Serpentara", "Logging"], "Post-Impressionism": 0.0018958595224799883, "style": ["Post-Impressionism", "Symbolism", "Magic Realism", "Realism", "Realism", "Romanticism", "Magic Realism", "Symbolism", "Realism", "Impressionism", "Realism", "New Realism", "Impressionism", "Na\u00efve Art (Primitivism)", "Post-Impressionism", "Social Realism", "New Realism", "Color Field Painting", "Realism", "Realism"], "Realism": 0.002204598228779832, "style_counts": [0.0002347149093000489, 1.73816673018079e-05, 0.0007616612825913638, 0.00040833605824253105, 0.000528988527715657, 0.0, 6.719251396292147e-05, 9.054252572127108e-05, 0.0007310926600742063, 0.0004223539537743237]}