{"style": ["Realism", "Northern Renaissance", "Surrealism", "Surrealism", "Expressionism", "Realism", "Northern Renaissance", "Expressionism", "Art Nouveau (Modern)", "Na\u00efve Art (Primitivism)", "Na\u00efve Art (Primitivism)", "Northern Renaissance", "Realism", "Neo-Expressionism", "Surrealism", "Na\u00efve Art (Primitivism)", "Op Art", "Abstract Expressionism", "Northern Renaissance", "Na\u00efve Art (Primitivism)"], "Abstract Expressionism": 0.0033970292349517267, "Neo-Expressionism": 0.0033052852665393703, "Op Art": 0.0033588343050079883, "contentId": ["204530.jpg", "200699.jpg", "202841.jpg", "242121.jpg", "204831.jpg", "204667.jpg", "201218.jpg", "251895.jpg", "271295.jpg", "202373.jpg", "202946.jpg", "200831.jpg", "204425.jpg", "231484.jpg", "204873.jpg", "223671.jpg", "204602.jpg", "231554.jpg", "201081.jpg", "202750.jpg"], "Art Nouveau (Modern)": 0.0031915565279722643, "artist": ["Escher M.C.", "Durer Albrecht", "Chagall Marc", "Rothko Mark", "Escher M.C.", "Escher M.C.", "Durer Albrecht", "Kirchner Ernst Ludwig", "Vallotton  Felix", "Chagall Marc", "Chagall Marc", "Durer Albrecht", "Escher M.C.", "Twombly Cy", "Escher M.C.", "Picasso Pablo", "Escher M.C.", "Twombly Cy", "Durer Albrecht", "Chagall Marc"], "Northern Renaissance": 0.0028590479782660155, "style_counts": [0.0, 9.17439684123833e-05, 3.8194929943835554e-05, 0.0002054727069794593, 0.0005379812566858044, 0.0005581709004921498, 0.00023150669416971414, 0.0005832206905498349, 0.0009326438520124158], "Surrealism": 0.002838858334459661, "style_labels": ["Abstract Expressionism", "Neo-Expressionism", "Op Art", "Art Nouveau (Modern)", "Northern Renaissance", "Surrealism", "Na\u00efve Art (Primitivism)", "Expressionism", "Realism"], "Na\u00efve Art (Primitivism)": 0.0031655225407820338, "Expressionism": 0.0028138085444019603, "year": [1930.0, 1495.0, 1963.0, 1945.0, 1931.0, 1930.0, 1495.0, 1906.0, 1895.0, 1923.0, 1923.0, 1498.0, 1929.0, 1983.0, 1932.0, 1905.0, 1968.0, 1957.0, 1501.0, 1923.0], "scores": [0.004574695881197053, 0.007126288719838628, 0.007889934404598387, 0.007998151830641311, 0.008000699049895196, 0.008076201255905847, 0.00839798502199893, 0.008569476066202232, 0.009224784852180173, 0.009358844791544139, 0.009374662122264309, 0.00939675024248387, 0.009497019341335244, 0.009553503186195692, 0.009625292362525913, 0.009666217335718558, 0.00970827981464788, 0.009818677361452085, 0.009896718897113264, 0.010150293360593641], "title": ["Fiumara, Calabria", "Five Lansquenets And An Oriental On Horseback", "Noah and the Rainbow", "Untitled", "Second title-page", "NOT DETECTED", "The Great Courier", "Dodo Head on Pillow", "Self-portrait", "A man without passport with policeman", "Proshka", "Madonna With The Monkey", "Alfedena Abruzzi", "Anabasis (Xenephon)", "Temple of Segeste, Sicily", "A bank of canal", "Metamorphosis III excerpt 1", "Sunset", "St. Eustace", "Manilov and Chichikov on the threshold"], "style_dict": {"Abstract Expressionism": 1, "Neo-Expressionism": 1, "Op Art": 1, "Art Nouveau (Modern)": 1, "Northern Renaissance": 4, "Surrealism": 3, "Na\u00efve Art (Primitivism)": 4, "Expressionism": 2, "Realism": 3}, "Realism": 0.0024643853829393256}