{"Impressionism": 0.0026827895231901467, "style": ["Art Nouveau (Modern)", "Art Nouveau (Modern)", "Na\u00efve Art (Primitivism)", "Art Nouveau (Modern)", "Art Nouveau (Modern)", "Surrealism", "Art Nouveau (Modern)", "Art Nouveau (Modern)", "Art Nouveau (Modern)", "Impressionism", "Art Nouveau (Modern)", "Symbolism", "Academicism", "Art Nouveau (Modern)", "Art Nouveau (Modern)", "Suprematism", "Orientalism", "Art Nouveau (Modern)", "Art Nouveau (Modern)", "Realism"], "Suprematism": 0.0032717627547739795, "artist": ["Roerich Nicholas", "Roerich Nicholas", "Chagall Marc", "Roerich Nicholas", "Roerich Nicholas", "Beksinski Zdislav", "Roerich Nicholas", "Roerich Nicholas", "Roerich Nicholas", "Sorolla Joaqu\u00edn", "Roerich Nicholas", "Roerich Nicholas", "Gerome Jean-Leon", "Roerich Nicholas", "Roerich Nicholas", "Malevich Kazimir", "Gerome Jean-Leon", "Roerich Nicholas", "Roerich Nicholas", "Corot Camille "], "contentId": ["226963.jpg", "225518.jpg", "202993.jpg", "225989.jpg", "226567.jpg", "259069.jpg", "226129.jpg", "225979.jpg", "225519.jpg", "251080.jpg", "225911.jpg", "225429.jpg", "279480.jpg", "226852.jpg", "226555.jpg", "361384.jpg", "279295.jpg", "225572.jpg", "225428.jpg", "199755.jpg"], "Art Nouveau (Modern)": 0.0023295155605382867, "title": ["Tristan", "Courtier", "Selifan", "Knight", "Shepherd", "Untitled", "Mariners", "King Mark", "Courtier", "Academic study from life", "Isolde", "Brangena", "The Pain", "The lady of entourage", "Shchegolikha", "Costume for Victory over the Sun. Many and One", "A Muezzin Calling from the Top of a Minaret the Faithful to Prayer", "Entourage", "Brangena", "The Artist's Studio"], "style_counts": [0.0007731261015767599, 0.00018415286999284852, 0.0011264000642285943, 0.0008955917480217845, 0.0012389690426892752, 0.0006409176484689638, 0.0006283339709710623, 0.00014701830987629005, 0.0], "Surrealism": 0.0025603238767450552, "style_labels": ["Impressionism", "Suprematism", "Art Nouveau (Modern)", "Surrealism", "Na\u00efve Art (Primitivism)", "Symbolism", "Academicism", "Orientalism", "Realism"], "Na\u00efve Art (Primitivism)": 0.0022169465820776517, "scores": [0.005956048994556048, 0.006062484506350696, 0.006407799789601676, 0.0070705632085981155, 0.007140273255147421, 0.007400287824411128, 0.007485926151081217, 0.007571779434345489, 0.0076355867131975026, 0.007754259070208517, 0.008064718604204333, 0.008136390649226508, 0.00817276215527666, 0.008564451989156098, 0.009183827083111124, 0.009456610664935266, 0.009563943348738347, 0.009662205369263408, 0.009732151085658676, 0.009988880919498134], "year": [1912.0, 1912.0, 1923.0, 1912.0, 1912.0, "unknown", 1912.0, 1912.0, 1912.0, 1887.0, 1912.0, 1912.0, 1891.0, 1912.0, 1912.0, 1913.0, 1879.0, 1912.0, 1912.0, 1868.0], "Symbolism": 0.0028149979762979696, "Academicism": 0.0028275816537957823, "style_dict": {"Impressionism": 1, "Suprematism": 1, "Art Nouveau (Modern)": 12, "Surrealism": 1, "Na\u00efve Art (Primitivism)": 1, "Symbolism": 1, "Academicism": 1, "Orientalism": 1, "Realism": 1}, "Orientalism": 0.0033088973148906364, "Realism": 0.0034559156247668337}