{"Neo-Suprematism": 0.002890564657130732, "High Renaissance": 0.0029080851717415523, "year": [1963.0, "unknown", 1642.0, 1306.0, 1955.0, 1927.0, 1927.0, 1935.0, 1793.0, 1968.0, "unknown", 1895.0, "unknown", 1500.0, 1914.0, 1931.0, 1886.0, "unknown", "unknown", 1926.0], "Proto Renaissance": 0.002569192774469332, "style": ["Pop Art", "High Renaissance", "Baroque", "Proto Renaissance", "Abstract Expressionism", "Surrealism", "Neo-Suprematism", "Surrealism", "Romanticism", "Abstract Expressionism", "Orientalism", "Art Nouveau (Modern)", "Post-Impressionism", "High Renaissance", "Post-Impressionism", "Na\u00efve Art (Primitivism)", "Post-Impressionism", "Neoclassicism", "Surrealism", "Realism"], "title": ["Double silver disaster", "Various figure studies", "The Resurrection of Lazurus a Small Plate", "Infidelity", "The Geeks", "Honey Is Sweeter Than Blood", "Standing Figure", "Nostalgic Echo", "Procession of Flagellants", "III Notes from Salalah, (Note II)", "Lion Rending Apart a Corpse", "May Milton", "Wheat Field with Cypresses", "Study of Christ for the Last Supper", "Branch of Lillacs", "The monument on the tomb of Rachel, on the path Ephra (Genesis XXXV, 19 20)", "Female Nude, Seated", "The Prisons (plate V)", "Portrait of Juan de Pareja Repairing a String of His Mandolin", "Generals"], "Art Nouveau (Modern)": 0.003315012610239308, "style_dict": {"Neo-Suprematism": 1, "Abstract Expressionism": 2, "Orientalism": 1, "Realism": 1, "Romanticism": 1, "High Renaissance": 2, "Neoclassicism": 1, "Surrealism": 3, "Na\u00efve Art (Primitivism)": 1, "Pop Art": 1, "Baroque": 1, "Post-Impressionism": 3, "Proto Renaissance": 1, "Art Nouveau (Modern)": 1}, "Neoclassicism": 0.003642227327936625, "scores": [0.005527254038415551, 0.007159189672613449, 0.007364832769087378, 0.007425922235917047, 0.007555461197343887, 0.007836605419053632, 0.008354806449343478, 0.008849243379773594, 0.009005548073564447, 0.009092403229498804, 0.009326867312722925, 0.009581618825705341, 0.009906851138895431, 0.009966168996210069, 0.010225765110649331, 0.010284922136124563, 0.010466630155032002, 0.010527391004505633, 0.010566046852092975, 0.01062943674191806], "Baroque": 0.0025480572694386106, "Post-Impressionism": 0.0034047597949816467, "Realism": 0.0036775327301339896, "style_counts": [0.0007869680730031581, 0.0008505316367787286, 0.0003625201198946826, 0.0, 0.0005618269220618588, 0.0007694475583923666, 0.0011083399556646167, 0.0006452306458770707, 0.00011919387353964694, 0.0017652340705183178, 0.0011294754606953061, 0.00027277293515226564, 0.00045065809463318285, 3.530540219731648e-05], "Abstract Expressionism": 0.002827001093355251, "artist": ["Warhol Andy", "da Vinci Leonardo", "Rembrandt", "Giotto", "Twombly Cy", "Dali Salvador", "Malevich Kazimir", "Dali Salvador", "Goya Francisco", "Twombly Cy", "Delacroix Eugene ", "Toulouse-Lautrec Henri de", "van Gogh Vincent ", "da Vinci Leonardo", "Matisse Henri", "Chagall Marc", "van Gogh Vincent ", "Piranesi Giovanni Battista", "Dali Salvador", "Kustodiev Boris"], "contentId": ["229288.jpg", "225290.jpg", "220649.jpg", "192744.jpg", "231555.jpg", "221052.jpg", "219827.jpg", "221191.jpg", "194038.jpg", "231505.jpg", "187953.jpg", "230512.jpg", "207423.jpg", "225257.jpg", "213929.jpg", "203228.jpg", "205928.jpg", "262775.jpg", "221341.jpg", "229831.jpg"], "Orientalism": 0.003226874635500777, "style_labels": ["Neo-Suprematism", "Abstract Expressionism", "Art Nouveau (Modern)", "Realism", "Romanticism", "High Renaissance", "Proto Renaissance", "Surrealism", "Na\u00efve Art (Primitivism)", "Pop Art", "Baroque", "Post-Impressionism", "Orientalism", "Neoclassicism"], "Romanticism": 0.003115705808072031, "Surrealism": 0.0030323020842568907, "Na\u00efve Art (Primitivism)": 0.0035583388565942546, "Pop Art": 0.0019122986596155757}