{"style_counts": [0.0021278959604394965, 0.0, 0.0011935971556755742, 0.0023362483576915283, 0.0015084917038402645, 0.0009674233340808414, 0.0018176018843963915, 0.0037466518523481263, 0.0007043079973315658, 0.0006869910606703833, 0.0009096522774418858, 0.0019666469430922318], "style": ["Color Field Painting", "New Realism", "Surrealism", "Action painting", "Surrealism, Automatic Painting", "Na\u00efve Art (Primitivism)", "Realism", "Mannerism (Late Renaissance)", "Surrealism", "Magic Realism", "Na\u00efve Art (Primitivism)", "Color Field Painting", "Pop Art", "Cubism", "Realism", "Color Field Painting", "Na\u00efve Art (Primitivism)", "Realism", "Romanticism", "Na\u00efve Art (Primitivism)"], "style_labels": ["Surrealism", "Romanticism", "Magic Realism", "Color Field Painting", "Mannerism (Late Renaissance)", "Na\u00efve Art (Primitivism)", "Surrealism, Automatic Painting", "New Realism", "Pop Art", "Cubism", "Realism", "Action painting"], "title": ["Ochre and Red on Red", "Lighthouse and Buildings, Portland Head, Cape Elizabeth, Maine", "Dutch Interior", "Number 10", "Bouquet of Flowers. Smile of My Blond", "1st\u00a0state\u00a0church\u00a0of\u00a0Assy", "At the lake (Tver region)", "A monk with a book", "Zodiaco", "Brown Tree", "Model for the mosaic of the Church of Our Lady of All Graces", "Ochre and Red on Red", "Cow", "Study of mask for  The creation of Monde", "Kathy soup with face study", "Untitled", "Church\u00a0Sancellemoz\u00a0Assy", "Mrs. Henry Marquand", "Ships of Columbus", "Fourth state, church of Assy"], "Surrealism": 0.006123433507969342, "contentId": ["242142.jpg", "235580.jpg", "227898.jpg", "282430.jpg", "227881.jpg", "195899.jpg", "210067.jpg", "224837.jpg", "327205.jpg", "278007.jpg", "196035.jpg", "242143.jpg", "229283.jpg", "196190.jpg", "322084.jpg", "242172.jpg", "195941.jpg", "266255.jpg", "196791.jpg", "195995.jpg"], "artist": ["Rothko Mark", "Hopper Edward", "Miro Joan", "Pollock Jackson ", "Miro Joan", "Leger Fernand ", "Levitan Isaac", "Titian", "Solar Xul", "Earle Eyvind", "Leger Fernand ", "Rothko Mark", "Warhol Andy", "Leger Fernand ", "Kittelsen Theodor Severin", "Rothko Mark", "Leger Fernand ", "Sargent John Singer", "Aivazovsky Ivan ", "Leger Fernand "], "Romanticism": 0.008251329468408793, "scores": [0.008237101443701286, 0.013020192959888838, 0.016559555864012095, 0.018165068878518598, 0.018595864506826806, 0.019190000203340232, 0.019444086859869543, 0.01948930784278441, 0.019500596750385554, 0.020399470151515116, 0.021535092639211356, 0.021789371251731637, 0.02181369771623755, 0.021863750100896327, 0.022896786127904765, 0.023133525456762914, 0.023620074952134668, 0.023640224921210033, 0.023849409660585144, 0.024358894846245177], "Magic Realism": 0.007057732312733163, "Color Field Painting": 0.005915081110717259, "Mannerism (Late Renaissance)": 0.006742837764568469, "Na\u00efve Art (Primitivism)": 0.007283906134327994, "Surrealism, Automatic Painting": 0.006433727584012346, "year": [1954.0, 1927.0, 1928.0, 1949.0, 1924.0, 1947.0, 1893.0, 1550.0, 1953.0, 1974.0, 1947.0, 1957.0, 1966.0, "unknown", "unknown", 1968.0, 1947.0, 1887.0, 1880.0, 1947.0], "New Realism": 0.00450467761606069, "Pop Art": 0.0075470214710772155, "style_dict": {"Magic Realism": 1, "Romanticism": 1, "Surrealism": 2, "Color Field Painting": 3, "Mannerism (Late Renaissance)": 1, "Action painting": 1, "Surrealism, Automatic Painting": 1, "New Realism": 1, "Pop Art": 1, "Cubism": 1, "Realism": 3, "Na\u00efve Art (Primitivism)": 4}, "Cubism": 0.007564338407738405, "Realism": 0.007341677190966912, "Action painting": 0.0062846825253165825}