{"Impressionism": 0.0048896187895448, "style": ["Surrealism", "Realism, Surrealism", "Art Nouveau (Modern)", "Symbolism", "Na\u00efve Art (Primitivism)", "Surrealism", "Na\u00efve Art (Primitivism)", "Expressionism", "Realism", "Abstract Art", "Surrealism", "Surrealism", "Symbolism", "Symbolism", "Romanticism", "Realism", "Post-Impressionism", "Impressionism", "Symbolism", "Expressionism"], "style_labels": ["Impressionism", "Art Nouveau (Modern)", "Romanticism", "Surrealism", "Na\u00efve Art (Primitivism)", "Expressionism", "Symbolism", "Abstract Art", "Post-Impressionism", "Realism, Surrealism", "Realism"], "artist": ["Chagall Marc", "Dali Salvador", "Roerich Nicholas", "Roerich Nicholas", "Chagall Marc", "Dali Salvador", "Chagall Marc", "Dali Salvador", "Bouguereau William-Adolphe", "Kandinsky Wassily", "Beksinski Zdislav", "Dali Salvador", "Roerich Nicholas", "Roerich Nicholas", "Delacroix Eugene ", "van Gogh Vincent ", "van Gogh Vincent ", "Churchill Winston", "Roerich Nicholas", "Dali Salvador"], "contentId": ["202482.jpg", "221765.jpg", "225326.jpg", "226704.jpg", "265148.jpg", "220888.jpg", "202691.jpg", "221339.jpg", "232407.jpg", "282905.jpg", "259024.jpg", "221136.jpg", "226267.jpg", "226232.jpg", "187920.jpg", "207481.jpg", "207271.jpg", "313745.jpg", "225597.jpg", "221825.jpg"], "Art Nouveau (Modern)": 0.004039177064090985, "title": ["Child with a Dove", "Untitled - Portrait of a Woman", "Ancient life", "Steps of the Himalayas", "Then the old woman mounted on the Ifrit's back...", "Cranach Metamorphosis (Woman in a Mirror)", "Jewish Wedding", "Portrait of Jose M. Torres", "Inspiration", "Grouping", "Untitled", "March of Time Comittee - Papillon", "Night rider", "Mother of Turfan", "Two Figures", "Woman Peeling Potatoes near a Window", "Two Men on a Road with Pine Trees", "Daybreak at Cassis, near Marseilles", "Final journey", "Figure Climbing a Stair"], "Romanticism": 0.0047861466458327135, "scores": [0.0068154710145649266, 0.009114316232554627, 0.01167472331119053, 0.01176010622509396, 0.012363732818405304, 0.012483516848914026, 0.012509550828285886, 0.01268043975343246, 0.012768805953755315, 0.012842824814749621, 0.012889420865633668, 0.01313229550173452, 0.013515734881194386, 0.013668824723751402, 0.013833743094264331, 0.014011691168601422, 0.014091832906122653, 0.01413281605617872, 0.014143904527653968, 0.014206979624826798], "Surrealism": 0.003721495337766029, "Na\u00efve Art (Primitivism)": 0.00422377298743218, "Expressionism": 0.004565796671030178, "year": [1977.0, 1945.0, 1904.0, 1924.0, 1948.0, 1974.0, 1912.0, 1920.0, 1898.0, 1937.0, "unknown", 1940.0, 1918.0, 1924.0, "unknown", 1881.0, 1890.0, 1920.0, 1922.0, 1967.0], "Symbolism": 0.004359351215472673, "Abstract Art": 0.004443312449225431, "Post-Impressionism": 0.004875439592718612, "style_dict": {"Impressionism": 1, "Art Nouveau (Modern)": 1, "Romanticism": 1, "Surrealism": 4, "Na\u00efve Art (Primitivism)": 2, "Expressionism": 2, "Symbolism": 4, "Abstract Art": 1, "Post-Impressionism": 1, "Realism, Surrealism": 1, "Realism": 2}, "Realism, Surrealism": 0.003153337008519876, "Realism": 0.004547640027836168, "style_counts": [0.0, 0.0008504417254537877, 0.0001034721437119801, 0.0011681234517787464, 0.0006658458021125968, 0.00032382211851456066, 0.0005302675740720408, 0.0004463063403192802, 1.4179196826114016e-05, 0.0017362817810249176, 0.00034197876170860564]}