{"Impressionism": 0.004813407528916227, "style": ["Regionalism", "Pop Art", "Impressionism", "Baroque", "Art Nouveau (Modern)", "Symbolism", "Surrealism", "Symbolism", "Post-Impressionism", "Impressionism", "Post-Impressionism", "Symbolism", "Symbolism", "Symbolism", "Surrealism", "Impressionism", "Impressionism", "Neo-Expressionism", "Expressionism", "Symbolism"], "style_labels": ["Impressionism", "Neo-Expressionism", "Art Nouveau (Modern)", "Surrealism", "Expressionism", "Symbolism", "Pop Art", "Baroque", "Post-Impressionism", "Regionalism"], "Neo-Expressionism": 0.005382873474431961, "contentId": ["247721.jpg", "300235.jpg", "218256.jpg", "216669.jpg", "226378.jpg", "219808.jpg", "221165.jpg", "192854.jpg", "214108.jpg", "219237.jpg", "207091.jpg", "226103.jpg", "225355.jpg", "226232.jpg", "221167.jpg", "219014.jpg", "219160.jpg", "203831.jpg", "231947.jpg", "226075.jpg"], "Art Nouveau (Modern)": 0.004675836624605781, "artist": ["Rockwell Norman", "Warhol Andy", "Renoir Pierre-Auguste", "Rubens Peter Paul", "Roerich Nicholas", "Malevich Kazimir", "Dali Salvador", "Blake William ", "Matisse Henri", "Renoir Pierre-Auguste", "van Gogh Vincent ", "Roerich Nicholas", "Roerich Nicholas", "Roerich Nicholas", "Dali Salvador", "Renoir Pierre-Auguste", "Renoir Pierre-Auguste", "Basquiat Jean-Michel ", "Freud Lucian", "Roerich Nicholas"], "style_counts": [0.0006371848871745689, 6.771894165880088e-05, 0.0007747557914850045, 0.0004708837553227818, 0.0, 0.0007069949459791447, 0.0009715622287879144, 0.0007785632647689944, 0.0004971636038336724, 0.0011409653598827285], "scores": [0.012456424330328997, 0.012946062356144681, 0.013199026462731456, 0.013503901111048235, 0.01351490612429708, 0.013778375274527719, 0.014049332248364044, 0.01443832585706189, 0.014443234224698658, 0.014692205842625882, 0.014726903525973688, 0.014739873832588133, 0.015251659549621337, 0.015253266870715796, 0.015275564322952323, 0.01529690513476637, 0.01542997145464553, 0.015558505466826543, 0.01575423838327176, 0.01577963319687333], "Surrealism": 0.0049797086607680585, "title": ["Movie star", "La Grande Passion", "Bather drying herself", "The Last Supper", "Polovtsian camp", "Sketch for fresco", "Morphological Echo", "Archangel\u00a0Raphael\u00a0with\u00a0Adam\u00a0and\u00a0Eve", "Odalisque in blue or white slave", "The judgment of Paris", "The Garden of Saint-Paul Hospital", "Lord of the Night", "Armageddon", "Mother of Turfan", "Moses and the Pharaoh", "Seated bather", "The Agreement", "Hollywood Africans", "Eli and David", "Landscape"], "Expressionism": 0.005450592416090762, "year": ["unknown", 1984.0, 1895.0, 1632.0, 1919.0, 1907.0, 1936.0, 1808.0, "unknown", 1908.0, 1889.0, 1918.0, 1935.0, 1924.0, 1966.0, 1912.0, 1919.0, 1983.0, 2006.0, 1913.0], "Symbolism": 0.004743597470111696, "Pop Art": 0.004479030187302903, "Baroque": 0.004672029151321841, "Post-Impressionism": 0.0049534288122571836, "style_dict": {"Impressionism": 4, "Neo-Expressionism": 1, "Art Nouveau (Modern)": 1, "Surrealism": 2, "Expressionism": 1, "Symbolism": 6, "Pop Art": 1, "Baroque": 1, "Post-Impressionism": 2, "Regionalism": 1}, "Regionalism": 0.004309627056208072}