{"High Renaissance": 0.009037856734825975, "year": [1944.0, 1931.0, "unknown", "unknown", 1317.0, 1954.0, 1936.0, 1330.0, 1890.0, "unknown", 1921.0, 1920.0, 1511.0, 1919.0, 1958.0, 1954.0, 1509.0, 1921.0, "unknown", 1895.0], "Proto Renaissance": 0.007623834296165022, "style": ["Surrealism", "Surrealism", "Ukiyo-e", "Surrealism", "Proto Renaissance", "Na\u00efve Art (Primitivism)", "Surrealism", "Proto Renaissance", "Neo-Romanticism", "Pop Art", "Expressionism", "Cubism", "High Renaissance", "Expressionism", "Metaphysical art", "Op Art", "High Renaissance", "Expressionism", "Regionalism", "Art Nouveau (Modern)"], "Neo-Romanticism": 0.008143383124495045, "title": ["Untitled - Design for the ball in the dream sequence in 'Spellbound'", "Bust of woman", "A depiction of Sun Wukong wielding his staff", "Untitled", "The Crucifixion", "Moses", "Couple with Clouds in Their Heads (Woman)", "The Crucifixion", "January", "Muhammad Ali", "The Pedestal", "Seated Female Nude III", "Sistine Chapel Ceiling: The Brazen Serpent", "Life Force", "Metaphysical Triangle", "Three Intersecting Planes", "Sistine Chapel Ceiling: David and Goliath", "Hand with Fir Cone", "Boy Reading Adventure Story", "Edgar Allan Poe"], "Art Nouveau (Modern)": 0.0098616519889822, "Ukiyo-e": 0.006337548393000357, "Expressionism": 0.008824197011585934, "style_dict": {"Neo-Romanticism": 1, "Op Art": 1, "Art Nouveau (Modern)": 1, "Ukiyo-e": 1, "High Renaissance": 2, "Cubism": 1, "Surrealism": 4, "Na\u00efve Art (Primitivism)": 1, "Expressionism": 3, "Metaphysical art": 1, "Pop Art": 1, "Proto Renaissance": 2, "Regionalism": 1}, "Regionalism": 0.009760973798736786, "scores": [0.012188658605683082, 0.017873052368535973, 0.018317870889428454, 0.021322775272770374, 0.02137066555273124, 0.022032212874552946, 0.02302076832347611, 0.02352516419193722, 0.023537404596768702, 0.024453066301752528, 0.02512269928578921, 0.025307040644739, 0.025827681597801723, 0.02660370480941014, 0.02663597188873302, 0.026783061527018058, 0.027395153718485343, 0.027578391232220625, 0.02821284299743325, 0.02850384039515469], "style_counts": [0.0017182688644872268, 0.00059534863065136, 0.0, 0.0035241035959818756, 0.0008237952541563232, 0.002237817692817279, 0.0037518879707785224, 0.0022390294614947903, 0.0010374549773962682, 0.0006462381530399908, 0.0014014716557951834, 0.0011060168096655998, 0.00010067819024550673], "artist": ["Dali Salvador", "Picasso Pablo", "Hokusai Katsushika", "Beksinski Zdislav", "Giotto", "Chagall Marc", "Dali Salvador", "Giotto", "Kittelsen Theodor Severin", "Warhol Andy", "Braque Georges ", "Escher M.C.", "Michelangelo", "Escher M.C.", "de Chirico Giorgio ", "Escher M.C.", "Michelangelo", "Escher M.C.", "Rockwell Norman", "Vallotton  Felix"], "Op Art": 0.009266303358330914, "contentId": ["221757.jpg", "223797.jpg", "222136.jpg", "259114.jpg", "192810.jpg", "202767.jpg", "220885.jpg", "192815.jpg", "321692.jpg", "229361.jpg", "193769.jpg", "204828.jpg", "193186.jpg", "204582.jpg", "194490.jpg", "204890.jpg", "193177.jpg", "204552.jpg", "247620.jpg", "271102.jpg"], "style_labels": ["Neo-Romanticism", "Op Art", "Art Nouveau (Modern)", "Ukiyo-e", "High Renaissance", "Proto Renaissance", "Surrealism", "Na\u00efve Art (Primitivism)", "Expressionism", "Metaphysical art", "Pop Art", "Cubism", "Regionalism"], "Surrealism": 0.0061097640182037, "Na\u00efve Art (Primitivism)": 0.007622622527487499, "Metaphysical art": 0.009215413835942243, "Pop Art": 0.00846018033318709, "Cubism": 0.008755635179316662}