{"Constructivism, Suprematism": 0.004166115688486901, "Northern Renaissance": 0.004370811596308783, "Color Field Painting": 0.0036099423036454626, "year": [1977.0, 1961.0, 1931.0, 1922.0, 1918.0, 1927.0, 1939.0, 1557.0, 1870.0, 1979.0, 1927.0, 1898.0, 1927.0, 1939.0, 1916.0, "unknown", 1907.0, 1933.0, "unknown", 1950.0], "New Realism": 0.004275177927822043, "Academicism": 0.004476199987237085, "Abstract Expressionism, Surrealism": 0.004599321700501261, "style": ["Surrealism", "Color Field Painting", "New Realism", "Expressionism", "Constructivism, Suprematism", "Symbolism", "Symbolism", "Northern Renaissance", "Academicism", "Abstract Expressionism, Surrealism", "Symbolism", "Post-Impressionism", "New Realism", "unknown", "Symbolism", "Symbolism", "Cubism", "Symbolism", "Na\u00efve Art (Primitivism)", "Purism"], "title": ["Eschantos 28", "Untitled (No. 17)", "The Camel's Hump", "Still Life (Pulpo y scorpa)", "Workers of all countries unite!", "The unspilling vessel", "Himalayas", "Parable of the Sower", "The End of the Corrida", "Raphaelesque Hallucination", "Mongolia", "Village of Saint Mamm\u00e8s", "Coast Guard Station, Two Lights, Maine", "Woman in Yellow and Blue with a Guitar", "By the sea", "Lake Hyumpola", "Landscape near Cassis", "Tibet", "Still Life with Watermelon", "Forms in space"], "unknown": 0.004909308586218743, "Expressionism": 0.00388359718031638, "Symbolism": 0.004321583036373775, "style_dict": {"Abstract Expressionism, Surrealism": 1, "Constructivism, Suprematism": 1, "Symbolism": 6, "unknown": 1, "Northern Renaissance": 1, "Purism": 1, "Surrealism": 1, "Color Field Painting": 1, "Na\u00efve Art (Primitivism)": 1, "Expressionism": 1, "New Realism": 2, "Academicism": 1, "Post-Impressionism": 1, "Cubism": 1}, "Purism": 0.005119492376081186, "scores": [0.009834430017526385, 0.010434075282091466, 0.01104241143073886, 0.011225039609031642, 0.012041623126130673, 0.012142542364202813, 0.012198972705083338, 0.01263327039705596, 0.012937882025805243, 0.013293749548607807, 0.013789087181716883, 0.01398473755702714, 0.014133589636363606, 0.014189726888403802, 0.01419077537694267, 0.014358504370057451, 0.014599578502959563, 0.014621909687241865, 0.014765628826469967, 0.01479723617858979], "Post-Impressionism": 0.00483838714477556, "style_counts": [0.0005201706755799673, 0.0009533766875943206, 0.0007979093397074699, 0.00021018378986248365, 0.0007486807797724149, 0.0, 0.0017170130961547958, 0.0015095500724358057, 1.0935393356836798e-05, 0.0012358951957648356, 0.0008443144482591647, 0.0006432923888440856, 0.000281105231305645, 6.838486263582855e-05], "artist": ["Holbrook Carter Clarence", "Rothko Mark", "Hopper Edward", "Dali Salvador", "Malevich Kazimir", "Roerich Nicholas", "Roerich Nicholas", "Bruegel the Elder Pieter", "Gerome Jean-Leon", "Dali Salvador", "Roerich Nicholas", "Sisley Alfred", "Hopper Edward", "Matisse Henri", "Roerich Nicholas", "Roerich Nicholas", "Derain Andre", "Roerich Nicholas", "Botero Fernando", "Leger Fernand "], "contentId": ["345388.jpg", "292727.jpg", "235655.jpg", "221493.jpg", "219731.jpg", "226880.jpg", "225717.jpg", "9223372032559808852.jpg", "279466.jpg", "221392.jpg", "226166.jpg", "238362.jpg", "235543.jpg", "9223372032559820548.jpg", "225442.jpg", "226048.jpg", "344297.jpg", "226907.jpg", "281238.jpg", "195994.jpg"], "style_labels": ["Abstract Expressionism, Surrealism", "Constructivism, Suprematism", "Symbolism", "unknown", "Northern Renaissance", "Purism", "Surrealism", "Color Field Painting", "Na\u00efve Art (Primitivism)", "Expressionism", "New Realism", "Academicism", "Post-Impressionism", "Cubism"], "Surrealism": 0.003402479279926483, "Na\u00efve Art (Primitivism)": 0.00510855698272444, "Cubism": 0.0050511075134453505}