{"Northern Renaissance": 0.007213540609806621, "High Renaissance": 0.007230654881382003, "year": ["unknown", 1869.0, 1951.0, 1958.0, 1921.0, 1850.0, 1862.0, 1928.0, 1894.0, 1951.0, 1907.0, "unknown", 1923.0, 1872.0, 1895.0, 1607.0, 1813.0, "unknown", 1886.0, 1494.0], "style": ["Neoclassicism", "Neoclassicism", "Purism", "Surrealism", "Symbolism", "Neoclassicism", "Neoclassicism", "Abstract Art", "Impressionism", "Purism", "Art Nouveau (Modern)", "Realism", "Cubism", "Orientalism", "Impressionism", "Baroque", "Neoclassicism", "Northern Renaissance", "Realism", "High Renaissance"], "title": ["Charity", "The Knitting Girl", "Sacred Heart of Audincourt", "Landscape Near Port Lligat", "Cliff dwellings (Arizona)", "Dante and Virgil", "Orestes Pursued by the Furies", "Neuer Stadtteil in M", "Young Girl Combing Her Hair", "Sacred Heart of Audincourt", "Mist in the forest", "La Bacchante", "Woman with a Book", "The Harem (Parisian Women Dresses as Algerians)", "Portraits of Two Children", "Madonna of the Rosary (Madonna del Rosario)", "The Dream of Ossian", "Mary and child", "Vase with Gladioli and Lilac", "Lady in throne with Child between the saints and John Augustine"], "Art Nouveau (Modern)": 0.006698086557143221, "Symbolism": 0.005950094528427206, "style_dict": {"Impressionism": 2, "Orientalism": 1, "Art Nouveau (Modern)": 1, "Northern Renaissance": 1, "High Renaissance": 1, "Purism": 2, "Surrealism": 1, "Realism": 2, "Symbolism": 1, "Abstract Art": 1, "Baroque": 1, "Cubism": 1, "Neoclassicism": 5}, "Neoclassicism": 0.005353224378577856, "Impressionism": 0.00659046631505281, "Purism": 0.005768891989620034, "scores": [0.011614013202254492, 0.015427909599533858, 0.015808546984834027, 0.016943018853669528, 0.017197985181778494, 0.01732613222791657, 0.017546632069966067, 0.017644957514229308, 0.018129411296197138, 0.01816375389684251, 0.01935996021671072, 0.020087113134439158, 0.020631980617036465, 0.02067108132724589, 0.020681040521652677, 0.02081027920764564, 0.020820531983013216, 0.020849814053022133, 0.020875292225736267, 0.020899280660240584], "Abstract Art": 0.006104736342660872, "Baroque": 0.007199862492011397, "Realism": 0.006955893066558257, "style_counts": [0.0006401885663291917, 7.895155091075523e-05, 0.000532568324238758, 1.7114271575358053e-05, 0.0, 0.0014617628917619196, 0.0013687726486265595, 0.00027476181482366524, 0.0012805603529547627, 0.0011259185387211268, 3.079238937053752e-05, 9.247946824619824e-05, 0.0018774305028040894], "artist": ["Bouguereau William-Adolphe", "Bouguereau William-Adolphe", "Leger Fernand ", "Dali Salvador", "Roerich Nicholas", "Bouguereau William-Adolphe", "Bouguereau William-Adolphe", "Klee Paul", "Renoir Pierre-Auguste", "Leger Fernand ", "Roerich Nicholas", "Courbet Gustave", "Leger Fernand ", "Renoir Pierre-Auguste", "Renoir Pierre-Auguste", "Caravaggio", "Ingres Jean Auguste Dominique ", "Durer Albrecht", "van Gogh Vincent ", "Perugino Pietro "], "contentId": ["232362.jpg", "232513.jpg", "196140.jpg", "221094.jpg", "225494.jpg", "232375.jpg", "232451.jpg", "282742.jpg", "219499.jpg", "196141.jpg", "226157.jpg", "191758.jpg", "196425.jpg", "219229.jpg", "218947.jpg", "186666.jpg", "193550.jpg", "200858.jpg", "207318.jpg", "199047.jpg"], "Orientalism": 0.007151703330471198, "style_labels": ["Impressionism", "Orientalism", "Art Nouveau (Modern)", "Northern Renaissance", "High Renaissance", "Purism", "Surrealism", "Realism", "Symbolism", "Abstract Art", "Baroque", "Cubism", "Neoclassicism"], "Surrealism": 0.005861882232755403, "Cubism": 0.007138175413135787}