{"style": ["Baroque", "Na\u00efve Art (Primitivism)", "Symbolism", "Surrealism", "Neoclassicism", "Symbolism", "Symbolism", "Symbolism", "Symbolism", "Surrealism", "Mannerism (Late Renaissance)", "Cubism, Expressionism", "Baroque", "Symbolism", "Symbolism", "Symbolism", "Neo-Romanticism", "Realism", "Baroque", "Symbolism"], "style_labels": ["Neo-Romanticism", "Cubism, Expressionism", "Realism", "Surrealism", "Mannerism (Late Renaissance)", "Na\u00efve Art (Primitivism)", "Symbolism", "Baroque", "Neoclassicism"], "Neo-Romanticism": 0.004726073849755282, "Cubism, Expressionism": 0.004461533603974263, "contentId": ["216580.jpg", "202895.jpg", "225597.jpg", "202482.jpg", "232522.jpg", "226266.jpg", "226250.jpg", "226267.jpg", "226704.jpg", "211663.jpg", "224874.jpg", "221095.jpg", "216650.jpg", "225704.jpg", "226964.jpg", "225834.jpg", "298464.jpg", "215369.jpg", "220111.jpg", "226931.jpg"], "artist": ["Rubens Peter Paul", "Chagall Marc", "Roerich Nicholas", "Chagall Marc", "Bouguereau William-Adolphe", "Roerich Nicholas", "Roerich Nicholas", "Roerich Nicholas", "Roerich Nicholas", "Magritte Rene", "Titian", "Dali Salvador", "Rubens Peter Paul", "Roerich Nicholas", "Roerich Nicholas", "Roerich Nicholas", "Spencer Stanley", "Repin Ilya", "Rembrandt", "Roerich Nicholas"], "Realism": 0.004735109120923619, "style_counts": [9.035271168245096e-06, 0.00027357551694928706, 0.0, 0.0006680221537576081, 0.00027834643158852757, 0.0014610224041194941, 0.0009491488399943071, 0.0010330830988029005, 0.0008900083400363856], "Surrealism": 0.004067086967165999, "Mannerism (Late Renaissance)": 0.004456762689335064, "Na\u00efve Art (Primitivism)": 0.0032740867168040903, "scores": [0.006325251764675996, 0.00946332777915352, 0.009884442214089306, 0.011087761791610713, 0.011113770703340662, 0.011454225188621447, 0.011578105794444071, 0.011826522781072664, 0.01259067075567691, 0.012862817003956065, 0.012881701008899427, 0.0128954907258319, 0.013238491636718912, 0.01326294645423816, 0.013300665816078526, 0.013357041052026824, 0.013660110381064267, 0.013686225673674161, 0.013707093094615368, 0.01376059670319385], "year": [1607.0, 1956.0, 1922.0, 1977.0, 1878.0, 1918.0, 1943.0, 1918.0, 1924.0, 1937.0, 1562.0, 1923.0, 1633.0, 1924.0, 1922.0, 1940.0, 1920.0, 1879.0, 1643.0, 1936.0], "Symbolism": 0.003785960280929247, "title": ["Saint Gregory with Saints Domitilla, Maurus, and Papianus", "On Two Banks", "Final journey", "Child with a Dove", "The Nymphaeum", "Night rider", "Mstislav's duel with Rededia", "Night rider", "Steps of the Himalayas", "Youth Illustrated", "Death of Actaeon", "Landscape of Cadaques", "The Feast of Herod", "Himalayas", "Tristan's castle", "Himalayas. Evening.", "Christ Carrying the Cross", "Send off of recruit", "Danae", "Tibetian camp"], "Baroque": 0.003702026022120614, "style_dict": {"Neo-Romanticism": 1, "Cubism, Expressionism": 1, "Realism": 1, "Surrealism": 2, "Mannerism (Late Renaissance)": 1, "Na\u00efve Art (Primitivism)": 1, "Symbolism": 9, "Baroque": 3, "Neoclassicism": 1}, "Neoclassicism": 0.0038451007808871346}