{"Color Field Painting": 0.0039635830110077075, "year": [1943.0, 1892.0, "unknown", 1936.0, 1829.0, 1880.0, 1954.0, 1997.0, 1924.0, 1952.0, 1820.0, 1977.0, 1926.0, 1655.0, 1947.0, 1913.0, 1889.0, 1882.0, 1910.0, 1943.0], "style": ["Symbolism", "Art Nouveau (Modern)", "Orientalism", "Surrealism", "Romanticism", "Symbolism", "Color Field Painting", "Magic Realism", "Symbolism", "Action painting", "Neoclassicism", "Surrealism", "Cubism", "Baroque", "Action painting", "Expressionism", "Post-Impressionism", "Realism", "Expressionism", "Symbolism"], "title": ["Mstislav's duel with Rededia", "At the Music Hall Loie Fuller", "Pho Xai", "Cover of 'Minotaure' Magazine", "Interior of a Chapel", "Ruins by the Sea", "No. 1 (Royal Red and Blue)", "Thunder into the Distance", "Steps of the Himalayas", "Convergence", "Nomination by Pope Urban VIII Barberini, Taddeo", "Child with a Dove", "The Bowl of Grapes", "The Carcass of an Ox (Slaughtered Ox)", "Galaxy", "Standing Woman in Red", "The Reaper after Millet", "Beatrice Townsend", "Self Portrait", "Slavic land"], "Art Nouveau (Modern)": 0.003458465640960416, "Expressionism": 0.0047044258529784595, "Symbolism": 0.0038210827213733026, "style_dict": {"Magic Realism": 1, "Art Nouveau (Modern)": 1, "Realism": 1, "Romanticism": 1, "Cubism": 1, "Surrealism": 2, "Color Field Painting": 1, "Action painting": 2, "Expressionism": 2, "Symbolism": 4, "Baroque": 1, "Post-Impressionism": 1, "Orientalism": 1, "Neoclassicism": 1}, "Neoclassicism": 0.004343879319898165, "Magic Realism": 0.0041288133743448705, "scores": [0.008982474973101728, 0.009996251414286242, 0.010801138938650583, 0.010923200465056017, 0.010962810445633618, 0.011359058274771778, 0.01145622839509372, 0.011933805570830378, 0.012157661525341487, 0.01231376429825867, 0.012555426105942857, 0.012698572282597381, 0.012771978977775341, 0.013143726328703424, 0.013564936057989169, 0.013766537062563065, 0.013887153599829883, 0.013931539759267496, 0.013937252649653144, 0.014034293553258203], "Baroque": 0.004547417228526493, "Post-Impressionism": 0.0048046254125933005, "Realism": 0.004819981969865338, "style_counts": [0.0008087300956050036, 0.0010830443565139625, 0.0013615163289049104, 0.0, 0.0010271098537838474, 0.0006911685955204305, 0.0008563989588575849, 0.00042547752617427825, 0.00011555611688685019, 0.0009988992484920578, 0.00027256474133885433, 1.5356557272028226e-05, 0.00040118049808790524, 0.00047610264996711393], "artist": ["Roerich Nicholas", "Toulouse-Lautrec Henri de", "Gerome Jean-Leon", "Dali Salvador", "Delacroix Eugene ", "B\u00f6cklin Arnold", "Rothko Mark", "Earle Eyvind", "Roerich Nicholas", "Pollock Jackson ", "Ingres Jean Auguste Dominique ", "Chagall Marc", "Braque Georges ", "Rembrandt", "Pollock Jackson ", "Schiele Egon", "van Gogh Vincent ", "Sargent John Singer", "Schiele Egon", "Roerich Nicholas"], "contentId": ["226250.jpg", "230373.jpg", "279397.jpg", "220887.jpg", "187776.jpg", "260650.jpg", "300129.jpg", "278326.jpg", "226704.jpg", "282427.jpg", "193420.jpg", "202482.jpg", "193828.jpg", "220582.jpg", "282029.jpg", "232801.jpg", "207163.jpg", "266064.jpg", "232759.jpg", "226638.jpg"], "Orientalism": 0.0037369376133513303, "style_labels": ["Surrealism", "Orientalism", "Art Nouveau (Modern)", "Realism", "Romanticism", "Magic Realism", "Color Field Painting", "Action painting", "Expressionism", "Symbolism", "Baroque", "Post-Impressionism", "Cubism", "Neoclassicism"], "Romanticism": 0.0037928721160814267, "Surrealism": 0.004011251874260378, "Action painting": 0.004394504443691003, "Cubism": 0.004418801471777378}