{"Northern Renaissance": 0.0049270553271681524, "Color Field Painting": 0.005043021945347869, "year": [1920.0, 1951.0, "unknown", 1884.0, 1952.0, 1900.0, 1951.0, 1865.0, 1882.0, 1918.0, 1858.0, 1943.0, "unknown", "unknown", 1889.0, "unknown", "unknown", 1906.0, 1936.0, 1954.0], "Academicism": 0.0055737469537240165, "style": ["Precisionism", "Purism", "Northern Renaissance", "Realism", "Color Field Painting", "Neo-Romanticism", "Surrealism", "Impressionism", "Realism", "Expressionism", "Realism", "Surrealism", "Neoclassicism", "Neoclassicism", "Academicism", "Early Renaissance", "Northern Renaissance", "unknown", "Dada", "Color Field Painting"], "Neo-Romanticism": 0.004615368477406595, "title": ["Apple Family II", "Sacred Heart of Audincourt", "Ecce Homo", "Lane with Trees and One Figure", "Untitled", "Woodpecker", "The Deposition", "Dead fox lying in the Undergrowth", "Bench in a Wood", "Nude on sofa", "The Bathers", "Painting for the backdrop of 'Cafe De Chinitas'", "Venus at Paphos", "Pandora", "The Bathers", "Polyptych Annunziata (St. Illuminata)", "Cripples", "Street at Biskra", "Dora Marr", "No.9 (Dark over Light Earth)"], "unknown": 0.005625975115044286, "Expressionism": 0.0049067813006572055, "style_dict": {"Impressionism": 1, "Neo-Romanticism": 1, "Dada": 1, "unknown": 1, "Northern Renaissance": 2, "Neoclassicism": 2, "Purism": 1, "Surrealism": 2, "Color Field Painting": 2, "Precisionism": 1, "Expressionism": 1, "Academicism": 1, "Early Renaissance": 1, "Realism": 3}, "Neoclassicism": 0.005323356956558062, "Impressionism": 0.0048757433065200655, "Dada": 0.005676736121062295, "Purism": 0.0038459835653818376, "Precisionism": 0.002764003087936691, "scores": [0.00798899646411, 0.01111632227871246, 0.012764939353841088, 0.013182004100618172, 0.013245966053481485, 0.013340130699380243, 0.013924709761248754, 0.01409271075191686, 0.014140429460269832, 0.014182422093592596, 0.014604876429012602, 0.015396150122391893, 0.015527101051136073, 0.015821498394676708, 0.016110200780703677, 0.016220124093561605, 0.016249888161806045, 0.01626115958315063, 0.01640787776134748, 0.016451774723866587], "Early Renaissance": 0.00561177780998243, "Realism": 0.004665226635908075, "style_counts": [0.0008009928145422673, 0.0010613676436557196, 0.0007496807938941474, 0.0, 0.0010115094851542716, 0.0018307525556805482, 0.0006977129368322954, 0.0006337141757144504, 0.0029127330331256696, 0.0007699548204050943, 5.07610060180852e-05, 0.00010298916733830765, 6.495831107988792e-05, 0.0003533791645042861], "artist": ["O'Keeffe Georgia", "Leger Fernand ", "Durer Albrecht", "van Gogh Vincent ", "Rothko Mark", "Kittelsen Theodor Severin", "Delvaux Paul", "Degas Edgar", "van Gogh Vincent ", "Modigliani Amedeo ", "Courbet Gustave", "Dali Salvador", "Ingres Jean Auguste Dominique ", "Bouguereau William-Adolphe", "Gerome Jean-Leon", "Perugino Pietro ", "Bosch Hieronymus", "Matisse Henri", "Ray Man", "Rothko Mark"], "contentId": ["231614.jpg", "196140.jpg", "200675.jpg", "206240.jpg", "242169.jpg", "321764.jpg", "243178.jpg", "213444.jpg", "205733.jpg", "189591.jpg", "191871.jpg", "221268.jpg", "193571.jpg", "232453.jpg", "279450.jpg", "199112.jpg", "195303.jpg", "9223372032559820539.jpg", "210846.jpg", "242114.jpg"], "style_labels": ["Impressionism", "Neo-Romanticism", "Northern Renaissance", "Dada", "Realism", "Purism", "Surrealism", "Color Field Painting", "Precisionism", "Expressionism", "unknown", "Academicism", "Early Renaissance", "Neoclassicism"], "Surrealism": 0.004979023184230035}