{"Fauvism": 0.004080368585500482, "style_counts": [2.8419750381591946e-05, 0.000366661307309335, 0.00039313345660207943, 4.282387255694076e-06, 0.0010611267603090058, 0.00062291053875696, 0.0002434400801832881, 0.0007063100444438808, 0.0, 0.0006690082991896995, 0.00028356014482899816], "Cubism, Surrealism": 0.0037421270285726313, "Abstract Expressionism": 0.0037156548792799857, "artist": ["Schiele Egon", "Dali Salvador", "Rothko Mark", "da Vinci Leonardo", "Twombly Cy", "Warhol Andy", "Picasso Pablo", "Picasso Pablo", "Twombly Cy", "Klee Paul", "Schiele Egon", "Picasso Pablo", "Picasso Pablo", "Warhol Andy", "Malevich Kazimir", "Schiele Egon", "Durer Albrecht", "Schiele Egon", "Schiele Egon", "Picasso Pablo"], "Northern Renaissance": 0.0041045059486262735, "title": ["Semi Nude, Back View", "Et posuerunt eum in monumento (Mark 15:46)", "Blue, Orange, Red", "View of a Skull", "Quattro Stagioni. Primavera", "Campbell's Soup Can (onion)", "Portrait of Nusch \u00c9luard", "Profile of young dutchwoman", "Untitled", "Apparatus for the Magnetic Treatment of Plants", "Kneeling Young Man", "Seated woman", "Catalan Woman", "Campbell's Soup Can (Old Fashioned Vegetable)", "Bathers", "Standing Nude with Large Hat (Gertrude Schiele)", "Fortune", "Mother and Child", "Woman with Blue Stockings", "A simple meal"], "Abstract Expressionism, Symbolism": 0.0030476615755729796, "style": ["Expressionism", "Abstract Expressionism, Symbolism", "Color Field Painting", "High Renaissance", "Abstract Expressionism", "Pop Art", "Cubism, Surrealism", "Expressionism", "Abstract Expressionism", "Surrealism", "Expressionism", "Surrealism", "Na\u00efve Art (Primitivism)", "Pop Art", "Fauvism", "Expressionism", "Northern Renaissance", "Expressionism", "Expressionism", "Na\u00efve Art (Primitivism)"], "High Renaissance": 0.0034858777971250865, "scores": [0.006195053709639626, 0.008808874945661467, 0.009834427160427595, 0.010075482736287646, 0.01070283603217512, 0.010782036769914807, 0.010816138277846226, 0.011025144895337017, 0.011178202087188805, 0.011215261476439631, 0.01141446641349818, 0.011547302667825284, 0.011720979095798981, 0.011744265209970826, 0.011793782121337314, 0.011796681447747395, 0.011863548074026186, 0.011962512048290824, 0.012318603940191842, 0.012475173970831959], "Surrealism": 0.0038653482556987666, "style_labels": ["Fauvism", "Cubism, Surrealism", "Abstract Expressionism", "Northern Renaissance", "Abstract Expressionism, Symbolism", "High Renaissance", "Surrealism", "Color Field Painting", "Na\u00efve Art (Primitivism)", "Expressionism", "Pop Art"], "Color Field Painting": 0.0034024782914381397, "Na\u00efve Art (Primitivism)": 0.0041087883358820335, "Expressionism": 0.0034397800366923687, "contentId": ["232782.jpg", "246735.jpg", "242084.jpg", "225291.jpg", "231546.jpg", "229271.jpg", "224301.jpg", "224330.jpg", "231573.jpg", "202140.jpg", "232654.jpg", "224396.jpg", "223813.jpg", "229363.jpg", "219611.jpg", "232799.jpg", "200706.jpg", "232675.jpg", "232865.jpg", "223696.jpg"], "year": [1918.0, 1964.0, 1961.0, "unknown", 1995.0, 1962.0, 1937.0, 1905.0, 1959.0, 1908.0, 1908.0, 1960.0, 1911.0, "unknown", 1911.0, 1910.0, 1495.0, 1914.0, 1912.0, 1904.0], "Pop Art": 0.003825228191053011, "style_dict": {"Fauvism": 1, "Cubism, Surrealism": 1, "Abstract Expressionism": 2, "Northern Renaissance": 1, "Color Field Painting": 1, "High Renaissance": 1, "Surrealism": 2, "Abstract Expressionism, Symbolism": 1, "Na\u00efve Art (Primitivism)": 2, "Expressionism": 6, "Pop Art": 2}}