{"style": ["Symbolism", "Surrealism", "Northern Renaissance", "Northern Renaissance", "Baroque", "Dada", "Realism", "Northern Renaissance", "Realism", "Northern Renaissance", "Northern Renaissance", "Surrealism", "Northern Renaissance", "Realism", "Realism", "Northern Renaissance", "Realism", "Northern Renaissance", "Art Nouveau (Modern)", "Post-Impressionism"], "style_labels": ["Dada", "Art Nouveau (Modern)", "Northern Renaissance", "Surrealism", "Symbolism", "Baroque", "Post-Impressionism", "Realism"], "artist": ["Roerich Nicholas", "Magritte Rene", "Durer Albrecht", "Durer Albrecht", "Rembrandt", "Ray Man", "Zorn Anders", "Durer Albrecht", "van Gogh Vincent ", "Durer Albrecht", "Durer Albrecht", "Dali Salvador", "Bosch Hieronymus", "van Gogh Vincent ", "van Gogh Vincent ", "Durer Albrecht", "van Gogh Vincent ", "Durer Albrecht", "Kustodiev Boris", "van Gogh Vincent "], "Dada": 0.00390038612238895, "Art Nouveau (Modern)": 0.004622290363679502, "title": ["Castle", "The song of love", "St. Margaret", "Portrait of a Woman", "Healing of Peter`s Mother in law", "Lee Miller", "Opal", "Rest on the Flight to Egypt", "Man Sitting by the Stove The Pauper", "Abduction", "One of the wise virgins", "Allegory of Sunset Air (Allegory of the Everning)", "Christ Carrying the Cross", "Peasant Boy, Digging", "People Walking on the Beach", "St. Catherine", "Potato field behind the dunes", "Nuremberg woman in house dress", "Portrait of Fyodor Chaliapin", "Sheet with Numerous Sketches of Working People"], "Northern Renaissance": 0.0036998207650956625, "style_counts": [0.0007340289444119907, 1.2124703121507707e-05, 0.0009345943017052827, 0.0011131226450216136, 0.0019058496825807847, 0.0008306003239660908, 0.0, 0.000647988362274976], "Surrealism": 0.0035212924217793385, "year": [1906.0, 1948.0, "unknown", "unknown", 1660.0, 1930.0, 1891.0, "unknown", 1882.0, "unknown", "unknown", 1941.0, "unknown", 1885.0, 1882.0, "unknown", 1883.0, "unknown", 1921.0, 1890.0], "scores": [0.00788656832612299, 0.00847459904282586, 0.010265243736812528, 0.01062950300467699, 0.010994438704959052, 0.011273565893043154, 0.011290663406642571, 0.011293621903759762, 0.01166533436829951, 0.012156970529976819, 0.012210489403503895, 0.012261862284635095, 0.012288339899632052, 0.012658161368025847, 0.012739714603129379, 0.013134570111604267, 0.013257197158358866, 0.013295370346928076, 0.013360137523974823, 0.013395182423450025], "contentId": ["225455.jpg", "211618.jpg", "201096.jpg", "200940.jpg", "220155.jpg", "210855.jpg", "277383.jpg", "201015.jpg", "206283.jpg", "200500.jpg", "200891.jpg", "220759.jpg", "195299.jpg", "206460.jpg", "206585.jpg", "201074.jpg", "206686.jpg", "200887.jpg", "230017.jpg", "206816.jpg"], "Symbolism": 0.00272856538422014, "Baroque": 0.003803814742834898, "Post-Impressionism": 0.0046344150668009825, "style_dict": {"Dada": 1, "Art Nouveau (Modern)": 1, "Northern Renaissance": 8, "Surrealism": 2, "Symbolism": 1, "Baroque": 1, "Post-Impressionism": 1, "Realism": 5}, "Realism": 0.003986426704526026}