{"Impressionism": 0.0037903334817441466, "style": ["Symbolism", "Na\u00efve Art (Primitivism), Surrealism", "Symbolism", "Impressionism", "Surrealism", "Symbolism", "Impressionism", "Surrealism", "Realism", "Na\u00efve Art (Primitivism)", "Symbolism", "Regionalism", "Realism", "Symbolism", "Surrealism", "Art Nouveau (Modern)", "Realism", "Symbolism", "Impressionism", "Symbolism"], "style_labels": ["Impressionism", "Art Nouveau (Modern)", "Surrealism", "Na\u00efve Art (Primitivism), Surrealism", "Na\u00efve Art (Primitivism)", "Symbolism", "Realism", "Regionalism"], "artist": ["Roerich Nicholas", "Kahlo Frida ", "Roerich Nicholas", "Monet Claude", "Varo Remedios", "Roerich Nicholas", "Zorn Anders", "Holbrook Carter Clarence", "Corot Camille ", "Chagall Marc", "Roerich Nicholas", "Rockwell Norman", "Zorn Anders", "Roerich Nicholas", "Picasso Pablo", "Roerich Nicholas", "Corot Camille ", "Roerich Nicholas", "Hassam Childe", "Roerich Nicholas"], "contentId": ["225597.jpg", "184924.jpg", "225405.jpg", "212708.jpg", "276529.jpg", "225341.jpg", "277328.jpg", "345409.jpg", "199820.jpg", "203155.jpg", "225717.jpg", "247806.jpg", "277235.jpg", "225960.jpg", "224655.jpg", "226133.jpg", "199753.jpg", "226562.jpg", "243956.jpg", "225962.jpg"], "Art Nouveau (Modern)": 0.0043150798613476775, "title": ["Final journey", "Flower of Life (Flame Flower)", "Book of Life", "The Seine Estuary at Honfluer", "Lady Godiva", "Anxiety", "Sensitive to cold", "Balancing Act", "The Pond at Ville d'Avray", "The Creation of Man", "Himalayas", "Spring Tonic", "Bed on the loft", "Karelia", "Ulysses and sirens", "Medieval Revel", "The Arch of Constantine and the Forum, Rome", "She who leads", "Clouds (also known as Rain Clouds over Oregon Desert)", "Karelian landscape"], "style_counts": [0.0005247463796035357, 0.0, 0.0005151859874018561, 0.0011241114973808974, 0.00025182842254989346, 0.0007737663441850229, 0.00027182397942948633, 0.00016719225775962965], "Surrealism": 0.0037998938739458085, "Na\u00efve Art (Primitivism), Surrealism": 0.0031909683639668005, "Na\u00efve Art (Primitivism)": 0.004063251438797853, "scores": [0.00909778536017165, 0.00922308483954977, 0.00930605273045907, 0.010232039332266877, 0.0102885099337626, 0.010759869783222107, 0.011087190854838605, 0.011553730528303507, 0.0116373742867955, 0.01174430720393227, 0.011930428824208895, 0.01198893718433848, 0.01206235573599065, 0.012190713280894175, 0.012308153680712568, 0.012472184964305825, 0.012637806384312132, 0.012727827855077208, 0.012745242829274136, 0.012768717079739214], "year": [1922.0, 1943.0, 1939.0, 1865.0, 1959.0, 1938.0, 1894.0, 1976.0, 1860.0, 1958.0, 1939.0, 1936.0, "unknown", 1918.0, 1946.0, 1903.0, 1843.0, 1944.0, 1908.0, 1917.0], "Symbolism": 0.0035413135171626646, "style_dict": {"Impressionism": 3, "Art Nouveau (Modern)": 1, "Surrealism": 3, "Na\u00efve Art (Primitivism), Surrealism": 1, "Na\u00efve Art (Primitivism)": 1, "Symbolism": 7, "Realism": 3, "Regionalism": 1}, "Realism": 0.004043255881918224, "Regionalism": 0.004147887603588043}