{"style": ["Proto Renaissance", "Surrealism", "Op Art", "Expressionism", "Proto Renaissance", "Cubism", "Op Art", "Cubism", "Expressionism", "Proto Renaissance", "Expressionism", "Art Nouveau (Modern)", "Expressionism", "Expressionism", "Surrealism", "Expressionism", "Ukiyo-e", "Surrealism", "Expressionism", "Surrealism"], "style_labels": ["Op Art", "Art Nouveau (Modern)", "Ukiyo-e", "Proto Renaissance", "Surrealism", "Expressionism", "Cubism"], "artist": ["Giotto", "Picasso Pablo", "Escher M.C.", "Escher M.C.", "Giotto", "Escher M.C.", "Escher M.C.", "Escher M.C.", "Kirchner Ernst Ludwig", "Giotto", "Kirchner Ernst Ludwig", "Vallotton  Felix", "Escher M.C.", "Escher M.C.", "Beksinski Zdislav", "Klee Paul", "Hokusai Katsushika", "Dali Salvador", "Escher M.C.", "Picasso Pablo"], "Op Art": 0.00795077001620803, "contentId": ["192811.jpg", "223731.jpg", "204861.jpg", "204552.jpg", "192810.jpg", "204828.jpg", "204483.jpg", "204778.jpg", "252136.jpg", "192815.jpg", "252146.jpg", "271119.jpg", "204863.jpg", "204582.jpg", "259114.jpg", "202150.jpg", "222136.jpg", "221757.jpg", "204769.jpg", "223797.jpg"], "Art Nouveau (Modern)": 0.013025112367100643, "title": ["The Crucifixion", "Bather", "Study for Stars", "Hand with Fir Cone", "The Crucifixion", "Seated Female Nude III", "Dolphins", "Portrait of a Bearded Man", "Self-portrait", "The Crucifixion", "Self-portrait with Model", "Fyodor Dostojevsky", "Sunflowers", "Life Force", "Untitled", "Black Knight", "A depiction of Sun Wukong wielding his staff", "Untitled - Design for the ball in the dream sequence in 'Spellbound'", "Perfume", "Bust of woman"], "Ukiyo-e": 0.016657090587701477, "style_counts": [0.008706320571493453, 0.0036319782206007956, 0.0, 0.008533687271868762, 0.00229331568136637, 0.004080565735094299, 0.006766598214739683], "Proto Renaissance": 0.008123403315832717, "Surrealism": 0.014363774906335088, "Expressionism": 0.012576524852607218, "year": [1300.0, 1931.0, 1948.0, 1921.0, 1317.0, 1920.0, 1923.0, 1919.0, "unknown", 1330.0, "unknown", 1895.0, 1918.0, 1919.0, "unknown", 1927.0, "unknown", 1944.0, 1921.0, 1931.0], "scores": [0.01282128094833698, 0.01781278348017922, 0.018689491545804043, 0.026110186454350145, 0.026534390299385972, 0.02728412500213353, 0.02813162275441739, 0.030959777530060885, 0.033581983697190544, 0.03365095320528377, 0.037613026888663754, 0.03764741692929176, 0.038751487399125026, 0.03882421331052019, 0.044528345975456865, 0.04574527894091425, 0.04814518420341038, 0.05033527639301845, 0.059155934171297636, 0.06224693412232879], "style_dict": {"Op Art": 2, "Art Nouveau (Modern)": 1, "Ukiyo-e": 1, "Cubism": 2, "Surrealism": 4, "Expressionism": 7, "Proto Renaissance": 3}, "Cubism": 0.009890492372961834}