{"Impressionism": 0.0037483605717792343, "style": ["Symbolism", "Realism", "Romanticism", "Na\u00efve Art (Primitivism)", "Surrealism", "Realism", "Regionalism", "Art Nouveau (Modern)", "Realism", "Impressionism", "Na\u00efve Art (Primitivism)", "Symbolism", "Symbolism", "Symbolism", "Symbolism", "Magic Realism", "Abstract Expressionism", "Impressionism", "Expressionism, Symbolism", "Neoclassicism"], "Abstract Expressionism": 0.0038501055981787677, "Surrealism": 0.0032779636160961446, "contentId": ["225677.jpg", "266337.jpg", "193957.jpg", "202946.jpg", "211541.jpg", "232384.jpg", "247785.jpg", "225903.jpg", "228977.jpg", "219391.jpg", "202435.jpg", "225647.jpg", "226296.jpg", "226241.jpg", "225941.jpg", "278149.jpg", "231567.jpg", "212107.jpg", "224090.jpg", "193363.jpg"], "Art Nouveau (Modern)": 0.003554967010095872, "artist": ["Roerich Nicholas", "Sargent John Singer", "Goya Francisco", "Chagall Marc", "Magritte Rene", "Bouguereau William-Adolphe", "Rockwell Norman", "Roerich Nicholas", "Shishkin Ivan", "Renoir Pierre-Auguste", "Chagall Marc", "Roerich Nicholas", "Roerich Nicholas", "Roerich Nicholas", "Roerich Nicholas", "Earle Eyvind", "Twombly Cy", "Monet Claude", "Picasso Pablo", "Ingres Jean Auguste Dominique "], "Realism": 0.003178443776568683, "Romanticism": 0.0029319845236044435, "style_counts": [0.00021613769544259753, 0.00011439266904300638, 0.0006865346511256698, 0.0004095312571259502, 0.0007860544906530542, 0.001032513743617347, 0.00014558929177876934, 2.72181372062974e-06, 0.0005717628605710345, 0.0006376867370961881, 0.0, 0.0005105655302503065], "Magic Realism": 0.0038189089754430573, "style_labels": ["Impressionism", "Abstract Expressionism", "Surrealism", "Art Nouveau (Modern)", "Realism", "Romanticism", "Magic Realism", "Expressionism, Symbolism", "Na\u00efve Art (Primitivism)", "Symbolism", "Neoclassicism", "Regionalism"], "Expressionism, Symbolism": 0.003961776453501146, "Na\u00efve Art (Primitivism)": 0.003392735406650706, "scores": [0.00792834989692881, 0.008194776522288052, 0.008474525261614924, 0.009269687950512934, 0.009474533459375482, 0.009973084449309222, 0.009983149636615212, 0.010275176246233678, 0.010397438831833626, 0.010679783895415455, 0.010709716804167952, 0.010774451410757769, 0.010790354369745679, 0.010909419142983597, 0.011014003549285604, 0.01103806664859679, 0.011128236485893828, 0.01139385405561931, 0.01145100677229774, 0.011458873825806156], "year": [1925.0, 1904.0, 1799.0, 1923.0, 1960.0, 1895.0, "unknown", 1914.0, "unknown", 1872.0, 1923.0, "unknown", 1936.0, 1931.0, 1924.0, 1995.0, 2008.0, 1897.0, 1904.0, 1854.0], "Symbolism": 0.0033268115301256403, "title": ["Guru Kambala", "The Duchess of Sutherland", "King Carlos IV in Hunting Costume", "Proshka", "The heartstrings", "Elpieglerie", "Relaxing in Chair", "In the nunnery", "The road in forest", "Village Street, Louveciennes", "Asking the Way", "Glacier", "On the Heights (Tummo)", "Mountain Eagles (Tibetan stupa)", "Kangchenjunga", "Snow Tree", "Untitled", "Morning on the Seine", "Madonna with Garland", "Joan of Arc on Corronation of Charles VII in the Cathedral of Reims"], "style_dict": {"Impressionism": 2, "Abstract Expressionism": 1, "Magic Realism": 1, "Art Nouveau (Modern)": 1, "Romanticism": 1, "Neoclassicism": 1, "Surrealism": 1, "Expressionism, Symbolism": 1, "Na\u00efve Art (Primitivism)": 2, "Symbolism": 5, "Realism": 3, "Regionalism": 1}, "Neoclassicism": 0.0039644982672217945, "Regionalism": 0.0034539327369714264}