{"Impressionism": 0.003172572823463568, "style": ["Impressionism", "Impressionism", "Post-Impressionism", "Impressionism", "Ukiyo-e", "Symbolism", "Magic Realism", "Impressionism", "Impressionism", "Post-Impressionism", "Impressionism", "Realism", "Impressionism", "Impressionism", "Surrealism", "Symbolism", "Post-Impressionism", "Realism", "Post-Impressionism", "Impressionism"], "style_labels": ["Impressionism", "Magic Realism", "Ukiyo-e", "Surrealism", "Symbolism", "Post-Impressionism", "Realism"], "Magic Realism": 0.003564509487327357, "contentId": ["208868.jpg", "244253.jpg", "206574.jpg", "218521.jpg", "222190.jpg", "225932.jpg", "345414.jpg", "208660.jpg", "208645.jpg", "220845.jpg", "238023.jpg", "225899.jpg", "208919.jpg", "212838.jpg", "220854.jpg", "225496.jpg", "206871.jpg", "206739.jpg", "206394.jpg", "208760.jpg"], "artist": ["Pissarro Camille ", "Hassam Childe", "van Gogh Vincent ", "Renoir Pierre-Auguste", "Hokusai Katsushika", "Roerich Nicholas", "Holbrook Carter Clarence", "Pissarro Camille ", "Pissarro Camille ", "Dali Salvador", "Sisley Alfred", "Roerich Nicholas", "Pissarro Camille ", "Monet Claude", "Dali Salvador", "Roerich Nicholas", "van Gogh Vincent ", "van Gogh Vincent ", "van Gogh Vincent ", "Pissarro Camille "], "Ukiyo-e": 0.0033029019762303054, "style_counts": [0.0008161735318323871, 0.00042423686796866367, 0.0006858443790657143, 0.0, 0.00038365857982736173, 0.000399376177838473, 0.00011759090378304915], "Surrealism": 0.003988746355296025, "scores": [0.007253789489765528, 0.008931111946312045, 0.009209002313251823, 0.009358241076859074, 0.009546614591195504, 0.009649959589958132, 0.010302757552923928, 0.010869257417776255, 0.010921898808787802, 0.011171226771373163, 0.011189786549491496, 0.011190580062243721, 0.011228718534383387, 0.011520086507160555, 0.01152895981475889, 0.011579962348854281, 0.01159598555751033, 0.011606181949450973, 0.011735457528124087, 0.01175604646419306], "year": [1892.0, 1883.0, 1890.0, 1890.0, "unknown", 1928.0, 1977.0, 1902.0, 1894.0, 1923.0, 1875.0, 1894.0, 1897.0, 1881.0, 1934.0, 1915.0, 1890.0, 1883.0, 1888.0, 1901.0], "Symbolism": 0.00360508777546861, "title": ["View of Bazincourt, Frost, Morning", "Scene in Holland", "Peasants Lifting Potatoes", "Girls picking flowers in a meadow", "Fuji at Torigoe", "Jyagong", "Maidenhood", "The Fishmarket, Dieppe, Grey Weather, Morning", "The Dunes at Knokke", "Cadaques", "The Terrace at Saint Germain, Spring", "In a foreign bank", "Workers in the Fields", "Vetheuil, Prairie Inondee", "Cannibalism of the Praying Mantis of Lautreamont", "Cloud", "Sketch of Two Women", "Sand Diggers in Dekkersduin near The Hague 2", "Orchard with Arles in the Background", "The Pont Neuf, Shipwreck of the Bonne Mere"], "Post-Impressionism": 0.0035893701774575622, "style_dict": {"Impressionism": 9, "Surrealism": 1, "Ukiyo-e": 1, "Magic Realism": 1, "Symbolism": 2, "Post-Impressionism": 4, "Realism": 2}, "Realism": 0.003871155451512935}