{"Northern Renaissance": 0.003907715693916735, "Color Field Painting": 0.004301968805173292, "year": [1952.0, 1930.0, 1943.0, 1926.0, 1885.0, 1895.0, "unknown", 1564.0, 1903.0, 1785.0, 1625.0, "unknown", 1961.0, 1933.0, 1948.0, 1932.0, 1869.0, 1951.0, 1784.0, 1804.0], "style": ["Cubism, Expressionism", "Surrealism", "Symbolism", "Expressionism", "Realism", "Art Nouveau (Modern)", "Na\u00efve Art (Primitivism)", "Northern Renaissance", "Realism", "Romanticism", "Baroque", "Symbolism", "Color Field Painting", "Surrealism", "Surrealism", "Surrealism", "Neoclassicism", "Op Art", "Romanticism", "Neoclassicism"], "title": ["A landscape drawn into squares", "NOT DETECTED", "Mstislav's duel with Rededia", "NOT DETECTED", "The Potato Eaters", "Self-portrait", "Still Life with Watermelon", "The Death of the Virgin", "Ceremonial Meeting of the State Council on May 7, 1901", "Duchess Countess of Benavente", "Anna of Austria, queen of France, mother of king Louis XIV", "Conversation with God", "No. 16", "NOT DETECTED", "Stars", "Angelus", "Prayer at Sainte Anne d'Auray", "Prelim Drawing Ceiling Decoration for Philips_", "The Family of the Infante Don Luis", "Self-Portrait at the Age of 24"], "Art Nouveau (Modern)": 0.0038777026461146937, "Expressionism": 0.0038424682784957923, "Symbolism": 0.003906739165641123, "style_dict": {"Cubism, Expressionism": 1, "Op Art": 1, "Art Nouveau (Modern)": 1, "Northern Renaissance": 1, "Romanticism": 2, "Neoclassicism": 2, "Surrealism": 4, "Color Field Painting": 1, "Na\u00efve Art (Primitivism)": 1, "Expressionism": 1, "Symbolism": 2, "Baroque": 1, "Realism": 2}, "Neoclassicism": 0.004419321981179117, "Cubism, Expressionism": 0.003158633565723904, "scores": [0.00912962525191123, 0.010428331025478875, 0.010831488491168363, 0.011106161792776133, 0.01120451328400859, 0.011208002213849136, 0.011287243815006686, 0.011294751079584543, 0.011320298122121276, 0.011443517890848246, 0.011949633018979363, 0.012174821670331439, 0.012434289137823192, 0.01259807535505261, 0.012870067756787822, 0.012900565486918151, 0.012935637352826277, 0.012951593906308432, 0.012985251244419188, 0.013089210452915423], "Baroque": 0.004134289295601624, "Realism": 0.0038249750742850434, "style_counts": [0.0013223104065960278, 0.0, 0.0006032413262052616, 0.0005732282784032261, 0.000332654721274972, 0.0006559688980348755, 0.0004739904498549663, 0.0001789751671466, 0.0005758256136966233, 0.0006384756938241365, 0.0005742048066788019, 0.0003466546767182388, 6.162199114079225e-05], "artist": ["Braque Georges ", "Escher M.C.", "Roerich Nicholas", "Escher M.C.", "van Gogh Vincent ", "Vallotton  Felix", "Botero Fernando", "Bruegel the Elder Pieter", "Repin Ilya", "Goya Francisco", "Rubens Peter Paul", "Roerich Nicholas", "Rothko Mark", "Escher M.C.", "Escher M.C.", "Dali Salvador", "Bouguereau William-Adolphe", "Escher M.C.", "Goya Francisco", "Ingres Jean Auguste Dominique "], "Op Art": 0.004480943972319879, "contentId": ["193588.jpg", "204670.jpg", "226250.jpg", "204660.jpg", "259835.jpg", "271295.jpg", "281238.jpg", "186871.jpg", "214946.jpg", "193909.jpg", "216379.jpg", "225510.jpg", "242132.jpg", "204688.jpg", "204857.jpg", "220770.jpg", "232472.jpg", "204784.jpg", "194117.jpg", "193513.jpg"], "style_labels": ["Cubism, Expressionism", "Op Art", "Art Nouveau (Modern)", "Northern Renaissance", "Romanticism", "Realism", "Surrealism", "Color Field Painting", "Na\u00efve Art (Primitivism)", "Expressionism", "Symbolism", "Baroque", "Neoclassicism"], "Romanticism": 0.004148289251044884, "Surrealism": 0.004006953522464923, "Na\u00efve Art (Primitivism)": 0.0039051183586233254}