{"Synthetic Cubism": 0.004358807959284782, "Mannerism (Late Renaissance)": 0.0029833789512435428, "year": ["unknown", 1552.0, 1951.0, 1987.0, 1931.0, "unknown", "unknown", 1931.0, 1968.0, 1932.0, 1893.0, 1953.0, 1820.0, 1968.0, 1918.0, 1914.0, 1941.0, 1950.0, 1950.0, 1968.0], "New Realism": 0.004354078202787408, "style": ["Orphism", "Mannerism (Late Renaissance)", "Na\u00efve Art (Primitivism)", "Pop Art", "Expressionism", "Na\u00efve Art (Primitivism)", "Purism", "Expressionism", "Op Art", "Realism", "Art Nouveau (Modern)", "Op Art", "Symbolism", "Op Art", "New Realism", "Synthetic Cubism", "Abstract Expressionism", "Na\u00efve Art (Primitivism)", "Purism", "Op Art"], "title": ["Abstract composition\u00a0(sheets)", "Portrait of Cardinal Cristoforo Madruzzo", "Manufacturers on a blue background", "Black Lenin", "Emblemata - Anvil", "The camper", "The head of a horse (The Horse)", "Emblemata - Cactus", "Metamorphosis III excerpt 2", "NOT DETECTED", "Yvette Guilbert", "Trees and Animals", "Los Entering the Grave", "Metamorphosis III excerpt 7", "Night on the El Train", "The Green Jug", "Untitled", "The\u00a0album\u00a0\"Circus\"", "Album Le Cirque", "Metamorphosis III excerpt 4"], "Art Nouveau (Modern)": 0.004245647012184155, "Expressionism": 0.0036809740352129624, "Symbolism": 0.004316842984884696, "style_dict": {"Abstract Expressionism": 1, "Op Art": 4, "Art Nouveau (Modern)": 1, "Purism": 2, "New Realism": 1, "Mannerism (Late Renaissance)": 1, "Na\u00efve Art (Primitivism)": 3, "Expressionism": 2, "Orphism": 1, "Symbolism": 1, "Pop Art": 1, "Synthetic Cubism": 1, "Realism": 1}, "Purism": 0.004149839620769052, "scores": [0.007838052860425894, 0.008623074263776214, 0.008827765678558992, 0.009450398679958973, 0.009993191672713812, 0.010255521935109133, 0.011650796293376231, 0.01168361518844744, 0.011935427854616362, 0.012257923655798123, 0.012271498218013314, 0.012282857390818455, 0.012477281046782904, 0.012553556599431023, 0.012584904669008013, 0.012598575423609749, 0.012658301904729065, 0.01278212289381988, 0.01278710277998712, 0.012797520513750028], "Realism": 0.004240950535968558, "style_counts": [0.0, 0.00030909934334610867, 0.0001338248914379836, 0.00022963228285299842, 6.262891873742849e-05, 0.0013960929523785248, 0.0008338267883144512, 0.0006984978684091425, 0.0016676917185945994, 2.5393700834652755e-05, 0.0011098583481541358, 2.0663944337306894e-05, 0.0001385213676535768], "Abstract Expressionism": 0.0043794719036220975, "artist": ["Leger Fernand ", "Titian", "Leger Fernand ", "Warhol Andy", "Escher M.C.", "Leger Fernand ", "Leger Fernand ", "Escher M.C.", "Escher M.C.", "Escher M.C.", "Toulouse-Lautrec Henri de", "Escher M.C.", "Blake William ", "Escher M.C.", "Hopper Edward", "Braque Georges ", "Pollock Jackson ", "Leger Fernand ", "Leger Fernand ", "Escher M.C."], "Op Art": 0.004070372560275984, "contentId": ["195907.jpg", "224966.jpg", "196026.jpg", "229265.jpg", "204492.jpg", "196235.jpg", "196262.jpg", "204497.jpg", "204603.jpg", "204685.jpg", "230707.jpg", "204743.jpg", "192912.jpg", "204608.jpg", "362027.jpg", "193755.jpg", "185288.jpg", "196390.jpg", "196377.jpg", "204605.jpg"], "style_labels": ["Abstract Expressionism", "Op Art", "Art Nouveau (Modern)", "Purism", "Symbolism", "Mannerism (Late Renaissance)", "Na\u00efve Art (Primitivism)", "Expressionism", "Orphism", "New Realism", "Pop Art", "Synthetic Cubism", "Realism"], "Na\u00efve Art (Primitivism)": 0.0035456451153075877, "Orphism": 0.0027117801850274903, "Pop Art": 0.0032696135554679314}