{"style_counts": [0.0005711692043578465, 0.0006394039214351332, 0.0, 0.00020528149319198885, 0.0002286009397327593, 0.0002887193132088406, 0.00022152157052024446, 0.000275985472533824, 0.00038726109626541216, 0.0003382969648315637], "style": ["Surrealism", "unknown", "Expressionism", "Symbolism", "Realism", "Surrealism", "Regionalism", "Romanticism", "Neoclassicism", "Magic Realism", "Surrealism", "Surrealism", "Symbolism", "Northern Renaissance", "Surrealism", "Surrealism", "Romanticism", "Romanticism", "Symbolism", "Expressionism"], "style_labels": ["Surrealism", "unknown", "Northern Renaissance", "Romanticism", "Magic Realism", "Neoclassicism", "Expressionism", "Symbolism", "Realism", "Regionalism"], "Surrealism": 0.003672027600350502, "unknown": 0.003603792883273212, "artist": ["Beksinski Zdislav", "Matisse Henri", "Chagall Marc", "Roerich Nicholas", "Courbet Gustave", "Picasso Pablo", "Rockwell Norman", "Goya Francisco", "Ingres Jean Auguste Dominique ", "Earle Eyvind", "Dali Salvador", "Dali Salvador", "Roerich Nicholas", "Bruegel the Elder Pieter", "Dali Salvador", "Escher M.C.", "Alma-Tadema Lawrence ", "Delacroix Eugene ", "Roerich Nicholas", "Chagall Marc"], "Northern Renaissance": 0.004243196804708328, "Romanticism": 0.0040379153115163435, "scores": [0.009627455493331218, 0.010416301171120081, 0.010809329016696269, 0.010850491279694648, 0.011145087671946819, 0.011210193110818528, 0.011286612214592987, 0.011291432308009023, 0.011429910058666141, 0.011603674507492005, 0.011681774738310018, 0.011825402569350989, 0.01196702073354741, 0.0122644162075242, 0.012268908617845565, 0.012467993280130844, 0.012475438863567532, 0.012522668478185428, 0.012836597058170295, 0.012873825625486765], "Magic Realism": 0.004014595864975533, "year": ["unknown", 1931.0, 1914.0, 1932.0, 1868.0, 1934.0, "unknown", 1812.0, 1818.0, 1995.0, 1935.0, 1954.0, 1940.0, "unknown", 1942.0, 1934.0, 1867.0, 1836.0, 1920.0, 1914.0], "Neoclassicism": 0.003954477491499471, "Expressionism": 0.004021675234188016, "contentId": ["259159.jpg", "9223372032559820542.jpg", "203174.jpg", "225476.jpg", "191709.jpg", "224636.jpg", "247840.jpg", "193894.jpg", "193322.jpg", "278139.jpg", "221689.jpg", "221630.jpg", "225678.jpg", "186866.jpg", "221255.jpg", "204446.jpg", "214474.jpg", "187861.jpg", "226654.jpg", "203329.jpg"], "Symbolism": 0.0039672113321744485, "title": ["Untitled", "Tahiti Landscape", "The Drunkard", "Charaka", "A Young Woman Reading", "Two figures", "The watchmaker of Switzerland", "Dead turkey", "Death of Leonardo da Vinci", "Sea Cliffs Rising", "The Surrealist Mystery of New York", "The Lighthouse at Alexandria", "Guru Kambala", "The Alchemist", "Nude on the Plain of Rosas", "Candle Mirror", "A Sculpture Gallery in Rome at the Time of Agrippa", "Study for part of the 'Justice' frieze", "Snow Maiden", "Station in Vitebsk"], "style_dict": {"Magic Realism": 1, "unknown": 1, "Northern Renaissance": 1, "Romanticism": 3, "Surrealism": 6, "Neoclassicism": 1, "Expressionism": 2, "Symbolism": 3, "Realism": 1, "Regionalism": 1}, "Realism": 0.003855935708442942, "Regionalism": 0.003904899839876741}