{"style": ["Realism", "Surrealism", "Surrealism", "Expressionism", "Northern Renaissance", "Neo-Romanticism", "Pop Art", "Baroque", "Na\u00efve Art (Primitivism)", "Realism", "Expressionism", "Expressionism", "Expressionism", "Expressionism", "Art Nouveau (Modern)", "Expressionism", "Surrealism", "Surrealism", "Symbolism", "Pop Art"], "style_labels": ["Neo-Romanticism", "Art Nouveau (Modern)", "Northern Renaissance", "Surrealism", "Na\u00efve Art (Primitivism)", "Expressionism", "Symbolism", "Pop Art", "Baroque", "Realism"], "Neo-Romanticism": 0.003400304983466016, "artist": ["Kustodiev Boris", "Beksinski Zdislav", "Escher M.C.", "Schiele Egon", "Bruegel the Elder Pieter", "Spencer Stanley", "Warhol Andy", "Rubens Peter Paul", "Chagall Marc", "Sargent John Singer", "Schiele Egon", "Braque Georges ", "Schiele Egon", "Chagall Marc", "Schiele Egon", "Schiele Egon", "Beksinski Zdislav", "Beksinski Zdislav", "B\u00f6cklin Arnold", "Warhol Andy"], "contentId": ["229798.jpg", "258989.jpg", "204883.jpg", "232801.jpg", "186850.jpg", "298443.jpg", "229325.jpg", "216631.jpg", "265138.jpg", "266139.jpg", "232685.jpg", "193682.jpg", "232736.jpg", "203310.jpg", "232710.jpg", "232759.jpg", "258997.jpg", "258970.jpg", "260682.jpg", "229255.jpg"], "Art Nouveau (Modern)": 0.0038065282433472044, "title": ["F.V. Dubasov", "Untitled", "The Bridge", "Standing Woman in Red", "Pride", "People By The River", "James Dean", "The Cardinal Infante", "The frog who wished to be as big as the ox", "Henry Cabot Lodge", "Poldi Lodzinsky", "Oysters", "Rufer", "Two Heads", "Portrait of Madame Dr. Horak", "Self Portrait", "Untitled", "Untitled", "The Ride of Death (The Fall and Death)", "Absolut Vodka"], "Northern Renaissance": 0.0033104195596665364, "style_counts": [0.0005876048938963097, 0.00018138163401515417, 0.0006774903176958169, 0.0006749461258557243, 0.0004608240880438208, 0.0006562057948826805, 0.0, 0.0003508442670133727, 0.0005624220331885699, 0.0010504251073043536], "scores": [0.006855521487313814, 0.008898240216948357, 0.00894604112635631, 0.00908804190930042, 0.009568343202047214, 0.009828145492443758, 0.00986961602092487, 0.009900933321816512, 0.010194589153122999, 0.010442967828019106, 0.010493374604569755, 0.010568097454577638, 0.010664817576861649, 0.01079381999706587, 0.011002281730204858, 0.01107108173643813, 0.011122726070681155, 0.01137856249331851, 0.011526542082563143, 0.011548619484869571], "Surrealism": 0.003312963751506558, "Na\u00efve Art (Primitivism)": 0.003527085789318467, "Expressionism": 0.0033317040824795753, "year": [1906.0, "unknown", 1930.0, 1913.0, 1558.0, 1922.0, "unknown", 1634.0, 1930.0, 1890.0, 1910.0, 1950.0, 1913.0, 1918.0, 1910.0, 1910.0, "unknown", "unknown", "unknown", 1986.0], "Symbolism": 0.003987909877362298, "Pop Art": 0.0036370656103489477, "Baroque": 0.00342548784417378, "style_dict": {"Neo-Romanticism": 1, "Art Nouveau (Modern)": 1, "Northern Renaissance": 1, "Surrealism": 4, "Na\u00efve Art (Primitivism)": 1, "Expressionism": 6, "Symbolism": 1, "Pop Art": 2, "Baroque": 1, "Realism": 2}, "Realism": 0.0029374847700579716}