{"Impressionism": 0.001987260746619201, "style": ["Realism", "Realism", "Impressionism", "Symbolism", "Impressionism", "Post-Impressionism", "Realism", "Post-Impressionism", "Romanticism", "High Renaissance", "Baroque", "Neoclassicism", "Romanticism", "Impressionism", "Realism", "Symbolism", "Realism", "Neoclassicism", "Post-Impressionism", "Romanticism"], "style_labels": ["Impressionism", "Romanticism", "High Renaissance", "Neoclassicism", "Symbolism", "Baroque", "Post-Impressionism", "Realism"], "artist": ["Corot Camille ", "Corot Camille ", "Hassam Childe", "Roerich Nicholas", "Zorn Anders", "van Gogh Vincent ", "Corot Camille ", "van Gogh Vincent ", "Aivazovsky Ivan ", "Raphael", "Rubens Peter Paul", "Ingres Jean Auguste Dominique ", "Turner William", "Monet Claude", "Corot Camille ", "Roerich Nicholas", "Corot Camille ", "Picasso Pablo", "Gauguin Paul ", "Corot Camille "], "contentId": ["199644.jpg", "199842.jpg", "244359.jpg", "225336.jpg", "277351.jpg", "206373.jpg", "199855.jpg", "207416.jpg", "196764.jpg", "210575.jpg", "216720.jpg", "193421.jpg", "238860.jpg", "211880.jpg", "199556.jpg", "226045.jpg", "199542.jpg", "280682.jpg", "190507.jpg", "199700.jpg"], "title": ["Nemi, the Lake's Edge", "The Sin le Noble Road near Douai", "The Quai St. Michel", "And we labor", "View from the Ship Island pier", "Olive Picking", "The Walk around the Pond", "Wheat Field behind Saint Paul Hospital with a Reaper", "Seaside city. View of Yalta", "St. Michael Overwhelming the Demon", "Ulysses and Nausicaa on the Island of the Phaeacians", "Nomination of a prefect of Rome in the Sistine Chapel", "The Passage of the St. Gothard", "Coal Dockers", "Horse and Rider in a Gorge", "Lake", "Goatherd Charming His Goat with a Flute", "Reading The Letter", "Breton Boys Wrestling", "Repose"], "Romanticism": 0.002303909475234597, "High Renaissance": 0.0023192129219942203, "Neoclassicism": 0.0023699189183003437, "scores": [0.004129932457016111, 0.005008069841011539, 0.005198227784787209, 0.005232968404633538, 0.0056835660929343, 0.006053994378982705, 0.006094338361468915, 0.006183284040339375, 0.006652281185901181, 0.006703387530279934, 0.006732485080473561, 0.006809805377472113, 0.0068194274771780266, 0.006978109586120914, 0.0069825888971792385, 0.006990133824654254, 0.0070839134840909946, 0.007146357903542884, 0.007169014636563012, 0.007233979247842158], "year": [1845.0, 1873.0, 1888.0, 1922.0, 1890.0, 1889.0, 1870.0, 1889.0, 1866.0, 1518.0, 1627.0, 1848.0, 1804.0, 1875.0, 1868.0, "unknown", 1870.0, 1921.0, 1888.0, 1860.0], "Symbolism": 0.002075624985909558, "Baroque": 0.0023292799834765832, "Post-Impressionism": 0.002159326589050453, "style_dict": {"Impressionism": 3, "Romanticism": 3, "High Renaissance": 1, "Neoclassicism": 2, "Symbolism": 2, "Baroque": 1, "Post-Impressionism": 3, "Realism": 5}, "Realism": 0.0018957256966131001, "style_counts": [0.00038265817168114946, 6.600944306567325e-05, 5.0705996306077417e-05, 0.0, 0.0002942939323907767, 4.063893482375569e-05, 0.00021059232924980353, 0.00047419322168718026]}