{"style": ["Suprematism", "Op Art", "Pop Art", "Expressionism", "Surrealism", "Art Nouveau (Modern)", "Realism", "Op Art", "Realism", "Color Field Painting", "Na\u00efve Art (Primitivism)", "Realism", "Abstract Art", "Neoclassicism", "Surrealism", "Expressionism", "Expressionism", "Cubism", "Realism", "Expressionism"], "Suprematism": 0.0033156857371457816, "artist": ["Malevich Kazimir", "Escher M.C.", "Warhol Andy", "Escher M.C.", "Beksinski Zdislav", "Roerich Nicholas", "Roerich Nicholas", "Escher M.C.", "Escher M.C.", "Rothko Mark", "Leger Fernand ", "Escher M.C.", "Kandinsky Wassily", "Piranesi Giovanni Battista", "Beksinski Zdislav", "Escher M.C.", "Pollock Jackson ", "Mondrian Piet", "Sargent John Singer", "Escher M.C."], "Op Art": 0.004253199201058015, "contentId": ["219625.jpg", "204743.jpg", "229265.jpg", "204683.jpg", "258967.jpg", "227032.jpg", "225925.jpg", "204603.jpg", "204697.jpg", "300129.jpg", "196235.jpg", "204662.jpg", "189270.jpg", "262365.jpg", "259026.jpg", "204492.jpg", "185292.jpg", "185975.jpg", "266367.jpg", "204831.jpg"], "Art Nouveau (Modern)": 0.004630037986925308, "title": ["Black Suprematistic Square", "Trees and Animals", "Black Lenin", "NOT DETECTED", "Untitled", "Vignette for book \"N. K. Roerich\"", "Izvarka", "Metamorphosis III excerpt 2", "NOT DETECTED", "No. 1 (Royal Red and Blue)", "The camper", "Goriano Sicoli", "Black-Red", "The Roman antiquities, t. 4, Plate X. Cutaway of the spurs that serve as buttresses to the great foundation of the Mausoleum of Adrian `helium.", "Untitled", "Emblemata - Anvil", "Mask", "The Gray Tree", "Two studies for soldiers of Gassed", "Second title-page"], "Realism": 0.004823990612089003, "style_counts": [0.0020541941592967516, 0.0011166806953845088, 0.0007398419095172581, 0.0005458892843535068, 0.0005285821066866037, 0.0003692772257994914, 0.0003188024225341257, 0.000476239280417845, 0.0015404242956187364, 0.00015228291365598778, 0.0, 0.00014143955025969213], "scores": [0.009583564412705293, 0.010942246293795577, 0.011068550316738306, 0.013295748350955094, 0.013370849053659505, 0.013382531035395322, 0.013872556819515568, 0.014104324733713982, 0.014431813212384124, 0.014453600731686757, 0.01459949167753035, 0.014676983780703748, 0.015080794963130632, 0.0151121363144519, 0.015138962790159818, 0.015152005305499523, 0.01520253156318114, 0.015520949195972092, 0.015765636818885025, 0.015944909410931747], "Surrealism": 0.004841297789755919, "style_labels": ["Suprematism", "Op Art", "Art Nouveau (Modern)", "Realism", "Surrealism", "Color Field Painting", "Na\u00efve Art (Primitivism)", "Expressionism", "Pop Art", "Abstract Art", "Cubism", "Neoclassicism"], "Color Field Painting": 0.005000602670643032, "Na\u00efve Art (Primitivism)": 0.005051077473908403, "Expressionism": 0.004893640616024701, "Pop Art": 0.0038294556008237673, "year": [1915.0, 1953.0, 1987.0, 1932.0, "unknown", 1918.0, 1893.0, 1968.0, 1933.0, 1954.0, "unknown", 1929.0, 1928.0, "unknown", "unknown", 1931.0, 1941.0, 1911.0, 1918.0, 1931.0], "Abstract Art": 0.005217596982786601, "style_dict": {"Suprematism": 1, "Op Art": 2, "Art Nouveau (Modern)": 1, "Neoclassicism": 1, "Surrealism": 2, "Color Field Painting": 1, "Na\u00efve Art (Primitivism)": 1, "Expressionism": 4, "Abstract Art": 1, "Pop Art": 1, "Cubism": 1, "Realism": 4}, "Cubism": 0.005369879896442607, "Neoclassicism": 0.0052284403461829}