{"Impressionism": 0.0035385986631494993, "style": ["Realism", "Color Field Painting", "Post-Impressionism", "Surrealism", "Northern Renaissance", "unknown", "Surrealism", "Realism", "Realism", "Romanticism", "Post-Impressionism", "Realism", "Neoclassicism", "Realism", "Impressionism", "Realism", "Romanticism", "Post-Impressionism", "Art Nouveau (Modern)", "Symbolism"], "style_labels": ["Impressionism", "unknown", "Art Nouveau (Modern)", "Northern Renaissance", "Romanticism", "Surrealism", "Color Field Painting", "Realism", "Symbolism", "Post-Impressionism", "Neoclassicism"], "artist": ["van Gogh Vincent ", "Rothko Mark", "van Gogh Vincent ", "Beksinski Zdislav", "Bruegel the Elder Pieter", "Matisse Henri", "Chagall Marc", "van Gogh Vincent ", "Roerich Nicholas", "Gerome Jean-Leon", "van Gogh Vincent ", "Courbet Gustave", "Bouguereau William-Adolphe", "Zorn Anders", "Sargent John Singer", "van Gogh Vincent ", "Dore Gustave ", "van Gogh Vincent ", "Kustodiev Boris", "Roerich Nicholas"], "unknown": 0.0029281156649378745, "Art Nouveau (Modern)": 0.003745733017780084, "title": ["Weaver with Other Figures in Front of Loom", "Untitled (Red-Brown, Black, Green, Red)", "Cypresses", "Untitled", "The Alchemist", "The Large Pine", "Composition", "Funeral in the Snow near the Old Tower", "Jalnik", "Pifferari", "Rocks with Oak Tree", "The Giants Cave from Saillon (Switzerland)", "The Little Knitter", "A Swedish Madonna", "Mediterranean Landscape", "Woman Sitting at the Fireside", "El\u00e9phant", "Pine Trees in Front of the Wall of the Asylum 4", "Two Merchant's wifes", "Barrows"], "Northern Renaissance": 0.002816389381648833, "Romanticism": 0.0034154512356883862, "Surrealism": 0.0027957470887907715, "year": [1884.0, 1962.0, 1889.0, "unknown", "unknown", 1926.0, "unknown", 1883.0, 1915.0, "unknown", 1888.0, 1873.0, 1875.0, 1900.0, "unknown", 1881.0, "unknown", 1889.0, 1913.0, 1915.0], "Color Field Painting": 0.0024613953692245254, "Realism": 0.002970015339772797, "scores": [0.006879256125872631, 0.00711434766022297, 0.0071596483422037725, 0.007748430865654402, 0.008140412327956429, 0.00846334282178978, 0.00871538254259889, 0.00920135964388197, 0.00930561451974304, 0.009592823325068707, 0.009627760532024007, 0.00997004383230589, 0.010001242857403017, 0.010094821285032352, 0.010227865638496435, 0.010423700107634836, 0.010520352174537433, 0.010550966336108022, 0.010826560927210727, 0.010982858785823196], "contentId": ["207408.jpg", "341039.jpg", "205841.jpg", "258695.jpg", "186866.jpg", "9223372032559820485.jpg", "202501.jpg", "205990.jpg", "225926.jpg", "279399.jpg", "206724.jpg", "191898.jpg", "232515.jpg", "277227.jpg", "266213.jpg", "207495.jpg", "201632.jpg", "206593.jpg", "230289.jpg", "225371.jpg"], "Symbolism": 0.0037998083657644678, "Post-Impressionism": 0.003041924612965373, "style_dict": {"Impressionism": 1, "unknown": 1, "Art Nouveau (Modern)": 1, "Northern Renaissance": 1, "Romanticism": 2, "Surrealism": 2, "Color Field Painting": 1, "Neoclassicism": 1, "Symbolism": 1, "Post-Impressionism": 3, "Realism": 6}, "Neoclassicism": 0.003460192561763298, "style_counts": [0.0002612097026148952, 0.0008716927008265429, 5.407534798429481e-05, 0.0009834189841155805, 0.00038435713007600736, 0.0010040612769736112, 0.0013384129965399172, 0.0008297930259916209, 0.0, 0.0007578837527990601, 0.00033961580400110325]}