{"Color Field Painting": 0.0033143578837008902, "year": [1828.0, "unknown", 1913.0, "unknown", 1984.0, 1893.0, 1987.0, "unknown", 1912.0, 1893.0, 1970.0, 1979.0, 1893.0, 1958.0, 1980.0, 1984.0, 1984.0, 1913.0, 1645.0, 1913.0], "style": ["Romanticism", "Surrealism", "Art Nouveau (Modern)", "Surrealism", "Na\u00efve Art (Primitivism)", "Realism", "Pop Art", "Cubism", "Expressionism", "Realism", "Color Field Painting", "Magic Realism", "Realism", "Op Art", "Na\u00efve Art (Primitivism)", "Surrealism", "Surrealism", "Art Nouveau (Modern)", "Baroque", "Cubo-Futurism"], "title": ["Faust, Goethe's Tragedy", "Untitled", "Girl", "Untitled", "Coronated nude", "In hayfields of Tarakanovka", "Tatum O'Neal", "Project for female costume Skating Rink", "Stooping Act in Space", "Distillery in Izvara", "Untitled", "Untitled - Country Road", "View of Izvara estate", "Polyhedron with Flowers", "Parade in circus", "Three nudes", "The painter in red jacket", "Arrival of Prince Michael Glanda Kambila to Russia, Veliky Novgorod", "Men in oriental dress and two studies of a beggar in the half figure", "Peasant Woman Carrying Buckets with Water"], "Art Nouveau (Modern)": 0.0029690796983493986, "Expressionism": 0.0031992901886583485, "style_dict": {"Cubo-Futurism": 1, "Magic Realism": 1, "Op Art": 1, "Art Nouveau (Modern)": 2, "Romanticism": 1, "Surrealism": 4, "Color Field Painting": 1, "Na\u00efve Art (Primitivism)": 2, "Expressionism": 1, "Pop Art": 1, "Baroque": 1, "Cubism": 1, "Realism": 3}, "Cubo-Futurism": 0.0036706484819032056, "Magic Realism": 0.003356099636577358, "scores": [0.00402403941732672, 0.0046208293563288014, 0.007102634003468207, 0.007446331095695435, 0.008163477507952124, 0.008540755711712918, 0.009003074872062668, 0.009194013265654798, 0.009247138006612383, 0.009486654094248483, 0.009579726422609553, 0.009700375606248778, 0.009872028314353066, 0.009888437100132435, 0.009973818169582496, 0.010179788895361884, 0.010269100625026444, 0.010381913988675204, 0.010511863531049388, 0.010609538705257457], "Baroque": 0.0036368551908010386, "Realism": 0.0031043537464509954, "style_counts": [0.0, 0.0010006032911107354, 0.0002494840337251558, 0.0007015687835538742, 0.002278426389249022, 0.00031454884532589045, 0.00035629059820230236, 0.00059072463123655, 0.0004713582932448501, 0.0005557983428278179, 3.379329110220208e-05, 0.0004897381922361888, 0.0005662947354522219], "artist": ["Delacroix Eugene ", "Beksinski Zdislav", "Roerich Nicholas", "Beksinski Zdislav", "Chagall Marc", "Roerich Nicholas", "Warhol Andy", "Leger Fernand ", "Kirchner Ernst Ludwig", "Roerich Nicholas", "Rothko Mark", "Holbrook Carter Clarence", "Roerich Nicholas", "Escher M.C.", "Chagall Marc", "Chagall Marc", "Chagall Marc", "Roerich Nicholas", "Rembrandt", "Malevich Kazimir"], "Op Art": 0.0034211644481781135, "contentId": ["187753.jpg", "258706.jpg", "225640.jpg", "258975.jpg", "202506.jpg", "225901.jpg", "300209.jpg", "196128.jpg", "252176.jpg", "225544.jpg", "341037.jpg", "345421.jpg", "227011.jpg", "204775.jpg", "202899.jpg", "203301.jpg", "203235.jpg", "225357.jpg", "220239.jpg", "219744.jpg"], "style_labels": ["Cubo-Futurism", "Surrealism", "Op Art", "Art Nouveau (Modern)", "Romanticism", "Magic Realism", "Color Field Painting", "Na\u00efve Art (Primitivism)", "Expressionism", "Pop Art", "Baroque", "Cubism", "Realism"], "Romanticism": 0.0013922220926541734, "Surrealism": 0.0026700451907924532, "Na\u00efve Art (Primitivism)": 0.003079923850666659, "Pop Art": 0.0031148501390754666, "Cubism": 0.0031809102896669978}