{"style_counts": [0.00018237547971444723, 0.0003200918800980723, 0.00045340450533237764, 0.0005476791766453326, 0.0, 0.0006980305719939128, 0.00020093001056475934, 0.00020590163379918813, 0.0003785219206500212, 0.0006198592487053345, 0.00031066049828476494], "Social Realism": 0.0029753852486889224, "style_labels": ["Social Realism", "Neo-Expressionism", "Op Art", "Surrealism", "Color Field Painting", "Na\u00efve Art (Primitivism)", "Expressionism", "Pop Art", "Baroque", "Post-Impressionism", "Realism"], "Neo-Expressionism": 0.002837668848305276, "Op Art": 0.002704356223070945, "contentId": ["202946.jpg", "202425.jpg", "202373.jpg", "204735.jpg", "207195.jpg", "242121.jpg", "266135.jpg", "202838.jpg", "220622.jpg", "231509.jpg", "202967.jpg", "251874.jpg", "229325.jpg", "204546.jpg", "235592.jpg", "204831.jpg", "229820.jpg", "292727.jpg", "202421.jpg", "204492.jpg"], "artist": ["Chagall Marc", "Chagall Marc", "Chagall Marc", "Escher M.C.", "van Gogh Vincent ", "Rothko Mark", "Sargent John Singer", "Chagall Marc", "Rembrandt", "Twombly Cy", "Chagall Marc", "Kirchner Ernst Ludwig", "Warhol Andy", "Escher M.C.", "Hopper Edward", "Escher M.C.", "Kustodiev Boris", "Rothko Mark", "Chagall Marc", "Escher M.C."], "style": ["Na\u00efve Art (Primitivism)", "Na\u00efve Art (Primitivism)", "Na\u00efve Art (Primitivism)", "Op Art", "Post-Impressionism", "Surrealism", "Realism", "Surrealism", "Baroque", "Neo-Expressionism", "Na\u00efve Art (Primitivism)", "Expressionism", "Pop Art", "Op Art", "Social Realism", "Expressionism", "Realism", "Color Field Painting", "Na\u00efve Art (Primitivism)", "Expressionism"], "Surrealism": 0.0026100815517580314, "Color Field Painting": 0.0031577607284033167, "title": ["Proshka", "Arlequins playing", "A man without passport with policeman", "Unicorns", "The Tarascon Stagecoach", "Untitled", "Heads, Hands, and Figure (also known as Studies for Gassed)", "Noah and the Rainbow", "The man of Gibeah", "Leaving Paphos Ringed With Waves V", "Revelations of Nozdryov", "Dance Group of the Mary Wigman School in Dresden", "James Dean", "Four Regular Solids", "New York, New Haven and Hartford", "Second title-page", "From Fishing", "Untitled (No. 17)", "Angel with a sword", "Emblemata - Anvil"], "Na\u00efve Art (Primitivism)": 0.002459730156409451, "Expressionism": 0.0029568307178385873, "year": [1923.0, 1968.0, 1923.0, 1951.0, 1888.0, 1945.0, 1918.0, 1963.0, 1646.0, 2009.0, 1923.0, 1926.0, "unknown", 1961.0, 1931.0, 1931.0, 1923.0, 1961.0, 1956.0, 1931.0], "scores": [0.0067494924799313145, 0.0067508403851653746, 0.007029030053872709, 0.007328947331344119, 0.007335478761242104, 0.007379685314715373, 0.0077660111936020074, 0.007990766404883779, 0.00803303335837931, 0.008201917897403306, 0.008246200457447382, 0.008383164660199479, 0.008531970160332927, 0.008596676422178727, 0.008599969491671317, 0.008950170334162285, 0.009000214596707787, 0.009127102427570567, 0.009240088309919741, 0.009240284632232847], "Pop Art": 0.002951859094604202, "Baroque": 0.002779238807753357, "Post-Impressionism": 0.0025379014796980412, "style_dict": {"Social Realism": 1, "Neo-Expressionism": 1, "Op Art": 2, "Surrealism": 2, "Color Field Painting": 1, "Na\u00efve Art (Primitivism)": 5, "Expressionism": 3, "Pop Art": 1, "Baroque": 1, "Post-Impressionism": 1, "Realism": 2}, "Realism": 0.0028471002301185826}