{"Impressionism": 0.002284203598377809, "style": ["Regionalism", "Baroque", "Impressionism", "Magic Realism", "Regionalism", "Magic Realism", "Art Nouveau (Modern)", "Art Nouveau (Modern)", "Na\u00efve Art (Primitivism)", "Byzantine", "Realism", "Realism", "Expressionism, Symbolism", "Regionalism", "Surrealism", "Post-Impressionism", "Realism", "Post-Impressionism", "Realism", "Post-Impressionism"], "style_labels": ["Impressionism", "Byzantine", "Surrealism", "Art Nouveau (Modern)", "Magic Realism", "Expressionism, Symbolism", "Na\u00efve Art (Primitivism)", "Baroque", "Post-Impressionism", "Realism", "Regionalism"], "Byzantine": 0.0025890264170322845, "Surrealism": 0.002737563769888118, "contentId": ["247802.jpg", "220732.jpg", "186007.jpg", "278095.jpg", "247639.jpg", "345414.jpg", "225665.jpg", "226962.jpg", "202418.jpg", "226850.jpg", "206563.jpg", "207519.jpg", "246752.jpg", "247651.jpg", "258754.jpg", "205657.jpg", "191748.jpg", "206859.jpg", "207480.jpg", "205886.jpg"], "Art Nouveau (Modern)": 0.0024454392791914002, "artist": ["Rockwell Norman", "Rembrandt", "Mondrian Piet", "Earle Eyvind", "Rockwell Norman", "Holbrook Carter Clarence", "Roerich Nicholas", "Roerich Nicholas", "Chagall Marc", "Roerich Nicholas", "van Gogh Vincent ", "van Gogh Vincent ", "Dali Salvador", "Rockwell Norman", "Beksinski Zdislav", "van Gogh Vincent ", "Courbet Gustave", "van Gogh Vincent ", "van Gogh Vincent ", "van Gogh Vincent "], "style_counts": [0.0004533601715103197, 0.00014853735285580427, 0.0, 0.0002921244906967102, 0.00044360720151925825, 6.150105495195124e-05, 0.00014936411870247746, 0.0005436513271619425, 4.1397525837649773e-05, 0.0001613217786605725, 0.0004428371719849], "Magic Realism": 0.0022939565683688127, "Expressionism, Symbolism": 0.0026760627149361696, "Na\u00efve Art (Primitivism)": 0.0025881996511856204, "scores": [0.006027580613177553, 0.006341222563752649, 0.006602197570036012, 0.0066385330912486044, 0.00674757415446809, 0.00687029718159143, 0.007016876621487069, 0.0073840168481846165, 0.007480859175583622, 0.007483248836237213, 0.0076458819940395835, 0.007659009289485817, 0.007734816093610439, 0.007848004817318541, 0.007912577005924371, 0.007916631010127214, 0.007930317885579692, 0.008070690147517112, 0.008138497020084862, 0.008243655538861774], "year": ["unknown", "unknown", 1907.0, 1987.0, "unknown", 1977.0, 1901.0, 1912.0, "unknown", 1907.0, 1885.0, 1882.0, 1967.0, "unknown", "unknown", 1888.0, "unknown", 1890.0, 1881.0, 1889.0], "title": ["Soldier and comrads", "Woman Standing with Raised Hands", "Lonely tree at the Gein", "Mauve, Red and Purple", "Clown Training Dogs", "Maidenhood", "Green fjord", "Tristan", "An artist", "The King's Gate with the gate canopy. Evangelists.", "Peasant Woman, Stooping with a Spade, Digging Up Carrots", "Woman with Kettle, Seen from the Back", "Iosephet fratres in Aegypto", "Doctor and Doll", "Untitled", "A Pair of Leather Clogs", "Head of Gazelle", "Sketch of a Peasant Working", "Woman Peeling Potatoes near a Window", "Enclosed Field"], "Baroque": 0.0021939124427261497, "Post-Impressionism": 0.002696166244050424, "style_dict": {"Impressionism": 1, "Byzantine": 1, "Surrealism": 1, "Art Nouveau (Modern)": 2, "Magic Realism": 2, "Expressionism, Symbolism": 1, "Na\u00efve Art (Primitivism)": 1, "Baroque": 1, "Post-Impressionism": 3, "Realism": 4, "Regionalism": 3}, "Realism": 0.0025762419912275314, "Regionalism": 0.0022947265979032087}