{"Impressionism": 0.00555769048420932, "style": ["Realism", "Cubism", "Pop Art", "Impressionism", "Suprematism", "Pop Art", "Suprematism", "Impressionism", "Art Nouveau (Modern)", "Metaphysical art", "Regionalism", "Op Art", "Art Nouveau (Modern)", "Expressionism", "Constructivism", "Art Nouveau (Modern)", "Expressionism", "Cubism", "Art Nouveau (Modern)", "Expressionism"], "Suprematism": 0.005616742840711789, "artist": ["Kittelsen Theodor Severin", "Escher M.C.", "Warhol Andy", "Degas Edgar", "Malevich Kazimir", "Warhol Andy", "Malevich Kazimir", "Degas Edgar", "Mucha Alphonse", "de Chirico Giorgio ", "Rockwell Norman", "Escher M.C.", "Vallotton  Felix", "Escher M.C.", "Malevich Kazimir", "Vallotton  Felix", "Kirchner Ernst Ludwig", "Malevich Kazimir", "Vallotton  Felix", "Picasso Pablo"], "Op Art": 0.006674946503074531, "contentId": ["322041.jpg", "204825.jpg", "300217.jpg", "213673.jpg", "219793.jpg", "229396.jpg", "219840.jpg", "213674.jpg", "227804.jpg", "194634.jpg", "247652.jpg", "204815.jpg", "271203.jpg", "204905.jpg", "219726.jpg", "271260.jpg", "251918.jpg", "219925.jpg", "271202.jpg", "256467.jpg"], "Art Nouveau (Modern)": 0.006590388627145088, "title": ["Gratuulerer", "Seated Female Nude", "Suicide", "Sitting woman drying herself", "Renewal Suprematist square", "Untitled (red Boot Wit Holly)", "Suprematic group using the triangle", "Sitting woman drying herself", "Portrait charge", "Two mannequins", "Downhill Daring", "Scheme", "Portrait of Fortun\u00e9 Henry", "Vignette", "New man", "Portrait of Jean Ajalbert", "Female Head", "Woman", "Portrait of English writer and illustrator Aubrey Beardsley", "Don Quixote"], "year": ["unknown", 1921.0, 1964.0, "unknown", 1920.0, "unknown", 1920.0, "unknown", 1897.0, "unknown", "unknown", "unknown", 1897.0, 1931.0, 1913.0, 1899.0, "unknown", 1916.0, 1898.0, 1955.0], "style_counts": [0.0013805792234131697, 0.0013215268669106717, 0.00026332320454791613, 0.00034788108047734134, 5.173949327708094e-05, 0.0004767254078783534, 0.0, 0.00043361355676219127, 0.0011750122657472328, 0.0036512428262409635, 0.0017859785893580282], "style_labels": ["Impressionism", "Suprematism", "Op Art", "Art Nouveau (Modern)", "Expressionism", "Metaphysical art", "Constructivism", "Regionalism", "Cubism", "Realism", "Pop Art"], "Expressionism": 0.006886530214345322, "Metaphysical art": 0.00646154429974415, "scores": [0.009500729665390471, 0.012547477555724107, 0.01362798498967206, 0.014166657585442357, 0.015036718831795257, 0.016713228611589442, 0.01803959428049641, 0.0185619034062543, 0.018670098403072287, 0.01867626515637544, 0.018800874433272018, 0.019293076857954387, 0.019541897083740184, 0.019596893343724678, 0.020054178811578373, 0.02061650425540934, 0.020711967601674458, 0.02139164216193304, 0.021429844452420126, 0.021581741502357754], "Constructivism": 0.006938269707622438, "Regionalism": 0.006504656150860242, "style_dict": {"Impressionism": 2, "Suprematism": 2, "Op Art": 1, "Art Nouveau (Modern)": 4, "Expressionism": 3, "Metaphysical art": 1, "Pop Art": 2, "Constructivism": 1, "Cubism": 2, "Realism": 1, "Regionalism": 1}, "Cubism": 0.005763257441875258, "Realism": 0.0032870268813814576, "Pop Art": 0.0051522911182644016}