{"style": ["Abstract Expressionism", "Expressionism", "Symbolism", "Symbolism", "Symbolism", "Baroque", "Symbolism", "Surrealism", "Surrealism", "Realism", "Symbolism", "Surrealism", "Na\u00efve Art (Primitivism)", "Surrealism", "Surrealism, Symbolism", "Surrealism", "Expressionism", "Neoclassicism", "Expressionism", "Expressionism"], "Abstract Expressionism": 0.0032685790743730743, "artist": ["Holbrook Carter Clarence", "Freud Lucian", "Roerich Nicholas", "Malevich Kazimir", "Roerich Nicholas", "Caravaggio", "Roerich Nicholas", "Dali Salvador", "Dali Salvador", "Bouguereau William-Adolphe", "Roerich Nicholas", "Dali Salvador", "Chagall Marc", "Dali Salvador", "Dali Salvador", "Chagall Marc", "Freud Lucian", "Derain Andre", "Dali Salvador", "Kirchner Ernst Ludwig"], "contentId": ["345404.jpg", "232071.jpg", "226232.jpg", "219808.jpg", "225355.jpg", "186676.jpg", "225662.jpg", "221790.jpg", "220947.jpg", "232407.jpg", "226562.jpg", "221632.jpg", "202951.jpg", "221167.jpg", "221471.jpg", "202609.jpg", "231921.jpg", "256157.jpg", "221493.jpg", "252200.jpg"], "title": ["Tulip", "Naked Portrait", "Mother of Turfan", "Sketch for fresco", "Armageddon", "not identified", "Great spirit of Himalayas", "Untitled (St. John from Behind)", "Enchanted Beach with Three Fluid Graces", "Inspiration", "She who leads", "The Lugubrious Game", "Rainbow in the sky, a sign of Covenant between God and Earth", "Moses and the Pharaoh", "Space Eve", "Horsewoman on Red Horse", "Benefits Supervisor Sleeping (also known as Big Sue)", "Portrait of Alice Derain", "Still Life (Pulpo y scorpa)", "The Dance between the Women"], "style_counts": [0.0016847521738386773, 0.0, 0.000533865687890378, 0.00022323412442615265, 0.0004297017994676633, 0.000721386254586398, 0.00011512820871850682, 0.00043188734299459686, 0.00025245290485997884], "Neoclassicism": 0.0049533312482117784, "scores": [0.009447408645018321, 0.011853843971062854, 0.012694776888474278, 0.012933817389623337, 0.013003825433429352, 0.013068653768551479, 0.013175704339835809, 0.013254811627670995, 0.013454474029080454, 0.01358728600092965, 0.013597484126502782, 0.013604904530803322, 0.013671739138695668, 0.01372451332695192, 0.013984205424318573, 0.014265074826034558, 0.014314004135104743, 0.014316968747335882, 0.014355434489425625, 0.014565882830998186], "Surrealism": 0.004419465560321337, "style_labels": ["Abstract Expressionism", "Neoclassicism", "Surrealism", "Na\u00efve Art (Primitivism)", "Expressionism", "Symbolism", "Surrealism, Symbolism", "Baroque", "Realism"], "Na\u00efve Art (Primitivism)": 0.0047300971237855625, "Expressionism": 0.0045236294487441, "year": [1978.0, 1999.0, 1924.0, 1907.0, 1935.0, "unknown", "unknown", 1965.0, 1938.0, 1898.0, 1944.0, 1929.0, 1931.0, 1966.0, 1972.0, 1966.0, 1995.0, 1921.0, 1922.0, 1915.0], "Symbolism": 0.00423194499362534, "Surrealism, Symbolism": 0.004838203039493216, "Baroque": 0.00452144390521718, "style_dict": {"Abstract Expressionism": 1, "Neoclassicism": 1, "Surrealism": 5, "Na\u00efve Art (Primitivism)": 1, "Expressionism": 4, "Symbolism": 5, "Surrealism, Symbolism": 1, "Baroque": 1, "Realism": 1}, "Realism": 0.004700878343351765}