{"Impressionism": 0.005042249779610106, "style": ["Baroque", "Baroque", "Neoclassicism", "Neoclassicism", "Surrealism", "Impressionism", "Neoclassicism", "Impressionism", "Baroque", "Expressionism", "Post-Impressionism", "Realism", "Surrealism", "Art Nouveau (Modern)", "High Renaissance", "Baroque", "Magic Realism", "Symbolism", "Realism", "Academicism"], "style_labels": ["Impressionism", "Surrealism", "Art Nouveau (Modern)", "High Renaissance", "Magic Realism", "Realism", "Expressionism", "Symbolism", "Academicism", "Baroque", "Post-Impressionism", "Neoclassicism"], "Surrealism": 0.005157365459509992, "contentId": ["186700.jpg", "186666.jpg", "232506.jpg", "232375.jpg", "221568.jpg", "237946.jpg", "232471.jpg", "213447.jpg", "220587.jpg", "252151.jpg", "344302.jpg", "206117.jpg", "243216.jpg", "227666.jpg", "224963.jpg", "216499.jpg", "278394.jpg", "225494.jpg", "210368.jpg", "279391.jpg"], "Art Nouveau (Modern)": 0.00585563032523313, "artist": ["Caravaggio", "Caravaggio", "Bouguereau William-Adolphe", "Bouguereau William-Adolphe", "Dali Salvador", "Sisley Alfred", "Bouguereau William-Adolphe", "Degas Edgar", "Rembrandt", "Kirchner Ernst Ludwig", "Derain Andre", "van Gogh Vincent ", "Delvaux Paul", "Mucha Alphonse", "Titian", "Rubens Peter Paul", "Earle Eyvind", "Roerich Nicholas", "Levitan Isaac", "Gerome Jean-Leon"], "style_counts": [0.0011759682086381895, 0.001060852528738332, 0.0003625876630151126, 0.00034798120665469057, 0.000151226240370117, 0.000376056346572895, 0.0005610286540047582, 7.758566546789414e-05, 0.0, 0.001560929507877895, 0.0005500113647862737, 0.0015812587858193838], "High Renaissance": 0.005870236781593589, "scores": [0.011372163459719555, 0.011984643755240667, 0.013297926768156991, 0.013308352399795297, 0.013899745075388277, 0.014188126914246084, 0.01506698583365608, 0.015505066673308695, 0.01604987980493857, 0.016351380280768872, 0.016383224342374547, 0.016455334974940238, 0.016471350702187443, 0.01692494851673417, 0.016967166605681386, 0.017310190089854884, 0.01753586160345609, 0.017748710241388667, 0.0179484419457396, 0.017972961657674865], "Magic Realism": 0.006066991747878149, "title": ["Supper at Emmaus", "Madonna of the Rosary (Madonna del Rosario)", "The Countess de Montholon", "Dante and Virgil", "The Cosmic Athlete", "The\u00a0rest\u00a0beside\u00a0d`un\u00a0Creek", "Prayer", "Diego Martelli", "The Concert of the State", "Sertigweg", "The Seine at Chatou", "Head of a Woman", "Woman in front of the sea", "Lefevre Utile", "Portrait of Ariosto", "Mars and Rhea Silvia", "Western Barns", "Cliff dwellings (Arizona)", "Self portrait", "Nude Girl"], "Realism": 0.0058421616416753554, "Expressionism": 0.005657189334243519, "year": [1602.0, 1607.0, "unknown", 1850.0, 1960.0, 1872.0, 1878.0, 1879.0, 1642.0, 1926.0, 1906.0, 1885.0, 1943.0, 1903.0, 1510.0, 1620.0, 1988.0, 1921.0, 1896.0, 1886.0], "Symbolism": 0.006140632322780356, "Academicism": 0.006218217988248326, "Baroque": 0.004657288480370371, "Post-Impressionism": 0.005668206623462001, "style_dict": {"Impressionism": 2, "Magic Realism": 1, "Art Nouveau (Modern)": 1, "High Renaissance": 1, "Surrealism": 2, "Realism": 2, "Expressionism": 1, "Symbolism": 1, "Academicism": 1, "Baroque": 4, "Post-Impressionism": 1, "Neoclassicism": 3}, "Neoclassicism": 0.004636959202428909}