{"Abstract Expressionism, Action painting": 0.007639879827151994, "High Renaissance": 0.008247716707937265, "Color Field Painting": 0.007409359112983961, "Expressionism, Symbolism": 0.009048456273943472, "year": [1940.0, "unknown", 1932.0, 1935.0, 1954.0, "unknown", 1985.0, 1949.0, 1901.0, 1932.0, 1947.0, "unknown", 1518.0, 1961.0, 1943.0, 1883.0, 1927.0, 1862.0, 1957.0, 1964.0], "style": ["Expressionism", "Neoclassicism", "unknown", "Symbolism", "Color Field Painting", "Realism", "Pop Art", "Abstract Expressionism, Action painting", "Expressionism", "Abstract Art", "Color Field Painting", "Pop Art", "High Renaissance", "Surrealism", "Expressionism", "Romanticism", "Surrealism", "Realism", "Surrealism", "Expressionism, Symbolism"], "title": ["Clouds over Bor", "Odysseus. Study for the Triumph of Homer", "Un Yogu", "St. Sergius Hermitage", "No.9 (Dark over Light Earth)", "Mrs. Louis Raphael", "Turtle", "Number 8", "Woman with chignon", "Decisive Pink", "Yellow, Cherry,\u00a0Orange", "Electric Chair", "Portraits of Leo X  Cardinal Luigi de' Rossi and Giulio de Medici", "Muy Mago (portrait of Aleister Crowley)", "Still Life With Lemons", "Nominor Leo", "The interpretation of dreams", "Guitar and Hat", "Music - The Red Orchestra", "Filius prodigus"], "unknown": 0.006801523412681065, "Expressionism": 0.006853656668292386, "Symbolism": 0.006864551008200226, "style_dict": {"Abstract Expressionism, Action painting": 1, "unknown": 1, "Romanticism": 1, "High Renaissance": 1, "Surrealism": 3, "Color Field Painting": 2, "Expressionism, Symbolism": 1, "Neoclassicism": 1, "Expressionism": 3, "Abstract Art": 1, "Symbolism": 1, "Pop Art": 2, "Realism": 2}, "Neoclassicism": 0.006109394071489763, "scores": [0.01492630278638624, 0.01765842008209227, 0.01965893118268289, 0.019841104364739577, 0.021105815523576356, 0.021679465781447277, 0.022046784783387147, 0.022082092886120754, 0.02222802499075625, 0.02232842412386203, 0.022526996042247754, 0.02304665453956016, 0.023838967439750197, 0.024008377063547803, 0.024440833642043573, 0.02489521932100759, 0.02529163585850137, 0.02575168458130049, 0.025885137029621252, 0.02615340246676457], "Abstract Art": 0.007725104586585907, "Realism": 0.008054361237972632, "style_counts": [0.0014085764467914874, 0.0022469328612624295, 0.0004353014944599165, 0.0008007395660062366, 0.0006826497324847747, 0.0016390971609594462, 0.0, 0.00099409503597081, 0.0021947996056510544, 0.0013910655720119625, 0.002183905265743191, 0.0013233516873575324, 0.0029390622024536572], "artist": ["Klee Paul", "Ingres Jean Auguste Dominique ", "Solar Xul", "Roerich Nicholas", "Rothko Mark", "Sargent John Singer", "Warhol Andy", "Pollock Jackson ", "Picasso Pablo", "Kandinsky Wassily", "Rothko Mark", "Warhol Andy", "Raphael", "Solar Xul", "Matisse Henri", "Gerome Jean-Leon", "Magritte Rene", "Manet Edouard", "Dali Salvador", "Dali Salvador"], "contentId": ["202165.jpg", "193427.jpg", "345158.jpg", "226694.jpg", "242114.jpg", "266266.jpg", "300240.jpg", "288186.jpg", "224781.jpg", "189297.jpg", "242191.jpg", "229294.jpg", "210551.jpg", "327239.jpg", "290266.jpg", "279388.jpg", "211551.jpg", "192033.jpg", "221175.jpg", "246740.jpg"], "style_labels": ["Abstract Expressionism, Action painting", "unknown", "Romanticism", "High Renaissance", "Surrealism", "Color Field Painting", "Expressionism, Symbolism", "Realism", "Expressionism", "Pop Art", "Symbolism", "Abstract Art", "Neoclassicism"], "Romanticism": 0.00861315477948354, "Surrealism": 0.008365806541458664, "Pop Art": 0.007657390701931458}