{"Color Field Painting": 0.002989809823037875, "year": [1820.0, 1966.0, 1961.0, 1966.0, 1906.0, "unknown", 1920.0, 1950.0, 1873.0, 1552.0, 1647.0, 1954.0, 1953.0, "unknown", 1968.0, 1983.0, 1956.0, "unknown", "unknown", 1820.0], "style": ["Neoclassicism", "Minimalism", "Color Field Painting", "Color Field Painting", "Impressionism", "Orphism", "Expressionism", "Expressionism", "Impressionism", "Mannerism (Late Renaissance)", "Baroque", "Color Field Painting", "Minimalism", "Neoclassicism", "Color Field Painting", "Magic Realism", "Na\u00efve Art (Primitivism)", "Post-Impressionism", "Orientalism", "Symbolism"], "title": ["Nomination by Pope Urban VIII Barberini, Taddeo", "Night Watch", "Blue, Orange, Red", "Untitled #6", "Clotilde in a Black Dress", "Abstract composition\u00a0(sheets)", "The Artist in his Studio", "Oysters", "Madame Darras as an Horsewoman", "Portrait of Cardinal Cristoforo Madruzzo", "The Portrait of Jan Six", "No. 1 (Royal Red and Blue)", "Untitled", "The Roman antiquities, t. 4, Plate X. Cutaway of the spurs that serve as buttresses to the great foundation of the Mausoleum of Adrian `helium.", "Red", "California Orchid", "Jeremiah", "Gable Farm with trees", "Pho Xai", "Los Entering the Grave"], "Expressionism": 0.003337703981103274, "Symbolism": 0.003918478396296009, "style_dict": {"Impressionism": 2, "Symbolism": 1, "Orientalism": 1, "Magic Realism": 1, "Color Field Painting": 4, "Mannerism (Late Renaissance)": 1, "Na\u00efve Art (Primitivism)": 1, "Expressionism": 2, "Orphism": 1, "Minimalism": 2, "Baroque": 1, "Post-Impressionism": 1, "Neoclassicism": 2}, "Neoclassicism": 0.0025812943831849517, "Impressionism": 0.003292983523936456, "Magic Realism": 0.003810375560004055, "scores": [0.004455770940531369, 0.00531284214133635, 0.006003319092599336, 0.008911454408934065, 0.009259789474272077, 0.00936725649429772, 0.009561394675227453, 0.010093936730531524, 0.010132188616990652, 0.010251952707274414, 0.010578563686462214, 0.010595166919223374, 0.01067535993164522, 0.010745156656574962, 0.010900231942302049, 0.011013401905613502, 0.011014963838329443, 0.011219876808713267, 0.011262673248019398, 0.011325859290580238], "Minimalism": 0.0027149827498730793, "Baroque": 0.0036599318608628076, "Post-Impressionism": 0.003881810973990404, "style_counts": [0.0006254948723595222, 0.0, 2.186087045319418e-05, 0.00010810283629192341, 0.000928668573258129, 0.0003715461792663799, 0.00010756244465837117, 0.0005807744151927752, 0.0006776300629605103, 0.0012034956464229696, 0.0002585465354332239, 3.666742230556963e-05, 0.0013371840131110035], "artist": ["Ingres Jean Auguste Dominique ", "Twombly Cy", "Rothko Mark", "Reinhardt Ad", "Sorolla Joaqu\u00edn", "Leger Fernand ", "Derain Andre", "Braque Georges ", "Renoir Pierre-Auguste", "Titian", "Rembrandt", "Rothko Mark", "Twombly Cy", "Piranesi Giovanni Battista", "Rothko Mark", "Earle Eyvind", "Chagall Marc", "Mondrian Piet", "Gerome Jean-Leon", "Blake William "], "contentId": ["193420.jpg", "231528.jpg", "242084.jpg", "283531.jpg", "251172.jpg", "195907.jpg", "256178.jpg", "193682.jpg", "218710.jpg", "224966.jpg", "220639.jpg", "300129.jpg", "231563.jpg", "262365.jpg", "322458.jpg", "278012.jpg", "202684.jpg", "186012.jpg", "279397.jpg", "192912.jpg"], "Orientalism": 0.0038966175258428487, "style_labels": ["Impressionism", "Symbolism", "Orientalism", "Magic Realism", "Color Field Painting", "Mannerism (Late Renaissance)", "Na\u00efve Art (Primitivism)", "Expressionism", "Orphism", "Minimalism", "Baroque", "Post-Impressionism", "Neoclassicism"], "Mannerism (Late Renaissance)": 0.00354693221702961, "Na\u00efve Art (Primitivism)": 0.003810915951637648, "Orphism": 0.003240848333335478}