{"High Renaissance": 0.0030247802864065837, "Color Field Painting": 0.0028778552961917134, "year": [1910.0, "unknown", "unknown", "unknown", "unknown", 1843.0, 1892.0, 2005.0, 1807.0, "unknown", 1962.0, 1966.0, 1892.0, 1534.0, 1960.0, 1969.0, 1883.0, 1900.0, "unknown", "unknown"], "style": ["Impressionism", "Na\u00efve Art (Primitivism)", "Symbolism", "Post-Impressionism", "Symbolism", "Romanticism", "Impressionism", "Neo-Expressionism", "Neoclassicism", "Surrealism", "Color Field Painting", "Na\u00efve Art (Primitivism)", "Impressionism", "High Renaissance", "Surrealism", "Pop Art", "Realism", "Impressionism", "Baroque", "Neoclassicism"], "Neo-Expressionism": 0.0027394130119190482, "Symbolism": 0.002528455743184282, "style_dict": {"Impressionism": 4, "Neo-Expressionism": 1, "Realism": 1, "Romanticism": 1, "High Renaissance": 1, "Surrealism": 2, "Color Field Painting": 1, "Na\u00efve Art (Primitivism)": 2, "Symbolism": 2, "Pop Art": 1, "Baroque": 1, "Post-Impressionism": 1, "Neoclassicism": 2}, "Neoclassicism": 0.0029046672629674227, "Impressionism": 0.002535946942735227, "scores": [0.0054519949131419665, 0.00698861771937179, 0.007375358638056481, 0.007474129851621956, 0.0075144086566016205, 0.007864347097903459, 0.00789842385757973, 0.007917922002864087, 0.00802167710687033, 0.008026349794430777, 0.00831807167142443, 0.00845238696452046, 0.008742093644706173, 0.008742739513670661, 0.008753319117661, 0.008764074691110225, 0.008777867811619756, 0.008790477056706193, 0.008806241704645747, 0.00908355391430962], "Baroque": 0.003046750536704527, "Post-Impressionism": 0.0025858714648741947, "Realism": 0.003036933843419839, "Pop Art": 0.003032161751223792, "style_counts": [0.0005108035939693778, 0.00030733752478551146, 9.816693284703248e-06, 0.00032587316983334613, 2.1970250297931315e-05, 0.00019736750808396764, 0.00016889524051288962, 0.0004246882706590016, 0.0005182947935202797, 1.458878548077358e-05, 0.0, 0.0004608790718303446, 0.0001420832737371036], "artist": ["Renoir Pierre-Auguste", "Rousseau Henri", "B\u00f6cklin Arnold", "Bonnard Pierre", "Roerich Nicholas", "Delacroix Eugene ", "Degas Edgar", "Twombly Cy", "Ingres Jean Auguste Dominique ", "Beksinski Zdislav", "Rothko Mark", "Chagall Marc", "Sorolla Joaqu\u00edn", "Michelangelo", "Chagall Marc", "Warhol Andy", "van Gogh Vincent ", "Levitan Isaac", "Rembrandt", "Ingres Jean Auguste Dominique "], "contentId": ["218478.jpg", "191322.jpg", "260582.jpg", "222042.jpg", "225458.jpg", "187723.jpg", "213331.jpg", "231584.jpg", "193494.jpg", "258722.jpg", "341039.jpg", "202590.jpg", "251137.jpg", "193209.jpg", "203017.jpg", "300238.jpg", "206627.jpg", "210221.jpg", "219996.jpg", "193341.jpg"], "style_labels": ["Impressionism", "Neo-Expressionism", "Realism", "Romanticism", "High Renaissance", "Surrealism", "Color Field Painting", "Na\u00efve Art (Primitivism)", "Symbolism", "Pop Art", "Baroque", "Post-Impressionism", "Neoclassicism"], "Romanticism": 0.002720877366871221, "Surrealism": 0.0028493830286206233, "Na\u00efve Art (Primitivism)": 0.0026220622660455915, "title": ["Genevieve bernheim de villers", "Landscape with Monkeys", "Abandoned Venus", "The Blue Pot", "Castle of King Gesar", "Bouquet of Flowers", "Before the Ballet (detail)", "Untitled I", "Portrait of Mrs. Devau\u00e7ay", "Untitled", "Untitled (Red-Brown, Black, Green, Red)", "God Turns Moses' Staff into a Serpent", "Another Margarita", "Study for a \"Holy Family with the Infant St.John\"", "Song of Songs I", "Brillo Soap Pads", "Plowman with Two Women", "Haystacking", "A Young Man and a Girl playing Cards", "Head of a young blond girl with blue eyes (Laure-Zoega)"]}