{"Northern Renaissance": 0.0038060052435705655, "High Renaissance": 0.003662254373164525, "year": [1900.0, 1944.0, 1914.0, 1923.0, 1970.0, 1946.0, 1967.0, 1888.0, 1948.0, 1959.0, 1995.0, "unknown", 1933.0, 1897.0, "unknown", 1504.0, 1889.0, "unknown", 1499.0, 1646.0], "style": ["Realism", "Regionalism", "Art Nouveau (Modern)", "Symbolism", "Abstract Expressionism", "Cubism", "Na\u00efve Art (Primitivism)", "Post-Impressionism", "Na\u00efve Art (Primitivism)", "Regionalism", "Abstract Expressionism", "Pop Art", "Symbolism", "Realism", "Surrealism", "High Renaissance", "Realism", "Ukiyo-e", "Northern Renaissance", "Baroque"], "title": ["Vase of Flowers on a Red Tablecloth", "The Tattooist", "A good tree has grown", "Study of a shore", "Untitled", "Bull (plate VIII)", "The Gladiolas", "Portrait of Camille Roulin", "Mounting the ebony horse...", "A Family Tree", "Quattro Stagioni, Estate", "Campbell's Soup Can (Old Fashioned Vegetable)", "Sacred Himalayas", "Izvara", "Untitled", "Study to \"Battle of Cascina\"", "Study of flowers", "Bluebells and\u00a0Dragonflies", "Sol Justitiae", "The man of Gibeah"], "Art Nouveau (Modern)": 0.002908736174317012, "Ukiyo-e": 0.0037312805146046224, "Symbolism": 0.003231266333867772, "style_dict": {"Abstract Expressionism": 2, "Northern Renaissance": 1, "Art Nouveau (Modern)": 1, "Ukiyo-e": 1, "High Renaissance": 1, "Surrealism": 1, "Na\u00efve Art (Primitivism)": 2, "Symbolism": 2, "Pop Art": 1, "Baroque": 1, "Post-Impressionism": 1, "Cubism": 1, "Realism": 3, "Regionalism": 2}, "Regionalism": 0.0029826778878980294, "scores": [0.007025172929128901, 0.0076636244918623486, 0.008407328889416827, 0.008766417423810392, 0.008902737711562506, 0.009486800266525413, 0.009556884344479618, 0.009619944568562053, 0.009798235878675683, 0.009901001578987226, 0.010036130244314014, 0.010108975651435821, 0.010262115667206625, 0.010263919023445853, 0.010419665817758753, 0.010585276610426464, 0.010626391826837186, 0.010784787820201468, 0.011000770066421075, 0.011016802851148906], "Baroque": 0.003811552206408142, "Post-Impressionism": 0.0033282724072713024, "Realism": 0.003106139137315095, "style_counts": [0.0005955120558260862, 8.027169180357951e-05, 0.0009028160320911915, 5.546962837610359e-06, 0.00014929783324368895, 0.00020659523528721024, 0.0005248275773526156, 0.0005802858725404425, 0.00031408665588883444, 0.0, 0.0004832797991368709, 0.0005293445662980512, 0.0007054130690931082, 0.0008288743185100866], "Abstract Expressionism": 0.003216040150582106, "artist": ["Redon Odilon", "Rockwell Norman", "Roerich Nicholas", "Roerich Nicholas", "Twombly Cy", "Picasso Pablo", "Chagall Marc", "van Gogh Vincent ", "Chagall Marc", "Rockwell Norman", "Twombly Cy", "Warhol Andy", "Roerich Nicholas", "Roerich Nicholas", "Beksinski Zdislav", "Michelangelo", "Roerich Nicholas", "Hokusai Katsushika", "Durer Albrecht", "Rembrandt"], "contentId": ["248290.jpg", "247837.jpg", "225303.jpg", "226718.jpg", "231580.jpg", "223774.jpg", "203186.jpg", "206655.jpg", "265153.jpg", "247595.jpg", "231541.jpg", "229363.jpg", "226479.jpg", "225924.jpg", "258798.jpg", "193231.jpg", "226724.jpg", "222158.jpg", "201053.jpg", "220622.jpg"], "style_labels": ["Abstract Expressionism", "Ukiyo-e", "Art Nouveau (Modern)", "Northern Renaissance", "High Renaissance", "Surrealism", "Na\u00efve Art (Primitivism)", "Symbolism", "Pop Art", "Baroque", "Post-Impressionism", "Cubism", "Realism", "Regionalism"], "Surrealism": 0.0036049569711209014, "Na\u00efve Art (Primitivism)": 0.0032867246290555945, "Pop Art": 0.003497465550519326, "Cubism": 0.003282207640110156}