{"style_counts": [0.0008588778878471093, 0.0, 0.00027120125139368234, 0.0018373551237026442, 0.00037297855589868423, 0.00038895813495565257, 0.0002757040132553845, 0.00013051585029177915], "style": ["Romanticism", "Romanticism", "Purism", "Suprematism", "Na\u00efve Art (Primitivism)", "Cubism", "Pop Art", "Art Nouveau (Modern)", "Art Nouveau (Modern)", "Na\u00efve Art (Primitivism)", "Na\u00efve Art (Primitivism)", "Neo-Expressionism", "Pop Art", "Na\u00efve Art (Primitivism)", "Purism", "Purism", "Na\u00efve Art (Primitivism)", "Na\u00efve Art (Primitivism)", "Cubism", "Cubism"], "Suprematism": 0.0029769301350120424, "Neo-Expressionism": 0.0038358080228591005, "contentId": ["187775.jpg", "187820.jpg", "195924.jpg", "219625.jpg", "202756.jpg", "195985.jpg", "300216.jpg", "226123.jpg", "227032.jpg", "202826.jpg", "196220.jpg", "231547.jpg", "229390.jpg", "202971.jpg", "196125.jpg", "196301.jpg", "196197.jpg", "202859.jpg", "196004.jpg", "196308.jpg"], "Art Nouveau (Modern)": 0.0035646067714654186, "artist": ["Delacroix Eugene ", "Delacroix Eugene ", "Leger Fernand ", "Malevich Kazimir", "Chagall Marc", "Leger Fernand ", "Warhol Andy", "Roerich Nicholas", "Roerich Nicholas", "Chagall Marc", "Leger Fernand ", "Twombly Cy", "Warhol Andy", "Chagall Marc", "Leger Fernand ", "Leger Fernand ", "Leger Fernand ", "Chagall Marc", "Leger Fernand ", "Leger Fernand "], "Romanticism": 0.0019984528991564064, "Purism": 0.0034628294669604115, "title": ["Horses running", "Nude bearded man, seated", "Birds on a yellow background", "Black Suprematistic Square", "Meeting of Ruth and Boaz", "Drawing\u00a0of\u00a0ground\u00a0plan for the\u00a0office\u00a0of\u00a0Jean\u00a0Zay", "Martinson Coffee", "Malong", "Vignette for book \"N. K. Roerich\"", "Musicians on a green background", "The Bathers", "Returning from Tonnicoda", "Toy Fish", "Ruth at the feet of Boaz", "Project design stage for a fitness", "The star", "Study\u00a0for the\u00a0Circus", "Noah's Ark", "Head constructor", "The two faces"], "Na\u00efve Art (Primitivism)": 0.0034468498879034336, "scores": [0.005224832540166602, 0.006543812688442003, 0.008474659316068472, 0.008604434787468824, 0.008933279468158577, 0.009760250843860493, 0.009799300297352471, 0.010443859992370422, 0.010547674254236413, 0.010749208421610347, 0.011053630906271879, 0.01108691117798347, 0.011165717734175108, 0.011169346068823152, 0.011300905081337905, 0.011345565578554824, 0.0113975709895115, 0.01154243146580806, 0.011574503073784055, 0.011965436115276014], "year": ["unknown", "unknown", "unknown", 1915.0, 1960.0, 1937.0, "unknown", 1912.0, 1918.0, 1964.0, "unknown", 1973.0, "unknown", 1960.0, 1935.0, 1936.0, 1949.0, 1963.0, 1950.0, 1951.0], "style_labels": ["Suprematism", "Neo-Expressionism", "Art Nouveau (Modern)", "Romanticism", "Purism", "Na\u00efve Art (Primitivism)", "Pop Art", "Cubism"], "Pop Art": 0.0035601040096036735, "style_dict": {"Suprematism": 1, "Neo-Expressionism": 1, "Art Nouveau (Modern)": 2, "Romanticism": 2, "Purism": 3, "Na\u00efve Art (Primitivism)": 6, "Pop Art": 2, "Cubism": 3}, "Cubism": 0.0037052921725673035}