{"Abstract Expressionism, Surrealism": 0.0033173192146736157, "Fauvism": 0.003648289654823655, "style": ["Baroque", "Abstract Expressionism, Surrealism", "Realism", "Fauvism", "Surrealism", "Realism", "Realism", "Symbolism", "Romanticism", "Realism", "Realism", "Expressionism", "Realism", "Expressionism", "Realism", "Symbolism", "Realism", "Realism", "Baroque", "Realism"], "style_labels": ["Abstract Expressionism, Surrealism", "Fauvism", "Romanticism", "Surrealism", "Expressionism", "Symbolism", "Baroque", "Realism"], "artist": ["Rubens Peter Paul", "Miro Joan", "Renoir Pierre-Auguste", "Mondrian Piet", "Beksinski Zdislav", "Malevich Kazimir", "Corot Camille ", "B\u00f6cklin Arnold", "Aivazovsky Ivan ", "Repin Ilya", "Roerich Nicholas", "Modigliani Amedeo ", "Sargent John Singer", "Kandinsky Wassily", "Sargent John Singer", "Roerich Nicholas", "van Gogh Vincent ", "Courbet Gustave", "Rubens Peter Paul", "van Gogh Vincent "], "contentId": ["216631.jpg", "227956.jpg", "218918.jpg", "186066.jpg", "259126.jpg", "219757.jpg", "199633.jpg", "260630.jpg", "196994.jpg", "215367.jpg", "225689.jpg", "189779.jpg", "266290.jpg", "189357.jpg", "266101.jpg", "227054.jpg", "205816.jpg", "191907.jpg", "216373.jpg", "207481.jpg"], "title": ["The Cardinal Infante", "Femme devant l'\u00e9toile filante", "Portrait of Henry Bernstein", "Trees by the Gein at Moonrise", "Untitled", "Portrait of a Man", "Mount Soracte", "Pan among the reeds", "View of the Sea from the Mountains at Sunset. Crimea", "Self-portrait", "Hermit", "Viking Eggeling", "Peter A. B. Widener", "Murnau view with railway and castle", "Elizabeth Garrett Anderson", "Vyas Kund", "Cottage with Trees and Peasant Woman", "The Huntsman's Picnic", "Alfonso I d'Este, Duke of Ferrara", "Woman Peeling Potatoes near a Window"], "Romanticism": 0.004028459233017122, "scores": [0.0079865953393294, 0.009588285770018903, 0.010190141836779373, 0.010544913382927039, 0.010705655177171251, 0.010786071863367386, 0.010796842764279634, 0.011399378459482766, 0.011643744794948733, 0.01206164214391077, 0.012246701326338998, 0.012294908915115222, 0.012345498200967954, 0.012373863447243783, 0.012658132481894154, 0.012750106252058975, 0.012793918095981276, 0.013136144139071954, 0.013279598903458912, 0.013465655389660467], "Surrealism": 0.0037039024990209745, "Expressionism": 0.004189044591669996, "year": [1634.0, 1974.0, "unknown", 1908.0, "unknown", 1930.0, 1827.0, 1858.0, 1864.0, "unknown", 1895.0, 1916.0, 1903.0, 1909.0, 1900.0, 1932.0, 1885.0, 1858.0, "unknown", 1881.0], "Symbolism": 0.0041008635061573545, "Baroque": 0.0036112472347463445, "style_dict": {"Abstract Expressionism, Surrealism": 1, "Fauvism": 1, "Romanticism": 1, "Surrealism": 1, "Expressionism": 2, "Symbolism": 2, "Baroque": 2, "Realism": 10}, "Realism": 0.003655543436781671, "style_counts": [0.0008717253769964239, 0.0005407549368463549, 0.00016058535865293155, 0.00048514209264904906, 0.0, 8.818108551267301e-05, 0.0005777973569236483, 0.0005335011548883717]}