{"Impressionism": 0.0030999109196946724, "style": ["Realism", "Romanticism", "Post-Impressionism", "Baroque", "Impressionism", "Surrealism", "Realism", "Cubism, Expressionism", "Realism", "Rococo", "Expressionism", "Surrealism", "Na\u00efve Art (Primitivism)", "Surrealism", "Baroque", "Surrealism", "Surrealism", "Neoclassicism", "Impressionism", "Expressionism"], "Rococo": 0.0031147289336773683, "Cubism, Expressionism": 0.003049269375178431, "contentId": ["232536.jpg", "214536.jpg", "207452.jpg", "216483.jpg", "244227.jpg", "204641.jpg", "192068.jpg", "193820.jpg", "228695.jpg", "185174.jpg", "244787.jpg", "234169.jpg", "202674.jpg", "258819.jpg", "216359.jpg", "243071.jpg", "243057.jpg", "193553.jpg", "190178.jpg", "231990.jpg"], "artist": ["Bouguereau William-Adolphe", "Alma-Tadema Lawrence ", "van Gogh Vincent ", "Rubens Peter Paul", "Hassam Childe", "Escher M.C.", "Manet Edouard", "Braque Georges ", "Shishkin Ivan", "Longhi Pietro ", "Balthus", "Ernst Max", "Chagall Marc", "Beksinski Zdislav", "Rubens Peter Paul", "Delvaux Paul", "Delvaux Paul", "Ingres Jean Auguste Dominique ", "Cassatt Mary", "Freud Lucian"], "Realism": 0.002648693999916588, "Romanticism": 0.0028038610422863926, "Surrealism": 0.0030331494267197695, "style_labels": ["Impressionism", "Rococo", "Cubism, Expressionism", "Realism", "Romanticism", "Surrealism", "Na\u00efve Art (Primitivism)", "Expressionism", "Baroque", "Post-Impressionism", "Neoclassicism"], "Na\u00efve Art (Primitivism)": 0.003210093863975571, "Expressionism": 0.003216155391149024, "year": [1898.0, 1871.0, 1890.0, 1636.0, 1889.0, "unknown", 1863.0, 1945.0, 1863.0, "unknown", 1990.0, 1919.0, 1963.0, "unknown", 1619.0, "unknown", 1951.0, 1814.0, 1909.0, 1976.0], "scores": [0.006192460838918879, 0.008104200769689892, 0.008286632092179287, 0.008363340564026042, 0.008421728628524701, 0.008447412917077589, 0.008669356746900848, 0.008813522084233421, 0.008942516709137078, 0.0090027245434031, 0.009106242659927348, 0.009235794237289863, 0.009278364644630763, 0.009558370081968331, 0.009742380620079904, 0.009817469557862219, 0.009818921432653227, 0.009823693775368127, 0.009833268459260662, 0.009833303933583604], "title": ["The Veil", "In the Temple", "Wheatfields under Thunderclouds", "Landscape with Cows", "Promenade at Sunset, Paris", "NOT DETECTED", "Olympia", "Woman at the Mirror", "Forest path", "Lute Player", "The Cat in the Mirror", "Family Excursions", "Jacob Wrestling with the Angel", "Untitled", "Adoration of the Magi", "Night\u00a0garden", "Iron age", "The Grande Odalisque", "Fran\u00e7oise in Green, Sewing", "Girl Writing"], "Baroque": 0.0030745621342833204, "Post-Impressionism": 0.0028669779482660518, "style_dict": {"Impressionism": 2, "Rococo": 1, "Cubism, Expressionism": 1, "Romanticism": 1, "Neoclassicism": 1, "Surrealism": 5, "Na\u00efve Art (Primitivism)": 1, "Expressionism": 2, "Baroque": 2, "Post-Impressionism": 1, "Realism": 3}, "Neoclassicism": 0.003398764795058255, "style_counts": [0.00029885387536365826, 0.00028403586138092685, 0.00034949541987983057, 0.0007500707951416663, 0.0005949037527719359, 0.00036561536833856767, 0.00018867093108276833, 0.00018260940390923963, 0.00032420266077493043, 0.000531786846792226, 0.0]}