{"style_counts": [0.00043965733069961654, 0.0012289322246301637, 0.0007051346602370279, 0.0003690157650818593, 0.0009184431849399433, 0.0005608516581598888, 0.0016088603991548656, 0.0, 0.00026001777665352055], "style": ["Post-Impressionism", "Symbolism", "Romanticism", "Surrealism", "Symbolism", "Symbolism", "Surrealism", "Symbolism", "Abstract Art, Surrealism", "Symbolism", "Art Nouveau (Modern)", "Expressionism", "Symbolism", "Realism", "Expressionism", "Surrealism", "Realism", "Expressionism", "Cubism", "Symbolism"], "style_labels": ["Art Nouveau (Modern)", "Romanticism", "Surrealism", "Expressionism", "Symbolism", "Abstract Art, Surrealism", "Post-Impressionism", "Cubism", "Realism"], "artist": ["Bonnard Pierre", "Roerich Nicholas", "Alma-Tadema Lawrence ", "Solar Xul", "Roerich Nicholas", "Roerich Nicholas", "Solar Xul", "Roerich Nicholas", "Dali Salvador", "Roerich Nicholas", "Zorn Anders", "Modigliani Amedeo ", "Roerich Nicholas", "van Gogh Vincent ", "Serebriakova Zinaida", "Beksinski Zdislav", "Kittelsen Theodor Severin", "Munch Edvard ", "Leger Fernand ", "Roerich Nicholas"], "contentId": ["222080.jpg", "226249.jpg", "214482.jpg", "327242.jpg", "226513.jpg", "226011.jpg", "345169.jpg", "225482.jpg", "221733.jpg", "225634.jpg", "277305.jpg", "9223372032559812564.jpg", "226060.jpg", "206577.jpg", "227445.jpg", "258746.jpg", "321958.jpg", "185414.jpg", "196402.jpg", "226043.jpg"], "Art Nouveau (Modern)": 0.003962659587904116, "title": ["The Seine", "Mountany landscape", "Among the Ruins", "Pan-tree (back)", "Sandoling. Lamayura.", "Kuluta", "Santos y Guardianes", "China's heroics", "Topological Contortion of a Female Figure", "Giant's tomb", "Oscar II", "Woman Sitting in Blue Dress", "Lake Sheshnag", "Peat Diggers in the Dunes", "Portrait of the artist's daughter", "Untitled", "Myren Ved Solevatnet", "Red House and Spruces", "Three sisters", "Lahaul. Kardang."], "Romanticism": 0.0031733846939735297, "scores": [0.008074127830725732, 0.009038552616197633, 0.009172261496401053, 0.009998586874211544, 0.010599080613882844, 0.010609458171775877, 0.010919898305484003, 0.011084360281050054, 0.011103262697726124, 0.011371694324130873, 0.011453559359034512, 0.011685971568541398, 0.01190147316032543, 0.01198165705963214, 0.012049904828587178, 0.012308819458105802, 0.012411837054219773, 0.012512194906575673, 0.012724332490840744, 0.012898948678667518], "Surrealism": 0.0036971822583667328, "Expressionism": 0.004033301153521896, "year": [1930.0, 1925.0, 1904.0, 1952.0, 1926.0, 1936.0, 1949.0, 1937.0, 1983.0, 1915.0, "unknown", 1919.0, 1939.0, 1883.0, 1934.0, "unknown", "unknown", 1927.0, 1952.0, 1932.0], "Symbolism": 0.0034838737336637263, "Abstract Art, Surrealism": 0.0038414652604438454, "Post-Impressionism": 0.002793456519448801, "style_dict": {"Art Nouveau (Modern)": 1, "Romanticism": 1, "Surrealism": 3, "Expressionism": 3, "Symbolism": 7, "Abstract Art, Surrealism": 1, "Post-Impressionism": 1, "Cubism": 1, "Realism": 2}, "Cubism": 0.004402316918603749, "Realism": 0.00414229914195023}