{"Impressionism": 0.0020309161545265346, "style": ["Realism", "Romanticism", "Impressionism", "Neoclassicism", "Realism", "Realism", "Art Nouveau (Modern)", "Romanticism", "Expressionism", "Expressionism", "Impressionism", "Impressionism", "Impressionism", "Impressionism", "Impressionism", "Abstract Expressionism, Symbolism", "Magic Realism", "Intimism", "Romanticism", "Impressionism"], "style_labels": ["Impressionism", "Expressionism", "Art Nouveau (Modern)", "Romanticism", "Magic Realism", "Abstract Expressionism, Symbolism", "Realism", "Intimism", "Neoclassicism"], "Expressionism": 0.002092965864425395, "artist": ["Corot Camille ", "Mucha Alphonse", "Hassam Childe", "Bouguereau William-Adolphe", "van Gogh Vincent ", "Levitan Isaac", "Toulouse-Lautrec Henri de", "Aivazovsky Ivan ", "Freud Lucian", "Modigliani Amedeo ", "Hassam Childe", "Renoir Pierre-Auguste", "Pissarro Camille ", "Renoir Pierre-Auguste", "Renoir Pierre-Auguste", "Dali Salvador", "Earle Eyvind", "Bonnard Pierre", "Alma-Tadema Lawrence ", "Cassatt Mary"], "contentId": ["199788.jpg", "227636.jpg", "244114.jpg", "232378.jpg", "206083.jpg", "210042.jpg", "230490.jpg", "196777.jpg", "231990.jpg", "189649.jpg", "244374.jpg", "218573.jpg", "208094.jpg", "219586.jpg", "218176.jpg", "246729.jpg", "278156.jpg", "222026.jpg", "214501.jpg", "190351.jpg"], "Art Nouveau (Modern)": 0.0021019225402999627, "title": ["The Flood", "Daughter", "Maude Sewing", "Drawing of a Woman", "Head of a Peasant Woman", "A river", "M.Lender Sitting", "Ship At Sea", "Girl Writing", "Portrait of Jeanne Hebuterne", "The Terre-Cuite Tea Set (aka French Tea Garden)", "In the Garden", "Bathing Goose Maidens", "Young Woman with a Japanese Umbrella", "A girl reading", "Emissa voce magna expiravit (Mark 15:37)", "Spruce Redwood and Pine", "Siesta", "Caracalla", "Sleepy Baby"], "Romanticism": 0.002010028496999067, "Magic Realism": 0.002463709346440091, "Abstract Expressionism, Symbolism": 0.0024529944640947206, "Realism": 0.0017807150853191296, "Intimism": 0.0024784060155779975, "year": ["unknown", "unknown", 1883.0, "unknown", "unknown", 1888.0, 1895.0, 1895.0, 1976.0, 1918.0, 1910.0, 1885.0, "unknown", 1876.0, 1891.0, 1967.0, 1988.0, 1900.0, 1902.0, 1910.0], "scores": [0.004735080979700004, 0.0047984931280844415, 0.004892899950353252, 0.005374626320334742, 0.005549530095505191, 0.0057190258780796975, 0.006075337547768375, 0.006090982714212909, 0.006139890850715804, 0.006185329695842028, 0.006300090531335404, 0.006321481682600204, 0.006580201457206565, 0.006867785935541217, 0.006906908549681219, 0.007090065921295017, 0.007121035914615256, 0.007163514752026606, 0.0071750458753726265, 0.007311157941342154], "style_dict": {"Impressionism": 7, "Intimism": 1, "Art Nouveau (Modern)": 1, "Romanticism": 3, "Magic Realism": 1, "Abstract Expressionism, Symbolism": 1, "Neoclassicism": 1, "Expressionism": 2, "Realism": 3}, "Neoclassicism": 0.0018594930931122885, "style_counts": [0.0004474898610514755, 0.0003854401511526051, 0.0003764834752780777, 0.00046837751857897736, 1.469666913789247e-05, 2.541155148327867e-05, 0.000697690930258843, 0.0, 0.0006189129224657419]}