{"Impressionism": 0.003659046323213982, "style": ["Post-Impressionism", "Post-Impressionism", "Post-Impressionism", "Cubism", "Post-Impressionism", "Realism", "Post-Impressionism", "Impressionism", "Symbolism", "Magic Realism", "Realism", "Realism", "Realism", "Realism", "Post-Impressionism", "Cubism, Expressionism", "Northern Renaissance", "Ukiyo-e", "Realism", "Symbolism"], "style_labels": ["Impressionism", "Cubism, Expressionism", "Ukiyo-e", "Northern Renaissance", "Magic Realism", "Symbolism", "Post-Impressionism", "Cubism", "Realism"], "Cubism, Expressionism": 0.004048212910515438, "Ukiyo-e": 0.004143861015727462, "artist": ["van Gogh Vincent ", "van Gogh Vincent ", "van Gogh Vincent ", "Picasso Pablo", "van Gogh Vincent ", "van Gogh Vincent ", "van Gogh Vincent ", "Hassam Childe", "Roerich Nicholas", "Holbrook Carter Clarence", "van Gogh Vincent ", "van Gogh Vincent ", "van Gogh Vincent ", "van Gogh Vincent ", "van Gogh Vincent ", "Dali Salvador", "Bosch Hieronymus", "Hokusai Katsushika", "Levitan Isaac", "Roerich Nicholas"], "Northern Renaissance": 0.004082431797257361, "style_counts": [0.0004848146925134911, 9.56481052120095e-05, 0.0, 6.142921847018812e-05, 0.0002767755023354024, 0.00024908710004023504, 0.0013576860610019503, 0.001154092613453006, 0.0005479234127985233], "Magic Realism": 0.0038670855133920642, "year": ["unknown", 1890.0, 1888.0, 1907.0, 1889.0, 1882.0, 1890.0, 1893.0, 1915.0, 1979.0, 1882.0, 1885.0, 1881.0, 1881.0, 1890.0, 1923.0, "unknown", "unknown", 1890.0, 1924.0], "scores": [0.00357163705132585, 0.008460832070158648, 0.008536422580795101, 0.008641542152584461, 0.009625620026666766, 0.009738700748525491, 0.010521935511925543, 0.010576004153451495, 0.010892806976865836, 0.011177314753277812, 0.011201037574434202, 0.011523945875801364, 0.011535957175271925, 0.011668443009507066, 0.011699765489779232, 0.011700840266504454, 0.011799745570329957, 0.011977298848505572, 0.0119821649454155, 0.01204304128791486], "contentId": ["205778.jpg", "206826.jpg", "206666.jpg", "224555.jpg", "205886.jpg", "206906.jpg", "206869.jpg", "244012.jpg", "225496.jpg", "345395.jpg", "205950.jpg", "206523.jpg", "207481.jpg", "206720.jpg", "205671.jpg", "221092.jpg", "195376.jpg", "222190.jpg", "210253.jpg", "225576.jpg"], "Symbolism": 0.0038947739156872845, "title": ["Carriage Drawn by a Horse", "Sheet with Two Groups of Peasants at a Meal", "Portrait of Patience Escalier", "The girls of Avignon (study)", "Enclosed Field", "Sower", "Sketch of Diggers and Other Figures", "Flower Garden, Isles of Shoals", "Cloud", "Homestead", "Fish-Drying Barn", "Peasant Woman, Digging, Seen from the Side", "Woman Peeling Potatoes near a Window", "Road with Pollard Willows and Man with Broom", "A Steamer with Several People", "Landscape Near Cadaques", "Studies", "Fuji at Torigoe", "Krivoozersky Monastery. Monks following fish.", "Evening"], "Post-Impressionism": 0.0027861749547255185, "style_dict": {"Impressionism": 1, "Cubism, Expressionism": 1, "Ukiyo-e": 1, "Northern Renaissance": 1, "Magic Realism": 1, "Symbolism": 2, "Post-Impressionism": 6, "Cubism": 1, "Realism": 6}, "Cubism": 0.002989768402274468, "Realism": 0.003595937602928972}