{"High Renaissance": 0.002527854849156156, "year": [1923.0, 1933.0, 1927.0, 1888.0, 1914.0, 1992.0, "unknown", 1934.0, 1897.0, "unknown", "unknown", 1924.0, 1931.0, 1535.0, 1912.0, 1943.0, 1923.0, "unknown", 1918.0, "unknown"], "New Realism": 0.00207088217408635, "style": ["Na\u00efve Art (Primitivism)", "Symbolism", "New Realism", "Post-Impressionism", "Expressionism", "Neo-Expressionism", "Na\u00efve Art (Primitivism)", "Art Nouveau (Modern)", "Magic Realism", "Impressionism", "Magic Realism", "Symbolism", "Social Realism", "High Renaissance", "Art Nouveau (Modern)", "Symbolism", "Na\u00efve Art (Primitivism)", "Neo-Romanticism, Symbolism", "Symbolism", "Realism"], "Neo-Romanticism, Symbolism": 0.0026792199842336013, "Neo-Expressionism": 0.002209335914612941, "Art Nouveau (Modern)": 0.00240706368120554, "Expressionism": 0.0021423822943436176, "Symbolism": 0.0023118795764532204, "style_dict": {"Impressionism": 1, "Social Realism": 1, "Neo-Romanticism, Symbolism": 1, "Neo-Expressionism": 1, "Art Nouveau (Modern)": 2, "Magic Realism": 2, "New Realism": 1, "High Renaissance": 1, "Na\u00efve Art (Primitivism)": 3, "Expressionism": 1, "Symbolism": 4, "Post-Impressionism": 1, "Realism": 1}, "Impressionism": 0.0024118153572769085, "style_counts": [0.00034602395036409384, 0.00023975456227742775, 7.861932340735844e-05, 0.0005485033930280325, 0.0003507756264353734, 0.00022998445848476656, 0.0003915829778543545, 0.0006108519404208756, 0.0006154570132973491, 0.0006869571335545999, 0.0006504790692904994, 0.00044595973118777277, 0.0], "Magic Realism": 0.0023662563297866417, "scores": [0.005009736687527438, 0.00561662217279023, 0.005985619349909795, 0.006091054516641446, 0.006192281278187581, 0.006385802131302937, 0.006743218230494027, 0.006822633772752237, 0.006919767623175712, 0.006971042993933424, 0.007014827121070503, 0.007261363169901808, 0.00727820103198793, 0.007306440264061822, 0.007352270483802672, 0.007515972850512668, 0.007542443122660265, 0.007743941775619809, 0.007760318782100704, 0.007971180847621464], "Post-Impressionism": 0.0021073602383504418, "Realism": 0.002757839307641002, "Social Realism": 0.00251808474536354, "artist": ["Chagall Marc", "Roerich Nicholas", "Hopper Edward", "van Gogh Vincent ", "Chagall Marc", "Twombly Cy", "Botero Fernando", "Roerich Nicholas", "Vallotton  Felix", "Churchill Winston", "Earle Eyvind", "Roerich Nicholas", "Hopper Edward", "Titian", "Roerich Nicholas", "Roerich Nicholas", "Chagall Marc", "Kittelsen Theodor Severin", "Roerich Nicholas", "Repin Ilya"], "contentId": ["202591.jpg", "226240.jpg", "235582.jpg", "207366.jpg", "203335.jpg", "231552.jpg", "281238.jpg", "227006.jpg", "271269.jpg", "313773.jpg", "278323.jpg", "226514.jpg", "235592.jpg", "224889.jpg", "225367.jpg", "226250.jpg", "202999.jpg", "321945.jpg", "226266.jpg", "215383.jpg"], "style_labels": ["Impressionism", "Social Realism", "Neo-Romanticism, Symbolism", "Neo-Expressionism", "Art Nouveau (Modern)", "High Renaissance", "Magic Realism", "Na\u00efve Art (Primitivism)", "Expressionism", "New Realism", "Post-Impressionism", "Symbolism", "Realism"], "Na\u00efve Art (Primitivism)": 0.0021469873672200807, "title": ["Gogol and Chagall", "Mountain Abode", "Lighthouse HIll", "View of Saintes-Maries with Church and Ramparts", "Wandering Jew", "Souvenir", "Still Life with Watermelon", "Vernicle", "Portrait of Thadee Nathanson", "Mountains and Sea at Sunset", "Early Autumn", "Sanga Chelling", "New York, New Haven and Hartford", "Giacomo Doria", "Babariha", "Mstislav's duel with Rededia", "Sobakevich near armchair", "Krambugutten Med Gammelostlasten", "Night rider", "State Council Hall"]}