{"style_counts": [0.00048482335598809545, 0.00012035507983587657, 0.0, 0.000427915601801665, 0.0002006590598835345, 0.0006183401307328085, 3.9377107055371674e-05, 0.0005420735544503508], "style": ["Realism", "Symbolism", "Neoclassicism", "Realism", "Symbolism", "Neo-Expressionism", "Symbolism", "Surrealism", "Symbolism", "Symbolism", "Romanticism", "Symbolism", "Symbolism", "Realism", "Neoclassicism", "Post-Impressionism", "Symbolism", "Magic Realism", "Magic Realism", "Realism"], "style_labels": ["Neo-Expressionism", "Romanticism", "Magic Realism", "Neoclassicism", "Surrealism", "Symbolism", "Post-Impressionism", "Realism"], "Neo-Expressionism": 0.0033582818388049936, "contentId": ["265653.jpg", "226159.jpg", "232376.jpg", "210176.jpg", "226910.jpg", "231552.jpg", "226421.jpg", "220984.jpg", "226166.jpg", "225396.jpg", "196497.jpg", "226860.jpg", "226357.jpg", "206565.jpg", "193514.jpg", "207384.jpg", "226112.jpg", "278095.jpg", "278258.jpg", "265687.jpg"], "artist": ["Sargent John Singer", "Roerich Nicholas", "Bouguereau William-Adolphe", "Levitan Isaac", "Roerich Nicholas", "Twombly Cy", "Roerich Nicholas", "Dali Salvador", "Roerich Nicholas", "Roerich Nicholas", "Aivazovsky Ivan ", "Roerich Nicholas", "Roerich Nicholas", "van Gogh Vincent ", "Ingres Jean Auguste Dominique ", "van Gogh Vincent ", "Roerich Nicholas", "Earle Eyvind", "Earle Eyvind", "Sargent John Singer"], "year": [1902.0, 1925.0, 1881.0, 1888.0, 1937.0, 1992.0, 1924.0, 1971.0, 1927.0, 1921.0, 1883.0, 1940.0, 1932.0, 1885.0, 1859.0, 1888.0, 1932.0, 1987.0, 1987.0, 1901.0], "Romanticism": 0.0037227501149573166, "Magic Realism": 0.0038431051947931654, "Neoclassicism": 0.0034151895929915082, "scores": [0.008410280816939269, 0.009069300582019262, 0.009124569487161338, 0.009373206256607026, 0.009405689333138643, 0.009706682981937553, 0.010490931429654606, 0.010528023438000807, 0.010539764818695611, 0.01075295616832302, 0.010760131793977327, 0.010873521817264115, 0.010884360208154115, 0.010923364123794741, 0.010987065230534197, 0.010994188239513775, 0.011024422087417371, 0.011279694656461333, 0.01135188281671073, 0.011493408389293105], "Surrealism": 0.003642446134909619, "Symbolism": 0.0032247650640603275, "title": ["Lady Evelyn Cavendish", "Mohammed on mount Hira", "Dawn", "Evening at Volga", "Tibet", "Souvenir", "Red Lama", "Figure with Flag. Illustration for 'Memories of Surrealism'", "Mongolia", "Blue temples (Grand Canyon, Arizona)", "Dante shows the artist in the unusual clouds", "The Philosopher. Silence.", "Pilgrim", "Peasant Woman, Stooping, Seen from the Back", "Self-Portrait at the age of 79 years old", "Vincent's House", "Maitreya", "Mauve, Red and Purple", "Bonsai", "Mrs Edward Goetz"], "Post-Impressionism": 0.003803728087737819, "style_dict": {"Neo-Expressionism": 1, "Romanticism": 1, "Magic Realism": 2, "Surrealism": 1, "Realism": 4, "Symbolism": 8, "Post-Impressionism": 1, "Neoclassicism": 2}, "Realism": 0.0033010316403427756}