{"Impressionism": 0.0018474544126064181, "style": ["Impressionism", "Impressionism", "Romanticism", "Realism", "Na\u00efve Art (Primitivism)", "Na\u00efve Art (Primitivism), Surrealism", "Impressionism", "Realism", "Impressionism", "Baroque", "Impressionism", "Impressionism", "Art Nouveau (Modern)", "Realism", "Realism", "Orientalism", "Realism", "Symbolism", "Realism", "Romanticism"], "style_labels": ["Impressionism", "Art Nouveau (Modern)", "Romanticism", "Na\u00efve Art (Primitivism), Surrealism", "Na\u00efve Art (Primitivism)", "Symbolism", "Baroque", "Orientalism", "Realism"], "artist": ["Churchill Winston", "Sisley Alfred", "Aivazovsky Ivan ", "Levitan Isaac", "Kahlo Frida ", "Dali Salvador", "Pissarro Camille ", "Corot Camille ", "Sisley Alfred", "Rembrandt", "Sargent John Singer", "Pissarro Camille ", "Schiele Egon", "Corot Camille ", "van Gogh Vincent ", "Gerome Jean-Leon", "Corot Camille ", "Roerich Nicholas", "Corot Camille ", "Goya Francisco"], "contentId": ["313773.jpg", "238149.jpg", "196759.jpg", "210032.jpg", "184930.jpg", "220945.jpg", "208159.jpg", "199821.jpg", "238364.jpg", "220719.jpg", "265986.jpg", "208292.jpg", "232629.jpg", "199428.jpg", "206090.jpg", "279482.jpg", "199702.jpg", "226267.jpg", "199833.jpg", "194006.jpg"], "Art Nouveau (Modern)": 0.0022420528901611397, "title": ["Mountains and Sea at Sunset", "Barges on the Loing, Saint Mammes", "Seascape in Crimea", "A dry tree by the road", "Girl with Death Mask (She Plays Alone)", "El Escorial and Catastrophe-Form Calligraphy", "Eragny, Sunset", "The Ponds of Ville d'Avray", "The Road to Louveciennes Montbuisson", "View of Amsterdam", "Steps of a Palace", "Landscape near Louveciennes", "Four Trees", "A Farm in the Nievre", "Head of a Peasant Woman with Dark Cap", "The Prisoner", "Return of the Hayers to Marcoussis", "Night rider", "The Roman Cammagna, with the Tiber", "Picnic on the Banks of the Manzanares"], "Romanticism": 0.0021357855521029925, "Na\u00efve Art (Primitivism), Surrealism": 0.002063196317173445, "Na\u00efve Art (Primitivism)": 0.0020626109290014963, "scores": [0.004767403510495595, 0.005018650945620426, 0.005418787447384939, 0.005746417248715505, 0.005961712376713895, 0.005963404366153503, 0.006070208709932255, 0.006149867424502423, 0.006188586569879988, 0.00632117126287496, 0.006350360291072537, 0.00636088572252045, 0.006480366353431229, 0.006565734519743921, 0.0065807864387109425, 0.006582446807089153, 0.006762126039141662, 0.0068256259347265385, 0.007000515617638441, 0.007158593014120196], "year": ["unknown", 1884.0, 1866.0, 1895.0, 1938.0, 1982.0, 1890.0, 1867.0, "unknown", 1640.0, 1903.0, 1870.0, 1917.0, 1831.0, 1885.0, 1861.0, 1874.0, 1918.0, 1828.0, 1776.0], "Symbolism": 0.002361504507535998, "Baroque": 0.00218697516871532, "style_dict": {"Impressionism": 6, "Art Nouveau (Modern)": 1, "Romanticism": 2, "Na\u00efve Art (Primitivism), Surrealism": 1, "Na\u00efve Art (Primitivism)": 1, "Symbolism": 1, "Baroque": 1, "Orientalism": 1, "Realism": 6}, "Orientalism": 0.002277370303355152, "Realism": 0.002062697011277671, "style_counts": [0.0005140500949296634, 0.0001194516173749216, 0.00022571895543299636, 0.00029830819036258394, 0.00029889357853452037, 0.0, 0.00017452933882067256, 8.413420418085238e-05, 0.00029880749625832426]}