{"Impressionism": 0.004289453926512792, "style": ["Symbolism", "Realism", "Realism", "Symbolism", "Realism", "Impressionism", "Impressionism", "Symbolism", "Symbolism", "Symbolism", "Symbolism", "Intimism", "Expressionism, Surrealism", "Impressionism", "Expressionism", "Abstract Expressionism, Symbolism", "Symbolism", "Expressionism", "Romanticism", "Expressionism"], "style_labels": ["Impressionism", "Expressionism", "Expressionism, Surrealism", "Romanticism", "Abstract Expressionism, Symbolism", "Intimism", "Symbolism", "Realism"], "Expressionism": 0.004612395432443252, "artist": ["Roerich Nicholas", "Corot Camille ", "Zorn Anders", "Roerich Nicholas", "Zorn Anders", "Hassam Childe", "Sisley Alfred", "Roerich Nicholas", "Roerich Nicholas", "Blake William ", "Roerich Nicholas", "Bonnard Pierre", "Dali Salvador", "Monet Claude", "Freud Lucian", "Dali Salvador", "Roerich Nicholas", "Freud Lucian", "Corot Camille ", "Chagall Marc"], "Expressionism, Surrealism": 0.0046625870045488215, "title": ["Tibetian camp", "The Pond at Ville d'Avray", "Margit", "Night rider", "Stockholm", "Venice", "The Seine at Point du Jour", "Evening", "Blessed Soul (Bhagavan Sri Ramakrishna)", "The Great Red Dragon and the Beast from the Sea", "Whispers of Desert (Story about New Era)", "Norman Earthenware (also known as A Pot from Rouen)", "Untitled (Figures, Pieta, Catastrophic Signs)", "The\u00a0pool\u00a0seen\u00a0from the\u00a0bridge\u00a0Argenteuil", "Naked Girl Asleep I", "Elias per turbinem super currus igneus", "Final journey", "Portrait of Rose", "The Destruction of Sodom", "Small Drawing Room"], "year": [1936.0, 1860.0, 1891.0, 1918.0, 1881.0, 1883.0, 1878.0, 1939.0, 1924.0, 1805.0, 1925.0, 1910.0, 1983.0, 1874.0, 1967.0, 1967.0, 1922.0, 1979.0, 1857.0, 1908.0], "Romanticism": 0.0048450944961387615, "scores": [0.010064401609711338, 0.011614449389367102, 0.011712277258142181, 0.011759916345232928, 0.011963835724552244, 0.012396953568409672, 0.012671870700345303, 0.012776859062795118, 0.012875778285964833, 0.013077091465956692, 0.013091845833037522, 0.013278058222775922, 0.01347660979668159, 0.013481342421976806, 0.0135719470616388, 0.013592990998198655, 0.01364850757301361, 0.01379012585571169, 0.014004124295977624, 0.014090432648739309], "Abstract Expressionism, Symbolism": 0.004702852136948875, "Intimism": 0.004593892874334171, "contentId": ["226931.jpg", "199820.jpg", "277282.jpg", "226267.jpg", "277331.jpg", "244388.jpg", "238079.jpg", "225577.jpg", "225392.jpg", "192950.jpg", "227077.jpg", "221935.jpg", "221779.jpg", "212774.jpg", "232057.jpg", "246728.jpg", "225597.jpg", "232092.jpg", "199778.jpg", "202997.jpg"], "Symbolism": 0.0039239828090529725, "style_dict": {"Impressionism": 3, "Intimism": 1, "Expressionism, Surrealism": 1, "Romanticism": 1, "Abstract Expressionism, Symbolism": 1, "Expressionism": 3, "Symbolism": 7, "Realism": 3}, "Realism": 0.00392675970898144, "style_counts": [0.0005556405696259814, 0.0002326990636954962, 0.00018250749158998936, 0.0, 0.00014224235918991468, 0.0002512016218045865, 0.0009211116870858627, 0.0009183347871573044]}