{"High Renaissance": 0.0018600168357340318, "year": [1512.0, 1929.0, 1928.0, 1970.0, 1977.0, 1986.0, 1930.0, 1823.0, 1935.0, 1943.0, 1867.0, 1951.0, 1980.0, 1938.0, 1896.0, 1824.0, 1861.0, 1920.0, 1909.0, 1922.0], "Academicism": 0.003342327070723892, "style": ["High Renaissance", "Realism", "Surrealism", "Abstract Expressionism", "Op Art", "Pop Art", "Expressionism", "Romanticism", "Surrealism", "Abstract Art", "Academicism", "Na\u00efve Art (Primitivism), Surrealism", "Expressionism", "Abstract Art", "Realism", "Neoclassicism", "Neoclassicism", "Expressionism, Surrealism", "Art Nouveau (Modern)", "Symbolism"], "title": ["Sistine Chapel Ceiling", "Infant Arthur", "The false mirror", "Yellow Mandala", "Randomdot Correlogram - The Golden Fleece", "Ted Turner", "Fruits on Red", "Judith and Holovernes", "The Surrealist Mystery of New York", "Conglomerat", "The Death of Caesar", "Francoise Gilot with Paloma and Claude", "Naked Portrait with Reflection", "Red waistcoat", "Love`s Scerets", "The Vow of Louis XIII", "Woman of Cervara and Her Child", "Reptil que sube", "Gifts", "Spell words"], "Art Nouveau (Modern)": 0.0036289429733017157, "Expressionism": 0.003255688867224831, "Symbolism": 0.0036690736416524765, "style_dict": {"Abstract Expressionism": 1, "Symbolism": 1, "Op Art": 1, "Expressionism, Surrealism": 1, "Art Nouveau (Modern)": 1, "Romanticism": 1, "High Renaissance": 1, "Surrealism": 2, "Na\u00efve Art (Primitivism), Surrealism": 1, "Neoclassicism": 2, "Expressionism": 2, "Abstract Art": 2, "Academicism": 1, "Pop Art": 1, "Realism": 2}, "Neoclassicism": 0.0034284536287467688, "Na\u00efve Art (Primitivism), Surrealism": 0.003404095496223037, "scores": [0.005376140131217035, 0.007335672543540159, 0.008175739004120237, 0.00902537340349889, 0.009135989245969908, 0.009184573880030522, 0.009332888206042013, 0.00936394764637238, 0.009426676445868882, 0.009586898725622628, 0.009660567770872154, 0.009839101483464596, 0.00983946620334804, 0.009934735150638233, 0.010010965008529256, 0.010037512431792451, 0.010152232573700777, 0.010370378161849186, 0.010488994281047014, 0.01060498683147355], "Abstract Art": 0.0033150005848970525, "Realism": 0.002945660900906186, "style_counts": [0.0005465087401506086, 0.0005082382850892797, 8.116902920307645e-05, 4.01306683507352e-05, 0.0004293700911347509, 0.0018090568059184742, 0.0006799786774612793, 0.00026497814542947307, 0.0007234127407462765, 0.00041338477442764976, 0.00032674657092857107, 0.0, 0.00035407305675538847, 0.00024062001290570123, 0.0004914291552852168], "Abstract Expressionism": 0.003122564901501893, "artist": ["Michelangelo", "Escher M.C.", "Magritte Rene", "Holbrook Carter Clarence", "Dali Salvador", "Warhol Andy", "Klee Paul", "Goya Francisco", "Dali Salvador", "Kandinsky Wassily", "Gerome Jean-Leon", "Picasso Pablo", "Freud Lucian", "Klee Paul", "Bouguereau William-Adolphe", "Ingres Jean Auguste Dominique ", "Bouguereau William-Adolphe", "Solar Xul", "Roerich Nicholas", "Roerich Nicholas"], "Op Art": 0.0031608353565631938, "contentId": ["193172.jpg", "204563.jpg", "211512.jpg", "345405.jpg", "221391.jpg", "300242.jpg", "202188.jpg", "193956.jpg", "221689.jpg", "189291.jpg", "279462.jpg", "223927.jpg", "232072.jpg", "202291.jpg", "232429.jpg", "193567.jpg", "232571.jpg", "345141.jpg", "225636.jpg", "226676.jpg"], "style_labels": ["Abstract Expressionism", "Op Art", "Expressionism, Surrealism", "Art Nouveau (Modern)", "Romanticism", "High Renaissance", "Surrealism", "Na\u00efve Art (Primitivism), Surrealism", "Realism", "Expressionism", "Academicism", "Symbolism", "Abstract Art", "Neoclassicism", "Pop Art"], "Romanticism": 0.0032397035505177313, "Surrealism": 0.0029890949641911578, "Expressionism, Surrealism": 0.00358790461244942, "Pop Art": 0.003177644486367305}