{"Impressionism": 0.003185693067668458, "style": ["Realism", "Symbolism", "Surrealism", "Surrealism", "Art Nouveau (Modern)", "Art Nouveau (Modern)", "Symbolism", "Symbolism", "Cubism", "Art Nouveau (Modern)", "unknown", "Surrealism", "Expressionism", "Realism", "Impressionism", "Surrealism", "Surrealism", "Realism", "Expressionism", "High Renaissance"], "style_labels": ["Impressionism", "unknown", "Art Nouveau (Modern)", "High Renaissance", "Surrealism", "Expressionism", "Symbolism", "Cubism", "Realism"], "artist": ["Courbet Gustave", "Roerich Nicholas", "Delvaux Paul", "Dali Salvador", "Roerich Nicholas", "Roerich Nicholas", "Roerich Nicholas", "Roerich Nicholas", "Leger Fernand ", "Roerich Nicholas", "Matisse Henri", "Dali Salvador", "Chagall Marc", "Sargent John Singer", "Monet Claude", "Beksinski Zdislav", "Magritte Rene", "Sargent John Singer", "Kandinsky Wassily", "Michelangelo"], "unknown": 0.002937377169899951, "Art Nouveau (Modern)": 0.002733342303389432, "title": ["Reclining nude", "Charaka", "The Blue Sofa", "The Surrealist Mystery of New York", "Terem of Kikimora", "Prologue. Forest.", "Snow Maiden", "Russian Easter", "Two Figures, naked on red bottom", "Study of scene design for \"Tristan und Isolde\"", "Lemons and Bottle of Dutch Gin", "Cranach Metamorphosis (Woman in a Mirror)", "A Group of People", "Mrs. Joseph E. Widener", "Rough Sea at Etretat", "Untitled", "The lost jockey", "Mrs Charles Russell", "The Ludwigskirche in Munich", "Study for an arm of the marble David and the figure of the bronze David"], "year": ["unknown", 1932.0, 1967.0, 1935.0, 1910.0, 1908.0, 1920.0, "unknown", 1923.0, 1912.0, 1896.0, 1974.0, 1914.0, 1903.0, 1869.0, "unknown", 1926.0, 1900.0, 1908.0, 1503.0], "style_counts": [0.00035053242750382463, 0.0005988483252723498, 0.0008028831917828994, 0.0, 0.0007525003026787047, 0.0003174130892953375, 0.0009966680592504717, 0.0006053727049675217, 0.0007570691605515156], "High Renaissance": 0.0035362254951722847, "scores": [0.005929452564638525, 0.006050139319721884, 0.00707916759153341, 0.007176747520603984, 0.007864993639025469, 0.008216676565394062, 0.008339067913025522, 0.008434295281257945, 0.008471254131359091, 0.00848341505438285, 0.008490112014167783, 0.008862593007439691, 0.008865555322584201, 0.008975801475554056, 0.009207837272114506, 0.00987018808261512, 0.010034367540210677, 0.010071570934434197, 0.010089638106392747, 0.010221006300798351], "Surrealism": 0.0027837251924935384, "Expressionism": 0.003218812405876907, "contentId": ["191816.jpg", "225476.jpg", "243172.jpg", "221689.jpg", "226815.jpg", "226401.jpg", "226654.jpg", "226470.jpg", "196414.jpg", "226751.jpg", "9223372032559820522.jpg", "220888.jpg", "202366.jpg", "266263.jpg", "212314.jpg", "258703.jpg", "211566.jpg", "266345.jpg", "326967.jpg", "193215.jpg"], "Symbolism": 0.0025395574359218533, "style_dict": {"Impressionism": 1, "unknown": 1, "Art Nouveau (Modern)": 3, "High Renaissance": 1, "Surrealism": 5, "Expressionism": 2, "Symbolism": 3, "Cubism": 1, "Realism": 3}, "Cubism": 0.0029308527902047877, "Realism": 0.0027791563346208155}