{"Impressionism": 0.003580373622374911, "style": ["High Renaissance", "Surrealism", "Northern Renaissance", "Expressionism", "Symbolism", "Art Nouveau (Modern)", "Post-Impressionism", "Realism", "Realism", "Surrealism", "Surrealism", "Baroque", "Symbolism", "Impressionism", "Mannerism (Late Renaissance)", "Art Nouveau (Modern)", "Baroque", "Realism", "Neo-Romanticism", "Realism"], "style_labels": ["Impressionism", "Neo-Romanticism", "Art Nouveau (Modern)", "Northern Renaissance", "High Renaissance", "Surrealism", "Mannerism (Late Renaissance)", "Expressionism", "Symbolism", "Baroque", "Post-Impressionism", "Realism"], "Neo-Romanticism": 0.0037330268780337685, "artist": ["Michelangelo", "Beksinski Zdislav", "Durer Albrecht", "Balthus", "Roerich Nicholas", "Roerich Nicholas", "Toulouse-Lautrec Henri de", "Kittelsen Theodor Severin", "Sargent John Singer", "Dali Salvador", "Beksinski Zdislav", "Rembrandt", "Roerich Nicholas", "Pissarro Camille ", "Titian", "Roerich Nicholas", "Rembrandt", "van Gogh Vincent ", "Kittelsen Theodor Severin", "Kustodiev Boris"], "contentId": ["193227.jpg", "259118.jpg", "200534.jpg", "244777.jpg", "226794.jpg", "226451.jpg", "230503.jpg", "321899.jpg", "266393.jpg", "220879.jpg", "258992.jpg", "220517.jpg", "225977.jpg", "208682.jpg", "224852.jpg", "226601.jpg", "219980.jpg", "206478.jpg", "321817.jpg", "230078.jpg"], "Art Nouveau (Modern)": 0.0033031518130475033, "title": ["Study of nude man", "Untitled", "Apollo And Diana", "Study of a girl with a window", "Symbolic cross on the outer wall in Lohia", "Room of Sadko", "Man in a Shirt, From Behind", "Hawk", "William Butler Yeats", "Corpuscular Madonna", "Untitled", "Sketch of a Tree", "King Gesar", "The hayymaker", "Caricature of the Laoc on group", "Sketch of costumes for \"Snow Maiden\"", "A Study of a Female Nude Seen from the Back", "Peasant with Sickle", "Krigen Mellom Froskene Og Musene 08", "Portrait of Nikolay Monakhov"], "Northern Renaissance": 0.003068513495806487, "style_counts": [0.00015265325565883003, 0.0, 0.0004298750649862626, 0.0006645133822272831, 0.0010704237993778287, 0.0007362321290979024, 0.00011933627147342474, 0.0006384277784698966, 0.0004632214876294505, 0.0002789763374131393, 0.0006093360614187748, 0.00042946804621413204], "High Renaissance": 0.0026626030786559367, "scores": [0.0076959127410344995, 0.007714303943165772, 0.008869144747002301, 0.00894454183939049, 0.008963711942985984, 0.00898529824141393, 0.00902862771674354, 0.00933513288081097, 0.009463425822075943, 0.009584317094142251, 0.009634163202505302, 0.009836215118836507, 0.010291772948604283, 0.01034861080082883, 0.010444909270976577, 0.010466559663468803, 0.010504266976791972, 0.01063310981821692, 0.010789835459736094, 0.010799367430152845], "Surrealism": 0.002996794748935912, "Mannerism (Late Renaissance)": 0.0036136906065603086, "Expressionism": 0.0030945990995639317, "year": ["unknown", "unknown", 1502.0, "unknown", 1907.0, 1920.0, 1888.0, "unknown", 1908.0, 1952.0, "unknown", 1638.0, 1941.0, "unknown", 1545.0, "unknown", 1634.0, 1885.0, 1885.0, 1926.0], "Symbolism": 0.0032698053904043588, "Baroque": 0.0034540505406206097, "Post-Impressionism": 0.0031236908166149785, "style_dict": {"Impressionism": 1, "Neo-Romanticism": 1, "Art Nouveau (Modern)": 2, "Northern Renaissance": 1, "High Renaissance": 1, "Surrealism": 3, "Mannerism (Late Renaissance)": 1, "Expressionism": 1, "Symbolism": 2, "Baroque": 2, "Post-Impressionism": 1, "Realism": 4}, "Realism": 0.003303558831819606}