{"style": ["Abstract Art", "Expressionism", "Surrealism", "Symbolism", "Symbolism", "Symbolism", "Symbolism", "Expressionism", "Surrealism", "Symbolism", "Symbolism", "Symbolism", "Surrealism", "Art Nouveau (Modern)", "unknown", "Art Nouveau (Modern)", "Realism", "Art Nouveau (Modern)", "Surrealism", "Symbolism"], "style_labels": ["unknown", "Art Nouveau (Modern)", "Surrealism", "Expressionism", "Symbolism", "Abstract Art", "Realism"], "artist": ["O'Keeffe Georgia", "Solar Xul", "Dali Salvador", "Roerich Nicholas", "Roerich Nicholas", "Roerich Nicholas", "Roerich Nicholas", "Matisse Henri", "Beksinski Zdislav", "Roerich Nicholas", "Roerich Nicholas", "Roerich Nicholas", "Dali Salvador", "Roerich Nicholas", "Dali Salvador", "Roerich Nicholas", "Sargent John Singer", "Roerich Nicholas", "Beksinski Zdislav", "Roerich Nicholas"], "unknown": 0.007541019573130074, "Art Nouveau (Modern)": 0.007403306093506342, "title": ["Series I, No. 8", "Dos Anjos", "Music - The Red Orchestra", "Clouds above the expanses", "Mother of Turfan", "Fires of victory (Sentinel lights on the towers in Gobi)", "Book of Life", "The Dark Door", "Untitled", "Santana", "Himalayas", "Christ", "The Hand", "St. George the Victorious", "Fiesta in Figueres", "Castle of King Mark", "Mrs. William Russell Cooke", "Fight with the dragon", "Untitled", "Guardians of the Night"], "year": [1918.0, 1915.0, 1957.0, 1917.0, 1924.0, 1940.0, 1939.0, 1942.0, "unknown", 1928.0, "unknown", 1933.0, 1930.0, 1920.0, 1916.0, 1912.0, 1895.0, 1914.0, 1957.0, 1940.0], "style_counts": [0.0003767922701158888, 0.0005145057497395467, 0.0011355015965461845, 0.0015757254281880684, 0.0015262633463047903, 0.002334306034120437, 0.0], "scores": [0.016138407500745543, 0.016912585823528073, 0.017582827942111683, 0.01833180954360189, 0.019249399452517288, 0.020032567657752156, 0.020064578925411088, 0.02043518707594814, 0.020497797188129427, 0.020825138991468508, 0.021414705444332986, 0.02154586484526899, 0.02160190414859174, 0.021772088458473754, 0.021796349999917357, 0.021853716329598247, 0.02288541973605373, 0.022909164197875594, 0.022913053623882216, 0.023124742661859862], "Surrealism": 0.006782310246699715, "Expressionism": 0.0063420864150577905, "contentId": ["231852.jpg", "345126.jpg", "221175.jpg", "225499.jpg", "226232.jpg", "225602.jpg", "225405.jpg", "290271.jpg", "258832.jpg", "226518.jpg", "225811.jpg", "225483.jpg", "221610.jpg", "226684.jpg", "220972.jpg", "225460.jpg", "266279.jpg", "225594.jpg", "258659.jpg", "225669.jpg"], "Symbolism": 0.006391548496941164, "Abstract Art": 0.005583505809125509, "style_dict": {"unknown": 1, "Art Nouveau (Modern)": 3, "Surrealism": 4, "Expressionism": 2, "Symbolism": 8, "Abstract Art": 1, "Realism": 1}, "Realism": 0.007917811843245902}