{"Impressionism": 0.0036542597039166676, "style": ["Symbolism", "Symbolism", "Symbolism", "Expressionism", "Romanticism", "unknown", "Impressionism", "Romanticism", "Symbolism", "Symbolism", "Symbolism", "Magic Realism", "Impressionism", "Surrealism", "Symbolism", "Magic Realism", "Impressionism", "Abstract Art, Surrealism", "New Realism", "Realism"], "style_labels": ["Impressionism", "Surrealism", "unknown", "Romanticism", "Magic Realism", "Expressionism", "New Realism", "Abstract Art, Surrealism", "Symbolism", "Realism"], "Surrealism": 0.0038449114641370546, "unknown": 0.003297903862344291, "artist": ["Roerich Nicholas", "Roerich Nicholas", "Roerich Nicholas", "Munch Edvard ", "Aivazovsky Ivan ", "Dali Salvador", "Sisley Alfred", "B\u00f6cklin Arnold", "Roerich Nicholas", "Roerich Nicholas", "Roerich Nicholas", "Earle Eyvind", "Hassam Childe", "Beksinski Zdislav", "Roerich Nicholas", "Earle Eyvind", "Degas Edgar", "Dali Salvador", "Hopper Edward", "Levitan Isaac"], "year": [1932.0, 1922.0, 1927.0, 1927.0, 1891.0, 1914.0, 1892.0, 1852.0, 1937.0, 1925.0, 1922.0, 1990.0, 1892.0, "unknown", "unknown", 1991.0, 1878.0, 1983.0, 1924.0, 1899.0], "Romanticism": 0.003321983735536153, "style_dict": {"Impressionism": 3, "New Realism": 1, "Surrealism": 1, "unknown": 1, "Romanticism": 2, "Magic Realism": 2, "Expressionism": 1, "Symbolism": 7, "Abstract Art, Surrealism": 1, "Realism": 1}, "scores": [0.0028419017168440737, 0.005534738590024162, 0.008957975061743218, 0.00926378498784632, 0.009479605175373383, 0.00953216818397662, 0.00996311035586089, 0.010083151622765794, 0.01029601809155043, 0.010648172396746036, 0.011014862405054988, 0.011051438391027906, 0.011056283065504212, 0.011113223507552934, 0.011460467617030845, 0.011460929116048485, 0.011822157771547935, 0.011941424033748317, 0.012054982922462178, 0.012122966516622497], "Magic Realism": 0.0038228619554292074, "Expressionism": 0.003205049648903716, "contentId": ["226548.jpg", "226181.jpg", "226880.jpg", "185414.jpg", "196657.jpg", "221089.jpg", "238276.jpg", "260649.jpg", "226557.jpg", "225637.jpg", "226216.jpg", "278090.jpg", "243960.jpg", "259150.jpg", "225811.jpg", "278011.jpg", "213338.jpg", "221733.jpg", "235572.jpg", "210347.jpg"], "New Realism": 0.004170737860806087, "title": ["Sharugen Monastery", "Monhegan (Hope)", "The unspilling vessel", "Red House and Spruces", "Passage of the Jews through the Red Sea", "Landscape Near Ampurdan", "Banks of\u00a0the Loing\u00a0at\u00a0Saint\u00a0Mamm\u00e8s", "Roman Landscape", "She monastery", "Gilgit Road", "Monhegan (Vagueness)", "Little Jewels", "Columbian Exposition, Chicago", "Untitled", "Himalayas", "California Miniature", "Before the Start", "Topological Contortion of a Female Figure", "House at the Fort, Gloucester", "Railroad tracks"], "Abstract Art, Surrealism": 0.004131449181623684, "Symbolism": 0.002730967671330303, "Realism": 0.004194258570200855, "style_counts": [0.000539998866284197, 0.00034934710606382424, 0.0008963547078565393, 0.0008722748346646769, 0.0003713966147715908, 0.0009892089212971689, 2.352070939470874e-05, 6.280938857716745e-05, 0.0014632908988705395, 0.0]}