{"High Renaissance": 0.0029728840011122404, "Realism, Symbolism": 0.0023914454886782804, "year": ["unknown", 1921.0, 1910.0, 1911.0, 1913.0, 1904.0, 1900.0, 1905.0, 1899.0, 1840.0, 1908.0, 1664.0, 1957.0, 1882.0, 1917.0, 1888.0, 1888.0, 1978.0, "unknown", 1882.0], "style": ["Na\u00efve Art (Primitivism)", "Art Nouveau (Modern)", "Expressionism", "Analytical Cubism", "Expressionism", "Cubism", "Art Nouveau (Modern)", "Realism, Symbolism", "Post-Impressionism", "Ukiyo-e", "Impressionism", "Baroque", "Na\u00efve Art (Primitivism)", "Post-Impressionism", "Expressionism", "Impressionism", "Post-Impressionism", "Neo-Expressionism", "High Renaissance", "Realism"], "Neo-Expressionism": 0.002951438387801144, "Art Nouveau (Modern)": 0.0020789458684863866, "Ukiyo-e": 0.0025278279192754607, "Expressionism": 0.0022204884551084254, "style_dict": {"Impressionism": 2, "Analytical Cubism": 1, "Neo-Expressionism": 1, "Art Nouveau (Modern)": 2, "Ukiyo-e": 1, "High Renaissance": 1, "Realism, Symbolism": 1, "Na\u00efve Art (Primitivism)": 2, "Expressionism": 3, "Baroque": 1, "Post-Impressionism": 3, "Cubism": 1, "Realism": 1}, "Impressionism": 0.0026224598052476326, "scores": [0.00522277714000144, 0.00556601397610432, 0.005811368950986084, 0.006051810758839164, 0.006195554591724018, 0.006315614689335849, 0.006676644525392369, 0.006912166501023893, 0.007216634613469599, 0.007306362426695218, 0.007428333100965781, 0.007713329629928569, 0.007730892315058821, 0.00786863037861536, 0.007949043241356955, 0.00801501264277094, 0.008281958399646386, 0.008530754161271014, 0.008592739956316169, 0.00866242012162365], "Baroque": 0.002668628908671224, "Post-Impressionism": 0.0026000569318799203, "Realism": 0.0029969916838409835, "style_counts": [0.000374531878593265, 0.0009032088538964977, 4.555329603983527e-05, 0.0009180458153545956, 0.00046916376456551667, 2.410768272864683e-05, 0.0006055461951626206, 0.0007973078821532642, 0.0007765032287324614, 0.00032836277516967716, 0.0003969347519610089, 0.0008119389576363156, 0.0], "Analytical Cubism": 0.002093782829944387, "artist": ["Chagall Marc", "Serebriakova Zinaida", "Schiele Egon", "Picasso Pablo", "Schiele Egon", "Leger Fernand ", "Roerich Nicholas", "Redon Odilon", "Toulouse-Lautrec Henri de", "Hokusai Katsushika", "Cassatt Mary", "Rembrandt", "Chagall Marc", "Toulouse-Lautrec Henri de", "Schiele Egon", "Pissarro Camille ", "Cezanne Paul", "Twombly Cy", "da Vinci Leonardo", "van Gogh Vincent "], "contentId": ["202980.jpg", "227364.jpg", "232796.jpg", "223684.jpg", "232753.jpg", "196119.jpg", "226767.jpg", "247993.jpg", "230616.jpg", "223598.jpg", "190187.jpg", "220131.jpg", "265135.jpg", "230556.jpg", "232666.jpg", "208479.jpg", "215813.jpg", "231498.jpg", "225135.jpg", "206579.jpg"], "style_labels": ["Impressionism", "Analytical Cubism", "Neo-Expressionism", "Art Nouveau (Modern)", "Ukiyo-e", "High Renaissance", "Realism, Symbolism", "Na\u00efve Art (Primitivism)", "Expressionism", "Baroque", "Post-Impressionism", "Cubism", "Realism"], "Na\u00efve Art (Primitivism)": 0.0021996838016876473, "title": ["Self portrait", "Portrait of a ballerina L.A. Ivanova", "Standing Male Nude", "A glass", "Seated Woman", "Portrait of Henry Viel, a friend of painter Fernand Leger", "Study to \"Overseas Guests'", "Flowers", "The English Girl at the Star in Le Havre", "Tanuki", "Head of Francoise Looking Down (no.4)", "Elsje Christiaens", "The accordionist", "Portrait of Madame la Comtesse Ad\u00e8le de Toulouse Lautrec", "Madame Schiele", "Portrait of the Artist's Mother", "Rose Bush", "Fifty Days at Iliam. The Fire that Consumes All before It", "Drapery for a seated figure", "People Strolling on the Beach"], "Cubism": 0.002185052726204618}