{"style_counts": [0.0, 0.002248695529759148, 0.0028217550123781354, 0.0030575983824036035, 0.0005698414837170818, 0.0008739384187727017, 0.00231752934958529, 0.0026258842549358175, 0.001354718417437728, 0.0006549369842152597], "style": ["Surrealism", "Surrealism", "Romanticism", "Northern Renaissance", "Romanticism", "Mannerism (Late Renaissance)", "Neo-Expressionism", "Magic Realism", "Baroque", "Cubism", "Surrealism", "High Renaissance", "High Renaissance", "Magic Realism", "Magic Realism", "High Renaissance", "Cubism, Expressionism", "Surrealism", "Magic Realism", "High Renaissance"], "style_labels": ["Cubism, Expressionism", "Neo-Expressionism", "Northern Renaissance", "Romanticism", "High Renaissance", "Magic Realism", "Mannerism (Late Renaissance)", "Surrealism", "Baroque", "Cubism"], "Cubism, Expressionism": 0.0075709888684762005, "contentId": ["224114.jpg", "224105.jpg", "193891.jpg", "201157.jpg", "187850.jpg", "225088.jpg", "203839.jpg", "277983.jpg", "220322.jpg", "203304.jpg", "276557.jpg", "199195.jpg", "225016.jpg", "278045.jpg", "278129.jpg", "210530.jpg", "193787.jpg", "220861.jpg", "278064.jpg", "210508.jpg"], "Neo-Expressionism": 0.005322293338717024, "Northern Renaissance": 0.00474923385609802, "Romanticism": 0.004513390486072573, "High Renaissance": 0.007001147384759136, "Magic Realism": 0.006697050449703452, "Mannerism (Late Renaissance)": 0.005253459518890836, "scores": [0.008155954738356947, 0.009680935079509607, 0.01168141324776907, 0.013727051409310013, 0.014897392503013028, 0.015184451024652844, 0.01538340635346657, 0.01703118522766416, 0.017967332551126033, 0.01998996104241243, 0.020147990521762128, 0.020259131126404546, 0.02033161639931725, 0.02042327697790023, 0.021213799157297437, 0.021478756840989897, 0.021882972404789848, 0.022237047471624805, 0.022889020079889764, 0.023191096844119716], "Surrealism": 0.004945104613540403, "year": [1938.0, 1938.0, 1780.0, 1511.0, 1852.0, 1560.0, 1982.0, 1975.0, "unknown", 1912.0, "unknown", 1500.0, "unknown", 2000.0, 1959.0, 1511.0, 1954.0, 1951.0, 1991.0, 1511.0], "title": ["Man with straw hat", "Man with a straw hat and an ice-cream", "Crucified Christ", "The Adoration of the Holy Trinity (Landauer Altar)", "Sketch for Peace Descends to Earth", "Wisdom", "Jawbone of an Ass", "Alamo Pintada", "Portrait of a Woman Wearing a Gold Chain", "To Russia, with Asses and Others", "Amoebiasis or vegetables", "Virgin and Child between Sts John the Baptist and Catherine", "St Ambrose", "Evening Magic", "Rhapsody of Steel", "Philosophy, from the 'Stanza della Segnatura'", "The Studio (VIII)", "Celestial Coronation", "Gardner's Ranch", "Justice, from the 'Stanza della Segnatura'"], "Baroque": 0.0062162704510384656, "artist": ["Picasso Pablo", "Picasso Pablo", "Goya Francisco", "Durer Albrecht", "Delacroix Eugene ", "Titian", "Basquiat Jean-Michel ", "Earle Eyvind", "Rembrandt", "Chagall Marc", "Varo Remedios", "Perugino Pietro ", "Titian", "Earle Eyvind", "Earle Eyvind", "Raphael", "Braque Georges ", "Dali Salvador", "Earle Eyvind", "Raphael"], "style_dict": {"Magic Realism": 4, "Neo-Expressionism": 1, "Northern Renaissance": 1, "Romanticism": 2, "High Renaissance": 4, "Surrealism": 4, "Mannerism (Late Renaissance)": 1, "Baroque": 1, "Cubism": 1, "Cubism, Expressionism": 1}, "Cubism": 0.006916051884260959}