{"Impressionism": 0.003696194748734388, "style": ["Surrealism", "Expressionism", "Realism", "Post-Impressionism", "Baroque", "Expressionism", "Post-Impressionism", "Mannerism (Late Renaissance)", "Baroque", "Realism", "Impressionism", "Neo-Romanticism", "Romanticism", "Symbolism", "Realism", "Expressionism, Neoclassicism", "Romanticism", "Surrealism", "High Renaissance", "Baroque"], "style_labels": ["Impressionism", "Neo-Romanticism", "Romanticism", "High Renaissance", "Surrealism", "Mannerism (Late Renaissance)", "Expressionism", "Symbolism", "Baroque", "Post-Impressionism", "Expressionism, Neoclassicism", "Realism"], "Neo-Romanticism": 0.0036990781160217575, "artist": ["Dali Salvador", "Schiele Egon", "van Gogh Vincent ", "Vallotton  Felix", "Rubens Peter Paul", "Modigliani Amedeo ", "van Gogh Vincent ", "Titian", "Rubens Peter Paul", "Manet Edouard", "Sorolla Joaqu\u00edn", "Kittelsen Theodor Severin", "Goya Francisco", "Roerich Nicholas", "Sargent John Singer", "Derain Andre", "Cezanne Paul", "Ernst Max", "Titian", "Rembrandt"], "contentId": ["221061.jpg", "232605.jpg", "207406.jpg", "271174.jpg", "216629.jpg", "189454.jpg", "206976.jpg", "225039.jpg", "216365.jpg", "192142.jpg", "251109.jpg", "322002.jpg", "194062.jpg", "225933.jpg", "265705.jpg", "256184.jpg", "215732.jpg", "234169.jpg", "225070.jpg", "220565.jpg"], "title": ["Imperial Violets", "City on the Blue River", "Weaver near an Open Window", "Nude at the Stove", "The Battle of the Amazons", "A young girl", "Still Life with Bloaters", "Tarquin and Lucretia", "Adoration of the Shepherds", "The barque of Dante (Copy after Delacroix)", "Portrait of Antonio Elegido", "Tjernet", "Self portrait with spectacles", "Kalki Avatar", "Portrait of Lady Sassoon", "The Cup of Tea", "Pastoral, or Idyll", "Family Excursions", "The Worship of Venus", "The Artist In His Studio"], "Romanticism": 0.003810373369852246, "High Renaissance": 0.004082158873291319, "scores": [0.006471704637116658, 0.008564420375030454, 0.008742468648512814, 0.008957494375139485, 0.009305739006640473, 0.009478926814808226, 0.009710632020415638, 0.010121861624747295, 0.010356727533112061, 0.01067295045119637, 0.010683376913425986, 0.01069171091680104, 0.010807159793998149, 0.011106117806520639, 0.011326213806648167, 0.011480570164738472, 0.011631663956743322, 0.01176323479302639, 0.011798956718606457, 0.011802235763538806], "Surrealism": 0.0030965048960371546, "Mannerism (Late Renaissance)": 0.0035019237913239114, "Expressionism": 0.0030639703042762132, "year": [1938.0, 1911.0, 1884.0, 1900.0, 1600.0, 1916.0, 1886.0, 1576.0, 1608.0, 1854.0, 1893.0, "unknown", 1801.0, 1932.0, 1907.0, 1935.0, 1870.0, 1919.0, 1518.0, "unknown"], "Symbolism": 0.0038424530602957896, "Baroque": 0.003501058553758672, "Post-Impressionism": 0.003170065083304936, "style_dict": {"Impressionism": 1, "Neo-Romanticism": 1, "Romanticism": 2, "High Renaissance": 1, "Surrealism": 2, "Mannerism (Late Renaissance)": 1, "Expressionism": 2, "Symbolism": 1, "Baroque": 3, "Post-Impressionism": 2, "Expressionism, Neoclassicism": 1, "Realism": 3}, "Expressionism, Neoclassicism": 0.003972004685340171, "Realism": 0.0034206030556358734, "style_counts": [0.00038596412455693674, 0.0003830807572695605, 0.0002717855034390926, 0.0, 0.0009856539772541417, 0.0005802350819674729, 0.0010181885690151438, 0.00023970581299559424, 0.0005811003195326236, 0.0009120937899863568, 0.00011015418795112808, 0.0006615558176554792]}