{"Impressionism": 0.004700744662332753, "style": ["Symbolism", "Pop Art", "Symbolism", "Surrealism", "Symbolism", "Expressionism", "Art Nouveau (Modern)", "Expressionism", "Symbolism", "Art Nouveau (Modern)", "Surrealism", "Impressionism", "Symbolism", "unknown", "Na\u00efve Art (Primitivism)", "Surrealism, Symbolism", "Surrealism", "Surrealism", "Expressionism, Fauvism", "Surrealism"], "style_labels": ["Impressionism", "unknown", "Art Nouveau (Modern)", "Expressionism, Fauvism", "Surrealism", "Na\u00efve Art (Primitivism)", "Expressionism", "Surrealism, Symbolism", "Symbolism", "Pop Art"], "contentId": ["225476.jpg", "229264.jpg", "226103.jpg", "202458.jpg", "225607.jpg", "185319.jpg", "226401.jpg", "214358.jpg", "226704.jpg", "225461.jpg", "202609.jpg", "218784.jpg", "226070.jpg", "9223372032559820522.jpg", "202673.jpg", "221152.jpg", "220780.jpg", "259099.jpg", "214246.jpg", "203056.jpg"], "unknown": 0.004766490298709871, "Art Nouveau (Modern)": 0.004369292930833487, "artist": ["Roerich Nicholas", "Warhol Andy", "Roerich Nicholas", "Chagall Marc", "Roerich Nicholas", "Pollock Jackson ", "Roerich Nicholas", "Matisse Henri", "Roerich Nicholas", "Roerich Nicholas", "Chagall Marc", "Renoir Pierre-Auguste", "Roerich Nicholas", "Matisse Henri", "Chagall Marc", "Dali Salvador", "Dali Salvador", "Beksinski Zdislav", "Matisse Henri", "Chagall Marc"], "Expressionism, Fauvism": 0.0048800722406181695, "style_counts": [0.00017932757828542645, 0.00011358194190824733, 0.0005107793097847146, 0.0, 0.0005696305032782956, 9.887861762369887e-05, 0.0006152717123000251, 9.867231215432426e-05, 0.0013286329553052756, 0.0016568210162014596], "scores": [0.006198788232094677, 0.009316394307658144, 0.010839273157342453, 0.01105656761779908, 0.011185829620926957, 0.012354184257589237, 0.012732560228072237, 0.01276070557030981, 0.01298308100833631, 0.012997672605812756, 0.013348129803152758, 0.013586899613087731, 0.013681275988433335, 0.013776928943677064, 0.013819427016936295, 0.013820023316438642, 0.013964084617367027, 0.014101709874665722, 0.014105222980775812, 0.01414830010124118], "Surrealism": 0.0043104417373398835, "year": [1932.0, 1967.0, 1918.0, 1975.0, 1935.0, 1943.0, 1908.0, 1942.0, 1924.0, 1912.0, 1966.0, 1905.0, 1947.0, 1896.0, 1963.0, 1958.0, 1934.0, "unknown", 1911.0, 1965.0], "title": ["Charaka", "Big electric chair", "Lord of the Night", "Blue Village", "Flying Carpet", "Untitled", "Prologue. Forest.", "Young Girl In A Persian Dress", "Steps of the Himalayas", "Castle of King Mark", "Horsewoman on Red Horse", "Coco Reading", "Lamayuru. Ladakh.", "Lemons and Bottle of Dutch Gin", "Jacob Wrestling with the Angel", "Metamorphosis of Hitler's Face into a Moonlit Landscape with Accompaniment", "Apparition of My Cousin Carolinetta on the Beach at Rosas", "Untitled", "The Blue Window", "Song of Songs V"], "Na\u00efve Art (Primitivism)": 0.004781193622994413, "Expressionism": 0.004264800528318128, "Surrealism, Symbolism": 0.004781399928463846, "Symbolism": 0.003551439285312918, "Pop Art": 0.003223251224416659, "style_dict": {"Impressionism": 1, "unknown": 1, "Art Nouveau (Modern)": 2, "Expressionism, Fauvism": 1, "Surrealism": 5, "Na\u00efve Art (Primitivism)": 1, "Expressionism": 2, "Surrealism, Symbolism": 1, "Symbolism": 5, "Pop Art": 1}}