{"Impressionism": 0.00303260983107958, "style": ["Surrealism", "Romanticism", "Realism", "Neoclassicism", "Realism", "Baroque", "Realism", "Impressionism", "Baroque", "Romanticism", "Dada", "Symbolism", "New Realism", "Realism", "Symbolism", "Neo-Romanticism", "Neoclassicism", "Cubism, Expressionism", "Surrealism", "Symbolism"], "style_labels": ["Impressionism", "Neo-Romanticism", "Cubism, Expressionism", "Dada", "Romanticism", "Surrealism", "Realism", "New Realism", "Baroque", "Symbolism", "Neoclassicism"], "Neo-Romanticism": 0.003358060780205127, "Cubism, Expressionism": 0.0034499797618395196, "contentId": ["221798.jpg", "194115.jpg", "266290.jpg", "232488.jpg", "215008.jpg", "216434.jpg", "206139.jpg", "238268.jpg", "186717.jpg", "196765.jpg", "210898.jpg", "226240.jpg", "235631.jpg", "266071.jpg", "260618.jpg", "298443.jpg", "232469.jpg", "193588.jpg", "221532.jpg", "225533.jpg"], "artist": ["Dali Salvador", "Goya Francisco", "Sargent John Singer", "Bouguereau William-Adolphe", "Repin Ilya", "Rubens Peter Paul", "van Gogh Vincent ", "Sisley Alfred", "Caravaggio", "Aivazovsky Ivan ", "Ray Man", "Roerich Nicholas", "Hopper Edward", "Sargent John Singer", "B\u00f6cklin Arnold", "Spencer Stanley", "Bouguereau William-Adolphe", "Braque Georges ", "Dali Salvador", "Roerich Nicholas"], "Dada": 0.003154390620325927, "Romanticism": 0.0027618396181169225, "style_dict": {"Impressionism": 1, "New Realism": 1, "Neo-Romanticism": 1, "Cubism, Expressionism": 1, "Dada": 1, "Romanticism": 2, "Surrealism": 2, "Neoclassicism": 2, "Symbolism": 3, "Baroque": 2, "Realism": 4}, "Surrealism": 0.0025496871643313776, "Realism": 0.002784050193273781, "scores": [0.0050307958409395795, 0.007202235815466709, 0.007816031693818736, 0.008026302876138376, 0.008112871302971366, 0.008270665255429131, 0.008272272539141558, 0.008765369808470676, 0.008813509044372104, 0.009061900636112537, 0.009117361562362623, 0.009596002064640955, 0.009604128658754471, 0.009703237588749369, 0.009705647284236904, 0.009706044040403658, 0.009959354408149053, 0.009971724068934283, 0.009984000701735735, 0.010268205792366356], "year": [1944.0, 1779.0, 1903.0, 1872.0, 1877.0, 1606.0, 1884.0, 1891.0, "unknown", 1874.0, "unknown", 1933.0, 1903.0, 1901.0, 1887.0, 1922.0, 1879.0, 1952.0, 1936.0, 1918.0], "New Realism": 0.0033228004780067105, "title": ["Untitled -The Seven Arts", "The Fair at Madrid", "Peter A. B. Widener", "Small\u00a0marauding", "In the township board", "Equestrian Portrait of Giancarlo Doria", "Head of an Old Peasant Woman with White Cap", "Hill Path in Sunlight", "Portrait of Maffeo Barberini", "Self-portrait", "Juliet et Margaret", "Mountain Abode", "Self-Portrait", "Captain John Spicer", "Meerestille (Calm Sea)", "People By The River", "Portrait of the Artist", "A landscape drawn into squares", "Surrealist Composition with Invisible Figures", "Daughter of viking"], "Baroque": 0.0029010915866624107, "Symbolism": 0.003290220046506802, "Neoclassicism": 0.003054173887036895, "style_counts": [0.00041736993075991435, 9.191898163429801e-05, 0.0, 0.0002955891415135081, 0.0006881401437225376, 0.0009002925975081233, 0.0006659295685657041, 0.0001271792838327679, 0.0005488881751770647, 0.00015975971533266353, 0.00039580587480259055]}