{"Constructivism, Suprematism": 0.004822102998676565, "year": ["unknown", 1987.0, "unknown", 1915.0, 1636.0, 1912.0, 1912.0, 1931.0, 1923.0, 1907.0, 1911.0, 1880.0, 1478.0, "unknown", 1891.0, 1883.0, 1890.0, 1918.0, 1929.0, 1941.0], "Baroque": 0.0034893913569950426, "style": ["Baroque", "Magic Realism", "Neo-Romanticism", "Realism", "Baroque", "Art Nouveau (Modern)", "Expressionism", "Symbolism", "Na\u00efve Art (Primitivism)", "Byzantine", "Expressionism", "Symbolism", "Early Renaissance", "Ukiyo-e", "Impressionism", "Impressionism", "Neo-Romanticism", "Constructivism, Suprematism", "Expressionism", "Symbolism"], "Neo-Romanticism": 0.004063470333359149, "Byzantine": 0.004234096711466885, "title": ["Woman Standing with Raised Hands", "Mauve, Red and Purple", "Ormen Risler Under Lying", "Portrait of Nikolai Evreinov", "A Man Seated at a Table Covered with Books", "Shchegolikha", "Deuring Castle, Bregenz", "Holy cave", "Uncle Mitiai & Uncle Miniai", "The King's Gate with the gate canopy. Evangelists.", "Girl in Blue Dress", "Ruins by the Sea", "Study of the Madonna and Child with a Cat", "Irises", "Gondoliers", "Rialto Market, Venice", "October", "Workers of all countries unite!", "The Three Boats", "King Gesar"], "Art Nouveau (Modern)": 0.0038219108536419574, "Ukiyo-e": 0.004503605056414, "Expressionism": 0.004253328139858145, "Symbolism": 0.004357942120675724, "style_dict": {"Impressionism": 2, "Neo-Romanticism": 2, "Byzantine": 1, "Constructivism, Suprematism": 1, "Art Nouveau (Modern)": 1, "Ukiyo-e": 1, "Magic Realism": 1, "Na\u00efve Art (Primitivism)": 1, "Expressionism": 3, "Symbolism": 3, "Baroque": 2, "Early Renaissance": 1, "Realism": 1}, "Impressionism": 0.004566713919864104, "Magic Realism": 0.0034848202908345565, "scores": [0.009537233955654704, 0.0100724261499717, 0.010197774280961063, 0.010806975892268502, 0.011011365894550661, 0.011046743192563536, 0.011396892895135262, 0.012190283717550354, 0.012213997927068745, 0.01223811355502491, 0.01280817065295415, 0.012868597322013321, 0.012990249240705501, 0.013017092863777389, 0.013275125953185824, 0.01361769499151385, 0.013731506599497192, 0.01393767032104115, 0.014020433587675811, 0.01410680253200208], "Early Renaissance": 0.004494317800199102, "Realism": 0.0037389570607120285, "style_counts": [0.00025538907881250683, 0.0007586326653173936, 0.0005880062872096747, 0.0, 0.0010001921450346618, 0.00031849794226257444, 0.001337282707842058, 0.0005963497218873792, 0.0005687748588184549, 0.00046416087800082995, 0.00032778519847742604, 0.0013327116416815832, 0.001083145937964547], "artist": ["Rembrandt", "Earle Eyvind", "Kittelsen Theodor Severin", "Repin Ilya", "Rembrandt", "Roerich Nicholas", "Schiele Egon", "Roerich Nicholas", "Chagall Marc", "Roerich Nicholas", "Schiele Egon", "B\u00f6cklin Arnold", "da Vinci Leonardo", "Hokusai Katsushika", "Hassam Childe", "Hassam Childe", "Kittelsen Theodor Severin", "Malevich Kazimir", "Braque Georges ", "Roerich Nicholas"], "contentId": ["220732.jpg", "278095.jpg", "321968.jpg", "215192.jpg", "219958.jpg", "226555.jpg", "232615.jpg", "225863.jpg", "203311.jpg", "226850.jpg", "232634.jpg", "260650.jpg", "225271.jpg", "222215.jpg", "244032.jpg", "244237.jpg", "321701.jpg", "219731.jpg", "193791.jpg", "225976.jpg"], "style_labels": ["Impressionism", "Neo-Romanticism", "Byzantine", "Constructivism, Suprematism", "Art Nouveau (Modern)", "Ukiyo-e", "Magic Realism", "Na\u00efve Art (Primitivism)", "Expressionism", "Symbolism", "Early Renaissance", "Baroque", "Realism"], "Na\u00efve Art (Primitivism)": 0.004225753276789223}