{"style_counts": [0.0, 0.0007766363616630301, 0.0009696861980019733, 0.0006679768969143351, 0.0013654638010922593, 0.0002806815968977583, 0.0011435418069828396, 0.0016599968160964096, 4.1533982577335316e-05, 0.0006963136939539538, 0.0007829437331153821], "style": ["Surrealism", "Symbolism", "Neoclassicism", "Realism", "Baroque", "Surrealism", "Surrealism", "Romanticism", "High Renaissance", "Neoclassicism", "Ukiyo-e", "Surrealism", "Baroque", "Mannerism (Late Renaissance)", "High Renaissance", "Baroque", "Neoclassicism", "Neoclassicism", "Academicism", "Art Nouveau (Modern)"], "style_labels": ["Art Nouveau (Modern)", "Ukiyo-e", "Romanticism", "High Renaissance", "Surrealism", "Mannerism (Late Renaissance)", "Realism", "Symbolism", "Academicism", "Baroque", "Neoclassicism"], "artist": ["Delvaux Paul", "Roerich Nicholas", "Bouguereau William-Adolphe", "Courbet Gustave", "Rubens Peter Paul", "Delvaux Paul", "Beksinski Zdislav", "Delacroix Eugene ", "Raphael", "Bouguereau William-Adolphe", "Hokusai Katsushika", "Beksinski Zdislav", "Rubens Peter Paul", "Titian", "Raphael", "Rubens Peter Paul", "Ingres Jean Auguste Dominique ", "Bouguereau William-Adolphe", "Gerome Jean-Leon", "Roerich Nicholas"], "contentId": ["243073.jpg", "225476.jpg", "232459.jpg", "191816.jpg", "216669.jpg", "243072.jpg", "259159.jpg", "187893.jpg", "210652.jpg", "232522.jpg", "222165.jpg", "258674.jpg", "216580.jpg", "225090.jpg", "210573.jpg", "216496.jpg", "193365.jpg", "232396.jpg", "279310.jpg", "226401.jpg"], "Art Nouveau (Modern)": 0.004901209412487651, "title": ["Nodes Rose", "Charaka", "Portrait of a Young Girl", "Reclining nude", "The Last Supper", "Nocturnes", "Untitled", "The Entombment of Christ", "The Transfiguration (detail)", "The Nymphaeum", "Ceiling of Ganshoin temple at Obuse", "Untitled", "Saint Gregory with Saints Domitilla, Maurus, and Papianus", "Youth with Dogs", "St. Margaret", "Marchesa Brigida Spinola Doria", "Jupiter and Antiope", "Gypsy Girl with a Basque Drum", "Anacreon", "Prologue. Forest."], "Ukiyo-e": 0.004124573050824554, "Romanticism": 0.003931523214485636, "High Renaissance": 0.004233232515573287, "Surrealism": 0.0035357456113953188, "Mannerism (Late Renaissance)": 0.004620527815589817, "Realism": 0.0037576676055048126, "scores": [0.007631375979921721, 0.009368309349946449, 0.010760678331367679, 0.010861056322512417, 0.01115280021740314, 0.011162133493401304, 0.011356724696000464, 0.011363563664662426, 0.011527903863788967, 0.011544600447291855, 0.011921549459482914, 0.012908393222577193, 0.013026755874327308, 0.013355043104754466, 0.013401085789668619, 0.013610669341090722, 0.013854317698313972, 0.013993012584447316, 0.01404626861515472, 0.01416631726538916], "year": [1937.0, 1932.0, "unknown", "unknown", 1632.0, 1931.0, "unknown", 1848.0, 1520.0, 1878.0, "unknown", "unknown", 1607.0, 1576.0, 1518.0, 1606.0, 1851.0, 1867.0, "unknown", 1908.0], "Symbolism": 0.0032412125963912084, "Academicism": 0.00485967542991033, "Baroque": 0.004204895718533696, "style_dict": {"Art Nouveau (Modern)": 1, "Ukiyo-e": 1, "Romanticism": 1, "High Renaissance": 2, "Surrealism": 4, "Mannerism (Late Renaissance)": 1, "Neoclassicism": 4, "Symbolism": 1, "Academicism": 1, "Baroque": 3, "Realism": 1}, "Neoclassicism": 0.004118265679372281}