{"High Renaissance": 0.0054402311630281225, "Color Field Painting": 0.0031406148577398686, "year": [1887.0, 1952.0, 1907.0, 1949.0, 1926.0, 1924.0, 1760.0, 1849.0, 1960.0, 1900.0, 1940.0, 1886.0, 1890.0, 1497.0, 1795.0, 1932.0, 1602.0, 1878.0, 1853.0, 1914.0], "Rococo": 0.00459358653965508, "style": ["Post-Impressionism", "Color Field Painting", "Art Nouveau (Modern)", "Surrealism", "Expressionism", "Surrealism, Automatic Painting", "Rococo", "Realism", "Surrealism", "Impressionism", "Symbolism", "Realism", "Post-Impressionism", "High Renaissance", "Symbolism", "Symbolism", "Baroque", "Impressionism", "Neoclassicism", "unknown"], "title": ["On the Outskirts of Paris", "Untitled", "Mist in the forest", "Set design for the ballet 'Los Sacos Del Molinero'", "Sertigweg", "Hermitage", "The Family Concert", "The Stone Breaker", "The Life of Mary Magdalene", "Portrait of a Girl with Flowers", "Guardians of the Night", "Still Life with Scabiosa and Ranunculus", "House\u00a0wife", "Pala di\u00a0Fano\u00a0(Annunciation)", "And Elohim created Adam", "Charaka", "Supper at Emmaus", "Madame Charpentier", "Portrait of the Princesse de Broglie", "Landscape Near Ampurdan"], "unknown": 0.005972825783086637, "Art Nouveau (Modern)": 0.0036763522102457153, "Expressionism": 0.00426513918287463, "Symbolism": 0.005306940687325034, "style_dict": {"Impressionism": 2, "Rococo": 1, "Expressionism": 1, "unknown": 1, "Art Nouveau (Modern)": 1, "High Renaissance": 1, "Surrealism": 2, "Color Field Painting": 1, "Neoclassicism": 1, "Surrealism, Automatic Painting": 1, "Symbolism": 3, "Baroque": 1, "Post-Impressionism": 2, "Realism": 2}, "Neoclassicism": 0.00593382609046681, "Impressionism": 0.005377934171411512, "scores": [0.00881462535330075, 0.009077544487240397, 0.010626024600573358, 0.010861009234716567, 0.012327837837677155, 0.012723183598186513, 0.013277172801671015, 0.01381669977104633, 0.013937187577731493, 0.014696019317591508, 0.014752874302566672, 0.014904589546801223, 0.015503460119287406, 0.01572429051004309, 0.016021019526840118, 0.016920626643162424, 0.016966843409843137, 0.016973978685798946, 0.01715096334815268, 0.01726368695826766], "Baroque": 0.005870124963507433, "Post-Impressionism": 0.0041294938772126494, "Realism": 0.004877209125586709, "style_counts": [0.0005948916116751413, 0.0013792392434316403, 0.001570906354062318, 0.0, 0.002296473572840907, 0.0005325946200585019, 0.001761803413815488, 0.002832210925346801, 0.0010956166574999093, 0.0017076866002120328, 0.000665885095761598, 0.00010270081957919341, 0.001843331905874046, 3.899969261988989e-05], "artist": ["van Gogh Vincent ", "Rothko Mark", "Roerich Nicholas", "Dali Salvador", "Kirchner Ernst Ludwig", "Miro Joan", "Longhi Pietro ", "Courbet Gustave", "Dali Salvador", "Mondrian Piet", "Roerich Nicholas", "van Gogh Vincent ", "Toulouse-Lautrec Henri de", "Perugino Pietro ", "Blake William ", "Roerich Nicholas", "Caravaggio", "Renoir Pierre-Auguste", "Ingres Jean Auguste Dominique ", "Dali Salvador"], "contentId": ["206381.jpg", "242169.jpg", "226157.jpg", "221447.jpg", "252151.jpg", "227912.jpg", "185168.jpg", "191929.jpg", "221629.jpg", "186061.jpg", "225669.jpg", "207003.jpg", "230447.jpg", "199097.jpg", "192850.jpg", "225476.jpg", "186700.jpg", "218707.jpg", "193501.jpg", "221089.jpg"], "style_labels": ["Impressionism", "Rococo", "Surrealism, Automatic Painting", "unknown", "Art Nouveau (Modern)", "High Renaissance", "Surrealism", "Color Field Painting", "Realism", "Expressionism", "Symbolism", "Baroque", "Post-Impressionism", "Neoclassicism"], "Surrealism": 0.004211022369271232, "Surrealism, Automatic Painting": 0.004401919429024392}