{"Impressionism": 0.0027798126141590877, "style": ["Neoclassicism", "Northern Renaissance", "Expressionism", "Impressionism", "Baroque", "Realism", "High Renaissance", "Realism", "Surrealism", "High Renaissance", "Realism", "Impressionism", "Realism", "Baroque", "Romanticism", "Baroque", "Post-Impressionism", "High Renaissance", "Realism", "Baroque"], "style_labels": ["Impressionism", "Northern Renaissance", "Romanticism", "High Renaissance", "Surrealism", "Realism", "Expressionism", "Baroque", "Post-Impressionism", "Neoclassicism"], "artist": ["Corot Camille ", "Bosch Hieronymus", "Modigliani Amedeo ", "Sorolla Joaqu\u00edn", "Rembrandt", "Malevich Kazimir", "Titian", "Sargent John Singer", "Picasso Pablo", "Titian", "Sargent John Singer", "Sorolla Joaqu\u00edn", "van Gogh Vincent ", "Caravaggio", "Alma-Tadema Lawrence ", "Caravaggio", "Dali Salvador", "Michelangelo", "Corot Camille ", "Rubens Peter Paul"], "contentId": ["199695.jpg", "195330.jpg", "189465.jpg", "251310.jpg", "219996.jpg", "219762.jpg", "224843.jpg", "266089.jpg", "366365.jpg", "224894.jpg", "266337.jpg", "251152.jpg", "207406.jpg", "186642.jpg", "214638.jpg", "186702.jpg", "221525.jpg", "193136.jpg", "296465.jpg", "216571.jpg"], "title": ["Rebecca", "Haywain", "Antonia", "The Fish (Catalonia)", "A Young Man and a Girl playing Cards", "Portrait of a Woman", "Annunciation", "Coventry Patmore", "Woman in an Armchair", "Girolamo and Cardinal Marco Corner Investing Marco, Abbot of Carrara, with His Benefice", "The Duchess of Sutherland", "Benito Perez Galdos", "Weaver near an Open Window", "Conversion of Saint Paul", "Venantius Fortunatus Reading His Poems to Radegonda VI", "Taking of Christ", "Summer Night", "Ignudo", "A Chestnut Wood among the Rocks", "Raising of the Cross - Sts Eligius and Catherine"], "Northern Renaissance": 0.002029074107444507, "Romanticism": 0.003185662368486773, "High Renaissance": 0.002901471566697761, "Surrealism": 0.002967336854529823, "Realism": 0.0028373053358865087, "Expressionism": 0.0024769609647370874, "year": [1839.0, 1500.0, 1915.0, 1915.0, "unknown", 1934.0, 1535.0, 1894.0, 1941.0, 1520.0, 1904.0, 1894.0, 1884.0, 1600.0, 1862.0, 1602.0, "unknown", 1509.0, 1835.0, 1610.0], "scores": [0.005563039262023081, 0.00586477849483597, 0.007159338017887315, 0.007390864171505139, 0.007904193522976468, 0.00798106516937204, 0.008090935330389189, 0.008562026955343591, 0.00857670664049744, 0.008626601567771128, 0.008841560398242826, 0.008979113060312016, 0.008986012384316951, 0.009188864624144035, 0.009207748540066773, 0.009313250869425468, 0.009339350013112117, 0.009358559141306911, 0.00948049132455098, 0.009683971865722797], "Baroque": 0.0029635420349583374, "Post-Impressionism": 0.0032311933534494596, "style_dict": {"Impressionism": 2, "Northern Renaissance": 1, "Romanticism": 1, "High Renaissance": 3, "Surrealism": 1, "Neoclassicism": 1, "Expressionism": 1, "Baroque": 4, "Post-Impressionism": 1, "Realism": 5}, "Neoclassicism": 0.0019246794973087787, "style_counts": [0.0004513807392904079, 0.0012021192460049956, 4.553098496273833e-05, 0.00032972178675172437, 0.0002638564989196901, 0.0003938880175629045, 0.0007542323887124169, 0.00026765131849115775, 0.0, 0.0013065138561406675]}