{"Impressionism": 0.002754522935283528, "style": ["Realism", "Romanticism", "Impressionism", "Expressionism", "Realism", "Surrealism", "Romanticism", "Impressionism", "Baroque", "Analytical Cubism", "Romanticism", "Expressionism", "Realism", "Impressionism", "Impressionism", "Realism", "Realism", "Realism", "Mannerism (Late Renaissance)", "Symbolism"], "style_labels": ["Impressionism", "Analytical Cubism", "Romanticism", "Surrealism", "Mannerism (Late Renaissance)", "Expressionism", "Symbolism", "Baroque", "Realism"], "Analytical Cubism": 0.002892461969544624, "artist": ["van Gogh Vincent ", "Goya Francisco", "Renoir Pierre-Auguste", "Freud Lucian", "van Gogh Vincent ", "Beksinski Zdislav", "Goya Francisco", "Renoir Pierre-Auguste", "Rubens Peter Paul", "Picasso Pablo", "Alma-Tadema Lawrence ", "Modigliani Amedeo ", "Courbet Gustave", "Sargent John Singer", "Sargent John Singer", "Sargent John Singer", "Sargent John Singer", "Courbet Gustave", "Titian", "B\u00f6cklin Arnold"], "contentId": ["206084.jpg", "194115.jpg", "218192.jpg", "232121.jpg", "207406.jpg", "258675.jpg", "194003.jpg", "218720.jpg", "216367.jpg", "224793.jpg", "214469.jpg", "189465.jpg", "191750.jpg", "266087.jpg", "265988.jpg", "265852.jpg", "266250.jpg", "191908.jpg", "224850.jpg", "260615.jpg"], "title": ["Head of a Peasant Woman in a Green Shawl", "The Fair at Madrid", "Alfred Sisley", "Stephen Spender", "Weaver near an Open Window", "Untitled", "Pepito Costa and Bonells", "Madame Marie Octavie Bernier", "Aeneas And His Family Departing From Troy", "Woman with guitar and piano", "A Roman Emperor Claudius", "Antonia", "Henri Rochefort", "Corfu", "Street in Arras", "Frederick Law Olmsted", "Mrs. George Lewis (Elizabeth Eberstadt)", "The Man with the Leather Belt, a Portrait of the Artist", "Cameria, daughter of Suleiman the Magnificent", "Look any laughs to the plains"], "Romanticism": 0.002533801365023051, "scores": [0.005070300421065855, 0.006122894503325128, 0.0064124997310269155, 0.007793995494799864, 0.007882120600589564, 0.007921350735803384, 0.0080072722004687, 0.008135559954095005, 0.008153470260816349, 0.008360290387560497, 0.008641604868130301, 0.009222055263851763, 0.009304302890590898, 0.009350275026397598, 0.009646492815258425, 0.009763700498548229, 0.00988994161177225, 0.010117310615358366, 0.0101220432001503, 0.01012913726808862], "Surrealism": 0.002740599272105106, "Mannerism (Late Renaissance)": 0.003501986612102072, "Expressionism": 0.002889523416693255, "year": [1885.0, 1779.0, 1876.0, 1940.0, 1884.0, "unknown", 1813.0, 1871.0, 1603.0, 1911.0, 1871.0, 1915.0, 1874.0, 1909.0, 1918.0, 1895.0, 1892.0, "unknown", "unknown", "unknown"], "Symbolism": 0.003504440991169035, "Baroque": 0.002820907116374218, "style_dict": {"Impressionism": 4, "Analytical Cubism": 1, "Romanticism": 3, "Surrealism": 1, "Mannerism (Late Renaissance)": 1, "Expressionism": 2, "Symbolism": 1, "Baroque": 1, "Realism": 6}, "Realism": 0.0027655223841912303, "style_counts": [0.0007499180558855345, 0.0006119790216244647, 0.0009706396261460748, 0.0007638417190639624, 2.4543790669850907e-06, 0.0006149175744758484, 0.0, 0.0006835338747949171, 0.0007389186069778342]}