{"Impressionism": 0.003081814205925634, "style": ["Baroque", "Romanticism", "Expressionism, Neoclassicism", "Expressionism", "Impressionism", "Pop Art", "Intimism", "Expressionism", "Romanticism", "Romanticism", "Surrealism", "Realism", "Impressionism", "Neoclassicism", "Baroque", "Surrealism", "Romanticism", "Northern Renaissance", "Realism", "Expressionism"], "style_labels": ["Impressionism", "Expressionism", "Northern Renaissance", "Romanticism", "Surrealism", "Realism", "Intimism", "Pop Art", "Baroque", "Expressionism, Neoclassicism", "Neoclassicism"], "Expressionism": 0.00309578987718607, "artist": ["Caravaggio", "Dore Gustave ", "Derain Andre", "Dali Salvador", "Churchill Winston", "Warhol Andy", "Vallotton  Felix", "Munch Edvard ", "Goya Francisco", "Aivazovsky Ivan ", "Dali Salvador", "Kustodiev Boris", "Churchill Winston", "Picasso Pablo", "Caravaggio", "Chagall Marc", "Alma-Tadema Lawrence ", "Durer Albrecht", "Kustodiev Boris", "Modigliani Amedeo "], "contentId": ["186641.jpg", "201778.jpg", "256184.jpg", "221711.jpg", "313751.jpg", "9223372032559811411.jpg", "271277.jpg", "185412.jpg", "193910.jpg", "196599.jpg", "221573.jpg", "230035.jpg", "313759.jpg", "223670.jpg", "186644.jpg", "203018.jpg", "214499.jpg", "201291.jpg", "230167.jpg", "189454.jpg"], "title": ["Christ on the Mount of Olives", "Portrait of Dante Alighieri", "The Cup of Tea", "The Two on the Cross", "Evening Glow at Mimizan", "30 Are Better than One", "Private Conversation", "Red and White", "Duchess of Alba, The White Duchess", "Moon Night", "The Dream", "Portrait of Ilya Repin", "Lake near Breccles in Autumn", "\"Tricorne\" (study)", "Crucifixion of Saint Andrew", "Song of Songs I", "Bluebells", "The Virgin Mary in Prayer", "Ride", "A young girl"], "Northern Renaissance": 0.003425632610252285, "Romanticism": 0.0029489683582594097, "Surrealism": 0.0032527993838965333, "Realism": 0.0033403180533464216, "Intimism": 0.003108814664972529, "year": [1605.0, 1860.0, 1935.0, 1942.0, "unknown", 1964.0, 1898.0, 1900.0, 1795.0, 1885.0, 1931.0, 1902.0, "unknown", 1919.0, 1607.0, 1960.0, "unknown", 1518.0, 1915.0, 1916.0], "scores": [0.006171280035034086, 0.007473800257172716, 0.007638468318493286, 0.008331920320715716, 0.008502804532808345, 0.008882902513834254, 0.008985630108170025, 0.009230244689025347, 0.009252769899364946, 0.009337912136090535, 0.00939340222988485, 0.009449521014362769, 0.00964562321614427, 0.009723510190436407, 0.009751630290126137, 0.009761936364822222, 0.009848319046800523, 0.009901351749601323, 0.01022120434381037, 0.010260307931943102], "Pop Art": 0.0030732733564695206, "Baroque": 0.0027038954513616616, "style_dict": {"Impressionism": 2, "Intimism": 1, "Northern Renaissance": 1, "Romanticism": 4, "Surrealism": 2, "Neoclassicism": 1, "Expressionism": 3, "Pop Art": 1, "Baroque": 2, "Expressionism, Neoclassicism": 1, "Realism": 2}, "Expressionism, Neoclassicism": 0.0026427286724020416, "Neoclassicism": 0.0033641036534047537, "style_counts": [0.00034381840432662347, 0.00032984273306624345, 0.0, 0.00047666425199288653, 0.00017283322635575082, 8.531455690585776e-05, 0.00031681794527982365, 0.00035235925378274136, 0.0007217371588906785, 0.0007829039378502989, 6.152895684752302e-05]}