{"Impressionism": 0.0027425080584738393, "style": ["Realism", "Realism", "Impressionism", "Realism", "Expressionism", "Impressionism", "Realism", "Symbolism", "Academicism", "High Renaissance", "Romanticism", "Expressionism", "Analytical Cubism", "Art Nouveau (Modern)", "Expressionism", "Neoclassicism", "Neoclassicism", "Surrealism", "Romanticism", "Surrealism"], "style_labels": ["Impressionism", "Analytical Cubism", "Art Nouveau (Modern)", "Romanticism", "High Renaissance", "Surrealism", "Realism", "Expressionism", "Symbolism", "Academicism", "Neoclassicism"], "Analytical Cubism": 0.003271088056723082, "artist": ["Courbet Gustave", "Kustodiev Boris", "Degas Edgar", "Shishkin Ivan", "Modigliani Amedeo ", "Monet Claude", "Zorn Anders", "B\u00f6cklin Arnold", "Gerome Jean-Leon", "Titian", "Alma-Tadema Lawrence ", "Modigliani Amedeo ", "Braque Georges ", "Schiele Egon", "Munch Edvard ", "Ingres Jean Auguste Dominique ", "Bouguereau William-Adolphe", "Ernst Max", "Gerome Jean-Leon", "Beksinski Zdislav"], "contentId": ["191809.jpg", "229970.jpg", "213738.jpg", "229008.jpg", "189631.jpg", "212373.jpg", "277361.jpg", "260691.jpg", "279466.jpg", "224843.jpg", "214451.jpg", "189465.jpg", "193806.jpg", "232647.jpg", "185431.jpg", "193335.jpg", "232488.jpg", "234168.jpg", "279352.jpg", "258739.jpg"], "Art Nouveau (Modern)": 0.003278826837319513, "title": ["Portrait of Paul Chenavard", "Portrait of a priest and a deacon", "The Promenade on Houseback", "View of Valaam Island. Kukko", "Portrait of Chaim Soutine", "Spring", "A Fisherman", "The Wake-Up Spring", "The End of the Corrida", "Annunciation", "A Family Group", "Antonia", "Violin and Clarinet on a Table", "Houses on the Moldau, Krumau", "Self-portrait. The night wanderer", "First Thought of the Vow of Louis XIII", "Small\u00a0marauding", "Everyone Here Speaks Latin", "Entry of the Christ in Jerusalem", "Untitled"], "Romanticism": 0.003195606694656391, "High Renaissance": 0.0031466215205637614, "scores": [0.007644854071863044, 0.007848208959331967, 0.007926040495939198, 0.007997381187477458, 0.008137622302269857, 0.008224254760157696, 0.00854054679493442, 0.008933918349317976, 0.009089810815224865, 0.009094905975825782, 0.009223852838530685, 0.009337997235002872, 0.009454660536743844, 0.009477028489620322, 0.009510171865679406, 0.009525902494647584, 0.009535308734609253, 0.009570829199212812, 0.009594684989132329, 0.009662041253542645], "Surrealism": 0.003265965195549784, "Realism": 0.0026302147273349077, "Expressionism": 0.0030026928241863563, "year": ["unknown", 1907.0, 1868.0, 1860.0, 1917.0, 1875.0, 1888.0, "unknown", 1870.0, 1535.0, 1896.0, 1915.0, 1912.0, 1910.0, 1924.0, 1821.0, 1872.0, 1943.0, 1897.0, "unknown"], "Symbolism": 0.0030909236242402157, "Academicism": 0.003144858715974007, "style_dict": {"Impressionism": 2, "Analytical Cubism": 1, "Art Nouveau (Modern)": 1, "Romanticism": 2, "High Renaissance": 1, "Surrealism": 2, "Neoclassicism": 2, "Expressionism": 3, "Symbolism": 1, "Academicism": 1, "Realism": 4}, "Neoclassicism": 0.003236815461981996, "style_counts": [0.0005363187788456347, 7.738780596455719e-06, 0.0, 8.322014266315403e-05, 0.0001322053167557291, 1.2861641769723597e-05, 0.0006486121099845699, 0.0002761340131332002, 0.00018790321307926572, 0.00013396812134547353, 4.2011375337547285e-05]}