{"Impressionism": 0.0033679414006319865, "style": ["Impressionism", "Realism", "Baroque", "Romanticism", "Symbolism", "Realism", "Art Deco", "Impressionism", "Baroque", "Expressionism", "Impressionism", "Realism", "Expressionism", "Realism", "Realism", "Realism", "Romanticism", "Symbolism", "Magic Realism", "Surrealism"], "style_labels": ["Impressionism", "Surrealism", "Romanticism", "Magic Realism", "Expressionism", "Symbolism", "Art Deco", "Baroque", "Realism"], "Surrealism": 0.004100555053649224, "contentId": ["313765.jpg", "215367.jpg", "220582.jpg", "193911.jpg", "226783.jpg", "191856.jpg", "227306.jpg", "251067.jpg", "220438.jpg", "227203.jpg", "218448.jpg", "210180.jpg", "189779.jpg", "214946.jpg", "210407.jpg", "191814.jpg", "194091.jpg", "260614.jpg", "271269.jpg", "258493.jpg"], "artist": ["Churchill Winston", "Repin Ilya", "Rembrandt", "Goya Francisco", "Roerich Nicholas", "Courbet Gustave", "Serebriakova Zinaida", "Sorolla Joaqu\u00edn", "Rembrandt", "Serebriakova Zinaida", "Renoir Pierre-Auguste", "Levitan Isaac", "Modigliani Amedeo ", "Repin Ilya", "Levitan Isaac", "Courbet Gustave", "Goya Francisco", "B\u00f6cklin Arnold", "Vallotton  Felix", "Beksinski Zdislav"], "Romanticism": 0.0036547893363123884, "scores": [0.008475244780987733, 0.009148369266313294, 0.009684937117278426, 0.00992128369245267, 0.009986728559851313, 0.010324737491071738, 0.010561388691306853, 0.010693269214948677, 0.010770039257332328, 0.01082761960393596, 0.01109983825199921, 0.011124981564286781, 0.011243286462081038, 0.011266979872688534, 0.011409972621936545, 0.011448463885890922, 0.011601324672507414, 0.01168213982983045, 0.011720675763105183, 0.011852128518766108], "Magic Realism": 0.00405507552137044, "Expressionism": 0.0037478966659151465, "year": ["unknown", "unknown", 1655.0, 1795.0, 1933.0, 1863.0, 1928.0, 1910.0, 1642.0, 1934.0, 1867.0, 1889.0, 1916.0, 1903.0, 1898.0, "unknown", 1788.0, 1866.0, 1897.0, "unknown"], "Symbolism": 0.003679625990384107, "title": ["Marlborough Tapestries at Blenheim", "Self-portrait", "The Carcass of an Ox (Slaughtered Ox)", "Duke of Alba", "Sunset", "Still Life of Flowers", "Morocco.\u00a0Figure in the doorway", "Clotilde in an Evening Dress", "Self-portrait", "Brittany.\u00a0Pont L`Abbe", "Frederic Bazille Painting The Heron (Frederic Bazille at his Easel)", "Evening. Golden Plyos.", "Viking Eggeling", "Ceremonial Meeting of the State Council on May 7, 1901", "The Gully", "Portrait of Z\u00e9lie Courbet", "The Arrest of Christ", "Lament of the shepherd", "Portrait of Thadee Nathanson", "Untitled"], "Art Deco": 0.003653989720337652, "style_dict": {"Impressionism": 3, "Surrealism": 1, "Romanticism": 2, "Magic Realism": 1, "Expressionism": 2, "Symbolism": 2, "Baroque": 2, "Art Deco": 1, "Realism": 6}, "Baroque": 0.0034734930014412254, "Realism": 0.003440366985496529, "style_counts": [0.0007326136530172445, 0.0, 0.00044576571733689896, 4.5479532278847046e-05, 0.0003526583877341283, 0.0004209290632651852, 0.0004465653333115549, 0.0006270620522080828, 0.0006601880681527117]}