{"style_counts": [0.0005707996074062471, 0.00020911127421008313, 0.0006377721407626602, 0.0006076489647981465, 0.000745806783890246, 0.0009252285914934655, 0.0011595966828953364, 0.0, 0.00040425840578695027], "style": ["Symbolism", "Rococo", "Baroque", "Baroque", "Neoclassicism", "Expressionism", "Romanticism", "Symbolism", "Realism", "Romanticism", "Realism", "Surrealism", "Symbolism", "Symbolism", "Symbolism", "Realism", "Early Renaissance", "Surrealism", "Surrealism", "Surrealism"], "style_labels": ["Romanticism", "Surrealism", "Neoclassicism", "Expressionism", "Symbolism", "Baroque", "Rococo", "Early Renaissance", "Realism"], "artist": ["Roerich Nicholas", "Longhi Pietro ", "Rembrandt", "Rembrandt", "Ingres Jean Auguste Dominique ", "Schiele Egon", "Aivazovsky Ivan ", "Roerich Nicholas", "Zorn Anders", "Goya Francisco", "Corot Camille ", "Magritte Rene", "Roerich Nicholas", "Roerich Nicholas", "Roerich Nicholas", "Courbet Gustave", "Perugino Pietro ", "Dali Salvador", "Dali Salvador", "Magritte Rene"], "contentId": ["226676.jpg", "185140.jpg", "220687.jpg", "220016.jpg", "193555.jpg", "232618.jpg", "196453.jpg", "225879.jpg", "277234.jpg", "194088.jpg", "199808.jpg", "211639.jpg", "226798.jpg", "226296.jpg", "225785.jpg", "191857.jpg", "199019.jpg", "221638.jpg", "221776.jpg", "211541.jpg"], "title": ["Spell words", "The Tooth Extractor", "The Virgin of Sorrow", "Agatha Bas", "The Madonna of the Grand Duke", "Edge of Town (Krumau Town Crescent)", "Between the waves", "Hunting", "Baking the Bread", "The Adoration of the Name of The Lord", "The Letter", "The voice of blood", "Tangla", "On the Heights (Tummo)", "Himalayas", "Still Life with Apples and Pomegranates", "Angels (detail)", "The Maximum Speed of Raphael's Madonna", "Untitled (Desert Landscape)", "The heartstrings"], "Romanticism": 0.0038248067149046893, "scores": [0.007469193130818664, 0.009353270870046634, 0.009981729617131898, 0.010454901308968766, 0.01086153778920394, 0.010948604966269978, 0.010999343908034781, 0.011237625965550186, 0.011462573668328091, 0.011524476050251038, 0.011752492299935094, 0.012273750205861553, 0.012451867719253596, 0.012617284218540224, 0.012632455563368002, 0.01265596333727754, 0.01270493637283745, 0.012739826525625508, 0.012886907270757822, 0.013083028435199484], "Surrealism": 0.004186495048100867, "Neoclassicism": 0.00375783418154826, "Expressionism": 0.0037879573575127987, "year": [1922.0, "unknown", 1661.0, 1641.0, 1824.0, 1918.0, 1898.0, 1937.0, 1889.0, 1772.0, 1865.0, 1948.0, 1943.0, 1936.0, "unknown", "unknown", 1470.0, 1954.0, 1934.0, 1960.0], "Symbolism": 0.0036497995384207533, "Baroque": 0.003470377730817536, "Rococo": 0.0032360096394156114, "style_dict": {"Romanticism": 2, "Surrealism": 4, "Realism": 3, "Expressionism": 1, "Symbolism": 5, "Baroque": 2, "Rococo": 1, "Early Renaissance": 1, "Neoclassicism": 1}, "Early Renaissance": 0.004395606322310969, "Realism": 0.0039913479165240495}