{"Northern Renaissance": 0.00585952528678751, "High Renaissance": 0.005319154219733117, "year": [1884.0, 1908.0, 1870.0, 1606.0, 1516.0, 1925.0, "unknown", 1977.0, 1982.0, 1904.0, 1923.0, "unknown", "unknown", 1956.0, 1983.0, "unknown", 1600.0, 1949.0, "unknown", 1910.0], "Academicism": 0.005723686512834418, "style": ["Realism", "Art Nouveau (Modern)", "Realism", "Baroque", "High Renaissance", "Cubism", "Orientalism", "Magic Realism", "Post-Impressionism", "Na\u00efve Art (Primitivism)", "Cubism", "Baroque", "Neoclassicism", "Surrealism", "Expressionism", "Academicism", "Baroque", "Cubism, Expressionism", "Northern Renaissance", "Abstract Art"], "title": ["Lucky with the ladies", "Terem of Yaroslavna.  By the monastery wall.", "Lise on the Bank of the Seine", "Marchesa Brigida Spinola Doria", "Madonna and Child with Sts Catherine and Dominic and a Donor", "Still Life", "An Arab Caravan outside a Fortified Town, Egypt", "Pilgrimage #6", "Don Jose Nieto Velazquez from 'Las Meninas' by Velazquez", "Scout Attacked by a Tiger", "Cubist Composition - Portrait of a Seated Person Holding a Letter", "not identified", "Passage\u00a0gue", "Study for a fruit bowl in 'Still Life - Fast Moving'", "The Truck (We'll be arriving later, about five o'clock)", "Socrates seeking Alcibiades in the House of Aspasia", "The Battle of the Amazons", "The Studio (III)", "Ecce Homo", "Improvisation 10"], "Art Nouveau (Modern)": 0.004597428704059924, "Expressionism": 0.005703428244688081, "style_dict": {"Neoclassicism": 1, "Surrealism": 1, "Orientalism": 1, "Cubism, Expressionism": 1, "Northern Renaissance": 1, "High Renaissance": 1, "Cubism": 2, "Magic Realism": 1, "Na\u00efve Art (Primitivism)": 1, "Expressionism": 1, "Abstract Art": 1, "Academicism": 1, "Baroque": 3, "Post-Impressionism": 1, "Art Nouveau (Modern)": 1, "Realism": 2}, "Neoclassicism": 0.005676116346205862, "Cubism, Expressionism": 0.00585237295547382, "Magic Realism": 0.0054398235976439, "scores": [0.01322997140209973, 0.013288278085155968, 0.013554030129056007, 0.015152941574804736, 0.01537433313261081, 0.015446984866601227, 0.01571184814972365, 0.015723112494567038, 0.015994629046583803, 0.016041014936129104, 0.016063477848216566, 0.016065467336900334, 0.01640608638160619, 0.01648303161384427, 0.016485027921633727, 0.016543581847747783, 0.016772051090433428, 0.016915533507176835, 0.016936206403609044, 0.016948591103615216], "Abstract Art": 0.005863810098930564, "Baroque": 0.005339869701285083, "Post-Impressionism": 0.005533761877823608, "Realism": 0.004548235117227356, "style_counts": [0.00016107252933783567, 1.143714345674951e-05, 0.00042788369714485963, 0.0012663813948706748, 4.284812143096062e-06, 0.0005446558791973866, 0.00042398650128661064, 0.0013155749817032047, 0.0003139998046987058, 0.0001603818542424973, 0.0001401235860961636, 0.0, 0.0005239403976454726, 0.00033004822110693777, 0.0005129668758628858, 0.00018769375272464917], "artist": ["Zorn Anders", "Roerich Nicholas", "Renoir Pierre-Auguste", "Rubens Peter Paul", "Titian", "Dali Salvador", "Gerome Jean-Leon", "Holbrook Carter Clarence", "Dali Salvador", "Rousseau Henri", "Dali Salvador", "Caravaggio", "Bouguereau William-Adolphe", "Dali Salvador", "Dali Salvador", "Gerome Jean-Leon", "Rubens Peter Paul", "Braque Georges ", "Durer Albrecht", "Kandinsky Wassily"], "contentId": ["277376.jpg", "226819.jpg", "218696.jpg", "216496.jpg", "224908.jpg", "221491.jpg", "279309.jpg", "345397.jpg", "220933.jpg", "191380.jpg", "220894.jpg", "186676.jpg", "232455.jpg", "221504.jpg", "221708.jpg", "279438.jpg", "216629.jpg", "193782.jpg", "200675.jpg", "326986.jpg"], "Orientalism": 0.00543592640178575, "style_labels": ["Surrealism", "Cubism, Expressionism", "Orientalism", "Art Nouveau (Modern)", "Northern Renaissance", "High Renaissance", "Magic Realism", "Realism", "Na\u00efve Art (Primitivism)", "Expressionism", "Academicism", "Abstract Art", "Baroque", "Post-Impressionism", "Cubism", "Neoclassicism"], "Surrealism": 0.00570273756959274, "Na\u00efve Art (Primitivism)": 0.0055498102942318365, "Cubism": 0.005350843223067623}