{"Impressionism": 0.0032191086709924257, "style": ["Romanticism", "Realism", "Surrealism", "Romanticism", "Romanticism", "Surrealism", "Expressionism", "Realism", "Realism", "Realism", "Color Field Painting", "Symbolism", "Magic Realism", "Symbolism", "Impressionism", "Impressionism", "Expressionism", "Baroque", "Realism", "Realism"], "style_labels": ["Impressionism", "Surrealism", "Romanticism", "Magic Realism", "Color Field Painting", "Expressionism", "Symbolism", "Baroque", "Realism"], "Surrealism": 0.0026012515235435893, "contentId": ["194117.jpg", "228661.jpg", "234177.jpg", "194008.jpg", "193958.jpg", "211372.jpg", "290274.jpg", "191815.jpg", "228947.jpg", "210443.jpg", "242132.jpg", "191459.jpg", "278143.jpg", "225788.jpg", "251208.jpg", "218724.jpg", "232738.jpg", "220136.jpg", "229020.jpg", "215234.jpg"], "artist": ["Goya Francisco", "Shishkin Ivan", "Ernst Max", "Goya Francisco", "Goya Francisco", "Magritte Rene", "Matisse Henri", "Courbet Gustave", "Shishkin Ivan", "Levitan Isaac", "Rothko Mark", "Klimt Gustav", "Earle Eyvind", "Roerich Nicholas", "Sorolla Joaqu\u00edn", "Renoir Pierre-Auguste", "Schiele Egon", "Rembrandt", "Shishkin Ivan", "Repin Ilya"], "Romanticism": 0.0024976218985964596, "scores": [0.007046412426869924, 0.007215147447476998, 0.007404911273638208, 0.007542253014107157, 0.00785795414530474, 0.00791354148743746, 0.007998568266169912, 0.00888746325317801, 0.00890962139498993, 0.009035034759872839, 0.0091429080943335, 0.00916040555446321, 0.009200743498518987, 0.009375969118773968, 0.009410249564095549, 0.009546688533990001, 0.00974945936279978, 0.009756326341702017, 0.009781841186660487, 0.010031871754303994], "Magic Realism": 0.003183238790437116, "Color Field Painting": 0.003163229113817668, "Expressionism": 0.003013821606517737, "year": [1784.0, "unknown", "unknown", 1800.0, 1812.0, 1948.0, 1939.0, 1847.0, 1891.0, 1895.0, 1961.0, 1903.0, 1990.0, "unknown", 1903.0, 1879.0, 1915.0, "unknown", 1861.0, 1868.0], "Symbolism": 0.003147692107799217, "title": ["The Family of the Infante Don Luis", "Forest", "Flying Geese", "Plague Hospital", "Knife Grinder", "Jean-Marie", "The Red Table", "Portrait of Z\u00e9lie Courbet", "Summer Day", "Village", "No. 16", "Birch in a Forest", "Silent Meadow", "Himalayas", "Herding Geese in the Asturias", "Madame Paul Berard", "Russian Prisoner of War with Fur Hat", "Evangelist Writing", "Windmill in the field", "Portrait of the architect Philip Dmitrievich Hloboschin"], "Baroque": 0.00337545726256453, "style_dict": {"Impressionism": 2, "Magic Realism": 1, "Romanticism": 3, "Surrealism": 2, "Color Field Painting": 1, "Expressionism": 2, "Symbolism": 2, "Baroque": 1, "Realism": 6}, "Realism": 0.0028629713046433563, "style_counts": [0.00015634859157209746, 0.0007742057390208723, 0.0008778353639680159, 0.00019221847212735899, 0.00021222814874677365, 0.00036163565604674375, 0.00022776515476530257, 0.0, 0.0005124859579211938]}