{"Art Nouveau (Modern), Symbolism": 0.004676277924955329, "style": ["Surrealism", "Metaphysical art", "Surrealism", "Surrealism", "Realism", "Post-Impressionism", "Surrealism", "Northern Renaissance", "Neoclassicism", "Baroque", "Art Nouveau (Modern), Symbolism", "Baroque", "Mannerism (Late Renaissance)", "Northern Renaissance", "Op Art", "Surrealism", "Orientalism", "Baroque", "High Renaissance", "Baroque"], "style_labels": ["Art Nouveau (Modern), Symbolism", "Op Art", "Orientalism", "Northern Renaissance", "High Renaissance", "Surrealism", "Mannerism (Late Renaissance)", "Realism", "Metaphysical art", "Baroque", "Post-Impressionism", "Neoclassicism"], "artist": ["Delvaux Paul", "Delvaux Paul", "Delvaux Paul", "Delvaux Paul", "van Gogh Vincent ", "van Gogh Vincent ", "Delvaux Paul", "Durer Albrecht", "Bouguereau William-Adolphe", "Rubens Peter Paul", "Roerich Nicholas", "Rubens Peter Paul", "Titian", "Durer Albrecht", "Escher M.C.", "Delvaux Paul", "Gerome Jean-Leon", "Rubens Peter Paul", "Titian", "Rubens Peter Paul"], "Op Art": 0.00524353374284131, "contentId": ["243165.jpg", "243042.jpg", "243022.jpg", "243171.jpg", "206343.jpg", "207062.jpg", "243162.jpg", "200675.jpg", "232522.jpg", "216475.jpg", "226475.jpg", "216521.jpg", "225018.jpg", "200924.jpg", "204613.jpg", "243167.jpg", "279476.jpg", "216583.jpg", "225034.jpg", "216515.jpg"], "Orientalism": 0.005257773930389701, "title": ["Small square station", "Echo", "All the lights", "The Beautiful Night", "New-Born Calf Lying on Straw", "The Artist's House in Arles", "Silent Night", "Ecce Homo", "The Nymphaeum", "Lament of Christ", "Sacred Grove", "Nymphs and Satyrs", "St Dominic", "Portrait of a goldsmith from Mechelen", "Mosaic I", "Station Forestiere", "The Moorish Bath", "Samson and Delilah", "Studies of Saint Sebastian", "Nature Adorning the Three Graces"], "Northern Renaissance": 0.004586484314328249, "style_counts": [0.000675387301886432, 0.00010813148400046213, 9.389129645198668e-05, 0.0007651809125134301, 0.0, 0.0013794966110393103, 0.0005849727426540108, 0.0011231080899025692, 0.0016177312406719935, 0.0005825959617562493, 0.000947151957869985, 0.0007342295024809209], "High Renaissance": 0.005351665226841711, "Surrealism": 0.003972168615802364, "Mannerism (Late Renaissance)": 0.00476669248418768, "Realism": 0.004228557136939103, "scores": [0.010785302085755538, 0.0107924573394735, 0.011212824905069394, 0.01125077974569871, 0.012222102125259048, 0.012730680759914959, 0.012952367928949705, 0.013145144423015249, 0.0133461058115933, 0.013403522783552387, 0.013516181646364162, 0.013752341581581904, 0.013777513334871979, 0.013864101961871874, 0.015155761841884092, 0.015189434451239884, 0.015196921277801107, 0.015393253152339723, 0.015468302029378251, 0.015529036020965187], "Metaphysical art": 0.0037339339861696833, "year": [1963.0, 1943.0, 1962.0, 1962.0, 1884.0, 1888.0, 1962.0, "unknown", 1878.0, 1614.0, 1921.0, 1640.0, 1565.0, "unknown", 1951.0, 1960.0, "unknown", 1610.0, 1520.0, 1615.0], "Baroque": 0.004769069265085447, "Post-Impressionism": 0.004404513268971785, "style_dict": {"Art Nouveau (Modern), Symbolism": 1, "Op Art": 1, "Orientalism": 1, "Northern Renaissance": 2, "High Renaissance": 1, "Surrealism": 5, "Mannerism (Late Renaissance)": 1, "Realism": 1, "Metaphysical art": 1, "Baroque": 4, "Post-Impressionism": 1, "Neoclassicism": 1}, "Neoclassicism": 0.004617435724360809}