{"Color Field Painting": 0.006237664003241475, "year": [1943.0, 1948.0, 1914.0, 1918.0, 1964.0, 1982.0, 1919.0, 1942.0, 1967.0, 1978.0, 1937.0, 1962.0, 1882.0, 1914.0, 1910.0, 1958.0, 1930.0, 1941.0, 1903.0, 1924.0], "style": ["Abstract Expressionism", "Surrealism", "Expressionism", "Cubism", "Minimalism", "Neo-Expressionism", "Art Nouveau (Modern)", "Expressionism", "Abstract Expressionism", "Abstract Expressionism", "Expressionism", "Expressionism, Surrealism", "Realism", "Cubism", "Impressionism", "Color Field Painting", "unknown", "Symbolism", "Realism", "Symbolism"], "Neo-Expressionism": 0.005494161192652373, "unknown": 0.006254899616663743, "Art Nouveau (Modern)": 0.005740365028091459, "Expressionism": 0.005380143202205412, "Symbolism": 0.00633467048645925, "style_dict": {"Impressionism": 1, "Abstract Expressionism": 3, "Neo-Expressionism": 1, "Expressionism, Surrealism": 1, "Art Nouveau (Modern)": 1, "Surrealism": 1, "Color Field Painting": 1, "Expressionism": 3, "unknown": 1, "Minimalism": 1, "Symbolism": 2, "Cubism": 2, "Realism": 2}, "Impressionism": 0.006232357596290045, "scores": [0.012953606010871872, 0.01352667253401496, 0.014428234522784933, 0.014968727496663463, 0.015028257780480109, 0.015880168344571528, 0.016591788957210377, 0.016597671648431393, 0.016744609667201992, 0.017044348739810696, 0.017326499710350274, 0.017370120836182557, 0.01782017288840561, 0.01786740598895384, 0.01801383038142637, 0.01802916787021469, 0.01807898520048043, 0.018324779591866798, 0.01862604472995193, 0.018979321809144904], "Minimalism": 0.005199420365018663, "Realism": 0.006188991837873871, "style_counts": [0.00010231289016926493, 0.0011336533783860014, 0.000840509293806968, 0.0003250211087523214, 0.0005943054583678054, 0.0016547629634696692, 9.70064832178652e-05, 0.0009545272842539365, 7.977086979560344e-05, 0.0011352501214406674, 0.0, 0.0007587129410743243, 0.00014567864858539004], "Abstract Expressionism": 0.0052010171080732635, "artist": ["Matisse Henri", "Solar Xul", "Chagall Marc", "Chagall Marc", "Rothko Mark", "Twombly Cy", "Roerich Nicholas", "Dali Salvador", "Holbrook Carter Clarence", "Holbrook Carter Clarence", "Kirchner Ernst Ludwig", "Dali Salvador", "Sargent John Singer", "Malevich Kazimir", "Renoir Pierre-Auguste", "Rothko Mark", "Solar Xul", "Roerich Nicholas", "Sargent John Singer", "Roerich Nicholas"], "Expressionism, Surrealism": 0.006009649377706995, "style_labels": ["Impressionism", "Abstract Expressionism", "Neo-Expressionism", "Expressionism, Surrealism", "Art Nouveau (Modern)", "Surrealism", "Color Field Painting", "Expressionism", "unknown", "Minimalism", "Symbolism", "Cubism", "Realism"], "Surrealism": 0.004679907522989609, "contentId": ["290269.jpg", "345165.jpg", "203174.jpg", "202947.jpg", "290286.jpg", "231553.jpg", "226633.jpg", "220919.jpg", "345402.jpg", "345404.jpg", "251828.jpg", "221477.jpg", "266197.jpg", "219654.jpg", "218459.jpg", "290281.jpg", "345157.jpg", "225618.jpg", "266234.jpg", "226514.jpg"], "title": ["The Circus", "Muros Biombos", "The Drunkard", "Purim", "No. 4", "Suma", "Sketches of costumes for \"Tale of Tsar Saltan\"", "Design for a poster for 'The Secret Life of Salvador Dali'", "Red Mandala", "Tulip", "Archer at Wildboden", "St. George and the Dragon", "Madame Paul Escudier", "Englishman in Moscow", "Gabrielle in a red blouse", "No. 37/No. 19 (Slate Blue and Brown on Plum)", "Soto Con Trio", "Forging the sword (Nibelung)", "Mrs. Charles Pelham Curtis", "Sanga Chelling"], "Cubism": 0.005575957545384942}