{"Northern Renaissance": 0.0035937318141370032, "High Renaissance": 0.003187104761567641, "Mannerism (Late Renaissance)": 0.003735963400545954, "year": [1978.0, 1924.0, 1917.0, 1920.0, 1508.0, 1923.0, 1994.0, 1861.0, 1824.0, 1907.0, 1869.0, 1970.0, 1951.0, 1500.0, 1929.0, "unknown", 1575.0, 1917.0, 1869.0, 1637.0], "style": ["Abstract Expressionism", "Symbolism", "Expressionism", "Art Nouveau (Modern)", "High Renaissance", "Cubism", "Expressionism", "Neoclassicism", "Orientalism", "Realism", "Neoclassicism", "Abstract Expressionism", "Realism, Surrealism", "Northern Renaissance", "Surrealism", "Impressionism", "Mannerism (Late Renaissance)", "Symbolism", "Neoclassicism", "Baroque"], "title": ["Tulip", "Mother of Turfan", "Marcelle", "St. George the Victorious", "Portrait of a Man", "Two Figures, naked on red bottom", "Naked Girl Perched on a Chair", "Woman of Cervara and Her Child", "Two Views of an Indian from Calcutta, Seated and Standing", "School in Moscow Russia", "Young Worker", "Yellow Mandala", "Portrait of a Child (unfinished)", "The Garden of\u00a0Earthly Delights", "The Lugubrious Game", "Portrait of a woman", "Spain Succouring Religion", "Clouds above the expanses", "Faneuse", "The Rape of the Sabine Women"], "Art Nouveau (Modern)": 0.00310083800406633, "Expressionism": 0.0028605811237937253, "Symbolism": 0.0028526690348524386, "style_dict": {"Impressionism": 1, "Abstract Expressionism": 2, "Orientalism": 1, "Art Nouveau (Modern)": 1, "Northern Renaissance": 1, "High Renaissance": 1, "Realism, Surrealism": 1, "Surrealism": 1, "Mannerism (Late Renaissance)": 1, "Realism": 1, "Expressionism": 2, "Symbolism": 2, "Baroque": 1, "Cubism": 1, "Neoclassicism": 3}, "Realism, Surrealism": 0.003577222606956073, "Neoclassicism": 0.0034247120549826017, "Impressionism": 0.0037238883755637904, "scores": [0.0037447702960908716, 0.005764487485482665, 0.007217105721252027, 0.008962574592764432, 0.009211917592291499, 0.009249966613164011, 0.009628507406679941, 0.009667566119496367, 0.0098422133213514, 0.009901630761234369, 0.010021717624534722, 0.0100819497641532, 0.010339503194853526, 0.010387220941034543, 0.010544583410191516, 0.010763421790287405, 0.010798323101471743, 0.011034532316278592, 0.011089277548191282, 0.011120191289246448], "Baroque": 0.0038473221511618216, "Realism": 0.0034257291416525393, "style_counts": [0.00012343377559798085, 0.0014993841979429323, 0.0004421500329165884, 0.0007464841470954386, 0.0002535903370247672, 0.0006602173895940977, 0.00027009954420575966, 0.00019914665906983764, 0.0001113587506158531, 0.00042159300950928014, 0.0009867410273680655, 0.0009946531163093075, 0.0, 0.0006470533317982641, 0.0004226100961791657], "Abstract Expressionism": 0.0023479379532189127, "artist": ["Holbrook Carter Clarence", "Roerich Nicholas", "Modigliani Amedeo ", "Roerich Nicholas", "Titian", "Leger Fernand ", "Freud Lucian", "Bouguereau William-Adolphe", "Delacroix Eugene ", "Kustodiev Boris", "Bouguereau William-Adolphe", "Holbrook Carter Clarence", "Dali Salvador", "Bosch Hieronymus", "Dali Salvador", "Sorolla Joaqu\u00edn", "Titian", "Roerich Nicholas", "Bouguereau William-Adolphe", "Rubens Peter Paul"], "contentId": ["345404.jpg", "226232.jpg", "189572.jpg", "226684.jpg", "224946.jpg", "196414.jpg", "232059.jpg", "232571.jpg", "187925.jpg", "230183.jpg", "232578.jpg", "345405.jpg", "221310.jpg", "195430.jpg", "221632.jpg", "251363.jpg", "225015.jpg", "225499.jpg", "232386.jpg", "216689.jpg"], "Orientalism": 0.003405172118245205, "style_labels": ["Impressionism", "Abstract Expressionism", "Orientalism", "Art Nouveau (Modern)", "Northern Renaissance", "High Renaissance", "Realism, Surrealism", "Surrealism", "Mannerism (Late Renaissance)", "Realism", "Expressionism", "Symbolism", "Baroque", "Cubism", "Neoclassicism"], "Surrealism": 0.0036481754920919506, "Cubism": 0.0032002688193635167}