{"Suprematism": 0.005582850900272879, "High Renaissance": 0.0053945474294465525, "Mannerism (Late Renaissance)": 0.005873386454473875, "year": [1929.0, 1962.0, 1938.0, 1900.0, "unknown", 1935.0, 1962.0, 1932.0, 1913.0, 1963.0, 1916.0, 1540.0, 1885.0, 1994.0, "unknown", 1907.0, 1977.0, 1542.0, 1870.0, "unknown"], "style": ["Expressionism", "Surrealism", "Expressionism", "Post-Impressionism", "High Renaissance", "Regionalism", "Surrealism", "Symbolism", "Suprematism", "Surrealism", "Abstract Art", "High Renaissance", "Orientalism", "Magic Realism", "Romanticism", "Realism", "Magic Realism", "Mannerism (Late Renaissance)", "Romanticism", "Surrealism"], "title": ["The Three Boats", "All the lights", "Portrait of A.B. Serebryakov", "Going Fishing", "Portrait of a man with ermine coat", "Couple in Rumble Seat", "The Beautiful Night", "Sharugen Monastery", "Costume for Victory over the Sun. Many and One", "Small square station", "To the Unknown Voice", "Portrait of Benedetto Varchi", "The Large Pool of Bursa", "Carmel Valley Canyon", "Dame Ellen Terry as Imogen Shakespeare heroine in Cymbeline", "Portrait of a priest and a deacon", "Pilgrimage #6", "Jupiter and Anthiope (Pardo Venus)", "Lunar night", "A little of the bandit's soul"], "Expressionism": 0.004262723339457512, "Symbolism": 0.0055739174901993345, "style_dict": {"Suprematism": 1, "Magic Realism": 2, "Orientalism": 1, "Romanticism": 2, "High Renaissance": 2, "Surrealism": 4, "Mannerism (Late Renaissance)": 1, "Expressionism": 2, "Symbolism": 1, "Abstract Art": 1, "Post-Impressionism": 1, "Realism": 1, "Regionalism": 1}, "Regionalism": 0.005523838882642178, "Magic Realism": 0.005665815109225112, "scores": [0.011123181362262605, 0.013649147181443961, 0.013979476153939869, 0.014223979666418836, 0.015430479115324008, 0.015965947901557656, 0.016009413526855896, 0.016110693694515628, 0.016136514570693906, 0.016202541861206947, 0.016225173825170625, 0.016337352337125095, 0.016426584392042292, 0.016428597908598595, 0.01646364170400836, 0.016556802331908965, 0.016936695804106564, 0.016976270331221174, 0.017171543757617074, 0.017231348602471892], "Abstract Art": 0.005613524897219643, "Post-Impressionism": 0.00492115923412293, "Realism": 0.005728260486450463, "style_counts": [0.0002905355542009991, 0.000692569720277203, 0.00019017828335654574, 0.0001617405858358456, 0.00047883902502732223, 0.000207571345248736, 0.0, 0.001610663115016342, 0.00029946896427457403, 0.0002598615572542151, 0.0009522272203509319, 0.00014512596802340738, 0.0003495475718316987], "artist": ["Braque Georges ", "Delvaux Paul", "Serebriakova Zinaida", "Mondrian Piet", "Titian", "Rockwell Norman", "Delvaux Paul", "Roerich Nicholas", "Malevich Kazimir", "Delvaux Paul", "Kandinsky Wassily", "Titian", "Gerome Jean-Leon", "Earle Eyvind", "Alma-Tadema Lawrence ", "Kustodiev Boris", "Holbrook Carter Clarence", "Titian", "Aivazovsky Ivan ", "Magritte Rene"], "contentId": ["193791.jpg", "243022.jpg", "227384.jpg", "186009.jpg", "224951.jpg", "247641.jpg", "243171.jpg", "226548.jpg", "361384.jpg", "243165.jpg", "189424.jpg", "224964.jpg", "279475.jpg", "278014.jpg", "214509.jpg", "229970.jpg", "345397.jpg", "224900.jpg", "196577.jpg", "211287.jpg"], "Orientalism": 0.005683208171117347, "style_labels": ["Suprematism", "Surrealism", "Orientalism", "Romanticism", "High Renaissance", "Magic Realism", "Mannerism (Late Renaissance)", "Expressionism", "Symbolism", "Abstract Art", "Post-Impressionism", "Realism", "Regionalism"], "Romanticism": 0.005711645868638009, "Surrealism": 0.005180816734196646}