{"Color Field Painting": 0.0034942847346417366, "year": [1954.0, 1952.0, 1949.0, "unknown", 1966.0, 1929.0, 1934.0, 1920.0, 1960.0, 1915.0, 1935.0, 1920.0, 1924.0, 1896.0, 1879.0, 1925.0, 1888.0, "unknown", 1922.0, 1995.0], "Hard Edge Painting": 0.003563339061722772, "style": ["Color Field Painting", "Hard Edge Painting", "Surrealism", "Realism", "Color Field Painting", "Realism", "Surrealism", "Expressionism, Surrealism", "Na\u00efve Art (Primitivism)", "Impressionism", "Abstract Art", "Symbolism", "Symbolism", "Art Nouveau (Modern)", "Impressionism", "Neoclassicism", "Post-Impressionism", "Art Nouveau (Modern)", "Symbolism", "Magic Realism"], "title": ["Untitled", "Number 15", "The forbidden world", "Bjoernen Og Reven", "Abstract Painting No. 9", "Infant Arthur", "Figure with Drawers for a Four-part Screen", "Reptil que sube", "Self-Portrait", "Portrait of a Girl", "Movement I", "Dream of the East (Rebellion)", "Kangchenjunga", "Cover of \"Literary Digest\"", "Acrobats at the Cirque Fernando (Francisca and Angelina Wartenberg)", "Apollo in His Chariot with the Hours", "The Arc Valley", "Polovtsian camp", "Spell words", "Ocean Mist"], "Art Nouveau (Modern)": 0.004869106136756858, "Symbolism": 0.004714566383407651, "style_dict": {"Hard Edge Painting": 1, "Impressionism": 2, "Magic Realism": 1, "Expressionism, Surrealism": 1, "Art Nouveau (Modern)": 2, "Neoclassicism": 1, "Surrealism": 2, "Color Field Painting": 2, "Na\u00efve Art (Primitivism)": 1, "Symbolism": 3, "Abstract Art": 1, "Post-Impressionism": 1, "Realism": 2}, "Neoclassicism": 0.005061589074306345, "Impressionism": 0.004771320694785457, "Magic Realism": 0.005157436405026196, "scores": [0.008058593830505265, 0.010299374587811718, 0.012046631049847855, 0.012269966818995101, 0.012518822523465516, 0.012795271783188518, 0.012834509850258802, 0.013079880553790724, 0.013437522931615755, 0.013589382515305615, 0.013661845450574618, 0.013779977474109428, 0.013829826333970265, 0.013988737169075487, 0.01450834275635399, 0.014629874110450851, 0.014642052332136914, 0.01468483463645534, 0.014760932203681364, 0.014906908528233242], "Abstract Art": 0.004726674142608826, "Post-Impressionism": 0.005065802449853208, "Realism": 0.00425636917245259, "style_counts": [0.0015940973433034022, 0.0003861157102407198, 0.0009323291645374487, 0.0006321082986820992, 0.0002883302682693545, 0.0009010672325735491, 0.0, 0.001663151670384444, 0.0005083725277218454, 0.0004428700216185799, 0.00043076226241733906, 9.163395517297612e-05, 9.584733071987817e-05], "artist": ["Reinhardt Ad", "Reinhardt Ad", "Magritte Rene", "Kittelsen Theodor Severin", "Reinhardt Ad", "Escher M.C.", "Dali Salvador", "Solar Xul", "Chagall Marc", "Kustodiev Boris", "Kandinsky Wassily", "Roerich Nicholas", "Roerich Nicholas", "Roerich Nicholas", "Renoir Pierre-Auguste", "Sargent John Singer", "Cezanne Paul", "Roerich Nicholas", "Roerich Nicholas", "Earle Eyvind"], "Expressionism, Surrealism": 0.004525328106344102, "style_labels": ["Hard Edge Painting", "Impressionism", "Surrealism", "Expressionism, Surrealism", "Art Nouveau (Modern)", "Realism", "Magic Realism", "Color Field Painting", "Na\u00efve Art (Primitivism)", "Symbolism", "Abstract Art", "Post-Impressionism", "Neoclassicism"], "Surrealism": 0.004225107240488715, "Na\u00efve Art (Primitivism)": 0.004649063877304358, "contentId": ["283527.jpg", "283532.jpg", "211523.jpg", "321848.jpg", "283528.jpg", "204563.jpg", "220983.jpg", "345141.jpg", "202990.jpg", "229965.jpg", "282903.jpg", "225552.jpg", "225947.jpg", "225522.jpg", "218182.jpg", "265789.jpg", "215926.jpg", "226373.jpg", "226676.jpg", "278305.jpg"]}