{"style": ["Cubism", "Expressionism", "Post-Impressionism", "Surrealism", "Neo-Expressionism", "Symbolism", "Na\u00efve Art (Primitivism)", "Symbolism", "Neo-Expressionism", "Regionalism", "Surrealism", "Magic Realism", "Expressionism", "Na\u00efve Art (Primitivism)", "Expressionism", "Art Nouveau (Modern)", "Abstract Expressionism", "Expressionism", "Magic Realism", "Regionalism"], "Abstract Expressionism": 0.0043475864420806955, "Neo-Expressionism": 0.003882724556759291, "contentId": ["202375.jpg", "203351.jpg", "222021.jpg", "211619.jpg", "231552.jpg", "226514.jpg", "202924.jpg", "226802.jpg", "231509.jpg", "247599.jpg", "345166.jpg", "278349.jpg", "221493.jpg", "202582.jpg", "232759.jpg", "225911.jpg", "231583.jpg", "203335.jpg", "278385.jpg", "247693.jpg"], "Art Nouveau (Modern)": 0.0043374353146584796, "artist": ["Chagall Marc", "Chagall Marc", "Bonnard Pierre", "Magritte Rene", "Twombly Cy", "Roerich Nicholas", "Chagall Marc", "Roerich Nicholas", "Twombly Cy", "Rockwell Norman", "Solar Xul", "Earle Eyvind", "Dali Salvador", "Chagall Marc", "Schiele Egon", "Roerich Nicholas", "Twombly Cy", "Chagall Marc", "Earle Eyvind", "Rockwell Norman"], "year": ["unknown", 1914.0, "unknown", 1962.0, 1992.0, 1924.0, 1923.0, 1931.0, 2009.0, 1942.0, 1949.0, "unknown", 1922.0, 1923.0, 1910.0, 1912.0, 2007.0, 1914.0, 1999.0, 1924.0], "style_counts": [0.0, 0.00046486188532135486, 1.0151127422197703e-05, 0.00011293562644543176, 0.00025560834411264555, 0.0005408513756639532, 0.0005552010965024223, 0.0004352165026155763, 0.001293497558990886, 0.001348007407681373, 0.00014490157347479826], "scores": [0.00866989852660507, 0.008785885818058663, 0.008827452253787192, 0.010204771308341683, 0.010984536733698681, 0.011427191126357386, 0.011588564161803204, 0.011612277975002628, 0.011880354326878912, 0.011948107462992706, 0.012128123162738744, 0.012145658369063495, 0.012469490383932899, 0.012508595465301517, 0.012532077892165963, 0.012536800535190334, 0.01256614106720231, 0.012571307202539357, 0.012791683480367353, 0.012800990825559223], "Magic Realism": 0.004234650815635262, "style_labels": ["Abstract Expressionism", "Neo-Expressionism", "Art Nouveau (Modern)", "Magic Realism", "Na\u00efve Art (Primitivism)", "Expressionism", "Surrealism", "Symbolism", "Post-Impressionism", "Cubism", "Regionalism"], "Na\u00efve Art (Primitivism)": 0.004091978097968011, "Expressionism": 0.003806735066416704, "Surrealism": 0.003792385345578258, "Symbolism": 0.003912369939465073, "title": ["A poet", "Wounded Soldier", "Self Portrait", "The spirit of adventure", "Souvenir", "Sanga Chelling", "Petrouchka", "Teacher's order", "Leaving Paphos Ringed With Waves V", "Abraham Delivering the Gettysburg Address", "Pa\u00eds Rojo Teti", "Nude", "Still Life (Pulpo y scorpa)", "Gathering of peasants", "Self Portrait", "Isolde", "Untitled (Peonias series)", "Wandering Jew", "Oak Tree", "Hobo and Dog"], "Post-Impressionism": 0.0030540888830897285, "style_dict": {"Abstract Expressionism": 1, "Neo-Expressionism": 2, "Art Nouveau (Modern)": 1, "Magic Realism": 2, "Surrealism": 2, "Na\u00efve Art (Primitivism)": 2, "Expressionism": 4, "Symbolism": 2, "Post-Impressionism": 1, "Cubism": 1, "Regionalism": 2}, "Cubism": 0.002999579034399261, "Regionalism": 0.00420268486860582}