{"style_counts": [0.0012246673851544765, 0.0013113436869629513, 0.0005538002179380497, 0.0002395638111728493, 0.0, 0.0004336788530394653, 0.0009066126592448542, 0.0003769973558088724, 0.0009136334621504538, 0.0018997903088892043, 0.0011480159529486667, 0.000544325457325745], "style": ["Neo-Expressionism", "Baroque", "Expressionism", "Japonism, Surrealism", "Neoclassicism", "Academicism", "Expressionism", "Romanticism", "Regionalism", "Realism", "Symbolism", "Neo-Expressionism", "Surrealism", "Expressionism", "Realism", "Neo-Expressionism", "Color Field Painting", "Romanticism", "Expressionism", "Realism"], "style_labels": ["Japonism, Surrealism", "Neo-Expressionism", "Romanticism", "Surrealism", "Color Field Painting", "Realism", "Expressionism", "Symbolism", "Academicism", "Baroque", "Neoclassicism", "Regionalism"], "Japonism, Surrealism": 0.005650863349955347, "Neo-Expressionism": 0.005564187048146902, "contentId": ["203925.jpg", "216724.jpg", "189553.jpg", "221770.jpg", "232492.jpg", "279386.jpg", "214317.jpg", "194058.jpg", "247783.jpg", "206576.jpg", "227101.jpg", "203939.jpg", "221381.jpg", "252241.jpg", "206875.jpg", "203834.jpg", "242142.jpg", "194194.jpg", "252165.jpg", "266106.jpg"], "artist": ["Basquiat Jean-Michel ", "Rubens Peter Paul", "Modigliani Amedeo ", "Dali Salvador", "Bouguereau William-Adolphe", "Gerome Jean-Leon", "Matisse Henri", "Goya Francisco", "Rockwell Norman", "van Gogh Vincent ", "Roerich Nicholas", "Basquiat Jean-Michel ", "Dali Salvador", "Kirchner Ernst Ludwig", "van Gogh Vincent ", "Basquiat Jean-Michel ", "Rothko Mark", "Goya Francisco", "Kirchner Ernst Ludwig", "Sargent John Singer"], "Romanticism": 0.0063217305171717805, "scores": [0.011336450860651319, 0.014381739602570345, 0.016116729187856733, 0.016333095834441445, 0.016554646969291455, 0.017232099501240015, 0.01725323744555177, 0.01734539658964282, 0.018299536928350194, 0.01833292367879648, 0.018783177347276993, 0.01906702662980845, 0.019180411383280454, 0.019243079327223096, 0.019432355654725286, 0.019602966658214593, 0.01987283985730848, 0.019882502911450398, 0.020076974082983166, 0.020128911420196002], "Surrealism": 0.006635966923936953, "Color Field Painting": 0.006875530735109821, "title": ["The Nile", "Venus in Fur Coat", "Lolotte", "Untitled - The Seven Arts", "Soup", "Napoleon in Egypt", "Vase of Irises", "Self Portrait", "Radio Phone", "Peat Diggers in the Dunes", "Yaroslav is glad for Kiev", "Untitled", "Premonition of Civil War", "Two Female Nudes", "Sketches for the Drawing of an Auction", "In Italian", "Ochre and Red on Red", "Two Monks", "Staffelalp in the Autumn", "Essie, Ruby and Ferdinand, Children of Asher Wertheimer"], "Realism": 0.006441851882070325, "Expressionism": 0.005968918075864927, "year": [1983.0, 1640.0, 1916.0, 1944.0, 1865.0, 1868.0, 1912.0, "unknown", "unknown", 1883.0, 1938.0, 1980.0, 1936.0, "unknown", 1885.0, 1983.0, 1954.0, 1823.0, "unknown", 1902.0], "Symbolism": 0.006498533379300952, "Academicism": 0.0059618972729594015, "Baroque": 0.0049757404262206345, "style_dict": {"Japonism, Surrealism": 1, "Neo-Expressionism": 3, "Romanticism": 2, "Surrealism": 1, "Color Field Painting": 1, "Realism": 3, "Expressionism": 4, "Symbolism": 1, "Academicism": 1, "Baroque": 1, "Neoclassicism": 1, "Regionalism": 1}, "Neoclassicism": 0.005727514782161172, "Regionalism": 0.006331205277784062}