{"Impressionism": 0.004006376677635989, "style": ["Realism", "Romanticism", "Baroque", "Neoclassicism", "Realism", "Baroque", "High Renaissance", "Realism", "Romanticism", "Neo-Romanticism, Symbolism", "Northern Renaissance", "Neo-Romanticism", "Baroque", "Impressionism", "Romanticism", "Baroque", "Surrealism", "Surrealism", "Symbolism", "Symbolism"], "style_labels": ["Impressionism", "Neo-Romanticism", "Neo-Romanticism, Symbolism", "Northern Renaissance", "Romanticism", "High Renaissance", "Surrealism", "Realism", "Symbolism", "Baroque", "Neoclassicism"], "Neo-Romanticism": 0.003959908289684152, "Neo-Romanticism, Symbolism": 0.003698329251384588, "artist": ["Sargent John Singer", "Dore Gustave ", "Rembrandt", "Piranesi Giovanni Battista", "Sargent John Singer", "Rembrandt", "Raphael", "Sargent John Singer", "Goya Francisco", "Kittelsen Theodor Severin", "Bruegel the Elder Pieter", "Kittelsen Theodor Severin", "Rubens Peter Paul", "Renoir Pierre-Auguste", "Alma-Tadema Lawrence ", "Rubens Peter Paul", "Escher M.C.", "Magritte Rene", "Roerich Nicholas", "Roerich Nicholas"], "contentId": ["266222.jpg", "201778.jpg", "219968.jpg", "262776.jpg", "266261.jpg", "220237.jpg", "210658.jpg", "266089.jpg", "193898.jpg", "321723.jpg", "186735.jpg", "321992.jpg", "216581.jpg", "218930.jpg", "214572.jpg", "216445.jpg", "204857.jpg", "211541.jpg", "225967.jpg", "225599.jpg"], "title": ["Mrs. Albert Vickers", "Portrait of Dante Alighieri", "A Portrait of a Young Woman", "The Prisons (plate VI)", "Mrs. John William Crombie (Minna Watson)", "Mater Dolorosa", "The Virgin of the Rose", "Coventry Patmore", "Don Andres del Peral", "Sam Eyde Foran Svelgfoss", "Big fishes eat small fishes", "St Hans", "Saint Gregory with Saints Domitilla, Maurus, and Papianus", "Portrait of Mademoiselle Sicotg", "Portrait of Ignacy Jan Paderewski", "Girl with Fan", "Stars", "The heartstrings", "Karelian landscape. Rocky seashore.", "Fire"], "Northern Renaissance": 0.0037733496372549364, "Romanticism": 0.003496427775010092, "High Renaissance": 0.003637670220675964, "Surrealism": 0.004010036500138639, "Realism": 0.0032864054409313323, "scores": [0.008888527391162956, 0.009220363450932866, 0.00933645174030745, 0.009398768511300453, 0.010080674432645351, 0.010128942284497794, 0.010514219270381715, 0.010566370706335967, 0.010585901628887503, 0.010689546419603277, 0.010906383224189405, 0.011445607084361977, 0.011448850987652356, 0.011579918000532928, 0.011616819503424546, 0.011679408952852455, 0.011753506781621466, 0.011861108776155288, 0.011888014144135949, 0.01189847828697108], "year": [1884.0, 1860.0, 1632.0, "unknown", 1898.0, 1660.0, 1518.0, 1894.0, 1798.0, 1908.0, 1556.0, "unknown", 1607.0, 1865.0, 1891.0, 1614.0, 1948.0, 1960.0, 1917.0, 1943.0], "Symbolism": 0.004039223193180403, "Baroque": 0.0034975644650824082, "style_dict": {"Impressionism": 1, "Neo-Romanticism": 1, "Neo-Romanticism, Symbolism": 1, "Northern Renaissance": 1, "Romanticism": 3, "High Renaissance": 1, "Surrealism": 2, "Neoclassicism": 1, "Symbolism": 2, "Baroque": 4, "Realism": 3}, "Neoclassicism": 0.0032517507430053225, "style_counts": [3.2846515544360244e-05, 7.931490349621928e-05, 0.0003408939417958168, 0.00026587355592544437, 0.000542795418170261, 0.00040155297250443756, 2.918669304174948e-05, 0.0007528177522491131, 0.0, 0.0005416587280979712, 0.0007874724501750752]}