{"Impressionism": 0.004089020787422352, "style": ["Expressionism", "Symbolism", "Symbolism", "Art Nouveau (Modern)", "Symbolism", "Symbolism", "Symbolism", "Neo-Romanticism", "Romanticism", "Neo-Suprematism, Cubism", "Symbolism", "Symbolism", "Symbolism", "Symbolism", "Post-Impressionism", "Symbolism", "Symbolism", "Impressionism", "Symbolism", "Surrealism"], "style_labels": ["Impressionism", "Neo-Romanticism", "Neo-Suprematism, Cubism", "Art Nouveau (Modern)", "Romanticism", "Surrealism", "Expressionism", "Symbolism", "Post-Impressionism"], "Neo-Romanticism": 0.0038112862801338984, "Neo-Suprematism, Cubism": 0.003870926280224563, "contentId": ["214118.jpg", "226513.jpg", "225940.jpg", "277305.jpg", "225886.jpg", "225811.jpg", "225781.jpg", "321761.jpg", "196937.jpg", "219629.jpg", "225499.jpg", "226327.jpg", "225423.jpg", "226537.jpg", "222080.jpg", "225945.jpg", "225482.jpg", "212171.jpg", "225405.jpg", "221094.jpg"], "Art Nouveau (Modern)": 0.0032906575716419007, "artist": ["Matisse Henri", "Roerich Nicholas", "Roerich Nicholas", "Zorn Anders", "Roerich Nicholas", "Roerich Nicholas", "Roerich Nicholas", "Kittelsen Theodor Severin", "Aivazovsky Ivan ", "Malevich Kazimir", "Roerich Nicholas", "Roerich Nicholas", "Roerich Nicholas", "Roerich Nicholas", "Bonnard Pierre", "Roerich Nicholas", "Roerich Nicholas", "Monet Claude", "Roerich Nicholas", "Dali Salvador"], "Romanticism": 0.003859555912276675, "scores": [0.008017689217127897, 0.009050752976696746, 0.009409973342525937, 0.009511223709980924, 0.010136176733895944, 0.010176936511605264, 0.010764738621448694, 0.01101603422535615, 0.011155551406865668, 0.011188415997259131, 0.011391349689715375, 0.011459607077893638, 0.011488393184651398, 0.01150352344348949, 0.01156736215945544, 0.011703757006623905, 0.011727577283501323, 0.011818790201415902, 0.011838548479648003, 0.011879753948404957], "Surrealism": 0.00411011279637328, "Expressionism": 0.00277393009920765, "year": [1937.0, 1926.0, 1924.0, "unknown", 1938.0, "unknown", "unknown", 1900.0, 1857.0, 1932.0, 1917.0, 1942.0, 1945.0, "unknown", 1930.0, "unknown", 1937.0, 1908.0, 1939.0, 1958.0], "Symbolism": 0.003233339672451166, "title": ["Odalisque, Blue Harmony", "Sandoling. Lamayura.", "Kangchenjunga", "Oscar II", "Ice sphinx", "Himalayas", "Himalayas", "Der Floei En Fugl Over Granehei", "The Tempest", "Boy", "Clouds above the expanses", "Partisans", "Brahmaputra", "Sentinels", "The Seine", "Kangchenjunga", "China's heroics", "Palazzo Dario 4", "Book of Life", "Landscape Near Port Lligat"], "Post-Impressionism": 0.004002032654745789, "style_dict": {"Neo-Suprematism, Cubism": 1, "Neo-Romanticism": 1, "Impressionism": 1, "Art Nouveau (Modern)": 1, "Romanticism": 1, "Surrealism": 1, "Expressionism": 1, "Symbolism": 12, "Post-Impressionism": 1}, "style_counts": [2.1092008950951424e-05, 0.00029882651623935885, 0.0002391865161487372, 0.0008194552247313691, 0.0002505568840965866, 0.0, 0.001336182697165622, 0.0008767731239220922, 0.00010808014162755342]}