{"Impressionism": 0.004286722822795281, "style": ["Impressionism", "Symbolism", "Mannerism (Late Renaissance)", "Realism", "Neo-Romanticism", "Color Field Painting", "Mannerism (Late Renaissance)", "Orientalism", "Realism", "Surrealism", "Neo-Romanticism", "Impressionism", "Surrealism", "Surrealism", "Baroque", "Expressionism", "Color Field Painting", "Art Deco", "Expressionism", "Realism"], "style_labels": ["Impressionism", "Neo-Romanticism", "Orientalism", "Surrealism", "Color Field Painting", "Mannerism (Late Renaissance)", "Expressionism", "Symbolism", "Art Deco", "Baroque", "Realism"], "Neo-Romanticism": 0.004654153413275339, "artist": ["Churchill Winston", "B\u00f6cklin Arnold", "Titian", "Courbet Gustave", "Spencer Stanley", "Reinhardt Ad", "Titian", "Gerome Jean-Leon", "Kittelsen Theodor Severin", "Dali Salvador", "Spencer Stanley", "Churchill Winston", "Dali Salvador", "Escher M.C.", "Rembrandt", "Freud Lucian", "Rothko Mark", "Serebriakova Zinaida", "Munch Edvard ", "Courbet Gustave"], "contentId": ["313765.jpg", "260694.jpg", "224850.jpg", "191856.jpg", "298468.jpg", "283304.jpg", "224867.jpg", "279490.jpg", "322071.jpg", "221302.jpg", "298495.jpg", "313773.jpg", "221671.jpg", "204875.jpg", "220582.jpg", "232000.jpg", "242152.jpg", "227303.jpg", "185428.jpg", "191815.jpg"], "Orientalism": 0.004674771935748571, "title": ["Marlborough Tapestries at Blenheim", "Triton carrying a nereid on his back", "Cameria, daughter of Suleiman the Magnificent", "Still Life of Flowers", "Hilda and I at Burghclere", "Abstract Painting", "Crowning with Thorns", "The Syrian Shepherd", "Sleeping Pig", "Polyhedron. Basketball Players Being Transformed into Angels (Assembling a Hologram - the Central Element)", "Beatitude 6 - Consciousness", "Mountains and Sea at Sunset", "The Sacrament of the Last Supper", "Tetrahedral Planetoid", "The Carcass of an Ox (Slaughtered Ox)", "Head of a Man", "Red, White, and Brown", "Moroccan woman in white", "Self-Portrait in Hell", "Portrait of Z\u00e9lie Courbet"], "style_counts": [0.0008094851073102705, 0.0004420545168302148, 0.00042143599435695567, 0.00030825702338521666, 0.00032767856790372196, 0.0008051086167709665, 0.00010831863713034462, 0.0011361435398338227, 0.0, 4.6904774147260575e-05, 0.0005056166590378108], "scores": [0.010925970817513968, 0.0114460582730919, 0.011811784717078368, 0.012367931560103337, 0.013210406243318444, 0.013358950679812666, 0.013457975446234862, 0.013511828777693252, 0.014110935533566005, 0.01413501517064714, 0.014197335206818438, 0.014318016727127672, 0.01443937823079731, 0.014455863764918387, 0.014594363239037723, 0.014604424649309984, 0.014722336774921064, 0.014729935473543471, 0.014768646666696217, 0.014777680182629396], "Surrealism": 0.00478795090672036, "Color Field Painting": 0.004768529362201868, "Mannerism (Late Renaissance)": 0.004291099313334557, "Expressionism": 0.004987889292975195, "year": ["unknown", 1875.0, "unknown", 1863.0, "unknown", 1961.0, 1575.0, "unknown", "unknown", 1972.0, "unknown", "unknown", 1955.0, 1954.0, 1655.0, 1982.0, 1957.0, 1928.0, 1903.0, 1847.0], "Symbolism": 0.0039600643902717985, "Art Deco": 0.005096207930105522, "style_dict": {"Impressionism": 2, "Neo-Romanticism": 2, "Orientalism": 1, "Surrealism": 3, "Color Field Painting": 2, "Mannerism (Late Renaissance)": 2, "Expressionism": 2, "Symbolism": 1, "Baroque": 1, "Art Deco": 1, "Realism": 3}, "Baroque": 0.005049303155958258, "Realism": 0.004590591271067756}