{"style_counts": [0.001254490004599318, 0.001238093616396596, 0.00106197125509766, 3.2446815987019484e-05, 0.00014923719661663615, 0.00051490085352901, 0.0005697585222301793, 0.0, 0.00031868584508176756, 0.0003430942662233649, 0.0006759758727509224], "Social Realism": 0.001656406707754523, "style_labels": ["Social Realism", "Neo-Romanticism", "Surrealism", "Art Nouveau (Modern)", "Northern Renaissance", "Magic Realism", "Color Field Painting", "Na\u00efve Art (Primitivism)", "Symbolism", "Post-Impressionism", "Realism"], "Neo-Romanticism": 0.0016728030959572663, "Surrealism": 0.0018489254572562667, "contentId": ["235592.jpg", "321884.jpg", "204687.jpg", "221706.jpg", "199666.jpg", "199633.jpg", "265660.jpg", "292727.jpg", "278323.jpg", "204813.jpg", "260665.jpg", "207366.jpg", "204667.jpg", "230256.jpg", "200828.jpg", "226774.jpg", "228916.jpg", "200831.jpg", "230161.jpg", "281238.jpg"], "Art Nouveau (Modern)": 0.0028784498963668748, "artist": ["Hopper Edward", "Kittelsen Theodor Severin", "Escher M.C.", "Dali Salvador", "Corot Camille ", "Corot Camille ", "Sargent John Singer", "Rothko Mark", "Earle Eyvind", "Escher M.C.", "B\u00f6cklin Arnold", "van Gogh Vincent ", "Escher M.C.", "Kustodiev Boris", "Durer Albrecht", "Roerich Nicholas", "Shishkin Ivan", "Durer Albrecht", "Kustodiev Boris", "Botero Fernando"], "Northern Renaissance": 0.002761659515737257, "style": ["Social Realism", "Neo-Romanticism", "Surrealism", "Surrealism", "Realism", "Realism", "Realism", "Color Field Painting", "Magic Realism", "Realism", "Symbolism", "Post-Impressionism", "Realism", "Realism", "Northern Renaissance", "Symbolism", "Realism", "Northern Renaissance", "Art Nouveau (Modern)", "Na\u00efve Art (Primitivism)"], "Magic Realism": 0.0023959958588248877, "Color Field Painting": 0.0023411381901237626, "Na\u00efve Art (Primitivism)": 0.0029108967123538734, "scores": [0.004787631167683439, 0.00483502282507615, 0.005417527760243523, 0.005470568611593449, 0.006118219321511833, 0.0065793948822448906, 0.006710962957040815, 0.006766759706065864, 0.006925318762383621, 0.006925368150642345, 0.007120029766014361, 0.0074219036701524774, 0.007526090728863832, 0.007673902800105261, 0.007981890511256544, 0.008145183673615232, 0.008184952303364254, 0.008281185339388847, 0.008319790286977956, 0.008413573647540432], "year": [1931.0, "unknown", 1933.0, 1941.0, "unknown", 1827.0, 1897.0, 1961.0, "unknown", 1932.0, 1861.0, 1888.0, 1930.0, 1924.0, 1503.0, 1933.0, 1859.0, 1498.0, 1906.0, "unknown"], "Symbolism": 0.0025922108672720937, "title": ["New York, New Haven and Hartford", "Fra Turen Til Notodden", "NOT DETECTED", "The Triumph of Nautilus", "Papigno, Steep and Wooded Banks", "Mount Soracte", "Portrait of Mrs Harold Wilson", "Untitled (No. 17)", "Early Autumn", "San Michele Dei Frisone, Rome", "The Bagpiper", "View of Saintes-Maries with Church and Ramparts", "NOT DETECTED", "Tatar, who sells watermelons", "Madonna On A Grassy Bench", "Stupa", "Rocks on the island of Valaam. Kukko", "Madonna With The Monkey", "Province (Kostroma)", "Still Life with Watermelon"], "Post-Impressionism": 0.0025678024461305666, "style_dict": {"Social Realism": 1, "Neo-Romanticism": 1, "Magic Realism": 1, "Art Nouveau (Modern)": 1, "Northern Renaissance": 2, "Surrealism": 2, "Color Field Painting": 1, "Na\u00efve Art (Primitivism)": 1, "Symbolism": 2, "Post-Impressionism": 1, "Realism": 7}, "Realism": 0.0022349208396029957}