{"Suprematism": 0.004505128495453898, "year": [1887.0, 1933.0, 1890.0, 1954.0, 1937.0, "unknown", 1957.0, 1988.0, 1915.0, "unknown", 1949.0, 1913.0, 1897.0, 1899.0, "unknown", "unknown", 1899.0, "unknown", 1984.0, 1916.0], "style": ["Post-Impressionism", "Neo-Suprematism, Neoclassicism", "Post-Impressionism", "Na\u00efve Art (Primitivism)", "Expressionism", "Na\u00efve Art (Primitivism)", "Surrealism", "Neo-Expressionism", "Symbolism", "Art Nouveau (Modern)", "Action painting", "Suprematism", "Art Nouveau (Modern)", "Art Nouveau (Modern)", "Purism", "Cubism", "Art Nouveau (Modern)", "Regionalism", "Abstract Expressionism", "Abstract Art"], "style_labels": ["Abstract Expressionism", "Neo-Expressionism", "Regionalism", "Art Nouveau (Modern)", "Neo-Suprematism, Neoclassicism", "Purism", "Surrealism", "Suprematism", "Action painting", "Expressionism", "Symbolism", "Abstract Art", "Post-Impressionism", "Cubism", "Na\u00efve Art (Primitivism)"], "Neo-Expressionism": 0.004313920376250708, "Art Nouveau (Modern)": 0.00437014688882261, "Expressionism": 0.004188508028052731, "Symbolism": 0.004381807598637676, "style_dict": {"Suprematism": 1, "Neo-Expressionism": 1, "Regionalism": 1, "Art Nouveau (Modern)": 4, "Neo-Suprematism, Neoclassicism": 1, "Purism": 1, "Surrealism": 1, "Abstract Expressionism": 1, "Na\u00efve Art (Primitivism)": 2, "Expressionism": 1, "Symbolism": 1, "Abstract Art": 1, "Post-Impressionism": 2, "Cubism": 1, "Action painting": 1}, "Regionalism": 0.004890988655610224, "Na\u00efve Art (Primitivism)": 0.004135453069307169, "Purism": 0.004649540971082331, "scores": [0.0050072679398407574, 0.01109866033404109, 0.01197546778600225, 0.01210487537797397, 0.012106345312004968, 0.012248303049589078, 0.012352604363323723, 0.012468833621327842, 0.012665052931637149, 0.012926827101575505, 0.012956997770646923, 0.013021496168953185, 0.0132225626689411, 0.013245475364869363, 0.013438901909997475, 0.013548557665151312, 0.013825175901284618, 0.014136775478366321, 0.01513025225191467, 0.015230985325225625], "Abstract Art": 0.00526955928199074, "Post-Impressionism": 0.0028838661364703772, "style_counts": [3.485125158575464e-05, 0.0009556389057400194, 0.00037857062638047, 0.000899412393168042, 0.0014296863301045404, 0.0006200183109084101, 0.0009958514692922638, 0.0007644307865367628, 0.0007867457009176348, 0.0010810512539379813, 0.0008877516833529775, 0.0, 0.0023856931455202846, 0.0005820800232627654, 0.0011341062126835055], "Abstract Expressionism": 0.005234708030404931, "artist": ["van Gogh Vincent ", "Malevich Kazimir", "van Gogh Vincent ", "Leger Fernand ", "Pollock Jackson ", "Leger Fernand ", "Chagall Marc", "Basquiat Jean-Michel ", "Roerich Nicholas", "Vallotton  Felix", "Pollock Jackson ", "Malevich Kazimir", "Mucha Alphonse", "Mucha Alphonse", "Leger Fernand ", "Leger Fernand ", "Mucha Alphonse", "Rockwell Norman", "Warhol Andy", "O'Keeffe Georgia"], "contentId": ["207177.jpg", "219673.jpg", "206820.jpg", "196253.jpg", "185284.jpg", "196220.jpg", "203024.jpg", "203812.jpg", "226993.jpg", "271101.jpg", "288184.jpg", "361384.jpg", "227820.jpg", "227653.jpg", "195924.jpg", "196124.jpg", "227647.jpg", "247800.jpg", "300231.jpg", "231647.jpg"], "title": ["The Seine with the Pont de Clichy", "Girl with Red Flagpole", "Sheet with Sketches of Diggers and Other Figures", "The dancers (yellow background)", "Landscape with Steer", "The Bathers", "Song of Songs II", "Exu", "Untitled", "Cover of the Romanian Symbolist and avant garde magazine Chemarea (The Calling)", "Number 26", "Costume for Victory over the Sun. Many and One", "Salome", "Hamlet", "Birds on a yellow background", "Project Costume Skating Rink", "Flirt Lefevre Utile", "Sleeping Boy", "Rorschach", "Blue-03"], "Neo-Suprematism, Neoclassicism": 0.0038398729518861444, "Surrealism": 0.004273707812698427, "Action painting": 0.004482813581073054, "Cubism": 0.004687479258727949}