{"High Renaissance": 0.0028460478203066047, "year": [1871.0, "unknown", 1535.0, "unknown", 1892.0, 1917.0, 1917.0, 1615.0, "unknown", 1822.0, 1893.0, 1899.0, 1885.0, "unknown", 1918.0, 1872.0, 1949.0, 1883.0, 1913.0, 1916.0], "style": ["Impressionism", "Realism", "High Renaissance", "Surrealism", "Post-Impressionism", "Cubism", "Expressionism", "Baroque", "Na\u00efve Art (Primitivism)", "Romanticism", "Art Nouveau (Modern)", "Art Nouveau (Modern)", "Realism", "Ukiyo-e", "Symbolism", "Romanticism", "Na\u00efve Art (Primitivism)", "Impressionism", "Art Nouveau (Modern)", "Expressionism"], "title": ["Captain Edouard Bernier", "Forest in Fontainbleau", "Annunciation", "Untitled", "The moment of truth I", "Marketplace in Vitebsk", "Portrait of Chaim Soutine", "Battle of the Amazons", "Still Life with Watermelon", "Infante Don Sebasti\u00e1n Gabriel de Borb\u00f3n y Braganza", "Carnot Malade Cannot Ill, a Song Sung at the Chat Noir", "Family", "Head of a Peasant Woman with White Cap", "Portrait of Matsuo Basho", "Night rider", "Italian Girl", "Trouville", "Venice", "Queen Anna's tower", "A young girl"], "Art Nouveau (Modern)": 0.0034888707240303806, "Ukiyo-e": 0.003651367311905369, "Expressionism": 0.0034581883148619816, "Symbolism": 0.003674343256289126, "style_dict": {"Impressionism": 2, "Art Nouveau (Modern)": 3, "Ukiyo-e": 1, "Romanticism": 2, "High Renaissance": 1, "Surrealism": 1, "Na\u00efve Art (Primitivism)": 2, "Expressionism": 2, "Symbolism": 1, "Baroque": 1, "Post-Impressionism": 1, "Cubism": 1, "Realism": 2}, "Impressionism": 0.0030637563045772735, "scores": [0.007335867875214067, 0.007464583777383403, 0.008226136241436149, 0.00921891274123854, 0.009303348333393415, 0.009399276899142349, 0.009608104822303985, 0.009821874324942316, 0.009833811526914699, 0.010299187414560582, 0.01030337611012904, 0.010335632772997953, 0.010365296724857895, 0.010553808956036515, 0.010620217976794319, 0.010632887835787726, 0.01066626928630719, 0.010706219096514438, 0.010716158995579473, 0.010756744120851067], "Baroque": 0.0033981353084114804, "Post-Impressionism": 0.003218737627081268, "Realism": 0.003027721176834996, "style_counts": [0.0006105869517119, 0.00018547253225875693, 2.2975944383718527e-05, 0.00011983331425013954, 0.0008282954359825068, 0.0004848183392768268, 0.0001931909963388545, 0.00021615494142712688, 0.0, 0.000276207947877638, 0.00045560562920787806, 0.0004224166231615589, 0.0006466220794540956], "artist": ["Renoir Pierre-Auguste", "Corot Camille ", "Titian", "Beksinski Zdislav", "Gauguin Paul ", "Chagall Marc", "Modigliani Amedeo ", "Rubens Peter Paul", "Botero Fernando", "Goya Francisco", "Toulouse-Lautrec Henri de", "Vallotton  Felix", "van Gogh Vincent ", "Hokusai Katsushika", "Roerich Nicholas", "Corot Camille ", "Leger Fernand ", "Hassam Childe", "Roerich Nicholas", "Modigliani Amedeo "], "contentId": ["218342.jpg", "199532.jpg", "224843.jpg", "258675.jpg", "190866.jpg", "297861.jpg", "189631.jpg", "216389.jpg", "281238.jpg", "193946.jpg", "230393.jpg", "271105.jpg", "206100.jpg", "223554.jpg", "226267.jpg", "199564.jpg", "196411.jpg", "244388.jpg", "226414.jpg", "189454.jpg"], "style_labels": ["Impressionism", "Art Nouveau (Modern)", "Ukiyo-e", "Romanticism", "High Renaissance", "Surrealism", "Na\u00efve Art (Primitivism)", "Expressionism", "Symbolism", "Baroque", "Post-Impressionism", "Cubism", "Realism"], "Romanticism": 0.003554509942038958, "Surrealism": 0.003189524917012328, "Na\u00efve Art (Primitivism)": 0.0034811522599502787, "Cubism": 0.0032519266331275903}