{"style": ["Expressionism", "Realism", "Realism", "Surrealism", "Expressionism", "Academicism", "Baroque", "Cubism", "Surrealism", "Abstract Art", "Cubism", "Neo-Romanticism", "unknown", "Surrealism", "Academicism", "Expressionism", "Surrealism", "Surrealism", "Surrealism", "Baroque"], "style_labels": ["Neo-Romanticism", "unknown", "Surrealism", "Expressionism", "Academicism", "Abstract Art", "Baroque", "Cubism", "Realism"], "Neo-Romanticism": 0.005646188527739276, "contentId": ["232096.jpg", "229844.jpg", "230003.jpg", "203056.jpg", "189393.jpg", "279473.jpg", "216623.jpg", "210901.jpg", "221175.jpg", "282742.jpg", "196425.jpg", "321827.jpg", "9223372032559820539.jpg", "220888.jpg", "279462.jpg", "9223372032559820562.jpg", "224570.jpg", "220795.jpg", "221268.jpg", "186676.jpg"], "unknown": 0.005684953134574693, "artist": ["Freud Lucian", "Kustodiev Boris", "Kustodiev Boris", "Chagall Marc", "Kandinsky Wassily", "Gerome Jean-Leon", "Rubens Peter Paul", "Ray Man", "Dali Salvador", "Klee Paul", "Leger Fernand ", "Kittelsen Theodor Severin", "Matisse Henri", "Dali Salvador", "Gerome Jean-Leon", "Modigliani Amedeo ", "Picasso Pablo", "Dali Salvador", "Dali Salvador", "Caravaggio"], "year": [1961.0, 1918.0, 1919.0, 1965.0, 1905.0, "unknown", "unknown", 1913.0, 1957.0, 1928.0, 1923.0, 1890.0, 1906.0, 1974.0, 1867.0, 1918.0, 1962.0, 1958.0, 1943.0, "unknown"], "style_counts": [3.876460683549521e-05, 0.0, 0.0005492675774853018, 0.0008971953798786458, 0.00026472481651174107, 4.772060096969177e-05, 0.00022279919985279673, 0.0002956026142678647, 0.0014476437079075088], "Surrealism": 0.005135685557089448, "title": ["Pregnant Girl", "Harvester", "Portrait of Dmitri Dmitrievich Shostakovich  as a Child", "Song of Songs V", "Russian beauty in a landscape", "The Harem Bath", "The Abbot of St. Michael's", "Portrait of Alfred Stieglitz", "Music - The Red Orchestra", "Neuer Stadtteil in M", "Woman with a Book", "Peer Gynt 03", "Street at Biskra", "Cranach Metamorphosis (Woman in a Mirror)", "The Death of Caesar", "Young Farmer", "The Luncheon on the Grass", "Ascension", "Painting for the backdrop of 'Cafe De Chinitas'", "not identified"], "Expressionism": 0.004787757754696129, "Academicism": 0.005420228318063011, "scores": [0.01181067423663966, 0.012044047170709653, 0.012908950914627227, 0.014676904812041047, 0.014694758918007577, 0.01540642857602536, 0.015427970252165192, 0.015439452750214543, 0.015505699380137995, 0.016293697707825537, 0.016297774738550357, 0.016319583860334927, 0.016431627985137965, 0.016492063786119393, 0.01651263449534761, 0.016523088116457522, 0.016557680807228404, 0.016669366468289502, 0.016715758900692688, 0.016737987659039805], "Abstract Art": 0.0056372325336050706, "Baroque": 0.005462153934721897, "style_dict": {"Neo-Romanticism": 1, "unknown": 1, "Surrealism": 6, "Expressionism": 3, "Abstract Art": 1, "Academicism": 2, "Baroque": 2, "Cubism": 2, "Realism": 2}, "Cubism": 0.005389350520306858, "Realism": 0.004237309426667246}