{"year": [1887.0, "unknown", 1928.0, 1890.0, 1885.0, 1914.0, 1906.0, 1983.0, 1916.0, 1945.0, "unknown", 1915.0, 1982.0, "unknown", "unknown", 1903.0, 1976.0, "unknown", 1912.0, 1899.0], "style": ["Post-Impressionism", "Na\u00efve Art (Primitivism)", "Expressionism", "Post-Impressionism", "Neo-Romanticism", "Dada", "Art Nouveau (Modern)", "Surrealism", "Abstract Art", "Symbolism", "Regionalism", "Symbolism", "Pop Art", "Purism", "Surrealism", "Art Nouveau (Modern)", "Pop Art", "Cubism", "Art Nouveau (Modern)", "Realism"], "Neo-Romanticism": 0.004024584266143293, "title": ["The Seine with the Pont de Clichy", "The Bathers", "Market in Marrakesh", "Couple Arm in Arm and Other Figures, with a Windmill in the Background", "Krigen Mellom Froskene Og Musene 13", "Ridgefield Landscape", "Christ the saviour. Saint Peter and Saint Paul.", "Bed, Chair and Bedside Table Ferociously Attacking a Cello", "Blue-02", "Lama", "Clown Training Dogs", "Untitled", "Knives", "Birds on a yellow background", "Tails of comets (study for a screen)", "Intercession of the Theotokos", "Mimosas", "Project Costume Skating Rink", "Entourage", "Love\u00a0and\u00a0Psyche"], "Art Nouveau (Modern)": 0.00445016818804816, "Expressionism": 0.003574136845621134, "Symbolism": 0.004367506821282003, "style_dict": {"Neo-Romanticism": 1, "Art Nouveau (Modern)": 3, "Dada": 1, "Purism": 1, "Surrealism": 2, "Na\u00efve Art (Primitivism)": 1, "Expressionism": 1, "Pop Art": 2, "Symbolism": 2, "Abstract Art": 1, "Post-Impressionism": 2, "Cubism": 1, "Realism": 1, "Regionalism": 1}, "Regionalism": 0.00449461047581583, "Dada": 0.0040598912224202215, "Purism": 0.0045742781380191215, "scores": [0.008333361810560122, 0.010196807680646399, 0.01033058419743941, 0.010342407473508407, 0.011632544700133834, 0.011734594929413944, 0.012120205390334938, 0.012270774085572173, 0.012543679443745497, 0.012704580373197594, 0.012991095182042316, 0.013015134279518493, 0.013210874467318102, 0.013221364342892322, 0.0135958789626422, 0.013760841412507645, 0.013878236124424749, 0.014099015922028793, 0.014113490588194893, 0.014184712019272145], "Abstract Art": 0.004339815253687558, "Post-Impressionism": 0.0031713629347067617, "Realism": 0.004907573560570933, "style_counts": [0.0008829892944276496, 0.0004574053725228122, 0.0008476823381506904, 0.00033329542255178257, 0.0005151148899658065, 0.0013797202134054887, 0.0013334367149497872, 0.0003075273746228069, 0.0005400667392889691, 0.0005677583068833814, 0.001736210625864154, 2.9648814900418152e-05, 0.0, 0.00041296308475513577], "artist": ["van Gogh Vincent ", "Leger Fernand ", "Serebriakova Zinaida", "van Gogh Vincent ", "Kittelsen Theodor Severin", "Ray Man", "Roerich Nicholas", "Dali Salvador", "O'Keeffe Georgia", "Roerich Nicholas", "Rockwell Norman", "Roerich Nicholas", "Warhol Andy", "Leger Fernand ", "Leger Fernand ", "Roerich Nicholas", "Warhol Andy", "Leger Fernand ", "Roerich Nicholas", "Bouguereau William-Adolphe"], "contentId": ["207177.jpg", "196220.jpg", "227289.jpg", "205831.jpg", "321822.jpg", "210864.jpg", "225484.jpg", "220830.jpg", "231646.jpg", "226067.jpg", "247639.jpg", "226993.jpg", "300227.jpg", "195924.jpg", "196212.jpg", "225905.jpg", "300236.jpg", "196124.jpg", "225572.jpg", "232426.jpg"], "style_labels": ["Neo-Romanticism", "Art Nouveau (Modern)", "Dada", "Purism", "Surrealism", "Na\u00efve Art (Primitivism)", "Expressionism", "Pop Art", "Symbolism", "Abstract Art", "Post-Impressionism", "Cubism", "Realism", "Regionalism"], "Surrealism": 0.004392458670605075, "Na\u00efve Art (Primitivism)": 0.0035278533471654254, "Pop Art": 0.004600046185948074, "Cubism": 0.0048779247456704825}