{"style_counts": [0.0, 0.0006314987625647417, 6.222946826084375e-05, 3.1794080861513585e-05, 0.0004938284054324393, 0.00019982287343012217, 8.267959031227345e-05, 0.00010005487404252111, 0.00019905829905675354, 0.0004720148749902675, 0.00031433148883464046, 0.00024043879569990434], "style": ["Baroque", "Op Art", "Baroque", "High Renaissance", "Cubism", "Neoclassicism", "Symbolism", "Surrealism", "Surrealism", "Expressionism", "Art Nouveau (Modern)", "Romanticism", "Baroque", "Cubism, Expressionism", "Realism", "Realism", "Expressionism", "Surrealism", "Realism", "Baroque"], "style_labels": ["Cubism, Expressionism", "Op Art", "Art Nouveau (Modern)", "Romanticism", "High Renaissance", "Surrealism", "Realism", "Expressionism", "Symbolism", "Baroque", "Cubism", "Neoclassicism"], "Cubism, Expressionism": 0.0034888369046943164, "Op Art": 0.0028573381421295838, "contentId": ["220353.jpg", "221391.jpg", "216379.jpg", "224959.jpg", "202457.jpg", "193500.jpg", "226676.jpg", "234174.jpg", "276569.jpg", "290274.jpg", "225904.jpg", "194190.jpg", "220584.jpg", "193720.jpg", "207406.jpg", "199604.jpg", "256151.jpg", "211541.jpg", "224579.jpg", "220687.jpg"], "Art Nouveau (Modern)": 0.0034266074364335815, "artist": ["Rembrandt", "Dali Salvador", "Rubens Peter Paul", "Titian", "Chagall Marc", "Ingres Jean Auguste Dominique ", "Roerich Nicholas", "Ernst Max", "Varo Remedios", "Matisse Henri", "Roerich Nicholas", "Goya Francisco", "Rembrandt", "Braque Georges ", "van Gogh Vincent ", "Corot Camille ", "Derain Andre", "Magritte Rene", "Picasso Pablo", "Rembrandt"], "Romanticism": 0.0034570428238328973, "High Renaissance": 0.002995008499261978, "scores": [0.007739180720471851, 0.008258769468770846, 0.008529970450147728, 0.008656687980925797, 0.009175500799289329, 0.00938907815264091, 0.009508683171466078, 0.009620323510161339, 0.00980409249175027, 0.009825811144333431, 0.009904169359664601, 0.009992138943844212, 0.009996972131379636, 0.010084035657234324, 0.010114170588062563, 0.010123419004110765, 0.010130312661566675, 0.01013460044297888, 0.010374216594316404, 0.010473006138211267], "Surrealism": 0.003289014031264228, "Realism": 0.0034061573143821444, "Expressionism": 0.003388782030651831, "year": [1659.0, 1977.0, 1625.0, 1533.0, 1914.0, 1816.0, 1922.0, "unknown", 1956.0, 1939.0, 1913.0, 1814.0, 1661.0, 1936.0, 1884.0, 1835.0, 1945.0, 1960.0, 1895.0, 1661.0], "Symbolism": 0.0032897786056376465, "title": ["Portrait of Hendrickje Stoffels", "Randomdot Correlogram - The Golden Fleece", "Anna of Austria, queen of France, mother of king Louis XIV", "Portrait of Alfonso d`Avalos , in Armor with a Page", "Blue Lovers", "Portrait of the painter Charles Thevenin, director of the Academy of France in Rome", "Spell words", "Flowers of seashells", "Three destinations", "The Red Table", "Inner yard", "Truth Rescued by Time, Witnessed by History", "The Circumcision", "Woman with the easel", "Weaver near an Open Window", "Madame Corot, the Artist's Mother, Born Marie Francoise Oberson", "Orgiastic women", "The heartstrings", "The old fisherman", "The Virgin of Sorrow"], "Baroque": 0.0030168220297041555, "style_dict": {"Cubism, Expressionism": 1, "Op Art": 1, "Art Nouveau (Modern)": 1, "Romanticism": 1, "High Renaissance": 1, "Surrealism": 3, "Realism": 3, "Expressionism": 2, "Symbolism": 1, "Baroque": 4, "Cubism": 1, "Neoclassicism": 1}, "Cubism": 0.0031745054158597115, "Neoclassicism": 0.003248398108994466}