{"style_counts": [6.679723922264902e-05, 0.00010764308526167721, 0.0003889502431279057, 0.0003628518349505505, 0.0008974950387391489, 0.0007699173006817661, 0.00038873799543304166, 0.0007796917465158204, 0.0, 0.000533526150245045], "style": ["Surrealism", "Neoclassicism", "Post-Impressionism", "Realism", "Romanticism", "High Renaissance", "Realism", "Symbolism", "Neoclassicism", "Symbolism", "Realism", "Surrealism", "Realism", "Art Nouveau (Modern)", "Cubism, Expressionism", "High Renaissance", "Synthetic Cubism", "Symbolism", "Realism", "Romanticism"], "style_labels": ["Cubism, Expressionism", "Art Nouveau (Modern)", "Romanticism", "High Renaissance", "Surrealism", "Neoclassicism", "Symbolism", "Post-Impressionism", "Synthetic Cubism", "Realism"], "Cubism, Expressionism": 0.0038280710083780285, "contentId": ["221798.jpg", "193358.jpg", "214280.jpg", "266196.jpg", "187920.jpg", "224948.jpg", "265999.jpg", "260696.jpg", "193387.jpg", "225476.jpg", "266328.jpg", "220888.jpg", "266101.jpg", "226751.jpg", "193790.jpg", "225178.jpg", "193718.jpg", "226704.jpg", "191816.jpg", "201751.jpg"], "Art Nouveau (Modern)": 0.003787225162338974, "artist": ["Dali Salvador", "Ingres Jean Auguste Dominique ", "Matisse Henri", "Sargent John Singer", "Delacroix Eugene ", "Titian", "Sargent John Singer", "B\u00f6cklin Arnold", "Ingres Jean Auguste Dominique ", "Roerich Nicholas", "Sargent John Singer", "Dali Salvador", "Sargent John Singer", "Roerich Nicholas", "Braque Georges ", "da Vinci Leonardo", "Braque Georges ", "Roerich Nicholas", "Courbet Gustave", "Dore Gustave "], "Romanticism": 0.0035059180044727336, "High Renaissance": 0.003532016412650075, "style_dict": {"Cubism, Expressionism": 1, "Art Nouveau (Modern)": 1, "Romanticism": 2, "High Renaissance": 2, "Surrealism": 2, "Neoclassicism": 2, "Symbolism": 3, "Post-Impressionism": 1, "Synthetic Cubism": 1, "Realism": 5}, "Surrealism": 0.002997373208861541, "Neoclassicism": 0.0031249509469189235, "scores": [0.006978044438100099, 0.008271600549467954, 0.009004018179597437, 0.009262864869427545, 0.009297926036960853, 0.009601730795757086, 0.009838022880896847, 0.010015208243987085, 0.010130854202714357, 0.010212249014711293, 0.010663167960393814, 0.01067312058446213, 0.010882400734291992, 0.010946488650018286, 0.011064548329836945, 0.011197882805167913, 0.01125761718359131, 0.011282825396409244, 0.011303799170922488, 0.011347997223301026], "year": [1944.0, 1815.0, 1902.0, 1889.0, "unknown", 1515.0, 1922.0, 1885.0, 1852.0, 1932.0, 1913.0, 1974.0, 1900.0, 1912.0, 1948.0, 1510.0, 1919.0, 1924.0, "unknown", "unknown"], "Symbolism": 0.003506130252167623, "title": ["Untitled -The Seven Arts", "Jean Pierre Cortot", "The path in the Bois de Boulogne", "Madame Helleu", "Two Figures", "Portrait of a Man", "The Countess of Rocksavage, later Marchioness of Cholmondeley", "Unicorn", "Madame Gonse", "Charaka", "Sylvia Harrison", "Cranach Metamorphosis (Woman in a Mirror)", "Elizabeth Garrett Anderson", "Study of scene design for \"Tristan und Isolde\"", "The Terrace", "Leda", "Still life with glass carafe and phillips ace", "Steps of the Himalayas", "Reclining nude", "Paolo and Francesca da Rimini"], "Post-Impressionism": 0.0031151765010848484, "Synthetic Cubism": 0.0038948682476006033, "Realism": 0.003361342097355566}