{"style": ["Na\u00efve Art (Primitivism)", "Neoclassicism", "Neoclassicism", "Magic Realism", "Realism", "Neoclassicism", "Neoclassicism", "Neoclassicism", "Neoclassicism", "Symbolism", "Magic Realism", "Northern Renaissance", "Magic Realism", "Neoclassicism", "Surrealism", "Na\u00efve Art (Primitivism)", "Realism", "Neoclassicism", "Neoclassicism", "Symbolism"], "style_labels": ["Surrealism", "Northern Renaissance", "Neoclassicism", "Magic Realism", "Na\u00efve Art (Primitivism)", "Symbolism", "Realism"], "Surrealism": 0.002425955298074529, "contentId": ["234188.jpg", "262137.jpg", "261529.jpg", "278170.jpg", "215453.jpg", "262174.jpg", "261745.jpg", "261737.jpg", "261698.jpg", "225813.jpg", "278207.jpg", "201199.jpg", "278234.jpg", "261680.jpg", "203028.jpg", "219692.jpg", "229947.jpg", "262656.jpg", "262144.jpg", "225955.jpg"], "artist": ["Ernst Max", "Piranesi Giovanni Battista", "Piranesi Giovanni Battista", "Earle Eyvind", "Repin Ilya", "Piranesi Giovanni Battista", "Piranesi Giovanni Battista", "Piranesi Giovanni Battista", "Piranesi Giovanni Battista", "Roerich Nicholas", "Earle Eyvind", "Durer Albrecht", "Earle Eyvind", "Piranesi Giovanni Battista", "Chagall Marc", "Malevich Kazimir", "Kustodiev Boris", "Piranesi Giovanni Battista", "Piranesi Giovanni Battista", "Roerich Nicholas"], "Northern Renaissance": 0.00237725551883398, "style_counts": [0.0, 4.869977924060187e-05, 0.00038453424127171676, 0.00020454636679456684, 0.00040555982758427866, 4.184494605263822e-05, 0.0001321207023424753], "Neoclassicism": 0.0020414210568028544, "Magic Realism": 0.002221408931279934, "Na\u00efve Art (Primitivism)": 0.0020203954704902543, "scores": [0.0048559136211464935, 0.0060070754061777466, 0.006162572150049363, 0.0062997471772570516, 0.006417947816421155, 0.006459594707274929, 0.006565254454694568, 0.006730914462275784, 0.0067568771958467465, 0.006764983712743176, 0.006783631292796355, 0.00687115221294053, 0.006880860814535728, 0.0069142237492353644, 0.00701191267947319, 0.007041948732139156, 0.007090164174446762, 0.007093311572598312, 0.007170498202169001, 0.0072747511895117885], "year": [1970.0, "unknown", "unknown", 1987.0, 1878.0, 1756.0, "unknown", "unknown", "unknown", "unknown", 1975.0, 1515.0, 1984.0, "unknown", 1957.0, 1914.0, 1905.0, "unknown", "unknown", 1926.0], "Symbolism": 0.0023841103520218917, "title": ["Homage to Marcel Duchamp", "The creation of man", "Bust of Piranesi", "Towering Oak", "Zaporozhtsy", "The Roman antiquities, t. 1, Plate XI. Urban Walls.", "Galatea", "From near and Andromeda Carav", "Fireplace: in the frieze horse skull between two cameos; rich interior wing", "Himalayas", "Hidden Valley", "The Desperate Man", "Reflections", "Fireplace with a cameo in the frieze and border of small acorns, rich wing", "Song of Songs II", "In the morning went from Lviv", "Pavlov's mill on the river Yahrust", "View of the Temple of Camene", "The Feast in the House of Simon the Pharisee", "Karakoram ridge"], "style_dict": {"Surrealism": 1, "Northern Renaissance": 1, "Neoclassicism": 9, "Magic Realism": 3, "Na\u00efve Art (Primitivism)": 2, "Symbolism": 2, "Realism": 2}, "Realism": 0.002293834595732056}