{"High Renaissance": 0.002882086825635065, "year": [1881.0, "unknown", 1518.0, "unknown", 1858.0, 1982.0, 1931.0, 1614.0, 1983.0, 1887.0, 1894.0, 1962.0, 1879.0, 1906.0, 1907.0, 1877.0, 1923.0, 1937.0, "unknown", 1860.0], "Academicism": 0.004166785157358215, "style": ["Orientalism", "Symbolism", "High Renaissance", "Neoclassicism", "Orientalism", "Surrealism", "Symbolism", "Baroque", "Expressionism", "Post-Impressionism", "Realism", "Surrealism", "Impressionism", "Post-Impressionism", "Expressionism", "Impressionism", "Cubism, Post-Impressionism", "Na\u00efve Art (Primitivism)", "Academicism", "Realism"], "title": ["Cave Canem", "Fiat Rex", "St. Margaret", "Portrait of a Young Girl", "Lion Hunt", "Mirror Women - Mirror Head", "Guga Chohan. Kuluta.", "Venus and Adonis", "Head Inspired by Michelangelo", "Portrait of a Woman (Madame Tanguy)", "At the lake Como. Enbankment.", "The Beautiful Night", "Diego Martelli", "The Seine at Chatou", "Cupid and Psyche", "Young Woman Lifting Her Skirt", "Cadaques", "The Deceased Dimas", "Portrait of Mr. Leblond", "The Village Girl with a Goatling"], "Expressionism": 0.003639955368215468, "Symbolism": 0.003063752801303271, "style_dict": {"Impressionism": 2, "Cubism, Post-Impressionism": 1, "Orientalism": 2, "High Renaissance": 1, "Surrealism": 2, "Realism": 2, "Expressionism": 2, "Symbolism": 2, "Academicism": 1, "Baroque": 1, "Post-Impressionism": 2, "Neoclassicism": 1, "Na\u00efve Art (Primitivism)": 1}, "Neoclassicism": 0.0028997575328732635, "Impressionism": 0.003829211439268373, "Cubism, Post-Impressionism": 0.004047876150317452, "scores": [0.006315857687368586, 0.008046917302721938, 0.0083303023646202, 0.00838137727776354, 0.00875613214629745, 0.008948743599384513, 0.009995149038653513, 0.01016067710275523, 0.010224287393973443, 0.010299618053854983, 0.010486152304248491, 0.010695702651561948, 0.01098064736948396, 0.011051562734258565, 0.011210965543226072, 0.011569111473019686, 0.011699866904339013, 0.011895768569816867, 0.01204355814004911, 0.012143092328642531], "Baroque": 0.003515353025090085, "Post-Impressionism": 0.0036256789390415535, "Realism": 0.003842709051368638, "style_counts": [0.00033757371808984526, 0.00011890900704081275, 0.0016073859067184948, 0.00032407610598961245, 0.0012846983317231775, 0.0008309296022012136, 5.113168222348197e-05, 0.0005268297891427576, 0.0011030323560550226, 0.0, 0.0006514321322681482, 0.0005411062183167115, 0.0012670276244849399], "artist": ["Gerome Jean-Leon", "Roerich Nicholas", "Raphael", "Bouguereau William-Adolphe", "Delacroix Eugene ", "Dali Salvador", "Roerich Nicholas", "Rubens Peter Paul", "Dali Salvador", "van Gogh Vincent ", "Levitan Isaac", "Delvaux Paul", "Degas Edgar", "Derain Andre", "Munch Edvard ", "Renoir Pierre-Auguste", "Dali Salvador", "Kahlo Frida ", "Gerome Jean-Leon", "Courbet Gustave"], "contentId": ["279337.jpg", "225589.jpg", "210573.jpg", "232459.jpg", "187792.jpg", "221155.jpg", "225671.jpg", "216721.jpg", "221039.jpg", "206644.jpg", "210068.jpg", "243171.jpg", "213447.jpg", "344302.jpg", "185349.jpg", "219566.jpg", "220846.jpg", "185004.jpg", "279414.jpg", "191942.jpg"], "Orientalism": 0.002559399250639737, "style_labels": ["Impressionism", "Cubism, Post-Impressionism", "Orientalism", "Realism", "High Renaissance", "Surrealism", "Na\u00efve Art (Primitivism)", "Expressionism", "Symbolism", "Academicism", "Baroque", "Post-Impressionism", "Neoclassicism"], "Surrealism": 0.0033358555551570184, "Na\u00efve Art (Primitivism)": 0.004115653475134813}