{"style": ["Art Nouveau (Modern)", "Orphism", "Surrealism", "Pop Art", "Surrealism", "Na\u00efve Art (Primitivism)", "Art Nouveau (Modern)", "Regionalism", "Purism", "Pop Art", "Na\u00efve Art (Primitivism)", "Abstract Expressionism", "Surrealism", "Abstract Art", "Symbolism", "Surrealism", "Regionalism", "Art Nouveau (Modern)", "unknown", "Symbolism"], "Abstract Expressionism": 0.0072037108036001165, "contentId": ["227018.jpg", "196036.jpg", "204702.jpg", "229278.jpg", "228057.jpg", "196151.jpg", "227031.jpg", "247777.jpg", "195993.jpg", "229272.jpg", "195986.jpg", "231597.jpg", "224485.jpg", "189401.jpg", "226027.jpg", "202374.jpg", "247783.jpg", "225990.jpg", "345150.jpg", "226188.jpg"], "unknown": 0.00857404489924978, "Art Nouveau (Modern)": 0.006106951791037416, "Orphism": 0.0052377405925130285, "year": [1918.0, "unknown", 1934.0, 1962.0, 1945.0, "unknown", 1918.0, "unknown", 1951.0, 1968.0, "unknown", "unknown", 1936.0, 1922.0, 1926.0, 1984.0, "unknown", 1912.0, 1939.0, 1922.0], "style_counts": [0.0013703340956495724, 0.0, 0.0024670931082123593, 0.0033363043067367038, 0.001602701133074813, 0.002194625337297307, 0.0020458758116997933, 0.0011359515963582645, 0.0003954803570589416, 0.002363239419637342, 0.0011932338253044517], "Purism": 0.006971343766174881, "Surrealism": 0.006379419561952417, "style_labels": ["Abstract Expressionism", "unknown", "Art Nouveau (Modern)", "Orphism", "Purism", "Surrealism", "Na\u00efve Art (Primitivism)", "Abstract Art", "Symbolism", "Pop Art", "Regionalism"], "title": ["Vignette for book \"N. K. Roerich\"", "Model, setting for the opera by Darius Milhaud Bolivar, L pass Andes", "NOT DETECTED", "3 Coke Bottles", "Women Sonando Evasion", "Soldiers", "Vignette for book \"N. K. Roerich\"", "Pirat", "Flower lamp", "Campbell's Soup Can (Tomato/Pink)", "Eiffel Tower", "Summer Madness", "Still life with lemon and jug", "Small worlds III", "Ladakh. Himalayas.", "A painer with chandelier", "Radio Phone", "Knight of entourage", "Ciuda Lagui", "Monhegan (study)"], "Na\u00efve Art (Primitivism)": 0.006528169087549989, "scores": [0.011113947407306146, 0.015139017483785981, 0.015785441787208178, 0.015880440881522264, 0.017169821088200966, 0.01770104843912324, 0.019675263716080624, 0.020007436474043273, 0.02014977513633736, 0.02069423461086044, 0.02074254260881996, 0.02082140225877726, 0.02136334662945364, 0.021498854815274072, 0.02325186076128654, 0.02337053447920067, 0.02345725917393251, 0.02409516659696064, 0.02478217722772523, 0.0249107077020239], "Abstract Art": 0.007438093302891458, "Symbolism": 0.008178564542190833, "Pop Art": 0.0062108054796124286, "artist": ["Roerich Nicholas", "Leger Fernand ", "Escher M.C.", "Warhol Andy", "Miro Joan", "Leger Fernand ", "Roerich Nicholas", "Rockwell Norman", "Leger Fernand ", "Warhol Andy", "Leger Fernand ", "Twombly Cy", "Picasso Pablo", "Kandinsky Wassily", "Roerich Nicholas", "Chagall Marc", "Rockwell Norman", "Roerich Nicholas", "Solar Xul", "Roerich Nicholas"], "style_dict": {"Abstract Expressionism": 1, "unknown": 1, "Art Nouveau (Modern)": 3, "Purism": 1, "Surrealism": 4, "Na\u00efve Art (Primitivism)": 2, "Orphism": 1, "Symbolism": 2, "Pop Art": 2, "Abstract Art": 1, "Regionalism": 2}, "Regionalism": 0.007380811073945312}