{"Impressionism": 0.00408228001198066, "style": ["Abstract Expressionism", "Abstract Expressionism", "High Renaissance", "Art Nouveau (Modern)", "Symbolism", "Abstract Art", "Realism", "Impressionism", "Baroque", "Surrealism", "Expressionism", "Realism", "Realism", "Surrealism", "Realism", "Baroque", "Baroque", "High Renaissance", "Expressionism", "Baroque"], "Abstract Expressionism": 0.0028738477204911113, "artist": ["Holbrook Carter Clarence", "Matisse Henri", "Titian", "Mucha Alphonse", "Roerich Nicholas", "Klee Paul", "Sargent John Singer", "Sorolla Joaqu\u00edn", "Rubens Peter Paul", "Dali Salvador", "Klee Paul", "Sargent John Singer", "Sargent John Singer", "Dali Salvador", "Sargent John Singer", "Rubens Peter Paul", "Rubens Peter Paul", "Titian", "Kirchner Ernst Ludwig", "Rubens Peter Paul"], "contentId": ["345404.jpg", "290269.jpg", "224911.jpg", "227680.jpg", "226232.jpg", "202168.jpg", "266307.jpg", "251363.jpg", "216645.jpg", "221769.jpg", "202188.jpg", "265656.jpg", "266263.jpg", "221833.jpg", "266336.jpg", "216656.jpg", "216369.jpg", "224951.jpg", "251868.jpg", "216612.jpg"], "Art Nouveau (Modern)": 0.003842858810765895, "title": ["Tulip", "The Circus", "Madonna of the Cherries", "Nature", "Mother of Turfan", "Contemplation", "Rose Marie Ormond", "Portrait of a woman", "The Entombment", "Untitled - Set Design (Figures Cut in Three)", "Fruits on Red", "La Carmencita", "Mrs. Joseph E. Widener", "Woman with Egg and Arrows", "The Countess of Rocksavage (Sybil Sassoon)", "The Holy Family with St. Anne", "Albert and Nicolaas Rubens", "Portrait of a man with ermine coat", "Couple", "St. Sebastian"], "style_counts": [0.00011278732509156786, 0.0013212196165810486, 0.00035220852630635235, 0.0002344840865615705, 8.055589139543962e-05, 0.0, 0.0003297177849190813, 0.00030883384680691073, 0.0001331786532251522, 0.0002465908912863135], "High Renaissance": 0.003960583250510667, "scores": [0.008317140150833261, 0.00860659834597204, 0.010798604314581975, 0.011107290576220185, 0.011172297179940057, 0.011232659524853156, 0.011464814550038682, 0.011799306854452917, 0.011996034940664337, 0.012027306056764862, 0.012098997176877596, 0.012130500735906977, 0.012147576687710236, 0.012202549704989307, 0.01234200856241421, 0.012354556473683043, 0.012475767452981883, 0.012524787091492687, 0.012605242398129296, 0.012639686082699962], "Surrealism": 0.00411451144567675, "style_labels": ["Impressionism", "Abstract Expressionism", "Art Nouveau (Modern)", "High Renaissance", "Surrealism", "Expressionism", "Symbolism", "Abstract Art", "Baroque", "Realism"], "Expressionism": 0.004195067337072234, "year": [1978.0, 1943.0, 1515.0, 1900.0, 1924.0, 1938.0, 1912.0, "unknown", 1612.0, 1942.0, 1930.0, 1890.0, 1903.0, 1978.0, 1913.0, 1630.0, 1627.0, "unknown", 1908.0, 1614.0], "Symbolism": 0.0038653495521531515, "Abstract Art": 0.0038862334902653325, "Baroque": 0.004061888683847083, "style_dict": {"Impressionism": 1, "Abstract Expressionism": 2, "Art Nouveau (Modern)": 1, "High Renaissance": 2, "Surrealism": 2, "Expressionism": 2, "Symbolism": 1, "Abstract Art": 1, "Baroque": 4, "Realism": 4}, "Realism": 0.003948476445785874}