{"Impressionism": 0.002710026238692948, "style": ["Impressionism", "Na\u00efve Art (Primitivism)", "Art Nouveau (Modern)", "Realism", "Impressionism", "Pop Art", "Realism", "Na\u00efve Art (Primitivism)", "Symbolism", "Realism", "Impressionism", "Impressionism, Realism", "Expressionism", "Expressionism, Surrealism", "Post-Impressionism", "Impressionism", "Realism", "Baroque", "Na\u00efve Art (Primitivism)", "Realism"], "style_labels": ["Impressionism", "Impressionism, Realism", "Expressionism, Surrealism", "Art Nouveau (Modern)", "Na\u00efve Art (Primitivism)", "Expressionism", "Symbolism", "Pop Art", "Baroque", "Post-Impressionism", "Realism"], "Impressionism, Realism": 0.003082132813397784, "Expressionism, Surrealism": 0.0030897288120687342, "Art Nouveau (Modern)": 0.0025713420611011982, "artist": ["Hassam Childe", "Chagall Marc", "Roerich Nicholas", "Corot Camille ", "Monet Claude", "Warhol Andy", "Courbet Gustave", "Chagall Marc", "Roerich Nicholas", "Sargent John Singer", "Sisley Alfred", "Sisley Alfred", "Escher M.C.", "Dali Salvador", "Dali Salvador", "Hassam Childe", "Levitan Isaac", "Rembrandt", "Chagall Marc", "van Gogh Vincent "], "year": [1883.0, 1923.0, 1934.0, 1855.0, "unknown", "unknown", 1873.0, 1960.0, 1924.0, 1882.0, 1874.0, 1866.0, 1926.0, 1982.0, 1924.0, 1892.0, 1892.0, 1642.0, 1923.0, 1885.0], "style_counts": [0.0003978412745896387, 2.573469988487176e-05, 1.8138701213921138e-05, 0.0005365254521814133, 0.0003552365089197762, 2.208919931001585e-05, 0.00020408045257624963, 0.0002809082552717168, 0.0, 1.7030860485212074e-05, 0.0003451192412028403], "scores": [0.0073137179658526565, 0.007407024967058615, 0.007432134473297418, 0.007694625316295497, 0.007900421151930919, 0.008170963200077819, 0.008250474584983764, 0.008333514955529427, 0.008393024111209872, 0.008763130928696069, 0.008849240383408691, 0.008908509637930004, 0.008919046489834794, 0.008930464897961536, 0.008933666969515924, 0.00893956326088731, 0.008980608548981596, 0.008982892487675104, 0.008997896688277001, 0.009010021605747523], "title": ["Rialto Market, Venice", "Gogol and Chagall", "Vernicle", "An Artist Painting in the Forest of Fountainebleau", "A Windmill near Zaandam", "James Dean", "The Source at Ornans", "The Circus", "Pemaianze", "Louise Burckhardt (also known as Lady with a Rose)", "Church at Noisy Le Roi in Autumn", "Street of Marlotte (also known as Women Going to the Woods)", "NOT DETECTED", "Sebastian de Morra with Catastrophic Signs", "Plant", "Charles River and Beacon Hill", "Landscape", "A Man in an Arboug", "Sobakevich near armchair", "Interior with Peasant Woman Sewing"], "Na\u00efve Art (Primitivism)": 0.0027526310043628124, "Expressionism": 0.003085778313972582, "contentId": ["244237.jpg", "202591.jpg", "227006.jpg", "199444.jpg", "211712.jpg", "229325.jpg", "191925.jpg", "203145.jpg", "226351.jpg", "266187.jpg", "237974.jpg", "237914.jpg", "204660.jpg", "221434.jpg", "221298.jpg", "243945.jpg", "210272.jpg", "219954.jpg", "202999.jpg", "206171.jpg"], "Symbolism": 0.0029037870607063233, "Pop Art": 0.002826959258010906, "Baroque": 0.003107867513282633, "Post-Impressionism": 0.003090836652797402, "style_dict": {"Impressionism": 4, "Impressionism, Realism": 1, "Expressionism, Surrealism": 1, "Art Nouveau (Modern)": 1, "Na\u00efve Art (Primitivism)": 3, "Expressionism": 1, "Symbolism": 1, "Pop Art": 1, "Baroque": 1, "Post-Impressionism": 1, "Realism": 5}, "Realism": 0.0027627482720797665}