{"Northern Renaissance": 0.003505725676377404, "year": [1629.0, 1873.0, 1874.0, 1889.0, 2009.0, 1495.0, 1907.0, 1922.0, 1914.0, 1923.0, 1938.0, 1877.0, 1972.0, 1779.0, 1885.0, 1981.0, 1883.0, 1924.0, 1900.0, 1930.0], "Abstract Expressionism, Surrealism": 0.004190966020885977, "style": ["Baroque", "Realism", "Realism", "Post-Impressionism", "Neo-Expressionism", "Northern Renaissance", "Expressionism", "Neo-Romanticism", "Na\u00efve Art (Primitivism)", "Symbolism", "Symbolism", "Realism", "Abstract Expressionism", "Romanticism", "Realism", "Abstract Expressionism, Surrealism", "Impressionism", "Symbolism", "Post-Impressionism", "Realism"], "Neo-Romanticism": 0.0035391634392486983, "Neo-Expressionism": 0.0034978019633201828, "Expressionism": 0.0035323526168500067, "Symbolism": 0.003754854202682208, "style_dict": {"Abstract Expressionism, Surrealism": 1, "Impressionism": 1, "Abstract Expressionism": 1, "Neo-Romanticism": 1, "Neo-Expressionism": 1, "Northern Renaissance": 1, "Romanticism": 1, "Na\u00efve Art (Primitivism)": 1, "Expressionism": 1, "Symbolism": 3, "Baroque": 1, "Post-Impressionism": 2, "Realism": 5}, "Impressionism": 0.004286653722956647, "scores": [0.006984917791871811, 0.009619970694509605, 0.009715806773149309, 0.00989673724228554, 0.010109948009494413, 0.010132850485932678, 0.010209812242673871, 0.010229498051383096, 0.010480045418347883, 0.01059655897753173, 0.010633661521047938, 0.010732696635667236, 0.010873732545727237, 0.011109131485893133, 0.011778728075502364, 0.012113449825071296, 0.012390022856714342, 0.012515393253815118, 0.012548426523630071, 0.012724406816867265], "Baroque": 0.0024166157079240124, "Post-Impressionism": 0.003811449978200899, "Realism": 0.003530951762658939, "style_counts": [9.568770207069033e-05, 0.0, 0.0005246004452004183, 0.0007474902837080188, 0.0007888517596364997, 0.0007809280465792545, 0.0004431580011540204, 0.0006608068436694259, 0.0007543011061066363, 0.0005317995202744896, 0.0018700380150326046, 0.0004752037447557367, 0.0007557019602977277], "Abstract Expressionism": 0.0037620532777562074, "artist": ["Rembrandt", "Courbet Gustave", "van Gogh Vincent ", "van Gogh Vincent ", "Twombly Cy", "Durer Albrecht", "Picasso Pablo", "Spencer Stanley", "Chagall Marc", "Roerich Nicholas", "Roerich Nicholas", "Repin Ilya", "Twombly Cy", "Goya Francisco", "van Gogh Vincent ", "Dali Salvador", "Hassam Childe", "Roerich Nicholas", "Bonnard Pierre", "Escher M.C."], "contentId": ["220533.jpg", "191839.jpg", "205694.jpg", "205839.jpg", "231509.jpg", "200699.jpg", "224556.jpg", "298443.jpg", "202493.jpg", "226688.jpg", "225885.jpg", "215008.jpg", "231575.jpg", "194115.jpg", "206085.jpg", "221034.jpg", "244195.jpg", "225941.jpg", "222089.jpg", "204667.jpg"], "style_labels": ["Abstract Expressionism, Surrealism", "Impressionism", "Abstract Expressionism", "Neo-Romanticism", "Neo-Expressionism", "Northern Renaissance", "Romanticism", "Na\u00efve Art (Primitivism)", "Expressionism", "Symbolism", "Baroque", "Post-Impressionism", "Realism"], "Romanticism": 0.003843495721802657, "Na\u00efve Art (Primitivism)": 0.0036258468792872748, "title": ["St. Paul in meditation", "Self-Portrait at Sainte Pelagie", "Austin Friars Church, London", "Crab on It`s Back", "Leaving Paphos Ringed With Waves V", "Five Lansquenets And An Oriental On Horseback", "The girls of Avignon (study)", "People By The River", "Clock", "St. Moritz", "Hystaspes. Shahnameh.", "In the township board", "Untitled", "The Fair at Madrid", "Head of a Peasant Woman with Brownish Cap", "Group Surrounding a Reclining Nude - Velazquez", "On the Deck", "Kangchenjunga", "The Washing", "NOT DETECTED"]}