{"style_counts": [0.00012548500234310644, 0.0006951367780948514, 0.001170227049886563, 0.0002463807068762147, 7.662485180559564e-05, 0.00016029827977415145, 0.0010172893214290823, 0.0009005287914630733, 0.0, 0.0005511206064185981, 0.0003114035477506105], "style": ["Northern Renaissance", "Symbolism", "Surrealism", "Na\u00efve Art (Primitivism)", "Symbolism", "Symbolism", "Surrealism", "Baroque", "Baroque", "Symbolism", "Neoclassicism", "Romanticism", "Neoclassicism", "Baroque", "Magic Realism", "Suprematism", "Romanticism", "High Renaissance", "Surrealism", "Abstract Art"], "Suprematism": 0.0038294988493587302, "Surrealism": 0.003259847073606958, "contentId": ["9223372032559809088.jpg", "260615.jpg", "202427.jpg", "202895.jpg", "225887.jpg", "226551.jpg", "220888.jpg", "216644.jpg", "186642.jpg", "226470.jpg", "232522.jpg", "187911.jpg", "219771.jpg", "216685.jpg", "278349.jpg", "219833.jpg", "187784.jpg", "224884.jpg", "203221.jpg", "189349.jpg"], "artist": ["Bruegel the Elder Pieter", "B\u00f6cklin Arnold", "Chagall Marc", "Chagall Marc", "Roerich Nicholas", "Roerich Nicholas", "Dali Salvador", "Rubens Peter Paul", "Caravaggio", "Roerich Nicholas", "Bouguereau William-Adolphe", "Delacroix Eugene ", "Malevich Kazimir", "Rubens Peter Paul", "Earle Eyvind", "Malevich Kazimir", "Delacroix Eugene ", "Titian", "Chagall Marc", "Kandinsky Wassily"], "Northern Renaissance": 0.002784756801815279, "Romanticism": 0.0037086031448255222, "High Renaissance": 0.0038783589998961435, "Magic Realism": 0.003794685571927688, "style_labels": ["Suprematism", "Surrealism", "Northern Renaissance", "Romanticism", "High Renaissance", "Magic Realism", "Na\u00efve Art (Primitivism)", "Symbolism", "Abstract Art", "Baroque", "Neoclassicism"], "title": ["The Peasant Dance", "Look any laughs to the plains", "Artist and His Bride", "On Two Banks", "Ices", "Sharugon Monastery", "Cranach Metamorphosis (Woman in a Mirror)", "The Elevation of the Cross", "Conversion of Saint Paul", "Russian Easter", "The Nymphaeum", "The Women of Algiers in their Apartment", "Portrait of Man", "The Raising of the Cross", "Nude", "Study Suprematis", "L\u00e9on Riesener", "Entombment of Christ", "The Magician", "Mild process"], "Na\u00efve Art (Primitivism)": 0.002937694530272689, "scores": [0.00804898241257613, 0.008059376189381802, 0.008122744817971669, 0.008491029303626219, 0.008954483831059573, 0.009714056009128665, 0.009853630936762559, 0.009876544048872875, 0.009914767755560671, 0.01046951183408844, 0.010678741208310624, 0.010705663797820716, 0.01077785853304316, 0.010799877131543706, 0.010968052007195844, 0.011068675321082333, 0.011133847517946306, 0.011209899320282227, 0.011320511501030459, 0.011431373627894223], "year": [1568.0, "unknown", 1980.0, 1956.0, 1941.0, 1928.0, 1974.0, 1610.0, 1600.0, "unknown", 1878.0, 1834.0, 1933.0, 1610.0, "unknown", 1917.0, 1835.0, 1526.0, 1968.0, 1928.0], "Symbolism": 0.003054455060238716, "Abstract Art": 0.003954983851701782, "Baroque": 0.0034038632452831927, "style_dict": {"Suprematism": 1, "Magic Realism": 1, "Northern Renaissance": 1, "Romanticism": 2, "High Renaissance": 1, "Surrealism": 3, "Na\u00efve Art (Primitivism)": 1, "Symbolism": 4, "Abstract Art": 1, "Baroque": 3, "Neoclassicism": 2}, "Neoclassicism": 0.0036435803039511568}