{"High Renaissance": 0.00432122044961857, "year": [1920.0, 1940.0, 1508.0, 1946.0, 1842.0, "unknown", 1888.0, 1944.0, 1996.0, 1937.0, 1937.0, 1835.0, 1889.0, 1909.0, "unknown", 1995.0, 1947.0, "unknown", 1896.0, 1634.0], "Academicism": 0.005414225773934542, "style": ["Neo-Romanticism", "Symbolism", "High Renaissance", "Na\u00efve Art (Primitivism), Surrealism", "Neoclassicism", "Romanticism", "Post-Impressionism", "Surrealism", "Magic Realism", "Neo-Romanticism", "Surrealism", "Realism", "Post-Impressionism", "Art Nouveau (Modern)", "Surrealism", "Expressionism", "Expressionism", "Academicism", "Romanticism", "Baroque"], "Neo-Romanticism": 0.00411248001523234, "title": ["Christ Carrying the Cross", "Guru Kambala", "Madonna with the Baldachino (detail)", "Tree of Hope, Remain Strong", "Duke Ferdinand-Philippe of Orleans, as St. Ferdinand of Castile", "Paolo and Francesca da Rimini", "Flowering Garden", "Untitled -The Seven Arts", "Fog Mist", "The White Cockatoo (Coronation Cockatoo)", "Still life with candle", "A Chestnut Wood among the Rocks", "The Walk - Falling Leaves", "Pantokrator", "Untitled", "Girl Sitting in the Attic Doorway", "Two Girls in a Yellow and Red Interior", "The Gladiators", "A Difference of Opinion", "A Scholar Seated at a Table with Books"], "Art Nouveau (Modern)": 0.0052993651064182625, "Expressionism": 0.00528911163641671, "Symbolism": 0.003754516422920173, "style_dict": {"Neo-Romanticism": 2, "Magic Realism": 1, "Art Nouveau (Modern)": 1, "Romanticism": 2, "High Renaissance": 1, "Surrealism": 3, "Na\u00efve Art (Primitivism), Surrealism": 1, "Realism": 1, "Expressionism": 2, "Symbolism": 1, "Academicism": 1, "Baroque": 1, "Post-Impressionism": 2, "Neoclassicism": 1}, "Neoclassicism": 0.0045728174400282255, "Magic Realism": 0.00489095285625283, "Na\u00efve Art (Primitivism), Surrealism": 0.004538307898238503, "scores": [0.010062643010207355, 0.0108519482333658, 0.012489933547220881, 0.013117396977705668, 0.01321714238267262, 0.013384320908994378, 0.013799245023261464, 0.013910572469388927, 0.01413667200491476, 0.014155249905578841, 0.01441352011453554, 0.014973433903967371, 0.015173679400614721, 0.015317135238371749, 0.015339054590343158, 0.015517796328111691, 0.015629136606744625, 0.015649125267853906, 0.01574575600786992, 0.01583221892360764], "Baroque": 0.005477571831497396, "Post-Impressionism": 0.004919939694603267, "Realism": 0.00518045260546906, "style_counts": [0.001365091816265096, 0.0006191996331847971, 0.00017820672507917745, 0.0005309458149665991, 0.0011563513818788618, 0.0005866189752445905, 0.0009392639332589381, 0.00029711922602837504, 0.00018846019508078626, 0.001723055408577312, 6.334605756286305e-05, 0.0, 0.0005576321368941928, 0.000904754391469198], "artist": ["Spencer Stanley", "Roerich Nicholas", "Raphael", "Kahlo Frida ", "Ingres Jean Auguste Dominique ", "Dore Gustave ", "van Gogh Vincent ", "Dali Salvador", "Earle Eyvind", "Spencer Stanley", "Picasso Pablo", "Corot Camille ", "van Gogh Vincent ", "Roerich Nicholas", "Beksinski Zdislav", "Freud Lucian", "Matisse Henri", "Gerome Jean-Leon", "Alma-Tadema Lawrence ", "Rembrandt"], "contentId": ["298464.jpg", "225678.jpg", "210523.jpg", "185012.jpg", "193330.jpg", "201751.jpg", "205973.jpg", "221798.jpg", "278059.jpg", "298549.jpg", "224475.jpg", "296465.jpg", "207204.jpg", "226324.jpg", "259023.jpg", "231980.jpg", "214324.jpg", "279470.jpg", "214450.jpg", "219973.jpg"], "style_labels": ["Neo-Romanticism", "Surrealism", "Art Nouveau (Modern)", "Romanticism", "High Renaissance", "Magic Realism", "Na\u00efve Art (Primitivism), Surrealism", "Realism", "Expressionism", "Symbolism", "Academicism", "Baroque", "Post-Impressionism", "Neoclassicism"], "Romanticism": 0.004946626016530816, "Surrealism": 0.0048583721983126125}