{"style": ["Realism", "Realism", "Realism", "Expressionism", "Neo-Expressionism", "Post-Impressionism", "Abstract Art, Precisionism", "Post-Impressionism", "Realism", "Post-Impressionism", "Realism", "Symbolism", "Post-Impressionism", "Surrealism", "Realism", "Symbolism", "Post-Impressionism", "Realism", "Magic Realism", "Surrealism"], "style_labels": ["Neo-Expressionism", "Magic Realism", "Expressionism", "Surrealism", "Symbolism", "Abstract Art, Precisionism", "Post-Impressionism", "Realism"], "Neo-Expressionism": 0.00455174172459765, "contentId": ["206460.jpg", "205914.jpg", "205629.jpg", "193715.jpg", "203831.jpg", "207515.jpg", "231737.jpg", "207548.jpg", "206417.jpg", "206675.jpg", "207100.jpg", "225811.jpg", "205916.jpg", "203031.jpg", "205915.jpg", "226537.jpg", "206713.jpg", "205772.jpg", "278027.jpg", "258659.jpg"], "artist": ["van Gogh Vincent ", "van Gogh Vincent ", "van Gogh Vincent ", "Braque Georges ", "Basquiat Jean-Michel ", "van Gogh Vincent ", "O'Keeffe Georgia", "van Gogh Vincent ", "van Gogh Vincent ", "van Gogh Vincent ", "van Gogh Vincent ", "Roerich Nicholas", "van Gogh Vincent ", "Chagall Marc", "van Gogh Vincent ", "Roerich Nicholas", "van Gogh Vincent ", "van Gogh Vincent ", "Earle Eyvind", "Beksinski Zdislav"], "year": [1885.0, 1883.0, 1882.0, 1945.0, 1983.0, 1886.0, 1918.0, 1888.0, 1882.0, 1888.0, 1862.0, "unknown", 1888.0, 1957.0, 1883.0, "unknown", 1888.0, 1882.0, "unknown", 1957.0], "style_counts": [0.0012377742751672471, 0.0, 0.0012944610864505934, 0.0002836202765551521, 0.0005540927449783073, 0.0011405086109340656, 0.0011187481020640266, 0.0014738199322601453], "scores": [0.010548326571595774, 0.011894277436664775, 0.01238320165995191, 0.012992379771635977, 0.01315622573001463, 0.01316689954258429, 0.013437359658927027, 0.013778785282845388, 0.014160104369147393, 0.01419767872695507, 0.014914730211186937, 0.014964291216855871, 0.01514998627957443, 0.015436110936426578, 0.015697444005850558, 0.015866477390800028, 0.015894359475922652, 0.016410516671257754, 0.01673385353760836, 0.016987437028862004], "Magic Realism": 0.005789515999764871, "Expressionism": 0.004495054913314277, "Surrealism": 0.00550589572320965, "Symbolism": 0.00523542325478655, "title": ["Peasant Boy, Digging", "Farmhouse", "A Carpenter with Apron", "Still life with flowers", "Hollywood Africans", "Woman with Hat, Half-Length", "Music Pink and Blue", "Young Man with a Hat", "Orphan Man with Top Hat and Umbrella Looking at his Watch", "Portrait of the Postman Joseph Roulin", "The Goat Herd", "Himalayas", "Farmhouse in a Wheat Field", "Song of Songs II", "Farmhouse at Night", "Sentinels", "Rhone with Boats and a Bridge", "Carpenter", "Copy of Sea mist and Pastures", "Untitled"], "Abstract Art, Precisionism": 0.004649007388830762, "Post-Impressionism": 0.004670767897700807, "style_dict": {"Neo-Expressionism": 1, "Magic Realism": 1, "Surrealism": 2, "Expressionism": 1, "Symbolism": 2, "Abstract Art, Precisionism": 1, "Post-Impressionism": 5, "Realism": 7}, "Realism": 0.004315696067504653}