{"Abstract Expressionism, Surrealism": 0.004970032390704406, "Impressionism": 0.004599882195087566, "style": ["High Renaissance", "Dada, Surrealism", "Surrealism", "Expressionism", "Expressionism", "Abstract Expressionism", "Baroque", "Regionalism", "unknown", "Cubism", "Impressionism", "Abstract Expressionism", "Surrealism", "Abstract Expressionism", "Surrealism", "Na\u00efve Art (Primitivism)", "High Renaissance", "Expressionism", "Abstract Expressionism, Surrealism", "Cubism"], "Abstract Expressionism": 0.004353111328273338, "Dada, Surrealism": 0.003782810017476174, "unknown": 0.004488714865682666, "artist": ["Titian", "Dali Salvador", "Beksinski Zdislav", "Serebriakova Zinaida", "Derain Andre", "Warhol Andy", "Rembrandt", "Rockwell Norman", "Matisse Henri", "Derain Andre", "Renoir Pierre-Auguste", "Twombly Cy", "Dali Salvador", "Matisse Henri", "Chagall Marc", "Chagall Marc", "Titian", "Freud Lucian", "Dali Salvador", "Braque Georges "], "year": ["unknown", 1932.0, "unknown", 1938.0, 1909.0, 1978.0, "unknown", 1935.0, 1896.0, 1912.0, 1905.0, 2007.0, 1965.0, 1943.0, 1973.0, 1956.0, 1514.0, 1979.0, 1979.0, 1926.0], "style_counts": [0.0, 0.00037015019561681406, 0.0006169210624310528, 0.0011872223732282139, 0.0004813175250216739, 0.0007426883757515323, 0.0006593428029906256, 0.00012596420089083793, 0.0007079587668111786, 0.0006544071844469812, 0.00029999596025687136, 0.0006294558941705164], "High Renaissance": 0.004227344014952847, "Surrealism": 0.004310689587713792, "style_labels": ["Abstract Expressionism, Surrealism", "Impressionism", "Abstract Expressionism", "Dada, Surrealism", "unknown", "High Renaissance", "Surrealism", "Na\u00efve Art (Primitivism)", "Expressionism", "Baroque", "Cubism", "Regionalism"], "Na\u00efve Art (Primitivism)": 0.004844068189813523, "Expressionism": 0.004262073623893192, "contentId": ["224951.jpg", "220812.jpg", "258722.jpg", "227384.jpg", "256124.jpg", "300228.jpg", "220512.jpg", "247641.jpg", "9223372032559820522.jpg", "256169.jpg", "218784.jpg", "231583.jpg", "221665.jpg", "290269.jpg", "202428.jpg", "202664.jpg", "224896.jpg", "232092.jpg", "221392.jpg", "193828.jpg"], "scores": [0.010656183070673578, 0.01093372723999983, 0.01160180912188054, 0.01193169016845668, 0.012113110033928766, 0.0122920022086573, 0.012473761213831218, 0.012545879718569217, 0.012974054677017854, 0.013069897153952521, 0.013295369586330517, 0.01333006881745829, 0.013339206626307587, 0.013500197263330169, 0.013800000009373939, 0.014001157889160204, 0.014238129921272664, 0.0142592943196947, 0.014365241257921171, 0.014431377445921536], "title": ["Portrait of a man with ermine coat", "Babaouo - Publicity Announcement for the Publication of the Scenario of the Film", "Untitled", "Portrait of A.B. Serebryakov", "Forest at Martigues", "Oxidation Painting", "Simeon in the Temple", "Couple in Rumble Seat", "Lemons and Bottle of Dutch Gin", "Still Life", "Coco Reading", "Untitled (Peonias series)", "The Railway Station at Perpignan", "The Circus", "Artist and His Model", "Isaiah's oracle on the ruins of Babylon (Isaiah XIII)", "Holy Family and Donor", "Portrait of Rose", "Raphaelesque Hallucination", "The Bowl of Grapes"], "Baroque": 0.004315625206257407, "style_dict": {"Abstract Expressionism, Surrealism": 1, "Impressionism": 1, "Abstract Expressionism": 3, "Dada, Surrealism": 1, "unknown": 1, "High Renaissance": 2, "Surrealism": 3, "Na\u00efve Art (Primitivism)": 1, "Expressionism": 3, "Baroque": 1, "Cubism": 2, "Regionalism": 1}, "Cubism": 0.004670036430447536, "Regionalism": 0.004340576496533815}