{"Color Field Painting": 0.003454070856125093, "year": [1916.0, 1907.0, 1968.0, 1947.0, 1940.0, 1947.0, "unknown", 1889.0, 1916.0, 1911.0, 1854.0, 1987.0, 1912.0, "unknown", 1912.0, 1890.0, 1916.0, 1849.0, 1962.0, 1918.0], "style": ["Abstract Art", "Byzantine", "Surrealism", "Abstract Expressionism", "Symbolism", "Abstract Expressionism", "Baroque", "Post-Impressionism", "Abstract Art", "Analytical Cubism", "Orientalism", "Magic Realism", "Art Nouveau (Modern)", "Na\u00efve Art (Primitivism)", "Art Nouveau (Modern)", "Post-Impressionism", "Abstract Art", "Orientalism", "Color Field Painting", "Surrealism"], "Byzantine": 0.0022344784702569794, "title": ["Blue-02", "The King's Gate with the gate canopy", "The rest", "Papercut", "Guru Kambala", "Untitled", "Woman Standing with Raised Hands", "A Group of Pine Trees", "Blue-04", "Still life on the piano ('CORT')", "Lion Hunt in Morocco", "Mauve, Red and Purple", "Shchegolikha", "Untitled", "Buttoner", "The Garden of Doctor Gachet at Auvers-sur-Oise", "Blue-03", "Women of Algiers in Their Apartment", "Untitled (Red-Brown, Black, Green, Red)", "Double portrait with a glass of wine"], "Art Nouveau (Modern)": 0.0030450523683183462, "Symbolism": 0.0025789024203508506, "style_dict": {"Abstract Expressionism": 2, "Analytical Cubism": 1, "Byzantine": 1, "Magic Realism": 1, "Orientalism": 2, "Surrealism": 2, "Color Field Painting": 1, "Na\u00efve Art (Primitivism)": 1, "Symbolism": 1, "Abstract Art": 3, "Baroque": 1, "Post-Impressionism": 2, "Art Nouveau (Modern)": 2}, "Magic Realism": 0.0030586879717932167, "scores": [0.005013898180145418, 0.006458473464057798, 0.007000454702248119, 0.007226033123481364, 0.007453986722152162, 0.007608306505019511, 0.007650298308354396, 0.00859358058433107, 0.00864571552284174, 0.008707897171835101, 0.008786879750765062, 0.008840745329887814, 0.008904330110537019, 0.008912288843822867, 0.009027611663222227, 0.009469728542145249, 0.009668174977415058, 0.00976043898930282, 0.009983548852316195, 0.010106347427912544], "Abstract Art": 0.002595669055202015, "Baroque": 0.002646821568005796, "Post-Impressionism": 0.0030673600733933317, "style_counts": [0.0009350273756077998, 0.00044134519270622175, 0.0012195923858682178, 0.0005491368005714481, 0.0004090184878068337, 0.0003953828843319407, 0.0, 0.000370630527220861, 0.0008751684357742873, 0.0008584018009231142, 0.0008072492881193716, 0.0003867107827317806, 0.0003045203184335321], "Abstract Expressionism": 0.0025190434805173684, "Analytical Cubism": 0.003012725663418944, "artist": ["O'Keeffe Georgia", "Roerich Nicholas", "Chagall Marc", "Matisse Henri", "Roerich Nicholas", "Rothko Mark", "Rembrandt", "van Gogh Vincent ", "O'Keeffe Georgia", "Picasso Pablo", "Delacroix Eugene ", "Earle Eyvind", "Roerich Nicholas", "Chagall Marc", "Roerich Nicholas", "van Gogh Vincent ", "O'Keeffe Georgia", "Delacroix Eugene ", "Rothko Mark", "Chagall Marc"], "contentId": ["231646.jpg", "226848.jpg", "203248.jpg", "214130.jpg", "225678.jpg", "242164.jpg", "220732.jpg", "205642.jpg", "231648.jpg", "224468.jpg", "187795.jpg", "278095.jpg", "226555.jpg", "203319.jpg", "225439.jpg", "207090.jpg", "231647.jpg", "187936.jpg", "341039.jpg", "202547.jpg"], "Orientalism": 0.0031495505376916587, "style_labels": ["Abstract Expressionism", "Analytical Cubism", "Byzantine", "Surrealism", "Art Nouveau (Modern)", "Magic Realism", "Color Field Painting", "Na\u00efve Art (Primitivism)", "Symbolism", "Abstract Art", "Baroque", "Post-Impressionism", "Orientalism"], "Surrealism": 0.0029049340555536893, "Na\u00efve Art (Primitivism)": 0.003083440328904237}