{"Impressionism": 0.0035778344238779716, "style": ["Neoclassicism", "Symbolism", "Abstract Art", "Impressionism", "Surrealism", "Surrealism", "Op Art", "Realism", "Abstract Expressionism", "Symbolism", "Realism, Surrealism", "Symbolism", "Expressionism", "Realism", "Impressionism", "Realism", "Expressionism", "Symbolism", "Impressionism", "Art Nouveau (Modern)"], "Abstract Expressionism": 0.0035131240200547372, "artist": ["Ingres Jean Auguste Dominique ", "Roerich Nicholas", "Kandinsky Wassily", "Cezanne Paul", "Miro Joan", "Magritte Rene", "Dali Salvador", "Levitan Isaac", "Twombly Cy", "Roerich Nicholas", "Dali Salvador", "Roerich Nicholas", "Freud Lucian", "Sargent John Singer", "Sorolla Joaqu\u00edn", "Courbet Gustave", "Escher M.C.", "Roerich Nicholas", "Sorolla Joaqu\u00edn", "Roerich Nicholas"], "Op Art": 0.0034665863639991063, "contentId": ["193500.jpg", "225843.jpg", "282903.jpg", "215932.jpg", "327185.jpg", "211541.jpg", "221391.jpg", "210059.jpg", "231505.jpg", "226296.jpg", "221765.jpg", "226914.jpg", "232098.jpg", "266318.jpg", "251179.jpg", "191848.jpg", "204836.jpg", "226676.jpg", "251166.jpg", "226489.jpg"], "Art Nouveau (Modern)": 0.00397056834242106, "title": ["Portrait of the painter Charles Thevenin, director of the Academy of France in Rome", "Himalayas. Morning.", "Movement I", "The Battle of Love", "The Red Sun", "The heartstrings", "Randomdot Correlogram - The Golden Fleece", "Apple trees in blossom", "III Notes from Salalah, (Note II)", "On the Heights (Tummo)", "Untitled - Portrait of a Woman", "Tibet", "Red Haired Man on a Chair", "Sir David Richmond", "Elena in cove, San Vicente at Majorca", "Snow Landscape in Jura", "Self-Portrait", "Spell words", "Children at the beach", "Saint Boris and saint Gleb"], "style_counts": [0.0003927339185431089, 0.00045744432236627386, 0.0005039819784219413, 0.0, 0.0006177011306963687, 0.00033515446556853234, 0.00013132534971893595, 0.0005009169114614798, 0.0008431910959598721, 0.0002189630459240588, 0.0012135799565922145], "scores": [0.007968721367247383, 0.008848670461363969, 0.00903928286945841, 0.00944441597310957, 0.009785423419444236, 0.0099592024008985, 0.01001972332281097, 0.010063734267293994, 0.010154234449552851, 0.01079774619189276, 0.010843533995768512, 0.011166018068840948, 0.01120285468850526, 0.011261293832423608, 0.011265485728879053, 0.011347151936121484, 0.011405978747902473, 0.011441291808444248, 0.011444800457142447, 0.011476418599730418], "Surrealism": 0.0033528672117247218, "style_labels": ["Impressionism", "Abstract Expressionism", "Op Art", "Art Nouveau (Modern)", "Surrealism", "Realism", "Expressionism", "Symbolism", "Abstract Art", "Realism, Surrealism", "Neoclassicism"], "Realism": 0.003635413876852487, "Expressionism": 0.0038392429927021627, "year": [1816.0, 1938.0, 1935.0, 1876.0, 1948.0, 1960.0, 1977.0, 1896.0, 1968.0, 1936.0, 1945.0, 1938.0, 1963.0, 1899.0, 1919.0, 1866.0, 1923.0, 1922.0, 1899.0, "unknown"], "Symbolism": 0.0034696514309595335, "Abstract Art": 0.0031273772464611603, "style_dict": {"Impressionism": 3, "Abstract Expressionism": 1, "Op Art": 1, "Art Nouveau (Modern)": 1, "Surrealism": 2, "Realism": 3, "Expressionism": 2, "Symbolism": 4, "Abstract Art": 1, "Realism, Surrealism": 1, "Neoclassicism": 1}, "Realism, Surrealism": 0.003751605296496971, "Neoclassicism": 0.0027569883858288295}