{"Impressionism": 0.007309253396148319, "style": ["Analytical Cubism", "Na\u00efve Art (Primitivism)", "Ukiyo-e", "Analytical Cubism", "Analytical Cubism", "Art Nouveau (Modern)", "Op Art", "Abstract Expressionism", "Op Art", "Northern Renaissance", "Na\u00efve Art (Primitivism)", "Na\u00efve Art (Primitivism)", "Surrealism", "Surrealism", "Baroque", "Romanticism", "Surrealism", "Na\u00efve Art (Primitivism)", "Impressionism", "Surrealism"], "Abstract Expressionism": 0.0066852471023938435, "Analytical Cubism": 0.005257350575738886, "artist": ["Picasso Pablo", "Chagall Marc", "Hokusai Katsushika", "Picasso Pablo", "Picasso Pablo", "Roerich Nicholas", "Escher M.C.", "Twombly Cy", "Escher M.C.", "Durer Albrecht", "Chagall Marc", "Chagall Marc", "Beksinski Zdislav", "Ernst Max", "Rubens Peter Paul", "Goya Francisco", "Chagall Marc", "Ernst Max", "Sisley Alfred", "Beksinski Zdislav"], "Op Art": 0.006491078437342457, "Ukiyo-e": 0.005643923990458232, "Art Nouveau (Modern)": 0.006187449642302194, "title": ["Violin, glass, pipe and inkwell", "The island of Poros", "Landscape with two falconers", "Spanish Still life", "Still life with the caned chair", "Vignette for book \"N. K. Roerich\"", "Development III", "Untitled", "Design for Wrapping-paper: De Bijenkorf", "St George on Horseback", "Two banks", "Concert on the square", "Untitled", "Petrified Forest", "Silenus (or Bacchus) and Satyrs", "Old Beggar with a Maja", "The painter and his double", "All lanes of lilac evening", "Moret sur Loing", "Untitled"], "Northern Renaissance": 0.007005624219884538, "Romanticism": 0.007190432152375687, "Surrealism": 0.0068150316781298, "style_labels": ["Impressionism", "Abstract Expressionism", "Analytical Cubism", "Op Art", "Ukiyo-e", "Art Nouveau (Modern)", "Northern Renaissance", "Romanticism", "Surrealism", "Na\u00efve Art (Primitivism)", "Baroque"], "Na\u00efve Art (Primitivism)": 0.006287814851852205, "scores": [0.013293045198262656, 0.014912362142007524, 0.016313038505733096, 0.016573273328484475, 0.017382525852638782, 0.017884029699514987, 0.01797809341634775, 0.019322849419316335, 0.02024707531912809, 0.020248858391587618, 0.02028817112045267, 0.020296125384990885, 0.02032185975140769, 0.020517082913983162, 0.020558769280852707, 0.020783022020295215, 0.02102092051467358, 0.021076914955407405, 0.021126459587533727, 0.021134204251383917], "contentId": ["224719.jpg", "203198.jpg", "222227.jpg", "224444.jpg", "224493.jpg", "227023.jpg", "204480.jpg", "231576.jpg", "204690.jpg", "201058.jpg", "203309.jpg", "202504.jpg", "258654.jpg", "234422.jpg", "216593.jpg", "193995.jpg", "203234.jpg", "234128.jpg", "238279.jpg", "258826.jpg"], "year": [1912.0, 1980.0, "unknown", 1912.0, 1912.0, 1918.0, 1939.0, 1985.0, 1933.0, 1505.0, 1980.0, 1983.0, 2001.0, 1929.0, 1616.0, "unknown", 1981.0, 1975.0, 1892.0, "unknown"], "Baroque": 0.0071128460291270505, "style_dict": {"Impressionism": 1, "Abstract Expressionism": 1, "Analytical Cubism": 3, "Op Art": 2, "Northern Renaissance": 1, "Art Nouveau (Modern)": 1, "Ukiyo-e": 1, "Romanticism": 1, "Surrealism": 4, "Na\u00efve Art (Primitivism)": 4, "Baroque": 1}, "style_counts": [0.0, 0.0006240062937544755, 0.002051902820409457, 0.0008181749588058729, 0.0016653294056900858, 0.0011218037538460734, 0.0003036291762638088, 0.00011882124377260439, 0.0004942217180184949, 0.0010214385442960383, 0.00019640736702120076]}