{"style_counts": [0.0005084607320350321, 0.0007532293508171195, 0.0009023883130558907, 0.0003287331561010465, 0.00043090570609560785, 0.0002245744889922685, 0.0, 0.0009654692342665472, 0.0006847240060254833, 0.0004566952787468104, 0.0004675716107666039], "style": ["Baroque", "Abstract Art", "Abstract Expressionism", "Art Nouveau (Modern)", "Surrealism", "Realism", "Magic Realism", "Romanticism", "Regionalism", "Baroque", "Baroque", "Na\u00efve Art (Primitivism)", "Realism", "Na\u00efve Art (Primitivism)", "Realism", "Magic Realism", "Expressionism", "Romanticism", "Baroque", "Abstract Expressionism"], "Abstract Expressionism": 0.003774340805469974, "Surrealism": 0.00352957218668796, "contentId": ["216553.jpg", "189343.jpg", "345404.jpg", "226414.jpg", "220770.jpg", "266089.jpg", "271356.jpg", "199587.jpg", "247719.jpg", "186685.jpg", "186646.jpg", "202652.jpg", "210235.jpg", "203117.jpg", "266176.jpg", "278001.jpg", "220765.jpg", "193884.jpg", "216369.jpg", "231543.jpg"], "Art Nouveau (Modern)": 0.003380413224449157, "artist": ["Rubens Peter Paul", "Kandinsky Wassily", "Holbrook Carter Clarence", "Roerich Nicholas", "Dali Salvador", "Sargent John Singer", "Vallotton  Felix", "Corot Camille ", "Rockwell Norman", "Caravaggio", "Caravaggio", "Chagall Marc", "Levitan Isaac", "Chagall Marc", "Sargent John Singer", "Earle Eyvind", "Dali Salvador", "Goya Francisco", "Rubens Peter Paul", "Twombly Cy"], "Romanticism": 0.003954068381404023, "Magic Realism": 0.0038518958314094323, "style_labels": ["Abstract Expressionism", "Surrealism", "Art Nouveau (Modern)", "Romanticism", "Magic Realism", "Na\u00efve Art (Primitivism)", "Expressionism", "Abstract Art", "Baroque", "Realism", "Regionalism"], "title": ["Portrait of Helene Fourment with Gloves", "Intime message", "Tulip", "Queen Anna's tower", "Angelus", "Coventry Patmore", "The Source", "Landscape with a Lake", "Miami", "Sacrifice of Isaac", "David and Goliath", "Illustration to Nikolai Gogol's \"Dead Souls\"", "Huts after sunset", "Tchitchikov's arrival to town N", "Lady Playfair", "Black Silken Hair", "Ana Maria, Sewing", "Christ on the Mount of Olives", "Albert and Nicolaas Rubens", "Quattro stagioni, Part II Estate"], "Na\u00efve Art (Primitivism)": 0.004058227048512731, "Expressionism": 0.004282801537505047, "year": [1632.0, 1942.0, 1978.0, 1913.0, 1932.0, 1894.0, 1897.0, 1873.0, "unknown", 1602.0, 1599.0, 1923.0, 1899.0, 1923.0, 1884.0, 1995.0, 1926.0, 1819.0, 1627.0, 1994.0], "scores": [0.007845605491962605, 0.009588323600837086, 0.009627300381829035, 0.00977065091396655, 0.010201775765858689, 0.010310723092238811, 0.010441941013104585, 0.01078192982108747, 0.011027432830125024, 0.011653695780654456, 0.011776348922028904, 0.011795613676562644, 0.011891383468527927, 0.012102790139334282, 0.012183863443459807, 0.012241403446276729, 0.012378888608678858, 0.012503096315903652, 0.012542060914385797, 0.012599331994739463], "Abstract Art": 0.003317332303238462, "Baroque": 0.003598077531479532, "style_dict": {"Abstract Expressionism": 2, "Magic Realism": 2, "Art Nouveau (Modern)": 1, "Romanticism": 2, "Surrealism": 1, "Na\u00efve Art (Primitivism)": 2, "Expressionism": 1, "Abstract Art": 1, "Baroque": 4, "Realism": 3, "Regionalism": 1}, "Realism": 0.0038261062587581973, "Regionalism": 0.0038152299267384345}