{"Impressionism": 0.0042501538330470615, "style": ["Symbolism", "Realism", "Symbolism", "Color Field Painting", "Expressionism", "Surrealism", "Abstract Expressionism", "Symbolism", "Neo-Romanticism", "Neoclassicism", "Surrealism", "Baroque", "Neo-Romanticism", "Neo-Romanticism", "Symbolism", "Impressionism", "Surrealism", "Baroque", "Realism", "Na\u00efve Art (Primitivism)"], "Abstract Expressionism": 0.003708706519945209, "Neo-Romanticism": 0.003877534541980681, "artist": ["Roerich Nicholas", "van Gogh Vincent ", "Roerich Nicholas", "Rothko Mark", "Escher M.C.", "Dali Salvador", "Twombly Cy", "Roerich Nicholas", "Kittelsen Theodor Severin", "Piranesi Giovanni Battista", "Escher M.C.", "Rembrandt", "Kittelsen Theodor Severin", "Kittelsen Theodor Severin", "Roerich Nicholas", "Kustodiev Boris", "Dali Salvador", "Rembrandt", "Escher M.C.", "Chagall Marc"], "contentId": ["225879.jpg", "206095.jpg", "225580.jpg", "242152.jpg", "204836.jpg", "221547.jpg", "231592.jpg", "225676.jpg", "321994.jpg", "262767.jpg", "204875.jpg", "220366.jpg", "321996.jpg", "321995.jpg", "226260.jpg", "229965.jpg", "221470.jpg", "220103.jpg", "204771.jpg", "267047.jpg"], "title": ["Hunting", "Head of a Peasant Woman with White Cap", "Everest", "Red, White, and Brown", "Self-Portrait", "The Angel of Port Lligat", "Untitled, (Peony Blossom Painting)", "Guru Guri Dhar", "Streik", "The Prisons (plate IV)", "Tetrahedral Planetoid", "Portrait of Margeretha de Geer", "Streik", "Streik", "Nanda Devi", "Portrait of a Girl", "Space Elephant", "Christ Resurected", "Pineta of Calvi Corsica", "A wheatfield on a summer's afternoon"], "Realism": 0.0035630990211064466, "style_counts": [0.0001721686218933982, 0.0007136159349951932, 0.0005447879129597544, 0.0008592234338340443, 0.0005830002512996479, 0.0013198637082731945, 0.0, 0.0010626036234265834, 0.0012823235105721142, 0.0003026396880908555, 0.0004886481707619961], "scores": [0.007040480977748409, 0.008331275565378988, 0.008443344129707828, 0.008967259141405065, 0.00971083642507955, 0.01056507397575629, 0.010719540583575, 0.01075418177942586, 0.011100227303150034, 0.01136978105575175, 0.01160067188289026, 0.011728050239115231, 0.011796582859970935, 0.01195135594457479, 0.012001182075346953, 0.012284524605753357, 0.012338998443411074, 0.012532258801909456, 0.01265137972337223, 0.012782155928069784], "Surrealism": 0.003839322203640812, "style_labels": ["Impressionism", "Abstract Expressionism", "Neo-Romanticism", "Realism", "Surrealism", "Color Field Painting", "Na\u00efve Art (Primitivism)", "Expressionism", "Symbolism", "Baroque", "Neoclassicism"], "Color Field Painting": 0.0031024587466672894, "Na\u00efve Art (Primitivism)": 0.004422322454940407, "Expressionism": 0.0033597188315138554, "year": [1937.0, 1884.0, 1931.0, 1957.0, 1923.0, 1952.0, 2007.0, 1931.0, 1879.0, "unknown", 1954.0, 1661.0, 1879.0, 1879.0, 1944.0, 1915.0, "unknown", 1634.0, 1933.0, 1942.0], "Symbolism": 0.0031399989443683368, "Baroque": 0.004119682766849645, "style_dict": {"Impressionism": 1, "Abstract Expressionism": 1, "Neo-Romanticism": 3, "Surrealism": 3, "Color Field Painting": 1, "Neoclassicism": 1, "Expressionism": 1, "Symbolism": 4, "Baroque": 2, "Realism": 2, "Na\u00efve Art (Primitivism)": 1}, "Neoclassicism": 0.0039336742841784315}