{"Impressionism": 0.003891271745974239, "style": ["Na\u00efve Art (Primitivism)", "Magic Realism", "Romanticism", "Surrealism", "Expressionism", "Symbolism", "Post-Impressionism", "Surrealism", "Symbolism", "Regionalism", "Surrealism", "Symbolism", "Regionalism", "Symbolism", "unknown", "Surrealism", "Na\u00efve Art (Primitivism)", "Cubism", "Impressionism", "Surrealism"], "style_labels": ["Impressionism", "Surrealism", "unknown", "Romanticism", "Magic Realism", "Na\u00efve Art (Primitivism)", "Expressionism", "Symbolism", "Post-Impressionism", "Cubism", "Regionalism"], "Surrealism": 0.003368310380143383, "unknown": 0.0037558569368340376, "artist": ["Chagall Marc", "Holbrook Carter Clarence", "Goya Francisco", "Dali Salvador", "Pollock Jackson ", "Roerich Nicholas", "Toulouse-Lautrec Henri de", "Chagall Marc", "Roerich Nicholas", "Rockwell Norman", "Magritte Rene", "Roerich Nicholas", "Rockwell Norman", "Roerich Nicholas", "Matisse Henri", "Ernst Max", "Chagall Marc", "Picasso Pablo", "Renoir Pierre-Auguste", "Dali Salvador"], "year": [1931.0, 1979.0, 1769.0, 1944.0, 1941.0, 1927.0, 1886.0, 1960.0, 1932.0, 1935.0, 1950.0, "unknown", 1920.0, 1925.0, 1918.0, 1941.0, 1963.0, 1907.0, 1910.0, 1958.0], "Romanticism": 0.0030358308742891187, "scores": [0.006662388454171796, 0.007700232813413088, 0.00877467982079449, 0.00934496506156069, 0.009868169825976849, 0.009922565894383045, 0.009991269465809935, 0.010075515508992931, 0.01019328771087106, 0.010427378730303388, 0.010509276751555895, 0.010682719270150099, 0.010739981437803005, 0.01085113706331631, 0.0108558228169235, 0.010870868305584837, 0.01093915156034952, 0.01111595906730941, 0.011247221956863238, 0.011257326277859065], "Magic Realism": 0.002664097721124258, "style_counts": [0.0, 0.0005229613658308541, 0.00013541480914025517, 0.0008554408716850981, 0.001227174024849953, 0.0009023254409120662, 0.00047711929343308146, 0.00047121894699864164, 0.00043452974089652763, 4.541384311385066e-05, 0.000296807687137024], "Na\u00efve Art (Primitivism)": 0.002988946305062203, "Expressionism": 0.0034141524525411445, "contentId": ["203171.jpg", "345410.jpg", "194188.jpg", "221174.jpg", "185292.jpg", "226880.jpg", "230354.jpg", "203039.jpg", "225422.jpg", "247641.jpg", "211547.jpg", "225811.jpg", "247624.jpg", "226505.jpg", "9223372032559820498.jpg", "234166.jpg", "203336.jpg", "224555.jpg", "218478.jpg", "220881.jpg"], "Symbolism": 0.003420052798975639, "title": ["The Descent towards Sodom", "Clowns Making Up", "Triple generation", "Music - The Red Orchestra", "Mask", "The unspilling vessel", "Artillerman and Girl", "Song of Songs III", "Brahmaputra", "Couple in Rumble Seat", "The ignorant fairy", "Himalayas", "But wait 0til next week", "Sanctuaries and Citadels", "Autumn in Cagnes", "Europe after the Rain II", "Wandering Musicians", "The girls of Avignon (study)", "Genevieve bernheim de villers", "Cosmic Madonna"], "Post-Impressionism": 0.0034567420050776966, "style_dict": {"Impressionism": 1, "Surrealism": 5, "unknown": 1, "Romanticism": 1, "Magic Realism": 1, "Na\u00efve Art (Primitivism)": 2, "Expressionism": 1, "Symbolism": 4, "Post-Impressionism": 1, "Cubism": 1, "Regionalism": 2}, "Cubism": 0.0038458579028603787, "Regionalism": 0.003594464058837245}