{"style_counts": [0.0004369459601404335, 0.00018980563571624476, 0.0006502239826892131, 3.4023622576095924e-05, 0.00012907875970169513, 0.0007972515455049178, 0.00018449440991985533, 0.0, 0.0011945328586002724, 0.0007502290679617385, 0.0001106877012031493, 4.650829526875455e-05], "style": ["Symbolism", "Realism", "Surrealism", "Baroque", "Baroque", "Orientalism", "Realism", "Realism", "Art Nouveau (Modern)", "Na\u00efve Art (Primitivism)", "Cubism", "Symbolism", "High Renaissance", "Neoclassicism", "Romanticism", "Na\u00efve Art (Primitivism)", "Realism", "High Renaissance", "Expressionism", "Art Nouveau (Modern)"], "style_labels": ["Orientalism", "Art Nouveau (Modern)", "Realism", "Romanticism", "High Renaissance", "Surrealism", "Na\u00efve Art (Primitivism)", "Expressionism", "Symbolism", "Baroque", "Cubism", "Neoclassicism"], "artist": ["Roerich Nicholas", "Corot Camille ", "Dali Salvador", "Rembrandt", "Rembrandt", "Gerome Jean-Leon", "Shishkin Ivan", "Courbet Gustave", "Roerich Nicholas", "Chagall Marc", "Picasso Pablo", "Roerich Nicholas", "Michelangelo", "Ingres Jean Auguste Dominique ", "Dore Gustave ", "Chagall Marc", "Shishkin Ivan", "Raphael", "Serebriakova Zinaida", "Roerich Nicholas"], "Orientalism": 0.005141713751426612, "Art Nouveau (Modern)": 0.005388854075850747, "title": ["Himalayas", "The Lac de Nemi", "Architectural Contortion of El Escorial", "Portrait of Lieven Willemsz van Coppenol", "Self-portrait, drawing at a window", "Arab Frightening Larks Away (unfinished)", "Summer Landscape with birch", "Basket of Flowers", "Punkaharju", "Having become the favorite the Pharaoh, Joseph gets his brothers come to Egypt requests food supplies for their country suffered from famine. He makes himself known to them and pardon them (Genesis XLV, 1-8)", "Nude", "Moon over monastery in mountains", "The Dying Slave", "Tu Marcellus Eris", "Paradiso Canto 14", "Prophet Daniel with lions", "The Sun lit Pines", "St. Michael Overwhelming the Demon", "Still Life with Vegetables", "Viking's tomb"], "Realism": 0.00492843572887782, "Romanticism": 0.005544636088990878, "High Renaissance": 0.005449580951865318, "scores": [0.009880029915677728, 0.013090561169640538, 0.013820047126160133, 0.014010587381891782, 0.014423451408574057, 0.014861464214309818, 0.015395747216681266, 0.015413637219308033, 0.015580498965274771, 0.015735120185256107, 0.015804471871722486, 0.015937558075293456, 0.015972004539922906, 0.015989974214073693, 0.01602605955943108, 0.016030460963218113, 0.016118987032155432, 0.01611991260966749, 0.016124400477226304, 0.016153805022675], "Surrealism": 0.00478140816606215, "year": ["unknown", 1845.0, 1982.0, 1653.0, "unknown", 1900.0, "unknown", 1863.0, 1907.0, 1956.0, 1909.0, "unknown", 1515.0, 1820.0, "unknown", 1956.0, "unknown", 1518.0, 1936.0, 1908.0], "Na\u00efve Art (Primitivism)": 0.005394165301647199, "Expressionism": 0.00557865971156696, "contentId": ["225754.jpg", "199805.jpg", "220791.jpg", "220363.jpg", "220505.jpg", "279314.jpg", "228950.jpg", "191712.jpg", "226407.jpg", "202600.jpg", "224191.jpg", "226217.jpg", "193261.jpg", "193568.jpg", "201767.jpg", "202941.jpg", "228984.jpg", "210575.jpg", "227513.jpg", "227041.jpg"], "Symbolism": 0.004384126852966749, "Baroque": 0.004828430643605223, "style_dict": {"Neoclassicism": 1, "Art Nouveau (Modern)": 2, "Romanticism": 1, "High Renaissance": 2, "Cubism": 1, "Surrealism": 1, "Na\u00efve Art (Primitivism)": 2, "Expressionism": 1, "Symbolism": 2, "Baroque": 2, "Orientalism": 1, "Realism": 4}, "Cubism": 0.005467972010363885, "Neoclassicism": 0.005532151416298238}