{"style_counts": [0.00033751595757114394, 0.0004181857942593403, 0.0005913677294885344, 0.0, 0.00044448804119923135, 0.0006225201542766623, 0.00019406940857980004, 0.0006263663106557127, 0.00010566388557509132, 0.00011047478139036837], "style": ["Post-Impressionism", "Magic Realism", "Neo-Romanticism", "Romanticism", "Surrealism", "Realism, Surrealism", "Magic Realism", "Surrealism", "Post-Impressionism", "Expressionism", "Realism", "Cubism", "Surrealism", "Surrealism", "High Renaissance", "Expressionism", "Surrealism", "Cubism", "Surrealism", "Neo-Romanticism"], "style_labels": ["Neo-Romanticism", "Surrealism", "Romanticism", "High Renaissance", "Realism, Surrealism", "Magic Realism", "Expressionism", "Post-Impressionism", "Cubism", "Realism"], "Neo-Romanticism": 0.0030463228913913012, "Surrealism": 0.0029656530547030415, "contentId": ["206698.jpg", "277994.jpg", "298619.jpg", "187727.jpg", "202465.jpg", "221181.jpg", "278104.jpg", "224772.jpg", "221886.jpg", "232016.jpg", "277343.jpg", "223948.jpg", "258988.jpg", "234169.jpg", "210503.jpg", "232119.jpg", "221354.jpg", "219813.jpg", "202604.jpg", "321878.jpg"], "artist": ["van Gogh Vincent ", "Earle Eyvind", "Spencer Stanley", "Delacroix Eugene ", "Chagall Marc", "Dali Salvador", "Earle Eyvind", "Picasso Pablo", "Bonnard Pierre", "Freud Lucian", "Zorn Anders", "Picasso Pablo", "Beksinski Zdislav", "Ernst Max", "Raphael", "Freud Lucian", "Dali Salvador", "Malevich Kazimir", "Chagall Marc", "Kittelsen Theodor Severin"], "Romanticism": 0.00279247111947388, "High Renaissance": 0.003383838848962416, "Realism, Surrealism": 0.0029393508077631817, "Magic Realism": 0.0027613186946857503, "Expressionism": 0.0031897694403825727, "year": [1888.0, 1997.0, 1936.0, 1853.0, "unknown", 1951.0, 1980.0, 1966.0, 1913.0, 1968.0, 1892.0, 1944.0, "unknown", 1919.0, 1518.0, 2003.0, 1941.0, 1914.0, 1976.0, "unknown"], "scores": [0.007290484960710589, 0.007712917895296466, 0.007906644441783826, 0.008071279658467989, 0.008240211861381165, 0.008495816561307979, 0.00854815090177097, 0.00871498297680136, 0.008947934290832193, 0.009001194691242899, 0.009461239054222428, 0.00950137672450075, 0.009541977061907118, 0.009684038041801273, 0.009780552242312833, 0.00978296825838984, 0.00979899371831485, 0.009803395560949594, 0.009812524336638238, 0.010032779287295297], "title": ["Quay with Men Unloading Sand Barges", "Beauty Beyond Believing", "Flowering Artichokes", "Ceres", "Bride with Blue Face", "Mystical Carnation", "Mountain Rise", "Woman with bird", "Flowers on a Mantlepiece", "Interior with Plant, Reflection Listening (Self-Portrait)", "The Mora Fair", "Glass and pitcher", "Untitled", "Family Excursions", "Holy Family (known as the Grande Famille of Francois I)", "Solicitors Head", "Portrait of Mrs. George Tait, II", "Soldier of the First Division", "Holy Family", "The Forest Court"], "Post-Impressionism": 0.0027574725383067403, "style_dict": {"Neo-Romanticism": 2, "Surrealism": 6, "Romanticism": 1, "High Renaissance": 1, "Cubism": 2, "Magic Realism": 2, "Expressionism": 2, "Post-Impressionism": 2, "Realism, Surrealism": 1, "Realism": 1}, "Cubism": 0.0032781749633873296, "Realism": 0.0032733640675720716}