{"style": ["Symbolism", "Art Nouveau (Modern)", "Art Nouveau (Modern)", "Op Art, Surrealism", "Symbolism", "Symbolism", "Magic Realism", "Academicism", "Symbolism", "Symbolism", "Northern Renaissance", "Symbolism", "Symbolism", "Symbolism", "Realism", "Abstract Expressionism", "Northern Renaissance", "Symbolism", "Symbolism", "Baroque"], "Abstract Expressionism": 0.005138062155185784, "Op Art, Surrealism": 0.004073792072520726, "contentId": ["226516.jpg", "225460.jpg", "226157.jpg", "221755.jpg", "226216.jpg", "225811.jpg", "278027.jpg", "279380.jpg", "324021.jpg", "225608.jpg", "200955.jpg", "225669.jpg", "226880.jpg", "225405.jpg", "206343.jpg", "345403.jpg", "200675.jpg", "226907.jpg", "225597.jpg", "216650.jpg"], "Art Nouveau (Modern)": 0.003690795930075507, "artist": ["Roerich Nicholas", "Roerich Nicholas", "Roerich Nicholas", "Dali Salvador", "Roerich Nicholas", "Roerich Nicholas", "Earle Eyvind", "Gerome Jean-Leon", "Roerich Nicholas", "Roerich Nicholas", "Durer Albrecht", "Roerich Nicholas", "Roerich Nicholas", "Roerich Nicholas", "van Gogh Vincent ", "Holbrook Carter Clarence", "Durer Albrecht", "Roerich Nicholas", "Roerich Nicholas", "Rubens Peter Paul"], "Northern Renaissance": 0.004845854744249932, "style_counts": [9.431607839660572e-05, 0.001158586161061681, 0.001541582303506872, 0.0003865234893324354, 0.0006116989771600689, 0.0012253356115399239, 0.0005819997098280849, 0.0, 0.00036885260720420643], "Magic Realism": 0.0046206792564222375, "style_labels": ["Abstract Expressionism", "Op Art, Surrealism", "Art Nouveau (Modern)", "Northern Renaissance", "Magic Realism", "Symbolism", "Academicism", "Baroque", "Realism"], "title": ["Santana", "Castle of King Mark", "Mist in the forest", "Untitled", "Monhegan (Vagueness)", "Himalayas", "Copy of Sea mist and Pastures", "Michelangelo", "Lamayuru", "Flying Carpet", "Portrait of Barbara", "Guardians of the Night", "The unspilling vessel", "Book of Life", "New-Born Calf Lying on Straw", "Teal Mandala", "Ecce Homo", "Tibet", "Final journey", "The Feast of Herod"], "scores": [0.007355565096495906, 0.010305220587962525, 0.011429426213363831, 0.01177477355395519, 0.012995287090400822, 0.013241515176927569, 0.013355480825059485, 0.01344132274858615, 0.013564468610684574, 0.013582617118905729, 0.01368541120798536, 0.013789608147713399, 0.013823868823744895, 0.013886604613106219, 0.014057397114287638, 0.014850909743664091, 0.01485123598471088, 0.014874420654084203, 0.014951632641716443, 0.015123518272977067], "year": ["unknown", 1912.0, 1907.0, 1960.0, 1922.0, "unknown", "unknown", "unknown", 1925.0, 1943.0, 1490.0, 1940.0, 1927.0, 1939.0, 1884.0, 1969.0, "unknown", 1933.0, 1922.0, 1633.0], "Symbolism": 0.004007042622042395, "Academicism": 0.004650378523754253, "Baroque": 0.005232378233582358, "style_dict": {"Abstract Expressionism": 1, "Op Art, Surrealism": 1, "Art Nouveau (Modern)": 2, "Northern Renaissance": 2, "Magic Realism": 1, "Symbolism": 10, "Academicism": 1, "Baroque": 1, "Realism": 1}, "Realism": 0.0048635256263781425}