{"Impressionism": 0.0031434839005982907, "style": ["Romanticism", "Realism", "Symbolism", "Impressionism", "New Realism", "Romanticism", "Realism", "Art Nouveau (Modern)", "Impressionism", "Romanticism", "Symbolism", "Impressionism", "Realism", "Symbolism", "Surrealism", "Realism", "Impressionism", "Realism", "Magic Realism", "Surrealism"], "style_labels": ["Impressionism", "Surrealism", "Art Nouveau (Modern)", "Romanticism", "Magic Realism", "New Realism", "Symbolism", "Realism"], "Surrealism": 0.0035368335527296143, "contentId": ["196836.jpg", "210243.jpg", "226254.jpg", "218444.jpg", "362020.jpg", "215799.jpg", "191753.jpg", "226709.jpg", "244410.jpg", "196682.jpg", "226816.jpg", "212975.jpg", "227068.jpg", "225647.jpg", "211317.jpg", "208725.jpg", "243923.jpg", "229832.jpg", "278353.jpg", "290397.jpg"], "Art Nouveau (Modern)": 0.003132531254316391, "artist": ["Aivazovsky Ivan ", "Levitan Isaac", "Roerich Nicholas", "Renoir Pierre-Auguste", "Hopper Edward", "Cezanne Paul", "Courbet Gustave", "Roerich Nicholas", "Hassam Childe", "Aivazovsky Ivan ", "Roerich Nicholas", "Monet Claude", "Roerich Nicholas", "Roerich Nicholas", "Magritte Rene", "Pissarro Camille ", "Hassam Childe", "Kustodiev Boris", "Earle Eyvind", "Ray Man"], "Romanticism": 0.0025619097820603286, "style_dict": {"Impressionism": 4, "Surrealism": 2, "Art Nouveau (Modern)": 1, "Romanticism": 3, "Magic Realism": 1, "New Realism": 1, "Symbolism": 3, "Realism": 5}, "Magic Realism": 0.0037257452691055568, "scores": [0.004841416131944067, 0.007513276476808361, 0.007748547161026622, 0.007922961854802624, 0.008277887504246698, 0.008417357635867631, 0.008922014257352697, 0.009054179868203144, 0.009714322201103194, 0.0097656136803437, 0.009892480653016535, 0.009930509708996428, 0.00997253053776026, 0.009984366927754803, 0.010042618520517074, 0.01068933478250465, 0.010713835307073125, 0.010714233750056314, 0.010768788902937946, 0.010785362630444526], "year": [1895.0, 1885.0, 1937.0, "unknown", 1929.0, "unknown", 1864.0, 1913.0, 1906.0, 1868.0, 1908.0, 1901.0, 1905.0, "unknown", 1937.0, 1864.0, 1902.0, 1917.0, 1976.0, "unknown"], "New Realism": 0.0028639525284705875, "title": ["Surf", "In the forest at winter", "Nag Lake. Kashmir.", "Flowers in a Vase and a Glass of Champagne", "Barn and Silo, Vermont", "River in the plain", "Hunter on Horseback, Redcovering the Trail", "Street in front of castle", "Winter in the Connecticut Hills", "Roads of Mljet to Gudauri", "Terem of Yaroslavna", "Waterloo Bridge", "Water paternoster", "Glacier", "Black Flag", "The Marne at Chennevieres", "Broadway and 42nd Street", "Girl brushing her hair", "The Rock", "Observatory Time: The Lovers"], "Symbolism": 0.003073861104085973, "Realism": 0.0030935446876529816, "style_counts": [0.0005822613685072531, 0.00018891171637591686, 0.0005932140147891785, 0.0011638354870452394, 0.0, 0.0008617927406349146, 0.0006518841650196006, 0.0006322005814525244]}