{"Northern Renaissance": 0.006776033081955464, "year": [1940.0, 1866.0, 1907.0, 1973.0, 1633.0, 1931.0, 1659.0, 1925.0, 1922.0, "unknown", 1919.0, 1918.0, 1634.0, "unknown", "unknown", 1523.0, 1633.0, "unknown", "unknown", "unknown"], "style": ["Abstract Art", "Realism", "Byzantine", "Op Art, Surrealism", "Baroque", "Symbolism", "Baroque", "Neoplasticism", "Symbolism", "Regionalism", "Expressionism", "Art Nouveau (Modern)", "Baroque", "Regionalism", "Romanticism", "Northern Renaissance", "Baroque", "Surrealism", "Surrealism", "Romanticism"], "Byzantine": 0.00544764324794577, "title": ["Untitled", "Portrait of the military", "Perm iconostasis", "Untitled - Faces in a Grid (Red and Blue)", "Portrait of Johannes Wtenbogaert", "Guri Guri Dhar ridge", "Self-portrait with beret and turned up collar", "Lozenge Composition with Red, Gray, Blue, Yellow, and Black", "Monhegan (study)", "Sweet Serenade", "Little Serving Woman", "Vignette for book \"N. K. Roerich\"", "Portrait of Haesje van Cleyburgh", "Careful Aim", "Consequences of War", "St Simon", "Bust of Young Woman (probably Saskia van Uylenburgh)", "Untitled", "unknown title", "Mariano Goya"], "Art Nouveau (Modern)": 0.006551233850785139, "Expressionism": 0.0065146163722832415, "Symbolism": 0.00571061458343911, "style_dict": {"Byzantine": 1, "Op Art, Surrealism": 1, "Art Nouveau (Modern)": 1, "Northern Renaissance": 1, "Romanticism": 2, "Neoplasticism": 1, "Surrealism": 2, "Expressionism": 1, "Symbolism": 2, "Abstract Art": 1, "Baroque": 4, "Realism": 1, "Regionalism": 2}, "Regionalism": 0.006435094080787345, "Op Art, Surrealism": 0.005477616495495451, "scores": [0.014433542316077592, 0.014612970984897502, 0.015745714190956186, 0.015832348019166217, 0.015992834279098422, 0.016191055380198674, 0.016963532393254536, 0.017306063042996367, 0.017438056968750205, 0.018382255159013643, 0.018829663175975446, 0.0189355013016827, 0.01913903593982031, 0.01951322853313334, 0.019517331331192985, 0.01958525465065418, 0.02019372981120515, 0.0204749466139121, 0.020787498164561657, 0.02091188316537155], "Abstract Art": 0.004993662935104042, "Baroque": 0.005935999315333792, "Realism": 0.005055740994208285, "style_counts": [0.001559200003082517, 0.0015292267555327976, 0.0004556094002431399, 0.0002308101690727815, 0.0001414921972920924, 0.0010193563487922441, 0.0, 0.0004922268787450612, 0.001296228667589161, 0.0020131803159242345, 0.0010708439356944544, 0.0019511022568200476, 0.0005717491702409427], "artist": ["Reinhardt Ad", "Repin Ilya", "Roerich Nicholas", "Holbrook Carter Clarence", "Rembrandt", "Roerich Nicholas", "Rembrandt", "Mondrian Piet", "Roerich Nicholas", "Rockwell Norman", "Modigliani Amedeo ", "Roerich Nicholas", "Rembrandt", "Rockwell Norman", "Goya Francisco", "Durer Albrecht", "Rembrandt", "Beksinski Zdislav", "Miro Joan", "Goya Francisco"], "contentId": ["283533.jpg", "215277.jpg", "226356.jpg", "345383.jpg", "220361.jpg", "225675.jpg", "220492.jpg", "185990.jpg", "226207.jpg", "247811.jpg", "189552.jpg", "227030.jpg", "220351.jpg", "247627.jpg", "193887.jpg", "201066.jpg", "220079.jpg", "258800.jpg", "227986.jpg", "193974.jpg"], "style_labels": ["Byzantine", "Op Art, Surrealism", "Art Nouveau (Modern)", "Northern Renaissance", "Romanticism", "Neoplasticism", "Surrealism", "Expressionism", "Symbolism", "Abstract Art", "Baroque", "Realism", "Regionalism"], "Romanticism": 0.006865351053736201, "Neoplasticism": 0.005987486902236083, "Surrealism": 0.007006843251028248}