{"Fauvism": 0.003530076131893739, "style_counts": [0.0, 0.0006260092460227407, 0.000730103018862116, 0.0002386564306137151, 0.0004617725910814885, 0.0005499064226895944, 0.000153165247093634, 0.00017431262653999635, 0.000632881697040566, 0.00016220317042836552], "style": ["Realism", "Art Nouveau (Modern)", "Realism", "Abstract Expressionism", "Expressionism", "Surrealism", "Surrealism", "Art Nouveau (Modern)", "Surrealism", "Realism", "Romanticism", "Baroque", "Post-Impressionism", "Romanticism", "Orientalism, Post-Impressionism", "Realism", "Surrealism", "Fauvism", "Baroque", "Realism"], "Abstract Expressionism": 0.0029040668858709854, "artist": ["Bouguereau William-Adolphe", "Roerich Nicholas", "Sargent John Singer", "Twombly Cy", "Pollock Jackson ", "Escher M.C.", "Escher M.C.", "Vallotton  Felix", "Escher M.C.", "Sargent John Singer", "Alma-Tadema Lawrence ", "Rembrandt", "van Gogh Vincent ", "Dore Gustave ", "Matisse Henri", "Courbet Gustave", "Magritte Rene", "Malevich Kazimir", "Caravaggio", "Manet Edouard"], "contentId": ["232384.jpg", "226489.jpg", "266220.jpg", "231588.jpg", "185281.jpg", "204699.jpg", "204432.jpg", "271316.jpg", "204874.jpg", "266337.jpg", "214469.jpg", "220713.jpg", "206811.jpg", "202095.jpg", "214102.jpg", "191848.jpg", "211409.jpg", "219831.jpg", "186671.jpg", "192130.jpg"], "Art Nouveau (Modern)": 0.002799973113031643, "title": ["Elpieglerie", "Saint Boris and saint Gleb", "Mrs. Abbott Lawrence Rotch", "Untitled Part VII", "Animals and Figures", "NOT DETECTED", "Belvedere", "The Anarchist", "Temporary\u00a0Academy Diploma", "The Duchess of Sutherland", "A Roman Emperor Claudius", "Two Old Men Disputing", "Sheet with Figures and Hands", "The-Deluge", "Odalisque", "Snow Landscape in Jura", "One night museum", "Still Life", "Musicians", "Street Singer"], "Romanticism": 0.0032914197012799875, "Surrealism": 0.0030683035408122024, "style_labels": ["Fauvism", "Abstract Expressionism", "Art Nouveau (Modern)", "Romanticism", "Surrealism", "Expressionism", "Baroque", "Post-Impressionism", "Realism", "Orientalism, Post-Impressionism"], "Expressionism": 0.0029801697092040665, "year": [1895.0, "unknown", 1903.0, 1988.0, 1942.0, 1934.0, 1958.0, 1892.0, 1945.0, 1904.0, 1871.0, 1628.0, 1890.0, "unknown", 1917.0, 1866.0, 1927.0, 1911.0, 1595.0, 1862.0], "scores": [0.007118549646284398, 0.007130872842013694, 0.007808211839999641, 0.00839383290996296, 0.008613798361221059, 0.008629672558060191, 0.009338880754482005, 0.009357827107243049, 0.00943727681137577, 0.009505684395738095, 0.009675303635856008, 0.009680273090342063, 0.009699404062053012, 0.009707465294634305, 0.00973440489200154, 0.009905851102407983, 0.009960245779077937, 0.010203232354848999, 0.010205942986411322, 0.010438457984391856], "Baroque": 0.003376910884800048, "Post-Impressionism": 0.003355763505353715, "style_dict": {"Fauvism": 1, "Abstract Expressionism": 1, "Art Nouveau (Modern)": 2, "Romanticism": 2, "Surrealism": 4, "Expressionism": 1, "Baroque": 2, "Post-Impressionism": 1, "Realism": 5, "Orientalism, Post-Impressionism": 1}, "Realism": 0.002897194434853103, "Orientalism, Post-Impressionism": 0.0033678729614653414}