{"style": ["Symbolism", "Na\u00efve Art (Primitivism), Surrealism", "Symbolism", "Post-Impressionism", "Abstract Expressionism", "Symbolism", "High Renaissance", "Symbolism", "Realism", "Surrealism", "Symbolism", "Symbolism", "Neoclassicism", "Symbolism", "Post-Impressionism", "Neo-Romanticism", "Realism", "Symbolism", "Symbolism", "Symbolism"], "Abstract Expressionism": 0.0028258737168040207, "Neo-Romanticism": 0.0037230349900962425, "artist": ["Roerich Nicholas", "Kahlo Frida ", "Roerich Nicholas", "van Gogh Vincent ", "Warhol Andy", "Roerich Nicholas", "Perugino Pietro ", "Roerich Nicholas", "Kustodiev Boris", "Dali Salvador", "Roerich Nicholas", "Roerich Nicholas", "Ingres Jean Auguste Dominique ", "Roerich Nicholas", "Sisley Alfred", "Kittelsen Theodor Severin", "Levitan Isaac", "Roerich Nicholas", "Roerich Nicholas", "Roerich Nicholas"], "style_labels": ["Abstract Expressionism", "Neo-Romanticism", "High Renaissance", "Surrealism", "Na\u00efve Art (Primitivism), Surrealism", "Realism", "Symbolism", "Post-Impressionism", "Neoclassicism"], "contentId": ["226267.jpg", "184924.jpg", "225350.jpg", "206870.jpg", "300228.jpg", "225422.jpg", "199075.jpg", "226266.jpg", "230256.jpg", "221171.jpg", "225932.jpg", "225976.jpg", "193557.jpg", "225597.jpg", "238362.jpg", "321911.jpg", "210222.jpg", "225632.jpg", "226514.jpg", "226931.jpg"], "title": ["Night rider", "Flower of Life (Flame Flower)", "Arhat", "Sketch of the Painting \"The Potato Eaters\"", "Oxidation Painting", "Brahmaputra", "Madonna, an Angel and Little St. John Adoring the Child", "Night rider", "Tatar, who sells watermelons", "Mural Painting for Helena Rubinstein (panel 1)", "Jyagong", "King Gesar", "The Oath of the Horatii, according to David", "Final journey", "Village of Saint Mamm\u00e8s", "Husmand", "Haystacks", "Giantess Krimgerd", "Sanga Chelling", "Tibetian camp"], "style_counts": [0.0008971612732923129, 0.0, 0.0007518999406175286, 0.0005561823599072868, 0.0009607591833954432, 0.00036589930444230756, 0.0008762591412094789, 0.0006177140582575014, 0.0003056638847717119], "High Renaissance": 0.0029711350494787164, "Surrealism": 0.003166852630189049, "Na\u00efve Art (Primitivism), Surrealism": 0.0027622758067008374, "Realism": 0.003357135685653992, "scores": [0.006819186517242504, 0.007984003979207946, 0.007992137058240133, 0.008139738633226208, 0.008167825582431405, 0.008296540027279156, 0.008587684835908705, 0.008633245955846146, 0.008900552486697024, 0.009153381403717614, 0.009424535523487789, 0.00979158302901313, 0.009877472929080689, 0.009916416380269095, 0.010147117355829202, 0.010760955189033406, 0.010869209855683511, 0.010942538346843134, 0.010953233239128533, 0.011055671842770867], "year": [1918.0, 1943.0, 1932.0, 1890.0, 1978.0, 1932.0, 1497.0, 1918.0, 1924.0, 1942.0, 1928.0, 1941.0, "unknown", 1922.0, 1898.0, "unknown", "unknown", 1915.0, 1924.0, 1936.0], "Symbolism": 0.00284677584888685, "Post-Impressionism": 0.003105320931838831, "style_dict": {"Abstract Expressionism": 1, "Neo-Romanticism": 1, "High Renaissance": 1, "Surrealism": 1, "Na\u00efve Art (Primitivism), Surrealism": 1, "Neoclassicism": 1, "Symbolism": 10, "Post-Impressionism": 2, "Realism": 2}, "Neoclassicism": 0.003417371105324623}