{"style": ["Surrealism", "Neoclassicism", "Neoclassicism", "Baroque", "Surrealism", "Baroque", "Baroque", "Neoclassicism", "Neoclassicism", "Baroque", "Na\u00efve Art (Primitivism)", "Academicism", "Baroque", "Realism", "Baroque", "High Renaissance", "Expressionism", "Baroque", "High Renaissance", "High Renaissance"], "style_labels": ["Realism", "High Renaissance", "Surrealism", "Na\u00efve Art (Primitivism)", "Expressionism", "Academicism", "Baroque", "Neoclassicism"], "artist": ["Dali Salvador", "Picasso Pablo", "Bouguereau William-Adolphe", "Rubens Peter Paul", "Dali Salvador", "Rembrandt", "Rubens Peter Paul", "Bouguereau William-Adolphe", "Bouguereau William-Adolphe", "Rubens Peter Paul", "Chagall Marc", "Gerome Jean-Leon", "Caravaggio", "Bouguereau William-Adolphe", "Rubens Peter Paul", "Raphael", "Dali Salvador", "Caravaggio", "Titian", "Raphael"], "contentId": ["221255.jpg", "224619.jpg", "232376.jpg", "216580.jpg", "221545.jpg", "220068.jpg", "216610.jpg", "232386.jpg", "232578.jpg", "216640.jpg", "202793.jpg", "279409.jpg", "186685.jpg", "232457.jpg", "216730.jpg", "210652.jpg", "220919.jpg", "186676.jpg", "224908.jpg", "210573.jpg"], "title": ["Nude on the Plain of Rosas", "Three women at a fountain", "Dawn", "Saint Gregory with Saints Domitilla, Maurus, and Papianus", "The Alchemist", "Bust of a Bearded Old Man", "St. Jerome in His Hermitage", "Faneuse", "Young Worker", "The Discovery of the Child Erichthonius", "Moses receiving the Tablets of Law", "Portrait of a Roman Woman", "Sacrifice of Isaac", "Pleasant Burden", "Virgin and Child Adored By Angels", "The Transfiguration (detail)", "Design for a poster for 'The Secret Life of Salvador Dali'", "not identified", "Madonna and Child with Sts Catherine and Dominic and a Donor", "St. Margaret"], "Realism": 0.006508112762152556, "style_counts": [0.00032260475724010806, 0.00019271567085166197, 0.0012952866805971963, 0.00038573924200480114, 0.0, 0.0003808367157215331, 0.000986580212162691, 0.0009713897750251999], "High Renaissance": 0.0066380018485410665, "Surrealism": 0.005535430838795528, "Na\u00efve Art (Primitivism)": 0.006444978277387859, "Expressionism": 0.006830717519392641, "year": [1942.0, 1921.0, 1881.0, 1607.0, 1962.0, "unknown", 1609.0, 1869.0, 1869.0, 1615.0, 1952.0, "unknown", 1602.0, 1895.0, 1608.0, 1520.0, 1942.0, "unknown", 1516.0, 1518.0], "scores": [0.014749257843296823, 0.016954038154615568, 0.017598004747743416, 0.017598877187051058, 0.017848218813162252, 0.01803882805085213, 0.018184426314016188, 0.01838805678383927, 0.01841531946460994, 0.018430238505210427, 0.01862838319321614, 0.018642553316727675, 0.01878406489718872, 0.018810865324929347, 0.019164416017697822, 0.0194405694980461, 0.019743313004219037, 0.01981002970823481, 0.02003976196702259, 0.020176697643687888], "Academicism": 0.006449880803671138, "Baroque": 0.005844137307229988, "style_dict": {"High Renaissance": 3, "Neoclassicism": 4, "Surrealism": 2, "Na\u00efve Art (Primitivism)": 1, "Expressionism": 1, "Academicism": 1, "Baroque": 7, "Realism": 1}, "Neoclassicism": 0.005859327744367442}