{"Impressionism": 0.0039399124946011155, "style": ["Art Nouveau (Modern)", "Realism", "Symbolism", "Impressionism", "Symbolism", "Impressionism", "Symbolism", "Realism", "Post-Impressionism", "Academicism", "Symbolism", "Expressionism", "Symbolism", "Surrealism", "Impressionism", "Impressionism", "Impressionism", "Neoclassicism", "Realism", "High Renaissance"], "style_labels": ["Impressionism", "Art Nouveau (Modern)", "High Renaissance", "Surrealism", "Realism", "Expressionism", "Symbolism", "Academicism", "Post-Impressionism", "Neoclassicism"], "artist": ["Roerich Nicholas", "Corot Camille ", "Roerich Nicholas", "Renoir Pierre-Auguste", "Roerich Nicholas", "Renoir Pierre-Auguste", "Roerich Nicholas", "Sargent John Singer", "Cezanne Paul", "Gerome Jean-Leon", "Blake William ", "Dali Salvador", "Roerich Nicholas", "Dali Salvador", "Renoir Pierre-Auguste", "Cassatt Mary", "Sisley Alfred", "Ingres Jean Auguste Dominique ", "Sargent John Singer", "Titian"], "contentId": ["226401.jpg", "199621.jpg", "225476.jpg", "218872.jpg", "226676.jpg", "218934.jpg", "226470.jpg", "266086.jpg", "215489.jpg", "279423.jpg", "192958.jpg", "221394.jpg", "226103.jpg", "221587.jpg", "218679.jpg", "190403.jpg", "238292.jpg", "193320.jpg", "266419.jpg", "224862.jpg"], "Art Nouveau (Modern)": 0.0022087967824624436, "title": ["Prologue. Forest.", "Monk in White, Seated, Reading", "Charaka", "Portrait of a Girl", "Spell words", "Portrait of Mme. Alphonse Daudet", "Russian Easter", "Cora, Countess of Strafford (Cora Smith)", "Bathers", "Purchase of a Slave", "The number of the beast is 666", "Reading. Family Scene by Lamplight", "Lord of the Night", "The Eye", "Large Bather with Crossed Legs", "Two Seated Women", "View in Moret", "Comtes de Tournon, n\u00e9e Genevi\u00e8ve de Seytres Caumont", "Naked boy on the beach", "Christ with Globe"], "style_counts": [0.0007290649526087156, 0.0024601806647474023, 0.0, 0.00016487944657206377, 0.0010682706833757827, 0.00021819569999381727, 0.001102573472235413, 0.0004068053599380894, 0.0005581031526545877, 1.1590699304897534e-05], "High Renaissance": 0.004668977447209896, "scores": [0.006384243838961365, 0.007061424309340696, 0.007246235270903581, 0.009855287554523667, 0.011113446707229663, 0.011157857197173729, 0.011291487331960968, 0.011809784917303553, 0.011881954961243791, 0.012319261828343583, 0.01258147603126819, 0.012864413862712957, 0.012886885120996698, 0.013018517655839935, 0.013069724639710756, 0.013352398903965765, 0.01345691562127067, 0.013461579121744192, 0.013489051153420997, 0.013495080551669614], "Surrealism": 0.00450409800063775, "Realism": 0.0036007067638340285, "Expressionism": 0.0044507817472160295, "year": [1908.0, 1857.0, 1932.0, "unknown", 1922.0, 1876.0, "unknown", 1908.0, 1890.0, "unknown", "unknown", 1981.0, 1918.0, 1945.0, 1904.0, 1869.0, 1892.0, 1812.0, "unknown", 1530.0], "Symbolism": 0.0035664039749744325, "Academicism": 0.00426217208727174, "Post-Impressionism": 0.004110874294555243, "style_dict": {"Impressionism": 5, "Art Nouveau (Modern)": 1, "High Renaissance": 1, "Surrealism": 1, "Neoclassicism": 1, "Expressionism": 1, "Symbolism": 5, "Academicism": 1, "Post-Impressionism": 1, "Realism": 3}, "Neoclassicism": 0.004657386747904902}