{"High Renaissance": 0.0037932660180430237, "Mannerism (Late Renaissance)": 0.00400009450279453, "year": [1917.0, 1941.0, 1943.0, 1885.0, 1914.0, 1931.0, 1510.0, 1920.0, 1914.0, 1508.0, 1861.0, 1979.0, 1549.0, 1788.0, 1923.0, 1885.0, 1910.0, 1909.0, 1913.0, 1951.0], "style": ["Expressionism", "Cubism", "Symbolism", "Realism", "Impressionism", "Realism, Surrealism", "High Renaissance", "Neoclassicism, Surrealism", "Expressionism", "High Renaissance", "Neoclassicism", "Magic Realism", "Mannerism (Late Renaissance)", "Romanticism", "Cubism, Expressionism", "Realism", "Expressionism", "Impressionism", "Art Nouveau (Modern)", "Neo-Romanticism"], "Neo-Romanticism": 0.004225635499158283, "title": ["Penitentes", "Bottle and Fish", "Mstislav's duel with Rededia", "Head of a Peasant Woman with White Cap", "In the old house", "They Were There", "Leda", "Two bathers", "Man with a Cat and Woman with a Child", "Niccolini-Cowper Madonna", "Woman of Cervara and Her Child", "Antique Shop", "Tityus", "The Arrest of Christ", "Landscape of Cadaques", "Peasant Woman, Stooping, Seen from the Back", "Dodo with Large Fan", "Reclining nude", "Yard", "Self-portrait"], "Art Nouveau (Modern)": 0.0041750104042935715, "Expressionism": 0.003605959352568258, "Symbolism": 0.00346174996456353, "style_dict": {"Impressionism": 2, "Neo-Romanticism": 1, "Magic Realism": 1, "Art Nouveau (Modern)": 1, "Cubism, Expressionism": 1, "Romanticism": 1, "High Renaissance": 2, "Realism, Surrealism": 1, "Neoclassicism, Surrealism": 1, "Mannerism (Late Renaissance)": 1, "Neoclassicism": 1, "Expressionism": 3, "Symbolism": 1, "Cubism": 1, "Realism": 2}, "Realism, Surrealism": 0.0037041888160479672, "Neoclassicism": 0.0039397333228753904, "Impressionism": 0.003839962370731789, "Cubism, Expressionism": 0.004044499452070771, "Magic Realism": 0.003970948854409658, "scores": [0.009353480342574392, 0.00971540922745388, 0.010005744330472474, 0.010445980909256074, 0.010625902799621677, 0.010706482739819875, 0.010970411228188853, 0.01110382827671993, 0.011139381481051907, 0.011367669415557845, 0.011387293930081439, 0.011477518420835803, 0.011561760179793011, 0.011666614234565454, 0.011690106991091867, 0.011880230742766734, 0.011914604605211451, 0.011987166966208431, 0.012067332161492788, 0.01221365750593056], "Realism": 0.0037912505251413422, "style_counts": [0.00038567312842652246, 0.0, 0.00018113604708758224, 5.062509486475353e-05, 0.0003839745618116064, 0.0001892639830398668, 0.0004323694811153578, 0.0005214466831103826, 0.00025468664474870284, 0.00022554099636384883, 0.00043438497401704357, 0.0006196761465900869, 0.0007638855345948325, 0.0008643345865984031, 0.00028590217628299275], "artist": ["Solar Xul", "Braque Georges ", "Roerich Nicholas", "van Gogh Vincent ", "Hassam Childe", "Dali Salvador", "da Vinci Leonardo", "Picasso Pablo", "Chagall Marc", "Raphael", "Bouguereau William-Adolphe", "Holbrook Carter Clarence", "Titian", "Goya Francisco", "Dali Salvador", "van Gogh Vincent ", "Kirchner Ernst Ludwig", "Renoir Pierre-Auguste", "Roerich Nicholas", "Spencer Stanley"], "contentId": ["345132.jpg", "193610.jpg", "226250.jpg", "206098.jpg", "244064.jpg", "221725.jpg", "225178.jpg", "224632.jpg", "202748.jpg", "210528.jpg", "232571.jpg", "345408.jpg", "225073.jpg", "194091.jpg", "221095.jpg", "206565.jpg", "251899.jpg", "218965.jpg", "227096.jpg", "298474.jpg"], "style_labels": ["Impressionism", "Neo-Romanticism", "Cubism, Expressionism", "Art Nouveau (Modern)", "Neoclassicism, Surrealism", "Romanticism", "High Renaissance", "Realism, Surrealism", "Magic Realism", "Mannerism (Late Renaissance)", "Realism", "Expressionism", "Symbolism", "Cubism", "Neoclassicism"], "Romanticism": 0.004036371516118507, "Neoclassicism, Surrealism": 0.003841660937346742, "Cubism": 0.0033613009125599484}