{"High Renaissance": 0.005166283930317381, "year": [1977.0, 1930.0, "unknown", 1889.0, 1490.0, 1924.0, 1949.0, 1979.0, 1920.0, 1918.0, 1924.0, 1936.0, 1957.0, 1877.0, 1915.0, 1936.0, 1942.0, "unknown", 1884.0, 1890.0], "style": ["Surrealism", "Dada", "Romanticism", "Post-Impressionism", "High Renaissance", "Symbolism", "Surrealism", "Magic Realism", "Art Nouveau (Modern)", "Realism", "Symbolism", "Surrealism", "Surrealism", "Romanticism", "Expressionism", "Dada", "Symbolism", "Orientalism", "Neoclassicism", "Neo-Romanticism"], "Neo-Romanticism": 0.006227712468365713, "title": ["Angelic Landscape", "Lee Miller", "Muse", "Portrait of the Postman Joseph Roulin", "Madonna of the Stairs", "Mother of Turfan", "The domain of Arnheim", "Antique Shop", "St. George the Victorious", "Harvester", "Kangchenjunga", "A Chemist Lifting with Extreme Precaution the Cuticle of a Grand Piano", "Music - The Red Orchestra", "A Sculptor s Model (Venus Esquilina)", "Man and Naked Woman", "Dora Marr", "Alexander Nevsky", "Prayer in the House of an Arnaut Chief", "Day", "Peer Gynt In the Hall of the Mountain King"], "Art Nouveau (Modern)": 0.00568689567003576, "Expressionism": 0.006017111987883528, "Symbolism": 0.00560961469462787, "style_dict": {"Neo-Romanticism": 1, "Magic Realism": 1, "Art Nouveau (Modern)": 1, "Dada": 2, "Romanticism": 2, "High Renaissance": 1, "Surrealism": 4, "Neoclassicism": 1, "Expressionism": 1, "Symbolism": 3, "Post-Impressionism": 1, "Orientalism": 1, "Realism": 1}, "Neoclassicism": 0.006212557952060383, "Dada": 0.005262175540957172, "Magic Realism": 0.0056571809922016025, "scores": [0.011718302292592951, 0.013420355842287245, 0.013439558817182454, 0.01353871580890561, 0.014932481165462154, 0.015857240453576737, 0.015974227362610283, 0.016351356169166515, 0.016437242634773346, 0.01648714996240808, 0.016842242419023476, 0.017127508022577533, 0.01722367087375629, 0.017329502692203853, 0.017391690553876998, 0.01756795371373385, 0.017715228476098067, 0.017756423048667907, 0.017956602048928565, 0.01800040423486207], "Post-Impressionism": 0.0046840742101494, "Realism": 0.005704162420410826, "style_counts": [0.0, 0.0011330129037657732, 0.0005408167983299572, 0.0009655369274085279, 0.0010027677968859061, 0.001061428538048359, 0.0005705314761641489, 0.0005235500479549016, 0.0002106004804821593, 0.0006180977737378912, 0.001543638258216351, 8.441169739759058e-05, 1.515451630529352e-05], "artist": ["Dali Salvador", "Ray Man", "Mucha Alphonse", "van Gogh Vincent ", "Michelangelo", "Roerich Nicholas", "Magritte Rene", "Holbrook Carter Clarence", "Roerich Nicholas", "Kustodiev Boris", "Roerich Nicholas", "Dali Salvador", "Dali Salvador", "Alma-Tadema Lawrence ", "Kirchner Ernst Ludwig", "Ray Man", "Roerich Nicholas", "Gerome Jean-Leon", "Bouguereau William-Adolphe", "Kittelsen Theodor Severin"], "contentId": ["220769.jpg", "210855.jpg", "227679.jpg", "206677.jpg", "193151.jpg", "226232.jpg", "211493.jpg", "345408.jpg", "226684.jpg", "229844.jpg", "225947.jpg", "220743.jpg", "221175.jpg", "214472.jpg", "251988.jpg", "210846.jpg", "225317.jpg", "279418.jpg", "232377.jpg", "321825.jpg"], "Orientalism": 0.006143300770968092, "style_labels": ["Neo-Romanticism", "Surrealism", "Art Nouveau (Modern)", "Dada", "Romanticism", "High Renaissance", "Magic Realism", "Realism", "Expressionism", "Symbolism", "Post-Impressionism", "Orientalism", "Neoclassicism"], "Romanticism": 0.005224944671479813, "Surrealism": 0.005094699564599937}