{"style_counts": [0.00028134691681658275, 0.00023316147444540913, 0.00047631974134154653, 0.0008477091451970509, 0.0, 0.00030062955847043327, 0.0002989096582105555, 0.0002235882293308844], "style": ["Surrealism", "Surrealism", "Surrealism", "Romanticism", "Expressionism", "Romanticism", "Symbolism", "Ukiyo-e", "Art Nouveau (Modern)", "Realism", "Art Nouveau (Modern)", "Symbolism", "Realism", "Romanticism", "Symbolism", "Ukiyo-e", "Symbolism", "Expressionism", "Symbolism", "Na\u00efve Art (Primitivism)"], "style_labels": ["Art Nouveau (Modern)", "Ukiyo-e", "Romanticism", "Surrealism", "Na\u00efve Art (Primitivism)", "Expressionism", "Symbolism", "Realism"], "artist": ["Dali Salvador", "Dali Salvador", "Magritte Rene", "Aivazovsky Ivan ", "Serebriakova Zinaida", "Aivazovsky Ivan ", "Roerich Nicholas", "Hokusai Katsushika", "Kustodiev Boris", "Sargent John Singer", "Roerich Nicholas", "Roerich Nicholas", "Sargent John Singer", "Aivazovsky Ivan ", "Roerich Nicholas", "Hokusai Katsushika", "Roerich Nicholas", "Freud Lucian", "Roerich Nicholas", "Chagall Marc"], "contentId": ["221534.jpg", "220948.jpg", "211663.jpg", "196466.jpg", "227281.jpg", "196680.jpg", "225963.jpg", "223596.jpg", "229763.jpg", "265732.jpg", "226840.jpg", "226959.jpg", "266327.jpg", "196870.jpg", "226914.jpg", "222193.jpg", "226798.jpg", "232100.jpg", "227058.jpg", "203186.jpg"], "Art Nouveau (Modern)": 0.002086429676129884, "title": ["Surrealist Knight for a Four-part Screen", "Enigma (unfinished version of 'The Three Glorious Enigmas of Gala')", "Youth Illustrated", "Calm Sea", "Lake Geneva", "Reval", "Karelian landscape", "Swallow\u00a0and\u00a0begonia\u00a0and\u00a0strawberry\u00a0pie", "Christmas tree bargain", "Fumee d'Ambre Gris", "The great sacrifice", "Treasure", "Study of Ezekiel for Frieze of the Prophets", "The Bay of Naples in the morning", "Tibet", "Fuji\u00a0Blue", "Tangla", "Reflection with Two Children (Self-Portrait)", "Waiting", "The Gladiolas"], "Ukiyo-e": 0.002134615118501117, "Romanticism": 0.0018914568516049629, "scores": [0.004351204846345819, 0.004404952038553682, 0.004904988448706448, 0.004953434895989781, 0.005454280519556643, 0.005533826933254771, 0.005681872107120961, 0.0059671064585312536, 0.00604706366645309, 0.006236076773926987, 0.006239666064919796, 0.006356470059000065, 0.006390786819083152, 0.006511633173918873, 0.006536450553335713, 0.006603381462334105, 0.0066579503476239576, 0.006718896088402809, 0.006742034561009885, 0.006843754593260291], "Surrealism": 0.0015200674477494872, "Na\u00efve Art (Primitivism)": 0.0023677765929465432, "Expressionism": 0.0020671470344760944, "year": [1934.0, 1982.0, 1937.0, 1879.0, 1954.0, "unknown", 1917.0, 1834.0, 1918.0, 1880.0, 1912.0, 1919.0, 1891.0, 1877.0, 1938.0, "unknown", 1943.0, 1965.0, 1927.0, 1967.0], "Symbolism": 0.0020688669347359518, "style_dict": {"Art Nouveau (Modern)": 2, "Ukiyo-e": 2, "Romanticism": 3, "Surrealism": 3, "Na\u00efve Art (Primitivism)": 1, "Expressionism": 2, "Symbolism": 5, "Realism": 2}, "Realism": 0.0021441883636156654}