{"Color Field Painting": 0.003248257125629661, "year": [1845.0, 1978.0, 1899.0, 1552.0, 1910.0, 1907.0, 1925.0, 1969.0, 1961.0, 1964.0, 1949.0, 1891.0, 1910.0, "unknown", 1912.0, 1922.0, "unknown", 1971.0, "unknown", 1913.0], "style": ["Romanticism", "Abstract Expressionism", "Art Nouveau (Modern)", "Mannerism (Late Renaissance)", "Na\u00efve Art (Primitivism)", "Byzantine", "Cubism", "Pop Art", "Color Field Painting", "Color Field Painting", "Na\u00efve Art (Primitivism)", "Post-Impressionism", "Expressionism", "Surrealism", "Art Nouveau (Modern)", "Neo-Romanticism", "Romanticism", "Expressionism", "Symbolism", "Cubo-Futurism"], "Neo-Romanticism": 0.003512468092257572, "Byzantine": 0.0029545525614522515, "title": ["Sunset Seen from a Beach with Breakwater", "Oxidation Painting", "Family", "Portrait of Cardinal Cristoforo Madruzzo", "Jungle with Lion", "Saviour Almighty", "Still life", "Brillo Soap Pads", "Untitled (No. 17)", "Untitled (from the Portfolio \"Ten Works X Ten Painters\")", "Trouville", "Portrait of M. Paul Sescau (Portrait de M. Paul Sescau)", "Boy with Hand to Face", "Untitled", "Shchegolikha", "Terry's Lane, Cookham", "A Mandarin drake", "View of Pubol", "Fighting on a bridge", "Peasant Woman with Buckets"], "Art Nouveau (Modern)": 0.0030090729912066265, "Expressionism": 0.003462858536917292, "Symbolism": 0.0035922620307583908, "style_dict": {"Abstract Expressionism": 1, "Neo-Romanticism": 1, "Byzantine": 1, "Cubo-Futurism": 1, "Art Nouveau (Modern)": 2, "Color Field Painting": 2, "Romanticism": 2, "Surrealism": 1, "Mannerism (Late Renaissance)": 1, "Na\u00efve Art (Primitivism)": 2, "Expressionism": 2, "Symbolism": 1, "Pop Art": 1, "Post-Impressionism": 1, "Cubism": 1}, "Cubo-Futurism": 0.0036216077280291407, "scores": [0.0062242031244621595, 0.006786912437739437, 0.0075768601805527285, 0.007814101877651438, 0.008208918890389924, 0.00853975528084136, 0.008887774790301374, 0.009420218379698912, 0.00955724725430251, 0.009571342535815722, 0.009986822889665953, 0.010004731756303958, 0.010012750034296032, 0.010019212914455171, 0.010143203432378763, 0.010152338574372706, 0.010159766737065007, 0.010379601276581055, 0.010382972720666775, 0.010467792695273922], "Post-Impressionism": 0.0034613996379435196, "style_counts": [0.001273497171247473, 0.00010913963577152686, 0.0006670551665768354, 0.0, 0.0006125347368224343, 0.0008394190025277082, 0.00015519795320206864, 0.00037335060239940265, 0.0009181140143557087, 0.0005317590490785395, 0.00015874919111180663, 2.934569727075509e-05, 0.00036243583985795524, 0.00016020809008554515, 0.0005466486795879799], "Abstract Expressionism": 0.0023481105567816213, "artist": ["Turner William", "Warhol Andy", "Vallotton  Felix", "Titian", "Rousseau Henri", "Roerich Nicholas", "Leger Fernand ", "Warhol Andy", "Rothko Mark", "Reinhardt Ad", "Leger Fernand ", "Toulouse-Lautrec Henri de", "Schiele Egon", "Beksinski Zdislav", "Roerich Nicholas", "Spencer Stanley", "Delacroix Eugene ", "Dali Salvador", "B\u00f6cklin Arnold", "Malevich Kazimir"], "contentId": ["309340.jpg", "300228.jpg", "271105.jpg", "224966.jpg", "191313.jpg", "226525.jpg", "196170.jpg", "300238.jpg", "292727.jpg", "283530.jpg", "196411.jpg", "230553.jpg", "232599.jpg", "258722.jpg", "226555.jpg", "298637.jpg", "187697.jpg", "221813.jpg", "260601.jpg", "219746.jpg"], "style_labels": ["Abstract Expressionism", "Neo-Romanticism", "Byzantine", "Cubo-Futurism", "Art Nouveau (Modern)", "Romanticism", "Surrealism", "Color Field Painting", "Mannerism (Late Renaissance)", "Na\u00efve Art (Primitivism)", "Expressionism", "Symbolism", "Pop Art", "Post-Impressionism", "Cubism"], "Romanticism": 0.002782188725501353, "Surrealism": 0.0034664097748270026, "Mannerism (Late Renaissance)": 0.002703493713673408, "Na\u00efve Art (Primitivism)": 0.003089848678950552, "Pop Art": 0.003259171888171117, "Cubism": 0.0030749590484410844}