{"year": [1982.0, 1921.0, 1944.0, "unknown", "unknown", "unknown", 1986.0, 1915.0, 1967.0, 1954.0, "unknown", 1890.0, 1982.0, 1936.0, 1943.0, 1888.0, 1317.0, 1908.0, 1840.0, 1919.0], "Proto Renaissance": 0.013543458665293197, "style": ["Neo-Expressionism", "Expressionism", "Surrealism", "Surrealism", "Magic Realism", "Pop Art", "Pop Art", "Realism", "Minimalism", "Na\u00efve Art (Primitivism)", "Regionalism", "Neo-Romanticism", "Neo-Expressionism", "Surrealism", "Abstract Art", "Neoclassicism", "Proto Renaissance", "Expressionism", "Romanticism", "Expressionism"], "Neo-Romanticism": 0.012059506122954436, "Neo-Expressionism": 0.00781508504743827, "Expressionism": 0.010642299775554868, "style_dict": {"Neo-Romanticism": 1, "Magic Realism": 1, "Neo-Expressionism": 2, "Romanticism": 1, "Neoclassicism": 1, "Surrealism": 3, "Na\u00efve Art (Primitivism)": 1, "Expressionism": 3, "Abstract Art": 1, "Minimalism": 1, "Pop Art": 2, "Proto Renaissance": 1, "Realism": 1, "Regionalism": 1}, "Neoclassicism": 0.013212068136356503, "Regionalism": 0.011116728878638082, "Magic Realism": 0.007041246397082347, "scores": [0.010758028494517548, 0.011891577404244439, 0.015726996574397457, 0.020090091024594886, 0.02035181972651494, 0.022330636909116776, 0.022827248875378334, 0.023891028293890657, 0.029394658988898592, 0.03148158113235813, 0.03213147919100421, 0.034856455911963374, 0.03526405358383856, 0.0358618532250079, 0.03752864545988295, 0.038187788604724646, 0.03914563043039754, 0.04164156019190279, 0.041883590740269344, 0.04211130511125111], "Minimalism": 0.010169854071053577, "Abstract Art": 0.012984020258763943, "Realism": 0.00826572852735054, "Pop Art": 0.007668334460997922, "style_counts": [0.002431221800139882, 0.006515055168358708, 0.00667564287565614, 0.006224999395743835, 0.0, 0.007449481526011992, 0.00359884834173807, 0.0038484281475394955, 0.006822393462096454, 0.00432087385204083, 0.0015067076643303645, 0.0009472692578011976, 0.0012786597867378013, 0.003373999044456233], "artist": ["Basquiat Jean-Michel ", "Braque Georges ", "Dali Salvador", "Beksinski Zdislav", "Earle Eyvind", "Warhol Andy", "Warhol Andy", "Kustodiev Boris", "Rothko Mark", "Chagall Marc", "Rockwell Norman", "Kittelsen Theodor Severin", "Basquiat Jean-Michel ", "Dali Salvador", "Kandinsky Wassily", "Klimt Gustav", "Giotto", "Kirchner Ernst Ludwig", "Delacroix Eugene ", "Escher M.C."], "contentId": ["203855.jpg", "193769.jpg", "221757.jpg", "259114.jpg", "278372.jpg", "229295.jpg", "229379.jpg", "230106.jpg", "290280.jpg", "202767.jpg", "247620.jpg", "321692.jpg", "203926.jpg", "220885.jpg", "189436.jpg", "191601.jpg", "192810.jpg", "251939.jpg", "187937.jpg", "204911.jpg"], "style_labels": ["Neo-Romanticism", "Surrealism", "Neo-Expressionism", "Realism", "Romanticism", "Magic Realism", "Na\u00efve Art (Primitivism)", "Expressionism", "Pop Art", "Minimalism", "Abstract Art", "Proto Renaissance", "Neoclassicism", "Regionalism"], "Romanticism": 0.01449072792309438, "Surrealism": 0.007975672754735616, "Na\u00efve Art (Primitivism)": 0.010891879581356295, "title": ["Maid from Olympia", "The Pedestal", "Untitled - Design for the ball in the dream sequence in 'Spellbound'", "Untitled", "Emerald Dawn", "Electric Chair", "Self-Portrait", "Portrait of the Artist Igor Grabar", "Rothko Chapel", "Moses", "Boy Reading Adventure Story", "January", "Three Quarters of Olympia Minus the Servant", "Couple with Clouds in Their Heads (Woman)", "White figure", "The Globe Theatre in London", "The Crucifixion", "Frauenkirche", "Yound Woman Leaning over a Woman Stretched out on the Ground", "White Cat I"]}