{"Impressionism": 0.003580679451613629, "style": ["Realism", "Impressionism", "Pop Art", "Academicism", "Baroque", "Baroque", "Baroque", "Romanticism", "Impressionism", "Northern Renaissance", "Baroque", "Romanticism", "Baroque", "Baroque", "Neo-Romanticism", "Surrealism", "Ukiyo-e", "Romanticism", "High Renaissance", "Realism"], "style_labels": ["Impressionism", "Neo-Romanticism", "Ukiyo-e", "Northern Renaissance", "Romanticism", "High Renaissance", "Surrealism", "Pop Art", "Academicism", "Baroque", "Realism"], "Neo-Romanticism": 0.004030625058992131, "contentId": ["212791.jpg", "219160.jpg", "300235.jpg", "279393.jpg", "220670.jpg", "220159.jpg", "216501.jpg", "214588.jpg", "244195.jpg", "9223372032559808852.jpg", "216730.jpg", "214451.jpg", "216404.jpg", "216498.jpg", "298444.jpg", "258670.jpg", "222190.jpg", "279458.jpg", "224964.jpg", "205815.jpg"], "Ukiyo-e": 0.004088020091853894, "artist": ["Monet Claude", "Renoir Pierre-Auguste", "Warhol Andy", "Gerome Jean-Leon", "Rembrandt", "Rembrandt", "Rubens Peter Paul", "Alma-Tadema Lawrence ", "Hassam Childe", "Bruegel the Elder Pieter", "Rubens Peter Paul", "Alma-Tadema Lawrence ", "Rubens Peter Paul", "Rubens Peter Paul", "Spencer Stanley", "Beksinski Zdislav", "Hokusai Katsushika", "Gerome Jean-Leon", "Titian", "van Gogh Vincent "], "Northern Renaissance": 0.003940843954873859, "Romanticism": 0.003833617911868915, "High Renaissance": 0.00415116293671044, "Surrealism": 0.004046680945837108, "title": ["Trophies of the Hunt", "The Agreement", "La Grande Passion", "Old Woman with a Pipe (sketch)", "The Stoning Of St. Stephen", "History Painting", "Martyrdom of St. Thomas", "Self-Portrait", "On the Deck", "Parable of the Sower", "Virgin and Child Adored By Angels", "A Family Group", "Christ Resurrected", "Marie de Medicis as Bellona", "Portrait Of J. E. Martineau", "Untitled", "Fuji at Torigoe", "The Conspirators, Presented at the Salon", "Portrait of Benedetto Varchi", "Cottage with Trees"], "scores": [0.009505601053055507, 0.009792952609009482, 0.010137188449784264, 0.010547768882407741, 0.010669687920136579, 0.010758579687787047, 0.010826636281740576, 0.011011797985795126, 0.011293231689453485, 0.01139050406944323, 0.011396355315904988, 0.011468235406670397, 0.011532700101233914, 0.011636243322549016, 0.011650004837179418, 0.011696412319064115, 0.01181589781920658, 0.011973445316715584, 0.011998404114693158, 0.012278846356562338], "Pop Art": 0.003507226508870572, "year": ["unknown", 1919.0, 1984.0, 1858.0, 1625.0, 1626.0, 1639.0, 1896.0, 1883.0, 1557.0, 1608.0, 1896.0, 1616.0, 1625.0, 1956.0, "unknown", "unknown", 1892.0, 1540.0, 1885.0], "Academicism": 0.0036492775898437444, "Baroque": 0.0035518166104877296, "style_dict": {"Impressionism": 2, "Neo-Romanticism": 1, "Ukiyo-e": 1, "Northern Renaissance": 1, "Romanticism": 3, "High Renaissance": 1, "Surrealism": 1, "Pop Art": 1, "Academicism": 1, "Baroque": 6, "Realism": 2}, "Realism": 0.003699252652840668, "style_counts": [0.0005704834850968066, 0.0001205378777183741, 6.31428448565341e-05, 0.00021031898183665465, 0.0003175450248416034, 0.0, 0.00010448199087331744, 0.0006439364278398862, 0.0005018853468666817, 0.0005993463262227161, 0.00045191028386981635]}