{"Fauvism": 0.0014850022564593468, "Impressionism": 0.0013205183616089562, "style": ["Impressionism", "Post-Impressionism", "Post-Impressionism", "Impressionism", "Impressionism", "Color Field Painting", "Baroque", "Romanticism", "Fauvism", "Realism", "Surrealism", "Impressionism", "Impressionism", "Surrealism", "Realism", "Symbolism", "Impressionism", "Symbolism", "Post-Impressionism", "Impressionism"], "style_labels": ["Fauvism", "Impressionism", "Romanticism", "Surrealism", "Color Field Painting", "Symbolism", "Baroque", "Post-Impressionism", "Realism"], "artist": ["Sisley Alfred", "van Gogh Vincent ", "Sisley Alfred", "Monet Claude", "Pissarro Camille ", "Reinhardt Ad", "Rembrandt", "Turner William", "Miro Joan", "van Gogh Vincent ", "Beksinski Zdislav", "Pissarro Camille ", "Sisley Alfred", "Rothko Mark", "Levitan Isaac", "Roerich Nicholas", "Pissarro Camille ", "Roerich Nicholas", "Picasso Pablo", "Monet Claude"], "contentId": ["238200.jpg", "205908.jpg", "238357.jpg", "212383.jpg", "208646.jpg", "283428.jpg", "220450.jpg", "309334.jpg", "228015.jpg", "206196.jpg", "258487.jpg", "208770.jpg", "238271.jpg", "242076.jpg", "210468.jpg", "225714.jpg", "208476.jpg", "225696.jpg", "223676.jpg", "212792.jpg"], "title": ["The Dam on the Loing Barges", "Factories Seen from a Hillside in Moonlight", "Cows by the Seine at Saint Mammes", "Springtime Landscape at Giverny", "The Effect of Snow at Hermitage", "Abstract Painting: Red", "Self-portrait", "Coast Scene", "Self-Portrait", "Landscape at Dusk", "Untitled", "The Port of Dieppe, the Dunquesne and Berrigny Basins High Tide, Sunny Afternoon", "Path along the Loing Canal", "Aubade", "Widely", "Himalayas", "Portrait of Pere Papeille, Pontoise", "Higher than mountains", "A boat on the canal", "Tulip Field in Holland"], "Romanticism": 0.0014708398395264532, "Surrealism": 0.0015578880299520852, "Color Field Painting": 0.001361423151810515, "scores": [0.0030345808648799856, 0.0031624433618618122, 0.003510703637928205, 0.003740586683199049, 0.00375179223089648, 0.003935019028539095, 0.004073775343716508, 0.004251273932555787, 0.004292208582482173, 0.004440923546751167, 0.004496930354783719, 0.0046156664667532585, 0.004657715289794362, 0.004677282126351752, 0.004712634743053922, 0.004751644649292834, 0.004753839827741294, 0.004757124332982612, 0.004791353609517026, 0.004822567696828528], "year": [1885.0, 1887.0, 1895.0, 1894.0, 1874.0, 1952.0, 1665.0, 1845.0, 1919.0, 1885.0, "unknown", 1902.0, 1891.0, 1944.0, "unknown", 1938.0, 1874.0, 1924.0, 1905.0, 1886.0], "Symbolism": 0.0016146996167275545, "Baroque": 0.0014094295422681948, "Post-Impressionism": 0.0012756481067544485, "style_dict": {"Fauvism": 1, "Impressionism": 7, "Romanticism": 1, "Surrealism": 2, "Color Field Painting": 1, "Symbolism": 2, "Baroque": 1, "Post-Impressionism": 3, "Realism": 2}, "Realism": 0.0015543807079330995, "style_counts": [0.00012969736026824386, 0.0002941812551185974, 0.0001438597772011052, 5.681158677550702e-05, 0.0002532764649170183, 0.0, 0.00020527007445936274, 0.0003390515099731539, 6.031890879443225e-05]}