{"Northern Renaissance": 0.006533369056207265, "Mannerism (Late Renaissance)": 0.0066977158386165095, "year": [1905.0, "unknown", "unknown", 1918.0, 1889.0, 1929.0, 1545.0, 1597.0, 1485.0, "unknown", 1898.0, "unknown", "unknown", 1886.0, "unknown", 1889.0, 1907.0, 1905.0, 1607.0, 1882.0], "Academicism": 0.0065655858635412295, "Baroque": 0.007023415148991407, "style": ["Symbolism", "Northern Renaissance", "Neoclassicism", "Expressionism", "Academicism", "Surrealism", "Mannerism (Late Renaissance)", "Baroque", "Early Renaissance", "Northern Renaissance", "Symbolism", "Northern Renaissance", "Baroque", "Realism", "Neoclassicism", "Post-Impressionism", "Art Nouveau (Modern)", "Magic Realism", "Baroque", "Post-Impressionism"], "title": ["Portrait of Margaret Stonborough-Wittgenstein", "St. Fridolin", "The Countess de Montholon", "Nude on sofa", "The Bathers", "Threatening Weather", "Portrait of Doge Andrea Gritti", "The lute player", "Self portrait Leonardo discovered a 2009 in Leonardo's Codex on the Flight of Birds", "Wappen Pirckheimer", "Painted composition draft Jusisprudenz", "Naked man with mirror", "Young Woman with a Broom", "Vase with Gladioli and Lilac", "The\u00a0Italian\u00a0tambourine", "Mask of an Egyptian Mummy", "Poppy Field", "The Toilet", "Madonna of the Rosary (Madonna del Rosario)", "Landscape"], "Art Nouveau (Modern)": 0.007689521939459214, "Expressionism": 0.006549884642962093, "Symbolism": 0.0064168814839904486, "style_dict": {"Magic Realism": 1, "Art Nouveau (Modern)": 1, "Northern Renaissance": 3, "Surrealism": 1, "Mannerism (Late Renaissance)": 1, "Realism": 1, "Expressionism": 1, "Symbolism": 2, "Academicism": 1, "Baroque": 3, "Post-Impressionism": 2, "Early Renaissance": 1, "Neoclassicism": 2}, "Neoclassicism": 0.006719517941108893, "Magic Realism": 0.0077121967580361245, "scores": [0.017315100928616683, 0.017656579193599524, 0.01827124936811937, 0.018931601589495438, 0.01897698395402187, 0.019160155723445378, 0.019358888702350984, 0.019551491541523032, 0.01976623332686745, 0.020467624499721962, 0.020473131003689055, 0.020592469916835755, 0.02089365309039625, 0.021087439226596824, 0.021299171725899128, 0.021793846019452723, 0.022225577045535853, 0.022291115700765973, 0.022675669665285416, 0.022795430539662966], "Early Renaissance": 0.0068386474068148385, "Post-Impressionism": 0.00757177799822137, "Realism": 0.007295753277753409, "style_counts": [0.0010832378114570274, 2.2674818576873257e-05, 0.0011788277018288662, 0.0, 0.0010144809194195803, 0.00041644348028269107, 0.0011623121150740046, 0.0012953152740456941, 0.0011466108944948594, 0.0008735493512213033, 0.00014041875981474217, 0.0006887816090447307, 0.0009926788169272172], "artist": ["Klimt Gustav", "Durer Albrecht", "Bouguereau William-Adolphe", "Modigliani Amedeo ", "Gerome Jean-Leon", "Magritte Rene", "Titian", "Caravaggio", "da Vinci Leonardo", "Durer Albrecht", "Klimt Gustav", "Durer Albrecht", "Rembrandt", "van Gogh Vincent ", "Bouguereau William-Adolphe", "van Gogh Vincent ", "Klimt Gustav", "Vallotton  Felix", "Caravaggio", "Cezanne Paul"], "contentId": ["191569.jpg", "201082.jpg", "232506.jpg", "189591.jpg", "279450.jpg", "211649.jpg", "224968.jpg", "186714.jpg", "225207.jpg", "201338.jpg", "191537.jpg", "200869.jpg", "220739.jpg", "207318.jpg", "232553.jpg", "206307.jpg", "191544.jpg", "271359.jpg", "186666.jpg", "215636.jpg"], "style_labels": ["Surrealism", "Art Nouveau (Modern)", "Northern Renaissance", "Magic Realism", "Mannerism (Late Renaissance)", "Realism", "Expressionism", "Symbolism", "Academicism", "Early Renaissance", "Post-Impressionism", "Baroque", "Neoclassicism"], "Surrealism": 0.006628958946579113}