{"Impressionism": 0.0033686908024561936, "style": ["Impressionism", "Post-Impressionism", "Art Nouveau (Modern)", "Expressionism", "Baroque", "Na\u00efve Art (Primitivism)", "Expressionism", "Symbolism", "Surrealism", "Orientalism", "Baroque", "Baroque", "Symbolism", "Post-Impressionism", "Baroque", "Symbolism", "Romanticism", "Romanticism", "Expressionism", "Realism"], "style_labels": ["Impressionism", "Art Nouveau (Modern)", "Romanticism", "Surrealism", "Na\u00efve Art (Primitivism)", "Expressionism", "Symbolism", "Baroque", "Post-Impressionism", "Orientalism", "Realism"], "artist": ["Monet Claude", "Vallotton  Felix", "Roerich Nicholas", "Serebriakova Zinaida", "Rubens Peter Paul", "Rousseau Henri", "Freud Lucian", "B\u00f6cklin Arnold", "Dali Salvador", "Delacroix Eugene ", "Rubens Peter Paul", "Caravaggio", "B\u00f6cklin Arnold", "Cezanne Paul", "Caravaggio", "Roerich Nicholas", "Delacroix Eugene ", "Corot Camille ", "Munch Edvard ", "Levitan Isaac"], "contentId": ["212960.jpg", "271124.jpg", "226324.jpg", "227243.jpg", "216586.jpg", "191407.jpg", "231951.jpg", "260634.jpg", "220839.jpg", "187936.jpg", "216364.jpg", "186642.jpg", "260598.jpg", "216009.jpg", "186664.jpg", "226704.jpg", "187910.jpg", "199544.jpg", "185474.jpg", "210241.jpg"], "Art Nouveau (Modern)": 0.0036318614472424, "title": ["Water Lily Pond", "Gossip", "Pantokrator", "Fruit piece", "Self-Portrait", "The Muse Inspiring the Poet", "Evening in the Studio", "Pan frightening a shepherd", "Book Transforming Itself into a Nude Woman", "Women of Algiers in Their Apartment", "Adoration of the Shepherds", "Conversion of Saint Paul", "Dragon walking between rocks", "Three Pears", "Madonna and Child with St. Anne", "Steps of the Himalayas", "The Summer Diana Surprised by Actaeon", "Gypsy Girl with Mandolin", "The Sick Child", "In the forest"], "Romanticism": 0.004787541347784194, "scores": [0.00973676875650395, 0.010205161213752425, 0.010497429755701324, 0.010993666399460204, 0.011013310447543254, 0.011576935814827691, 0.011835583574760104, 0.01213145279573442, 0.012413685709221939, 0.012487917770000016, 0.012985921342191994, 0.013102111255358505, 0.013119710480028007, 0.013448849393046716, 0.013596638126688276, 0.013940384060361785, 0.014084093724686846, 0.014109152992886783, 0.014210805289872461, 0.014221564327370834], "Surrealism": 0.004294840508079686, "Na\u00efve Art (Primitivism)": 0.004005344912190215, "Expressionism": 0.004121424733787515, "year": [1919.0, 1902.0, 1909.0, 1935.0, 1623.0, 1909.0, 1993.0, "unknown", "unknown", 1849.0, "unknown", 1600.0, "unknown", 1879.0, 1606.0, 1924.0, 1863.0, 1875.0, 1886.0, 1885.0], "Symbolism": 0.004360819966245879, "Baroque": 0.0041630487382523645, "Post-Impressionism": 0.004016726237861364, "style_dict": {"Impressionism": 1, "Art Nouveau (Modern)": 1, "Romanticism": 2, "Surrealism": 1, "Na\u00efve Art (Primitivism)": 1, "Expressionism": 3, "Symbolism": 3, "Baroque": 4, "Post-Impressionism": 2, "Orientalism": 1, "Realism": 1}, "Orientalism": 0.004320523038562239, "Realism": 0.004920323584161501, "style_counts": [0.0015516327817053366, 0.001288462136919133, 0.00013278223637736009, 0.0006254830760817898, 0.0009149786719713227, 0.0007988988503739858, 0.0005595036179155688, 0.0007572748459091505, 0.000903597346300189, 0.0005998005455992717, 0.0]}