{"Impressionism": 0.0046613557237687965, "style": ["Surrealism", "Symbolism", "Symbolism", "Surrealism, Symbolism", "Cubism", "Art Nouveau (Modern)", "Expressionism", "Cubism, Expressionism", "Cubism", "Surrealism", "Impressionism", "Expressionism", "Expressionism", "Surrealism", "Realism", "Symbolism", "Post-Impressionism", "Op Art, Surrealism", "Cubism, Expressionism", "High Renaissance"], "artist": ["Dali Salvador", "Roerich Nicholas", "Roerich Nicholas", "Dali Salvador", "Leger Fernand ", "Roerich Nicholas", "Freud Lucian", "Braque Georges ", "Dali Salvador", "Magritte Rene", "Zorn Anders", "Modigliani Amedeo ", "Freud Lucian", "Beksinski Zdislav", "Sargent John Singer", "Roerich Nicholas", "van Gogh Vincent ", "Dali Salvador", "Dali Salvador", "Michelangelo"], "Cubism, Expressionism": 0.004606459295506102, "contentId": ["221105.jpg", "225947.jpg", "227050.jpg", "221471.jpg", "196425.jpg", "226275.jpg", "232072.jpg", "193782.jpg", "220896.jpg", "211527.jpg", "277249.jpg", "9223372032559820562.jpg", "232065.jpg", "258703.jpg", "266258.jpg", "226043.jpg", "206305.jpg", "221755.jpg", "220986.jpg", "193196.jpg"], "Art Nouveau (Modern)": 0.004121566800810741, "Op Art, Surrealism": 0.004896538755589391, "style_counts": [0.00024525555232302043, 0.00030015198058575, 0.0007850444752810493, 1.0072520502446558e-05, 0.0, 0.0007938195926737723, 0.00042438066288374987, 0.0010586868637016966, 0.0012378974927498287, 6.651173127014687e-05, 0.0007187005191559015, 7.655074887702451e-05], "High Renaissance": 0.004906611276091821, "scores": [0.009693535248569791, 0.010174780592068892, 0.010434361517939821, 0.010603946707175946, 0.01144070033093157, 0.011912860279345811, 0.012893018712572504, 0.012969298989669833, 0.013221395017053555, 0.013381886589130433, 0.013473050937488965, 0.013640261825445888, 0.013749408178478788, 0.013887046503559292, 0.013960670536790865, 0.013972911935171898, 0.01398968702975856, 0.014152817330599607, 0.014157577621593661, 0.01418193065939066], "Surrealism": 0.00411279168341803, "style_labels": ["Impressionism", "Cubism, Expressionism", "Art Nouveau (Modern)", "Op Art, Surrealism", "High Renaissance", "Surrealism", "Expressionism", "Symbolism", "Surrealism, Symbolism", "Post-Impressionism", "Cubism", "Realism"], "title": ["Laocoon Tormented by Flies", "Kangchenjunga", "Voice of Mongolia", "Space Eve", "Woman with a Book", "Pechora monastery", "Naked Portrait with Reflection", "The Studio (III)", "Cubist Self-portrait", "The giantess", "Firelight", "Young Farmer", "Naked Portait and a Green Chair", "Untitled", "Mrs. Huth Jackson (Clara Annabel Caroline Grant Duff)", "Lahaul. Kardang.", "Marguerite Gachet at the Piano", "Untitled", "Figures in a Landscape at Ampurdan", "Slave (Atlas)"], "Expressionism": 0.004482230613208053, "year": [1965.0, 1924.0, 1937.0, 1972.0, 1923.0, 1907.0, 1980.0, 1949.0, 1926.0, 1929.0, "unknown", 1918.0, 1999.0, "unknown", 1907.0, 1932.0, 1890.0, 1960.0, 1923.0, 1536.0], "Symbolism": 0.0038479244123901793, "Surrealism, Symbolism": 0.003668713783341945, "Post-Impressionism": 0.004840099544821644, "style_dict": {"Impressionism": 1, "Cubism, Expressionism": 2, "Art Nouveau (Modern)": 1, "Op Art, Surrealism": 1, "High Renaissance": 1, "Surrealism": 3, "Expressionism": 3, "Symbolism": 3, "Surrealism, Symbolism": 1, "Post-Impressionism": 1, "Cubism": 2, "Realism": 1}, "Cubism": 0.004187910756935923, "Realism": 0.004830060527214851}