{"Suprematism": 0.005176610351622139, "Color Field Painting": 0.004662985620341886, "Expressionism, Symbolism": 0.003911915929530506, "year": [1967.0, 1913.0, "unknown", "unknown", 1913.0, 1978.0, 1916.0, 1952.0, "unknown", 1892.0, 1873.0, 1913.0, 1980.0, 1933.0, 1884.0, 1913.0, 1913.0, 1916.0, 1965.0, 1935.0], "style": ["Expressionism, Symbolism", "Constructivism", "Impressionism", "Realism", "Cubism", "Neo-Expressionism", "Abstract Art", "Color Field Painting", "Expressionism", "Neo-Romanticism", "Impressionism", "Constructivism", "Pop Art", "Neo-Suprematism, Neoclassicism", "Realism", "Cubism", "Suprematism", "Abstract Art", "Expressionism", "Symbolism"], "Neo-Romanticism": 0.004845652972070204, "Neo-Expressionism": 0.0044548419999868045, "Expressionism": 0.004924830025454704, "Symbolism": 0.005278050897794774, "style_dict": {"Impressionism": 2, "Suprematism": 1, "Neo-Romanticism": 1, "Neo-Expressionism": 1, "Neo-Suprematism, Neoclassicism": 1, "Color Field Painting": 1, "Expressionism, Symbolism": 1, "Expressionism": 2, "Abstract Art": 2, "Symbolism": 1, "Constructivism": 2, "Cubism": 2, "Realism": 2, "Pop Art": 1}, "Impressionism": 0.00449433960628245, "scores": [0.011306891321979096, 0.01143465087546583, 0.0123085644664409, 0.012518345928798084, 0.01281318023015416, 0.012876149502651526, 0.013408697584130842, 0.013477761944512116, 0.013825999616545608, 0.014005738499037329, 0.014158052978258298, 0.014363361128658448, 0.014677520174998794, 0.014737296496592387, 0.014822082426983279, 0.01484721905901255, 0.014962328361961565, 0.015091957796989375, 0.015175723368890554, 0.01525552925172451], "Constructivism": 0.004380802622614988, "Realism": 0.004642722866602136, "Pop Art": 0.005078073481344222, "style_counts": [0.0007837112915123345, 0.00010144054617267084, 0.00043239792572458136, 0.0008232088978079588, 0.00017929622849255367, 0.0006150652774529197, 0.0013661349682642099, 0.000353220872340021, 0.000897248275179785, 0.0, 0.0004383079819492153, 0.0005809932435387744, 0.0006353280311925946, 0.00019997741645050304], "artist": ["Dali Salvador", "Malevich Kazimir", "Churchill Winston", "Courbet Gustave", "Malevich Kazimir", "Twombly Cy", "O'Keeffe Georgia", "Rothko Mark", "Serebriakova Zinaida", "Kittelsen Theodor Severin", "Sisley Alfred", "Malevich Kazimir", "Warhol Andy", "Malevich Kazimir", "van Gogh Vincent ", "Malevich Kazimir", "Malevich Kazimir", "O'Keeffe Georgia", "Dali Salvador", "Roerich Nicholas"], "contentId": ["246760.jpg", "219655.jpg", "313811.jpg", "191851.jpg", "219819.jpg", "231495.jpg", "231647.jpg", "242169.jpg", "227566.jpg", "321736.jpg", "237966.jpg", "219724.jpg", "229378.jpg", "219673.jpg", "206343.jpg", "219895.jpg", "361384.jpg", "231648.jpg", "221773.jpg", "226694.jpg"], "style_labels": ["Impressionism", "Suprematism", "Neo-Romanticism", "Neo-Expressionism", "Neo-Suprematism, Neoclassicism", "Color Field Painting", "Expressionism, Symbolism", "Expressionism", "Constructivism", "Symbolism", "Abstract Art", "Cubism", "Realism", "Pop Art"], "Neo-Suprematism, Neoclassicism": 0.005098754669302238, "title": ["Locusta et bruchus", "Fat Man", "View of the Loggia at Chartwell", "Standing Fermale Nude", "Sportsman", "Fifty Days at Iliam. Shades of Achilles, Patroclus, and Hector", "Blue-03", "Untitled", "Young Girl", "Waterspirit", "Street in Ville d Avray", "Neron", "Sarah Bernhardt", "Girl with Red Flagpole", "New-Born Calf Lying on Straw", "Traveler", "Costume for Victory over the Sun. Many and One", "Blue-04", "Untitled (Apocalyptic Christ; Christ with Flames)", "St. Sergius Hermitage"], "Abstract Art": 0.004839742915845492, "Cubism": 0.004697057654255967}