{"Color Field Painting": 0.002961860569780329, "year": [1933.0, 1903.0, "unknown", 1910.0, 1898.0, 1865.0, 1907.0, 1946.0, 1870.0, 1894.0, 1918.0, 1861.0, 1947.0, 1892.0, 1961.0, 1981.0, 1895.0, 1875.0, "unknown", 1912.0], "Academicism": 0.00276000868100669, "style": ["Symbolism", "Art Nouveau (Modern)", "Neo-Romanticism", "unknown", "Impressionism", "Orientalism", "Realism", "Symbolism", "Academicism", "Realism", "Expressionism", "Symbolism", "Surrealism", "Realism", "Color Field Painting", "Surrealism, Symbolism", "Realism", "Impressionism", "Surrealism", "Post-Impressionism"], "Neo-Romanticism": 0.0025277879129015106, "title": ["Sunset", "Medieval Revel", "Kveld Paa Soletunet I Eggedal", "Landscape Near Figueras", "The Fallen Jockey", "Prayer in Cairo", "Portrait of a priest and a deacon", "Brahmaputra", "The End of the Corrida", "Lake Como", "Woman with a Green Necklace (Madame Menier)", "The Bagpiper", "Poster of International festival of cinema and fine arts in Brussels (1947)", "Mrs. George Lewis (Elizabeth Eberstadt)", "Abstract Painting", "Seated Figure Contemplating a 'Great Tapeworm Masturbator'", "Evening. Sunset.", "Spring", "Untitled", "Valley of the Lot at Vers"], "unknown": 0.002587122820186896, "Art Nouveau (Modern)": 0.00246588141245085, "Expressionism": 0.0028037362803759506, "Symbolism": 0.0024342341874295918, "style_dict": {"Impressionism": 2, "Neo-Romanticism": 1, "unknown": 1, "Art Nouveau (Modern)": 1, "Surrealism": 2, "Color Field Painting": 1, "Expressionism": 1, "Surrealism, Symbolism": 1, "Symbolism": 3, "Academicism": 1, "Post-Impressionism": 1, "Orientalism": 1, "Realism": 4}, "Impressionism": 0.002759871540379624, "scores": [0.005938926586169032, 0.00712731399286904, 0.007306246793401815, 0.007477746733676882, 0.007479281136510829, 0.007484165292535929, 0.007528639827731324, 0.0077542430763865204, 0.00797745114312998, 0.008102447894918659, 0.00810384016138749, 0.008183772087458355, 0.008213545250021144, 0.008385518680460172, 0.008560878141719306, 0.008645358943410373, 0.008726558486710206, 0.008773265545460951, 0.008864791630818067, 0.008914535595336254], "Surrealism, Symbolism": 0.002991088921275349, "Post-Impressionism": 0.0030842176515815875, "Realism": 0.002688694660623395, "style_counts": [0.00032434611120202295, 0.0005564297386800865, 0.0004970948313947066, 0.0006183362391307679, 0.0001841173265828555, 0.00012235708180130533, 0.0002804813712056209, 9.31287303063133e-05, 0.0006499834641520152, 0.00032420897057494624, 0.0, 0.0004948741624301034, 0.0003955229909582414], "artist": ["Roerich Nicholas", "Roerich Nicholas", "Kittelsen Theodor Severin", "Dali Salvador", "Degas Edgar", "Gerome Jean-Leon", "Kustodiev Boris", "Roerich Nicholas", "Gerome Jean-Leon", "Levitan Isaac", "Modigliani Amedeo ", "B\u00f6cklin Arnold", "Magritte Rene", "Sargent John Singer", "Reinhardt Ad", "Dali Salvador", "Levitan Isaac", "Monet Claude", "Beksinski Zdislav", "Derain Andre"], "contentId": ["226783.jpg", "226133.jpg", "321948.jpg", "221093.jpg", "213723.jpg", "279417.jpg", "229970.jpg", "225425.jpg", "279466.jpg", "210259.jpg", "189784.jpg", "260665.jpg", "211430.jpg", "266250.jpg", "283304.jpg", "221431.jpg", "210182.jpg", "212373.jpg", "258493.jpg", "344304.jpg"], "Orientalism": 0.0025893434891515413, "style_labels": ["Impressionism", "Neo-Romanticism", "unknown", "Art Nouveau (Modern)", "Surrealism", "Color Field Painting", "Expressionism", "Surrealism, Symbolism", "Symbolism", "Academicism", "Post-Impressionism", "Orientalism", "Realism"], "Surrealism": 0.002900100324998758}