{"Impressionism": 0.003584488905154435, "style": ["Northern Renaissance", "Realism", "Symbolism", "Impressionism", "Impressionism", "Realism", "Impressionism", "Realism", "Realism", "Impressionism", "Impressionism", "Realism", "Realism", "Realism", "Realism", "Symbolism", "Expressionism", "Art Nouveau (Modern)", "Northern Renaissance", "Impressionism"], "style_labels": ["Impressionism", "Art Nouveau (Modern)", "Northern Renaissance", "Expressionism", "Symbolism", "Realism"], "artist": ["Durer Albrecht", "van Gogh Vincent ", "Roerich Nicholas", "Pissarro Camille ", "Pissarro Camille ", "van Gogh Vincent ", "Sisley Alfred", "van Gogh Vincent ", "van Gogh Vincent ", "Degas Edgar", "Degas Edgar", "van Gogh Vincent ", "van Gogh Vincent ", "van Gogh Vincent ", "van Gogh Vincent ", "Roerich Nicholas", "Serebriakova Zinaida", "Roerich Nicholas", "Durer Albrecht", "Degas Edgar"], "contentId": ["201217.jpg", "207286.jpg", "226046.jpg", "208729.jpg", "208850.jpg", "206488.jpg", "238235.jpg", "206915.jpg", "206534.jpg", "213630.jpg", "213470.jpg", "205943.jpg", "207291.jpg", "206542.jpg", "205914.jpg", "225859.jpg", "227361.jpg", "226672.jpg", "201088.jpg", "213739.jpg"], "Art Nouveau (Modern)": 0.00436869240089427, "title": ["The great chariot", "Two Women", "Lake", "The Oise at Pontoise in Bad Weather", "Turkey Girl", "Peasant Woman at the Washtub and Peasant Woman Hanging Up the Laundry", "Pont et Moulin de Moret en \u00e9t\u00e9", "Sower with Basket", "Peasant Woman, Head", "Rehearsal", "Gentlemen Jockeys before the Start", "Field with Thunderstorm", "Two Women Talking to Each Other While Digging", "Peasant Woman, Kneeling with Chopper", "Farmhouse", "Himalayas. Tops of mountains with the turqoise sky.", "Portrait of gentleman", "Sorcerer", "St. Jerome in His Study", "The Racecourse"], "Northern Renaissance": 0.003571332657264333, "style_counts": [0.0007842034957399324, 0.0, 0.0007973597436300439, 9.922523436456387e-06, 0.0006748395262283768, 0.0008929062420067746], "scores": [0.008341907981496645, 0.009479028243407637, 0.00968212175202405, 0.010088772839939215, 0.010638772078539117, 0.010800124920827494, 0.011013479520607647, 0.011065863841739146, 0.01134844540263534, 0.011473508762983597, 0.011504971739820386, 0.011562724294302423, 0.0115898622074039, 0.011644321287740728, 0.012014622115979432, 0.012070527022920982, 0.012598465352972746, 0.012627145134480385, 0.012689234185741681, 0.012715360433153675], "Expressionism": 0.004358769877457868, "year": ["unknown", 1882.0, 1915.0, 1876.0, 1884.0, 1885.0, 1888.0, 1881.0, 1884.0, 1879.0, 1862.0, 1881.0, 1885.0, 1885.0, 1883.0, 1937.0, 1938.0, 1909.0, 1511.0, 1885.0], "Symbolism": 0.003693852874665979, "style_dict": {"Impressionism": 6, "Art Nouveau (Modern)": 1, "Northern Renaissance": 2, "Expressionism": 1, "Symbolism": 2, "Realism": 8}, "Realism": 0.0034757861588875123}