{"Impressionism": 0.005909270624514043, "style": ["Symbolism", "Expressionism", "Regionalism", "Symbolism", "Art Nouveau (Modern)", "Neo-Expressionism", "Impressionism", "Symbolism", "Action painting", "Expressionism", "Color Field Painting", "Abstract Art", "Art Nouveau (Modern)", "Art Nouveau (Modern)", "Symbolism", "Symbolism", "Impressionism", "Symbolism", "Surrealism", "Surrealism"], "style_labels": ["Impressionism", "Neo-Expressionism", "Art Nouveau (Modern)", "Surrealism", "Color Field Painting", "Action painting", "Expressionism", "Symbolism", "Abstract Art", "Regionalism"], "Neo-Expressionism": 0.00556941765738767, "contentId": ["226574.jpg", "202188.jpg", "247858.jpg", "225458.jpg", "226401.jpg", "231507.jpg", "251167.jpg", "226110.jpg", "282427.jpg", "290274.jpg", "290298.jpg", "189343.jpg", "225514.jpg", "225490.jpg", "225658.jpg", "226267.jpg", "192112.jpg", "227084.jpg", "221542.jpg", "221562.jpg"], "Art Nouveau (Modern)": 0.005713661827015133, "artist": ["Roerich Nicholas", "Klee Paul", "Rockwell Norman", "Roerich Nicholas", "Roerich Nicholas", "Twombly Cy", "Sorolla Joaqu\u00edn", "Roerich Nicholas", "Pollock Jackson ", "Matisse Henri", "Rothko Mark", "Kandinsky Wassily", "Roerich Nicholas", "Roerich Nicholas", "Roerich Nicholas", "Roerich Nicholas", "Manet Edouard", "Roerich Nicholas", "Dali Salvador", "Dali Salvador"], "style_counts": [0.0003521672772004436, 0.0006920202443267964, 0.0005477760746993576, 0.0, 0.0003097937260566619, 0.0004532399589053382, 0.0009020694717345457, 0.0010686642003358005, 0.00030888611518342657, 0.001232241238754872], "scores": [0.011265568150096071, 0.014360340625045428, 0.014536247999524295, 0.015247276427279795, 0.016065300087410955, 0.016097687504841536, 0.016486701032175387, 0.01673880605775243, 0.016787851298166144, 0.017200325992848802, 0.017202464238368645, 0.017205087571203953, 0.01755988744155133, 0.017724615877125798, 0.01784866842648365, 0.0182437932607023, 0.01831227249834934, 0.018347359109498397, 0.018389708147098525, 0.0184831354997782], "Surrealism": 0.006261437901714521, "Color Field Painting": 0.005951644175657848, "title": ["Silhouette", "Fruits on Red", "Willie Gillis New Year0s Eve", "Castle of King Gesar", "Prologue. Forest.", "Leaving Paphos Ringed With Waves III", "Children bathing in the afternoon sun", "Magician", "Convergence", "The Red Table", "No. 7 (Dark Over Light)", "Intime message", "Corridors of the castle. Dungeons", "City", "Grand Canyon, Arizona", "Night rider", "Rochefort's Escape", "White Lady", "Symbiotic Woman-Animal", "The Chair"], "Action painting": 0.005808197942809141, "Expressionism": 0.005359368429979985, "year": [1924.0, 1930.0, 1944.0, "unknown", 1908.0, 2009.0, 1910.0, 1943.0, 1952.0, 1939.0, 1954.0, 1942.0, 1913.0, 1907.0, 1921.0, 1918.0, 1881.0, 1919.0, 1928.0, 1976.0], "Symbolism": 0.005192773701378761, "Abstract Art": 0.005952551786531136, "style_dict": {"Impressionism": 2, "Neo-Expressionism": 1, "Art Nouveau (Modern)": 3, "Surrealism": 2, "Color Field Painting": 1, "Action painting": 1, "Expressionism": 2, "Symbolism": 6, "Abstract Art": 1, "Regionalism": 1}, "Regionalism": 0.00502919666295968}