{"style": ["Cubism, Expressionism", "Cubism", "High Renaissance", "Baroque", "Baroque", "Surrealism", "Magic Realism", "Magic Realism", "Realism", "Realism", "Baroque", "Expressionism", "Baroque", "Surrealism", "Neo-Expressionism", "Symbolism", "Baroque", "Symbolism", "Realism", "Baroque"], "style_labels": ["Cubism, Expressionism", "Neo-Expressionism", "High Renaissance", "Magic Realism", "Expressionism", "Surrealism", "Symbolism", "Baroque", "Cubism", "Realism"], "Cubism, Expressionism": 0.005094231256943303, "contentId": ["193787.jpg", "203304.jpg", "199195.jpg", "220148.jpg", "220241.jpg", "224105.jpg", "278138.jpg", "278071.jpg", "277378.jpg", "266403.jpg", "216681.jpg", "185328.jpg", "216533.jpg", "224114.jpg", "203914.jpg", "225559.jpg", "220407.jpg", "185478.jpg", "191787.jpg", "216576.jpg"], "Neo-Expressionism": 0.008430019328246682, "year": [1954.0, 1912.0, 1500.0, 1645.0, 1635.0, 1938.0, 1985.0, 1970.0, 1911.0, 1902.0, 1610.0, 1894.0, 1597.0, 1938.0, 1982.0, 1931.0, 1635.0, 1894.0, 1865.0, 1631.0], "style_counts": [0.0033986231966190994, 6.283512531568558e-05, 0.0024541093502200573, 0.0014709892857099893, 0.00018379168095039589, 0.001072687336364675, 0.0, 0.0013137900745658904, 0.0028260119115037785, 0.0007714876911374402], "High Renaissance": 0.006038745103342332, "scores": [0.014724222153260802, 0.01637928164001063, 0.017454218299834432, 0.018729652866845605, 0.019054767999081634, 0.019404188610826066, 0.020238757248708154, 0.02111214976464315, 0.021614921657522143, 0.02233356619735773, 0.02254323494093456, 0.024016280372544087, 0.024078007599097638, 0.024292269972785937, 0.024365889784883007, 0.02458829829196975, 0.025185923577284854, 0.02542508510294314, 0.02544495496355038, 0.02546790203351434], "Magic Realism": 0.007021865167852382, "Expressionism": 0.008309062772611987, "Surrealism": 0.007420167117197706, "Symbolism": 0.008492854453562406, "title": ["The Studio (VIII)", "To Russia, with Asses and Others", "Virgin and Child between Sts John the Baptist and Catherine", "Girl in the Window", "Minerva", "Man with a straw hat and an ice-cream", "Santa Ynez", "Grazing in Peace", "Mona", "Alice Wernher born Alice Sedgwick Mankiewicz", "The Miracle of St. Walburga", "Anxiety", "Portrait of a Man", "Man with straw hat", "Self-Portrait as a Heel, Part Two", "Eagle's nest", "Samson Accusing His Father in Law", "The Three Stages of Woman (Sphinx).", "Pierre Joseph Proudhon and his children in 1853", "Rubens and Helene Fourment in the Garden"], "Baroque": 0.007179064378996475, "artist": ["Braque Georges ", "Chagall Marc", "Perugino Pietro ", "Rembrandt", "Rembrandt", "Picasso Pablo", "Earle Eyvind", "Earle Eyvind", "Zorn Anders", "Sargent John Singer", "Rubens Peter Paul", "Munch Edvard ", "Rubens Peter Paul", "Picasso Pablo", "Basquiat Jean-Michel ", "Roerich Nicholas", "Rembrandt", "Munch Edvard ", "Courbet Gustave", "Rubens Peter Paul"], "style_dict": {"Magic Realism": 2, "Cubism, Expressionism": 1, "Neo-Expressionism": 1, "High Renaissance": 1, "Surrealism": 2, "Expressionism": 1, "Symbolism": 2, "Baroque": 6, "Cubism": 1, "Realism": 3}, "Cubism": 0.005666842542058581, "Realism": 0.007721366762424919}