{"style": ["Symbolism", "Symbolism", "Post-Impressionism", "Realism", "Symbolism", "High Renaissance", "Symbolism", "Surrealism", "Symbolism", "Realism", "Symbolism", "Symbolism", "Symbolism", "Na\u00efve Art (Primitivism)", "Symbolism", "Symbolism", "Symbolism", "Surrealism", "Art Nouveau (Modern)", "Expressionism"], "style_labels": ["Art Nouveau (Modern)", "High Renaissance", "Surrealism", "Na\u00efve Art (Primitivism)", "Expressionism", "Symbolism", "Post-Impressionism", "Realism"], "artist": ["Roerich Nicholas", "Roerich Nicholas", "Dali Salvador", "Sargent John Singer", "Roerich Nicholas", "da Vinci Leonardo", "Roerich Nicholas", "Chagall Marc", "Roerich Nicholas", "Levitan Isaac", "Roerich Nicholas", "Roerich Nicholas", "Roerich Nicholas", "Kahlo Frida ", "Roerich Nicholas", "Roerich Nicholas", "Roerich Nicholas", "Chagall Marc", "Roerich Nicholas", "Kandinsky Wassily"], "contentId": ["225597.jpg", "225350.jpg", "220845.jpg", "265687.jpg", "226906.jpg", "225178.jpg", "225634.jpg", "202836.jpg", "226267.jpg", "210476.jpg", "225467.jpg", "226806.jpg", "225405.jpg", "185015.jpg", "226562.jpg", "225945.jpg", "324018.jpg", "202482.jpg", "226269.jpg", "189357.jpg"], "Art Nouveau (Modern)": 0.003647335853607073, "title": ["Final journey", "Arhat", "Cadaques", "Mrs Edward Goetz", "Tibet", "Leda", "Giant's tomb", "Noah and the Rainbow", "Night rider", "\u041e\u0441\u0442\u0430\u0442\u043a\u0438 \u0431\u044b\u043b\u043e\u0433\u043e. \u0421\u0443\u043c\u0435\u0440\u043a\u0438. Finland.", "Central Himalayas", "Temple in Naggar", "Book of Life", "Two Women", "She who leads", "Kangchenjunga", "Madonna Laboris", "Child with a Dove", "Northern landscape with fortress", "Murnau view with railway and castle"], "style_counts": [2.890334207306111e-06, 0.0006726119357304272, 0.0002985221334830257, 0.00014534262426657563, 0.0, 0.0009099316694350934, 0.0011655814938421605, 0.0007584229983705892], "High Renaissance": 0.0029776142520840277, "scores": [0.006438655964323886, 0.006926827436753276, 0.007181546851863829, 0.007475389825761779, 0.008332843342301853, 0.008606412140132785, 0.009388964986268756, 0.009429843152021406, 0.00948034446821142, 0.009554086236390777, 0.009566366146718085, 0.009743446559197627, 0.009814647267607753, 0.010130416466793168, 0.01020480127402756, 0.010266423485651646, 0.010280118355808075, 0.010307932976385579, 0.010542156542827983, 0.010550510683191596], "Surrealism": 0.003351704054331375, "Na\u00efve Art (Primitivism)": 0.0035048835635478484, "Expressionism": 0.0036502261878143564, "year": [1922.0, 1932.0, 1923.0, 1901.0, 1933.0, 1510.0, 1915.0, 1966.0, 1918.0, 1897.0, "unknown", 1929.0, 1939.0, 1929.0, 1944.0, "unknown", 1931.0, 1977.0, "unknown", 1909.0], "Symbolism": 0.0027402945183792765, "Post-Impressionism": 0.002484644693972208, "style_dict": {"Art Nouveau (Modern)": 1, "High Renaissance": 1, "Surrealism": 2, "Na\u00efve Art (Primitivism)": 1, "Expressionism": 1, "Symbolism": 11, "Post-Impressionism": 1, "Realism": 2}, "Realism": 0.0028918031894438405}