{"Northern Renaissance": 0.0036391404759389683, "Color Field Painting": 0.004458100279795536, "year": [1877.0, 1973.0, "unknown", 1883.0, 1912.0, "unknown", "unknown", 1977.0, 1900.0, 1885.0, 1943.0, 1889.0, 1890.0, 1920.0, 1961.0, "unknown", 1907.0, 1928.0, 1899.0, 1968.0], "style": ["Impressionism", "Surrealism", "Northern Renaissance", "Realism", "Art Nouveau (Modern)", "Ukiyo-e", "Cubo-Futurism", "Surrealism", "Neo-Romanticism", "Realism", "Neoplasticism", "Post-Impressionism", "Post-Impressionism", "Neoclassicism", "Color Field Painting", "Regionalism", "Cubism", "Expressionism", "Art Nouveau (Modern)", "Op Art"], "Neo-Romanticism": 0.004144629280800482, "title": ["Young Woman Lifting Her Skirt", "Hitler Masturbating", "The Holy Family in the arbor", "Sand Diggers in Dekkersduin near The Hague", "Entourage", "Fuji at Torigoe", "Sketch to the Portrait of a Builder", "Eschantos 28", "Up in the Hills a Clarion Call rings out", "Peasant Woman, Digging, Seen from the Side", "Broadway Boogie Woogie", "Enclosed Field with a Sower in the Rain", "Couple Arm in Arm and Other Figures, with a Windmill in the Background", "The Abduction", "Untitled (No. 17)", "Soldier and comrads", "The girls of Avignon (study)", "Market in Marrakesh", "Family", "Metamorphosis III excerpt 2"], "Art Nouveau (Modern)": 0.0041252803048312135, "Ukiyo-e": 0.003910781313429251, "Expressionism": 0.0044909502156615395, "style_dict": {"Impressionism": 1, "Neo-Romanticism": 1, "Cubo-Futurism": 1, "Op Art": 1, "Northern Renaissance": 1, "Art Nouveau (Modern)": 2, "Ukiyo-e": 1, "Neoplasticism": 1, "Surrealism": 2, "Color Field Painting": 1, "Neoclassicism": 1, "Expressionism": 1, "Post-Impressionism": 2, "Cubism": 1, "Realism": 2, "Regionalism": 1}, "Neoclassicism": 0.004399278493591388, "Regionalism": 0.004470393280915132, "Impressionism": 0.0024612888943305084, "Cubo-Futurism": 0.003986399312767191, "scores": [0.007114039908196378, 0.009955047947741076, 0.0105184688546708, 0.011085760217455594, 0.011271526254654416, 0.011303611859643976, 0.011522175989318968, 0.011889011305483518, 0.011979519420175205, 0.012425646051053903, 0.012507124580443257, 0.012608167252126904, 0.01265597268483052, 0.01271555031299653, 0.012885567142590006, 0.012921098485845873, 0.01297684758581066, 0.012980515669465804, 0.013021746004410861, 0.013123896528721823], "Post-Impressionism": 0.004290144933502682, "Realism": 0.003992510361883181, "style_counts": [0.0020792676942359423, 0.000395927307765942, 0.0005541572757992164, 0.0, 0.0006297752751371899, 0.0004152762837352775, 0.0009014161126275066, 0.00021338844963236792, 0.0008311811510410827, 8.245630877090626e-05, 0.000548046226683252, 4.960637290485348e-05, 0.00025041165506378693, 5.087544275561573e-05, 0.0001412780949751058, 7.01633076513053e-05], "artist": ["Renoir Pierre-Auguste", "Dali Salvador", "Durer Albrecht", "van Gogh Vincent ", "Roerich Nicholas", "Hokusai Katsushika", "Malevich Kazimir", "Holbrook Carter Clarence", "Kittelsen Theodor Severin", "van Gogh Vincent ", "Mondrian Piet", "van Gogh Vincent ", "van Gogh Vincent ", "Picasso Pablo", "Rothko Mark", "Rockwell Norman", "Picasso Pablo", "Serebriakova Zinaida", "Vallotton  Felix", "Escher M.C."], "Op Art": 0.00454055658856645, "contentId": ["219566.jpg", "221047.jpg", "201225.jpg", "206738.jpg", "225572.jpg", "222190.jpg", "219809.jpg", "345388.jpg", "321767.jpg", "206523.jpg", "186025.jpg", "205889.jpg", "205831.jpg", "224517.jpg", "292727.jpg", "247802.jpg", "224555.jpg", "227289.jpg", "271105.jpg", "204603.jpg"], "style_labels": ["Impressionism", "Neo-Romanticism", "Cubo-Futurism", "Op Art", "Ukiyo-e", "Art Nouveau (Modern)", "Northern Renaissance", "Neoplasticism", "Surrealism", "Color Field Painting", "Realism", "Expressionism", "Post-Impressionism", "Cubism", "Neoclassicism", "Regionalism"], "Neoplasticism": 0.00432716813893411, "Surrealism": 0.0037093754375253796, "Cubism": 0.0044896811458108804}