{"Impressionism": 0.0023094276811116837, "style": ["Impressionism", "Impressionism", "Impressionism", "Impressionism", "Neo-Romanticism", "Post-Impressionism", "Impressionism", "Impressionism", "Symbolism", "Impressionism", "Neoclassicism", "Surrealism", "Impressionism", "Surrealism", "Expressionism", "Symbolism", "Impressionism", "Early Renaissance", "Symbolism", "Impressionism"], "style_labels": ["Impressionism", "Neo-Romanticism", "Surrealism", "Expressionism", "Symbolism", "Early Renaissance", "Post-Impressionism", "Neoclassicism"], "Neo-Romanticism": 0.0026124802039569793, "artist": ["Sargent John Singer", "Renoir Pierre-Auguste", "Hassam Childe", "Pissarro Camille ", "Kittelsen Theodor Severin", "Cezanne Paul", "Pissarro Camille ", "Monet Claude", "Roerich Nicholas", "Monet Claude", "Ingres Jean Auguste Dominique ", "Beksinski Zdislav", "Monet Claude", "Beksinski Zdislav", "Serebriakova Zinaida", "Roerich Nicholas", "Hassam Childe", "da Vinci Leonardo", "Roerich Nicholas", "Degas Edgar"], "contentId": ["266357.jpg", "219488.jpg", "244404.jpg", "208479.jpg", "321948.jpg", "215586.jpg", "208356.jpg", "212948.jpg", "225791.jpg", "212975.jpg", "193539.jpg", "258940.jpg", "211966.jpg", "258860.jpg", "227389.jpg", "225395.jpg", "243916.jpg", "225176.jpg", "225795.jpg", "213883.jpg"], "title": ["The Sphinx", "Woman`s Head (Jeanne Samary)", "West Wind, Appledore", "Portrait of the Artist's Mother", "Kveld Paa Soletunet I Eggedal", "Fruits", "Morning, Flowering Apple Trees, Eragny", "Water Lilies Red", "Himalayas", "Waterloo Bridge", "Study of trees", "Untitled", "Grainstack in Overcast Weather, Snow Effect", "Untitled", "Portrait of Alexander Benois", "Blue temples", "Brelevenez, Lannion, Cote du Nord, France", "Landscape drawing for Santa Maria della Neve", "Himalayas", "Young Spartans Exercising"], "style_counts": [0.0008860291761622063, 0.0005829766533168579, 0.00023618326377294885, 0.00015454529755043467, 0.0002317635153352704, 0.0, 0.00041887018342268156, 0.0002575935520813255], "scores": [0.004856973112339707, 0.005924398313852041, 0.005976147937019768, 0.007286140731453579, 0.007551038999580064, 0.00802536770545014, 0.008163107679664047, 0.008192509428329147, 0.008283135302508172, 0.008379195383073038, 0.008491517125887802, 0.008700644449992596, 0.008713292898284245, 0.008726156587451602, 0.008789364890484385, 0.009070293488345815, 0.009185814345231634, 0.009236058253840034, 0.009281866589233252, 0.009437389078540569], "Surrealism": 0.002959273593500936, "Expressionism": 0.0030409115597233635, "year": ["unknown", 1877.0, 1904.0, 1888.0, "unknown", 1885.0, 1898.0, 1919.0, "unknown", 1901.0, 1849.0, "unknown", 1891.0, "unknown", 1924.0, 1921.0, 1910.0, 1473.0, "unknown", 1860.0], "Symbolism": 0.002963693341938555, "Early Renaissance": 0.003195456857273872, "Post-Impressionism": 0.002776586673851125, "style_dict": {"Impressionism": 10, "Neo-Romanticism": 1, "Surrealism": 2, "Expressionism": 1, "Symbolism": 3, "Early Renaissance": 1, "Post-Impressionism": 1, "Neoclassicism": 1}, "Neoclassicism": 0.002937863305192472}