{"Impressionism": 0.0022813179223072355, "style": ["New Realism", "Symbolism", "Impressionism", "Post-Impressionism", "Symbolism", "Impressionism", "Romanticism", "Symbolism", "Realism", "Surrealism", "Impressionism", "Regionalism", "Surrealism", "Expressionism", "Art Nouveau (Modern)", "Surrealism", "Impressionism", "Realism", "Post-Impressionism", "Realism"], "style_labels": ["Impressionism", "Symbolism", "Art Nouveau (Modern)", "Romanticism", "Surrealism", "Expressionism", "New Realism", "Post-Impressionism", "Realism", "Regionalism"], "Symbolism": 0.002223725471988056, "contentId": ["235582.jpg", "226481.jpg", "238007.jpg", "205628.jpg", "225940.jpg", "244287.jpg", "196879.jpg", "226156.jpg", "210072.jpg", "258758.jpg", "251277.jpg", "247802.jpg", "259130.jpg", "202865.jpg", "226451.jpg", "258997.jpg", "211788.jpg", "199666.jpg", "238362.jpg", "191829.jpg"], "Art Nouveau (Modern)": 0.0026008426794197335, "artist": ["Hopper Edward", "Roerich Nicholas", "Sisley Alfred", "van Gogh Vincent ", "Roerich Nicholas", "Hassam Childe", "Aivazovsky Ivan ", "Roerich Nicholas", "Levitan Isaac", "Beksinski Zdislav", "Sorolla Joaqu\u00edn", "Rockwell Norman", "Beksinski Zdislav", "Chagall Marc", "Roerich Nicholas", "Beksinski Zdislav", "Monet Claude", "Corot Camille ", "Sisley Alfred", "Courbet Gustave"], "Romanticism": 0.002445769409305888, "scores": [0.006017050523186342, 0.006060682850350175, 0.006165329174225143, 0.006409893689219789, 0.006687804619017624, 0.006756482848638373, 0.007069182826984124, 0.0072365710225083014, 0.007278421665861615, 0.007286142469561963, 0.007323579146996899, 0.007343044045718024, 0.007393138281456057, 0.0074204635880574295, 0.007517402227325786, 0.007529241895028166, 0.007536703238319421, 0.007577486229903521, 0.007579910717618436, 0.007613122647423872], "Surrealism": 0.002471128994859419, "style_counts": [0.0003195247571124993, 0.00037711720743172084, 0.0, 0.00015507327011388128, 0.0001297136845602731, 3.353846750109302e-05, 0.0005190860656733021, 0.0002252111065081941, 0.00010072712708963927, 6.0323790921135156e-05], "Expressionism": 0.002567304211918613, "year": [1927.0, 1934.0, 1875.0, 1889.0, 1924.0, 1889.0, 1855.0, 1924.0, "unknown", "unknown", 1893.0, "unknown", "unknown", 1914.0, 1920.0, "unknown", 1884.0, "unknown", 1898.0, 1857.0], "New Realism": 0.0020817566137464666, "title": ["Lighthouse HIll", "Sacred Himalayas", "Cow Pasture near Louveciennes", "A Bare Treetop in the Garden of the Asylum", "Kangchenjunga", "Summer Evening, Paris", "The capture of Sevastopol", "Mist Before Dawn", "At the seashore", "Untitled", "Ropemakers", "Soldier and comrads", "Untitled", "Street", "Room of Sadko", "Untitled", "Bordighera, the House of Gardener", "Papigno, Steep and Wooded Banks", "Village of Saint Mamm\u00e8s", "Seacoast (Souvenir of Les Cabanes)"], "Post-Impressionism": 0.0023756315729115034, "style_dict": {"Impressionism": 4, "Surrealism": 3, "Art Nouveau (Modern)": 1, "Romanticism": 1, "Symbolism": 3, "Expressionism": 1, "New Realism": 1, "Post-Impressionism": 2, "Realism": 3, "Regionalism": 1}, "Realism": 0.0025001155523301424, "Regionalism": 0.0025405188884985706}