{"Northern Renaissance": 0.0020647719672367824, "Color Field Painting": 0.002951222539572551, "year": [1510.0, 1967.0, 1878.0, 1568.0, "unknown", 1961.0, 1865.0, 1900.0, 1941.0, 1600.0, 1882.0, 1884.0, 1983.0, 1954.0, 1875.0, 1954.0, 1931.0, 1625.0, 1884.0, 1785.0], "style": ["Northern Renaissance", "Surrealism", "Realism", "Mannerism (Late Renaissance)", "Expressionism", "Surrealism", "Impressionism", "Realism", "unknown", "Baroque", "Impressionism", "Realism", "Magic Realism", "Color Field Painting", "Impressionism", "Expressionism", "Na\u00efve Art (Primitivism)", "Baroque", "Neoclassicism", "Romanticism"], "title": ["Christ Crowned with Thorns", "The Blue Sofa", "Pine forest", "Portrait of Jacopo Strada", "Seated nude", "Path", "Lunch on the Grass", "Dorothy", "Woman in Pink Interior", "The Battle of the Amazons", "Marie Therese durand ruel sewing", "New-Born Calf Lying on Straw", "Pearl", "No. 7 (Dark Over Light)", "Three Bathers", "Hotel Bedroom", "Abraham and Isaac on the way to the place of Sacrifice", "Louis XIII", "Seated Nude", "Wife of Juan Agust\u00edn Ce\u00e1n Berm\u00fadez"], "unknown": 0.0028312327088728644, "Expressionism": 0.002835805399411916, "style_dict": {"Impressionism": 3, "Magic Realism": 1, "unknown": 1, "Color Field Painting": 1, "Northern Renaissance": 1, "Romanticism": 1, "Neoclassicism": 1, "Surrealism": 2, "Mannerism (Late Renaissance)": 1, "Na\u00efve Art (Primitivism)": 1, "Expressionism": 2, "Baroque": 2, "Realism": 3}, "Neoclassicism": 0.0031938460114341195, "Impressionism": 0.00276524043670754, "Magic Realism": 0.0029472787662746347, "scores": [0.0059679585805969, 0.006967306486539777, 0.007186672879986877, 0.007641869047132997, 0.007726732665895179, 0.007885213144969243, 0.00794832184485697, 0.008124676141647759, 0.00818331506175798, 0.00823463954702686, 0.008368186399837545, 0.008422964146759495, 0.008518731308687254, 0.008530130279647097, 0.008535251816449414, 0.008972979244823025, 0.008994616248325534, 0.009022361704380196, 0.009231402310518489, 0.009264525299188767], "Baroque": 0.002930439614050424, "Realism": 0.0026409027911604064, "style_counts": [0.00044006534234286576, 0.0006831751224807281, 0.00037407307017756075, 0.001140533811813671, 0.0, 0.0005644029878900669, 0.00025802701277577444, 0.0002540832394778425, 0.0005614005352850837, 9.338212294862647e-05, 0.0003695003796385654, 0.0002748661650000539, 1.1459767616295302e-05], "artist": ["Bosch Hieronymus", "Delvaux Paul", "Shishkin Ivan", "Titian", "Modigliani Amedeo ", "Delvaux Paul", "Monet Claude", "Sargent John Singer", "Matisse Henri", "Rubens Peter Paul", "Renoir Pierre-Auguste", "van Gogh Vincent ", "Earle Eyvind", "Rothko Mark", "Cezanne Paul", "Freud Lucian", "Chagall Marc", "Rubens Peter Paul", "Bouguereau William-Adolphe", "Goya Francisco"], "contentId": ["195302.jpg", "243172.jpg", "228871.jpg", "224982.jpg", "189719.jpg", "243148.jpg", "212074.jpg", "266093.jpg", "9223372032559820592.jpg", "216629.jpg", "218748.jpg", "206343.jpg", "278115.jpg", "290298.jpg", "216007.jpg", "232010.jpg", "202384.jpg", "216493.jpg", "232482.jpg", "194213.jpg"], "style_labels": ["Impressionism", "Surrealism", "unknown", "Northern Renaissance", "Romanticism", "Realism", "Magic Realism", "Color Field Painting", "Mannerism (Late Renaissance)", "Na\u00efve Art (Primitivism)", "Expressionism", "Baroque", "Neoclassicism"], "Romanticism": 0.003205305779050444, "Surrealism": 0.002522130656569713, "Mannerism (Late Renaissance)": 0.002643905243765369, "Na\u00efve Art (Primitivism)": 0.0031119236561017705}