{"Fauvism": 0.004013645549278191, "Impressionism": 0.003563467557971646, "style": ["Symbolism", "Impressionism", "High Renaissance", "Art Nouveau (Modern)", "Surrealism", "Symbolism", "Magic Realism", "Fauvism", "Impressionism", "Realism", "Baroque", "Art Nouveau (Modern)", "Surrealism", "Expressionism", "Abstract Expressionism", "Surrealism", "Realism", "Neoclassicism", "Surrealism", "Surrealism"], "Abstract Expressionism": 0.004262799621953922, "Surrealism": 0.003953494898058144, "contentId": ["226464.jpg", "218768.jpg", "210628.jpg", "226600.jpg", "203322.jpg", "226948.jpg", "327992.jpg", "185974.jpg", "218784.jpg", "191745.jpg", "220082.jpg", "225903.jpg", "202482.jpg", "251988.jpg", "290269.jpg", "220769.jpg", "191842.jpg", "193495.jpg", "259056.jpg", "203221.jpg"], "Art Nouveau (Modern)": 0.0037570000641863033, "artist": ["Roerich Nicholas", "Renoir Pierre-Auguste", "Raphael", "Roerich Nicholas", "Chagall Marc", "Roerich Nicholas", "Holbrook Carter Clarence", "Mondrian Piet", "Renoir Pierre-Auguste", "Courbet Gustave", "Rembrandt", "Roerich Nicholas", "Chagall Marc", "Kirchner Ernst Ludwig", "Matisse Henri", "Dali Salvador", "Courbet Gustave", "Ingres Jean Auguste Dominique ", "Beksinski Zdislav", "Chagall Marc"], "style_counts": [0.0004247595306431373, 0.0008749375219496702, 0.00017560545796735383, 0.0004849101818631407, 0.0006814050157349927, 0.0012610422472548732, 0.0005140594119940056, 0.00022425267474346366, 0.00017635587925435292, 0.0013675161598400987, 0.000237981083194172, 0.0], "High Renaissance": 0.003177362832666464, "scores": [0.007235148970826739, 0.008869261665047838, 0.009183759796128104, 0.009951594938440033, 0.010131049321842533, 0.010848941103128045, 0.011342817886799233, 0.011600927741839323, 0.012115563892325687, 0.012134079161511031, 0.012140786891329507, 0.012172919929001906, 0.012209440438020814, 0.012318906640371882, 0.012321075636866062, 0.012666955935653642, 0.012682550050396407, 0.012828640693107518, 0.012914384827875255, 0.013180272321773904], "Magic Realism": 0.003924345667927302, "style_labels": ["Fauvism", "Impressionism", "Abstract Expressionism", "Surrealism", "Art Nouveau (Modern)", "High Renaissance", "Magic Realism", "Realism", "Expressionism", "Symbolism", "Baroque", "Neoclassicism"], "Realism": 0.0042141524051778675, "Expressionism": 0.004262049200667022, "year": [1922.0, 1890.0, 1513.0, "unknown", 1953.0, 1939.0, 1949.0, 1911.0, 1905.0, 1866.0, 1638.0, 1914.0, 1977.0, 1915.0, 1943.0, 1977.0, 1866.0, 1804.0, "unknown", 1968.0], "Symbolism": 0.0030708889200811904, "title": ["Rostov Veliky. Kremlin.", "Moss roses", "The Madonna of the Fish (The Madonna with the Archangel Gabriel and St. Jerome)", "Sketch of costumes for \"Snow Maiden\"", "Vence: night", "Tower of terror", "Merry-Go-Round", "Church tower at Domburg", "Coco Reading", "Greyhounds of Comte de Choiseul", "Christ and St. Mary Magdalene at the Tomb", "In the nunnery", "Child with a Dove", "Man and Naked Woman", "The Circus", "Angelic Landscape", "Shelter of Deers at Plaisir Fontaine Creek", "Portrait of Napol\u00e9on Bonaparte, The First Council", "Untitled", "The Magician"], "Baroque": 0.004200423996727157, "style_dict": {"Fauvism": 1, "Impressionism": 2, "Abstract Expressionism": 1, "Surrealism": 5, "Art Nouveau (Modern)": 2, "High Renaissance": 1, "Magic Realism": 1, "Neoclassicism": 1, "Expressionism": 1, "Symbolism": 2, "Baroque": 1, "Realism": 2}, "Neoclassicism": 0.004438405079921342}