{"Impressionism": 0.0038756815239085318, "style": ["Realism", "Surrealism", "Surrealism", "Surrealism", "Impressionism", "Art Nouveau (Modern)", "Expressionism", "Realism", "Realism", "Art Nouveau (Modern)", "Baroque", "Magic Realism", "Impressionism", "Art Nouveau (Modern)", "Realism", "Impressionism", "Academicism", "High Renaissance", "Realism", "Neo-Romanticism"], "style_labels": ["Impressionism", "Neo-Romanticism", "Surrealism", "Art Nouveau (Modern)", "High Renaissance", "Magic Realism", "Expressionism", "Academicism", "Baroque", "Realism"], "Neo-Romanticism": 0.0044284300904767135, "Surrealism": 0.0030671061431119997, "contentId": ["191816.jpg", "211566.jpg", "234169.jpg", "202604.jpg", "212314.jpg", "230306.jpg", "244787.jpg", "265671.jpg", "266359.jpg", "226401.jpg", "186728.jpg", "278115.jpg", "190150.jpg", "230433.jpg", "215016.jpg", "190233.jpg", "279437.jpg", "193121.jpg", "191895.jpg", "321878.jpg"], "Art Nouveau (Modern)": 0.003977496203727862, "artist": ["Courbet Gustave", "Magritte Rene", "Ernst Max", "Chagall Marc", "Monet Claude", "Kustodiev Boris", "Balthus", "Sargent John Singer", "Sargent John Singer", "Roerich Nicholas", "Caravaggio", "Earle Eyvind", "Cassatt Mary", "Toulouse-Lautrec Henri de", "Repin Ilya", "Cassatt Mary", "Gerome Jean-Leon", "Michelangelo", "Courbet Gustave", "Kittelsen Theodor Severin"], "style_counts": [0.0005527485665681731, 0.0, 0.0013613239473646566, 0.0004509338867487722, 3.139266164109422e-05, 0.00022039044990174173, 0.00048327212869547775, 3.4571491295598555e-05, 0.00024203023378444044, 0.0007325935541521167], "High Renaissance": 0.004397037428835563, "Magic Realism": 0.004208039640574911, "title": ["Reclining nude", "The lost jockey", "Family Excursions", "Holy Family", "Rough Sea at Etretat", "View in Tula, a sketch for E. Zamyatin's play, 'The Flea'", "The Cat in the Mirror", "Margherita Goldsmid, later Mrs Raphael", "The Wyndham Sisters", "Prologue. Forest.", "Judith Beheading Holofernes", "Pearl", "Baby`s First Cess", "Gala at the Moulin Rouge", "Jew praying", "Matertiny", "Slave Market in Rome", "David", "The Fox in the Snow", "The Forest Court"], "Expressionism": 0.003945157961781192, "year": ["unknown", 1926.0, 1919.0, 1976.0, 1869.0, 1924.0, 1990.0, 1906.0, 1899.0, 1908.0, 1599.0, 1983.0, 1891.0, 1894.0, 1875.0, 1897.0, 1884.0, 1504.0, 1860.0, "unknown"], "scores": [0.00860206171964134, 0.008961327244173211, 0.009039517849468222, 0.009563841484367532, 0.009829195081010373, 0.011085440122447051, 0.011402973153171554, 0.011457944950321859, 0.011665612909079024, 0.012080519106742888, 0.012100251913043803, 0.01216279893322525, 0.01235144843054884, 0.012580582007148174, 0.012644921547844601, 0.01265086915800989, 0.01269988480326228, 0.012709072802718676, 0.01274939704537286, 0.012799809265331448], "Academicism": 0.004393858599181109, "Baroque": 0.004186399856692241, "style_dict": {"Impressionism": 3, "Neo-Romanticism": 1, "Magic Realism": 1, "Art Nouveau (Modern)": 3, "High Renaissance": 1, "Surrealism": 3, "Expressionism": 1, "Academicism": 1, "Baroque": 1, "Realism": 5}, "Realism": 0.0036958365363245495}