{"High Renaissance": 0.00435022796249681, "Expressionism, Symbolism": 0.004439246644708874, "year": ["unknown", 1986.0, 1945.0, 1863.0, 1942.0, 1801.0, 1865.0, 1974.0, 1943.0, 1521.0, "unknown", 1904.0, 1942.0, 1892.0, 1916.0, 1890.0, 1925.0, "unknown", 1636.0, 1912.0], "Academicism": 0.004645537420102165, "style": ["Post-Impressionism", "Pop Art", "Surrealism", "Realism", "Symbolism", "Neoclassicism", "Impressionism", "Surrealism", "Abstract Expressionism", "High Renaissance", "Baroque", "Expressionism, Symbolism", "Symbolism", "Impressionism", "Expressionism", "Academicism", "Symbolism", "Ukiyo-e", "Baroque", "Art Nouveau (Modern)"], "title": ["Poupoule in chemise by her bed", "Ted Turner", "Don Quixote and the Windmills", "Still Life of Flowers", "The Last Angel", "Male nude", "The Pave de Chailly", "Cranach Metamorphosis (Woman in a Mirror)", "Blue (Moby Dick)", "Christ Carrying the Cross", "Simeon in the Temple", "Madonna with Garland", "Svyatogor", "Young Woman Picking Fruit", "Viking Eggeling", "Pygmalion and Galatea", "Guru Kambala", "Title page is decorated with a lot of flowers", "Tobias Cured With His Son", "Portrait of E.M. Edwards"], "Art Nouveau (Modern)": 0.004747643160158199, "Ukiyo-e": 0.004683078926946225, "Expressionism": 0.004641822102630693, "Symbolism": 0.004271070317603948, "style_dict": {"Impressionism": 2, "Abstract Expressionism": 1, "Art Nouveau (Modern)": 1, "Ukiyo-e": 1, "High Renaissance": 1, "Surrealism": 2, "Expressionism, Symbolism": 1, "Realism": 1, "Expressionism": 1, "Academicism": 1, "Symbolism": 3, "Pop Art": 1, "Baroque": 2, "Post-Impressionism": 1, "Neoclassicism": 1}, "Neoclassicism": 0.004236091905521667, "Impressionism": 0.004357992248566406, "scores": [0.00719345190023468, 0.008684431092497127, 0.00972448640464131, 0.011072433975625956, 0.011626517672859056, 0.012243880407572374, 0.012360541681219077, 0.012521141160441378, 0.012543037328969352, 0.012573776043210954, 0.01267965717078494, 0.012831073128201838, 0.013260085344547281, 0.01330314281394918, 0.013416591510621948, 0.013427330159313107, 0.013498346561787592, 0.013535839070444044, 0.013687289099197237, 0.013722453706690157], "Baroque": 0.004477414281046938, "Post-Impressionism": 0.0024887635580381636, "Realism": 0.0038307992545863123, "style_counts": [0.0003896509115918212, 0.0004080500629369821, 0.0, 6.456423321199445e-05, 0.0003974151976613438, 0.0009700767506515273, 0.00030839651544933844, 0.0009168439055718958, 0.00010582105752754423, 0.0017430362030177449, 0.0004765728425542015, 0.00010210574005597994, 0.00027022887911121174, 0.002258879602120012, 0.0005115512546365331], "Abstract Expressionism": 0.004339593097221217, "artist": ["Toulouse-Lautrec Henri de", "Warhol Andy", "Dali Salvador", "Courbet Gustave", "Roerich Nicholas", "Ingres Jean Auguste Dominique ", "Monet Claude", "Dali Salvador", "Pollock Jackson ", "Michelangelo", "Rembrandt", "Picasso Pablo", "Roerich Nicholas", "Cassatt Mary", "Modigliani Amedeo ", "Gerome Jean-Leon", "Roerich Nicholas", "Hokusai Katsushika", "Rembrandt", "Serebriakova Zinaida"], "contentId": ["230565.jpg", "300242.jpg", "220934.jpg", "191856.jpg", "226854.jpg", "193406.jpg", "212606.jpg", "220888.jpg", "185308.jpg", "193116.jpg", "220512.jpg", "224090.jpg", "226789.jpg", "190439.jpg", "189779.jpg", "279425.jpg", "225677.jpg", "223633.jpg", "220706.jpg", "227412.jpg"], "style_labels": ["Impressionism", "Abstract Expressionism", "Art Nouveau (Modern)", "Ukiyo-e", "High Renaissance", "Surrealism", "Expressionism, Symbolism", "Realism", "Expressionism", "Pop Art", "Symbolism", "Academicism", "Baroque", "Post-Impressionism", "Neoclassicism"], "Surrealism": 0.0037775664095067002, "Pop Art": 0.0030046069571404636}