{"year": [1888.0, 1888.0, 1977.0, 1923.0, 1965.0, 1929.0, "unknown", 1933.0, 1933.0, 1909.0, 1968.0, 1814.0, "unknown", 1926.0, 1949.0, 1898.0, 1884.0, 1918.0, 1609.0, 1942.0], "New Realism": 0.004777171322511031, "style": ["Post-Impressionism", "Japonism", "Surrealism", "New Realism", "Surrealism", "Symbolism", "Symbolism", "Symbolism", "Social Realism", "Cubism", "Op Art", "Neoclassicism", "Purism", "Expressionism", "Op Art", "Post-Impressionism", "Impressionism", "Symbolism", "Baroque", "Symbolism"], "title": ["Wheat Field with Sheaves and Arles in the Background", "A mousm\u00e9, sitting", "Eschantos 28", "Deck of a Beam Trawler, Gloucester", "Untitled (St. John from Behind)", "Temple in Naggar", "Conversation with God", "Tibet", "Ryders House", "Carnival at the bistro", "Metamorphosis III excerpt 6", "Caroline Murat, Queen of Naples", "The birds in the landscape", "NOT DETECTED", "New Year's Greeting Card", "Village of Saint Mamm\u00e8s", "Rose Bouquet", "Thinking", "Mulay Ahmad", "Partisans"], "Expressionism": 0.005258331621422348, "Symbolism": 0.004843191274065974, "style_dict": {"Impressionism": 1, "Social Realism": 1, "Symbolism": 5, "Op Art": 2, "Purism": 1, "Surrealism": 2, "Japonism": 1, "Expressionism": 1, "New Realism": 1, "Baroque": 1, "Post-Impressionism": 2, "Cubism": 1, "Neoclassicism": 1}, "Neoclassicism": 0.005198919821561665, "Impressionism": 0.0054001868322295365, "style_counts": [0.00012050634601068477, 0.0004035425149618854, 0.0006775019041742603, 0.00038976076309304997, 0.0003215223705604897, 0.0009130609009940782, 0.0009363360486143169, 0.00026236155681791384, 0.0007435218557292345, 0.0, 0.0006835047604552003, 0.00037001974820238814, 0.00032177335667860074], "Purism": 0.005199170807679702, "Japonism": 0.004584357129625952, "scores": [0.013143779523082079, 0.013250496375580779, 0.013316042511129009, 0.013807801073217354, 0.013817741646448771, 0.013845999628653391, 0.01444531503077126, 0.014746884319821435, 0.014790467758039216, 0.014887361016327389, 0.014975022248977982, 0.015026811023808404, 0.015027536466995603, 0.015198533212211502, 0.01524041255627813, 0.015341832730715252, 0.015608547507239005, 0.015612023700060748, 0.01595685564639554, 0.01620232651005555], "Baroque": 0.005520693178240217, "Post-Impressionism": 0.0048371884177850245, "Social Realism": 0.005117150663278297, "artist": ["van Gogh Vincent ", "van Gogh Vincent ", "Holbrook Carter Clarence", "Hopper Edward", "Dali Salvador", "Roerich Nicholas", "Roerich Nicholas", "Roerich Nicholas", "Hopper Edward", "Picasso Pablo", "Escher M.C.", "Ingres Jean Auguste Dominique ", "Leger Fernand ", "Escher M.C.", "Escher M.C.", "Sisley Alfred", "Cezanne Paul", "Roerich Nicholas", "Rubens Peter Paul", "Roerich Nicholas"], "Op Art": 0.005130932415147212, "contentId": ["207434.jpg", "205656.jpg", "345388.jpg", "235549.jpg", "221790.jpg", "226806.jpg", "225510.jpg", "226906.jpg", "235629.jpg", "223810.jpg", "204607.jpg", "193312.jpg", "196227.jpg", "204660.jpg", "204619.jpg", "238362.jpg", "337093.jpg", "226891.jpg", "216512.jpg", "226327.jpg"], "style_labels": ["Impressionism", "Social Realism", "Symbolism", "Op Art", "Purism", "Surrealism", "Japonism", "Expressionism", "New Realism", "Baroque", "Post-Impressionism", "Cubism", "Neoclassicism"], "Surrealism": 0.0046076322772461145, "Cubism": 0.005150673430037788}