{"style": ["Surrealism", "Art Nouveau (Modern)", "Neo-Romanticism", "Surrealism", "Symbolism", "Surrealism", "Surrealism", "Symbolism", "Surrealism", "Symbolism", "Neo-Romanticism", "Symbolism", "unknown", "Symbolism", "Symbolism", "Realism", "Surrealism", "Realism", "Na\u00efve Art (Primitivism)", "Cloisonnism"], "style_labels": ["Neo-Romanticism", "unknown", "Art Nouveau (Modern)", "Surrealism", "Na\u00efve Art (Primitivism)", "Symbolism", "Cloisonnism", "Realism"], "Neo-Romanticism": 0.0038148223757310915, "artist": ["Dali Salvador", "Zorn Anders", "Kittelsen Theodor Severin", "Dali Salvador", "Roerich Nicholas", "Dali Salvador", "Beksinski Zdislav", "Roerich Nicholas", "Dali Salvador", "Roerich Nicholas", "Kittelsen Theodor Severin", "Roerich Nicholas", "Matisse Henri", "Roerich Nicholas", "Roerich Nicholas", "Corot Camille ", "Escher M.C.", "Escher M.C.", "Chagall Marc", "Vallotton  Felix"], "unknown": 0.004425053217401822, "Art Nouveau (Modern)": 0.0029592544477271615, "title": ["Untitled (St. John from Behind)", "Oscar II", "Fra Turen Til Notodden", "Gradiva", "Conversation with God", "The Golden Age - Family of Marsupial Centaurs", "Untitled", "Mstislav's duel with Rededia", "Music - The Red Orchestra", "Night rider", "Ormen Risler Under Lying", "Vyas Kund", "Woman in Yellow and Blue with a Guitar", "Teacher's order", "Night rider", "Mount Soracte", "NOT DETECTED", "NOT DETECTED", "Pliushkin's village", "The Third Gallery at The Theatre"], "year": [1965.0, "unknown", "unknown", 1931.0, "unknown", 1941.0, "unknown", 1943.0, 1944.0, 1918.0, "unknown", 1932.0, 1939.0, 1931.0, 1918.0, 1827.0, 1933.0, 1930.0, 1923.0, 1894.0], "style_counts": [0.0008613100827729037, 0.00025107924110212565, 0.0017168780107768011, 0.0011312962653082792, 3.7021714101581615e-05, 0.0008050519024926928, 0.0, 0.00018228776855300222], "Surrealism": 0.0035448361931956726, "Na\u00efve Art (Primitivism)": 0.004639110744402375, "scores": [0.008114265057544836, 0.0085533454801392, 0.009873836436742164, 0.01042967608804999, 0.010434731322610769, 0.011367167631735729, 0.011682430189246716, 0.0116984841000749, 0.011874756006268153, 0.01193459218552162, 0.012591186966655737, 0.012734266924058628, 0.012790048846765783, 0.012971149682761541, 0.013053279941588072, 0.013110151967670767, 0.013220585308242605, 0.013353550975152652, 0.013408754677373276, 0.013515761194241537], "contentId": ["221790.jpg", "277305.jpg", "321884.jpg", "221029.jpg", "225510.jpg", "221604.jpg", "259063.jpg", "226250.jpg", "221174.jpg", "226267.jpg", "321968.jpg", "227054.jpg", "9223372032559820548.jpg", "226802.jpg", "226266.jpg", "199633.jpg", "204687.jpg", "204667.jpg", "202928.jpg", "271358.jpg"], "Symbolism": 0.003871080556011309, "Cloisonnism": 0.004676132458504006, "style_dict": {"Neo-Romanticism": 2, "unknown": 1, "Art Nouveau (Modern)": 1, "Surrealism": 6, "Na\u00efve Art (Primitivism)": 1, "Symbolism": 6, "Cloisonnism": 1, "Realism": 2}, "Realism": 0.004493844689950952}