{"Hard Edge Painting": 0.006257952622441088, "style": ["Surrealism", "Symbolism", "Surrealism", "Realism", "Purism", "Abstract Expressionism", "Surrealism", "Art Nouveau (Modern)", "Neo-Expressionism", "Realism", "Art Nouveau (Modern)", "Magic Realism", "Art Nouveau (Modern)", "Na\u00efve Art (Primitivism)", "Northern Renaissance", "Realism", "Hard Edge Painting", "Art Nouveau (Modern)", "Art Nouveau (Modern)", "Surrealism"], "Abstract Expressionism": 0.005388590839658354, "Neo-Expressionism": 0.005803082115069174, "contentId": ["221151.jpg", "226514.jpg", "204702.jpg", "226945.jpg", "195993.jpg", "231583.jpg", "258975.jpg", "226640.jpg", "231507.jpg", "266401.jpg", "227032.jpg", "345421.jpg", "227017.jpg", "202517.jpg", "200633.jpg", "227011.jpg", "283526.jpg", "226016.jpg", "225640.jpg", "232048.jpg"], "Art Nouveau (Modern)": 0.005678261124341742, "artist": ["Dali Salvador", "Roerich Nicholas", "Escher M.C.", "Roerich Nicholas", "Leger Fernand ", "Twombly Cy", "Beksinski Zdislav", "Roerich Nicholas", "Twombly Cy", "Sargent John Singer", "Roerich Nicholas", "Holbrook Carter Clarence", "Roerich Nicholas", "Chagall Marc", "Durer Albrecht", "Roerich Nicholas", "Reinhardt Ad", "Roerich Nicholas", "Roerich Nicholas", "Freud Lucian"], "Northern Renaissance": 0.00614078094002232, "style_counts": [0.0, 0.0008693617827827405, 0.00045487050737191836, 0.0005796914980993328, 0.00011717168241875964, 0.0008908411897977642, 0.00022463049036769434, 0.00015496183188301593, 0.0009570852373235184, 0.0009884940448083857, 0.0006812508686124819], "Purism": 0.005367111432643306, "Magic Realism": 0.0060333221320733954, "style_labels": ["Hard Edge Painting", "Abstract Expressionism", "Neo-Expressionism", "Art Nouveau (Modern)", "Northern Renaissance", "Purism", "Magic Realism", "Na\u00efve Art (Primitivism)", "Surrealism", "Symbolism", "Realism"], "year": [1957.0, 1924.0, 1934.0, 1899.0, 1951.0, 2007.0, "unknown", "unknown", 2009.0, "unknown", 1918.0, 1979.0, 1918.0, 1971.0, "unknown", 1893.0, 1953.0, 1912.0, 1913.0, 1944.0], "Na\u00efve Art (Primitivism)": 0.006102990790558048, "scores": [0.014490439835083349, 0.01523069425219339, 0.015236595331123723, 0.0153101117213524, 0.015512947306393833, 0.015575030777806484, 0.016259528758321276, 0.016360288608362507, 0.01677306465414828, 0.01696337694057193, 0.017374209313625846, 0.017438543896834816, 0.017463377322877054, 0.017639912219729367, 0.017749139800467575, 0.017845427609864697, 0.01808780952215596, 0.018098905139783843, 0.01846195059832299, 0.018567874849019086], "Surrealism": 0.005300867385117612, "Symbolism": 0.005269458577632748, "title": ["Metamorphosed Women", "Sanga Chelling", "NOT DETECTED", "Tomb near village Podlipie", "Flower lamp", "Untitled (Peonias series)", "Untitled", "Smolensk", "Leaving Paphos Ringed With Waves III", "Study for a devil and victim in Judgement", "Vignette for book \"N. K. Roerich\"", "Untitled - Country Road", "Vignette for book \"N. K. Roerich\"", "Creation of World", "Conversion of Paul", "View of Izvara estate", "Number 17", "Kurvenal", "Girl", "Man with Arms Folded"], "style_dict": {"Hard Edge Painting": 1, "Abstract Expressionism": 1, "Neo-Expressionism": 1, "Art Nouveau (Modern)": 5, "Northern Renaissance": 1, "Magic Realism": 1, "Purism": 1, "Surrealism": 4, "Na\u00efve Art (Primitivism)": 1, "Symbolism": 1, "Realism": 3}, "Realism": 0.005576701753828666}