{"style": ["Surrealism", "Post-Impressionism", "Baroque", "Symbolism", "Magic Realism", "Symbolism", "Post-Impressionism", "Realism", "Symbolism", "Post-Impressionism", "Symbolism", "Symbolism", "Realism", "Symbolism", "Symbolism", "Pop Art", "Magic Realism", "Symbolism", "Symbolism", "Symbolism"], "style_labels": ["Surrealism", "Magic Realism", "Symbolism", "Pop Art", "Baroque", "Post-Impressionism", "Realism"], "Surrealism": 0.0033039730580520514, "contentId": ["345169.jpg", "211621.jpg", "219997.jpg", "225885.jpg", "278011.jpg", "226806.jpg", "206672.jpg", "210347.jpg", "226906.jpg", "215715.jpg", "225704.jpg", "225482.jpg", "210033.jpg", "226028.jpg", "225948.jpg", "300235.jpg", "345414.jpg", "226931.jpg", "226568.jpg", "226537.jpg"], "artist": ["Solar Xul", "Magritte Rene", "Rembrandt", "Roerich Nicholas", "Earle Eyvind", "Roerich Nicholas", "van Gogh Vincent ", "Levitan Isaac", "Roerich Nicholas", "Cezanne Paul", "Roerich Nicholas", "Roerich Nicholas", "Levitan Isaac", "Roerich Nicholas", "Roerich Nicholas", "Warhol Andy", "Holbrook Carter Clarence", "Roerich Nicholas", "Roerich Nicholas", "Roerich Nicholas"], "style_counts": [0.0011890995027935558, 0.0004133599997413473, 0.0007270820539849732, 0.0, 0.0009264635344017336, 0.0007070621223256301, 0.0003586189022206643], "Magic Realism": 0.004079712561104249, "title": ["Santos y Guardianes", "The staging post", "A Young Man at a Table (possibly Govaert Flinck)", "Hystaspes. Shahnameh.", "California Miniature", "Temple in Naggar", "Portrait of Postman Roulin", "Railroad tracks", "Tibet", "Mont Sainte-Victoire Seen from les Lauves", "Himalayas", "China's heroics", "A dull  day. Stubble.", "Ladakh. Kashmir.", "Kangchenjunga", "La Grande Passion", "Maidenhood", "Tibetian camp", "Shirin and Khosrau", "Sentinels"], "scores": [0.009549710415843474, 0.01003603845860421, 0.010308826001491096, 0.01067923628439446, 0.011008058003295497, 0.011304172802631645, 0.011843799420165124, 0.011884056224636202, 0.012101080120570797, 0.012145783097290568, 0.012176859524181117, 0.012212811464698905, 0.01246323679538941, 0.012581277321656774, 0.012776387479694855, 0.012986650036046321, 0.013016871374125097, 0.013359918140845434, 0.0133998892168407, 0.013529271139820973], "year": [1949.0, 1948.0, 1660.0, 1938.0, 1991.0, 1929.0, 1888.0, 1899.0, 1933.0, 1903.0, 1924.0, 1937.0, 1895.0, 1943.0, 1944.0, 1984.0, 1977.0, 1936.0, 1938.0, "unknown"], "Symbolism": 0.0037659905068606215, "Pop Art": 0.004493072560845601, "Baroque": 0.0035666090264439387, "Post-Impressionism": 0.0037860104385199914, "style_dict": {"Magic Realism": 2, "Surrealism": 1, "Symbolism": 10, "Pop Art": 1, "Baroque": 1, "Post-Impressionism": 3, "Realism": 2}, "Realism": 0.00413445365862502}