{"Impressionism": 0.0024094041666843425, "style": ["Cubism", "Art Nouveau (Modern)", "Ukiyo-e", "Baroque", "Impressionism", "Romanticism", "Impressionism", "Romanticism", "Realism", "Impressionism", "Realism", "Symbolism", "Realism", "Realism", "Impressionism", "Impressionism", "Impressionism", "Art Nouveau (Modern)", "Realism", "Impressionism"], "style_labels": ["Impressionism", "Art Nouveau (Modern)", "Ukiyo-e", "Romanticism", "Symbolism", "Baroque", "Cubism", "Realism"], "artist": ["Chagall Marc", "Roerich Nicholas", "Hokusai Katsushika", "Rembrandt", "Sorolla Joaqu\u00edn", "Dore Gustave ", "Sisley Alfred", "Goya Francisco", "van Gogh Vincent ", "Sisley Alfred", "Corot Camille ", "Roerich Nicholas", "Levitan Isaac", "Savrasov Aleksey", "Pissarro Camille ", "Pissarro Camille ", "Monet Claude", "Roerich Nicholas", "Levitan Isaac", "Churchill Winston"], "contentId": ["297973.jpg", "226814.jpg", "223647.jpg", "220020.jpg", "251066.jpg", "201771.jpg", "238119.jpg", "194142.jpg", "206575.jpg", "237957.jpg", "199590.jpg", "225375.jpg", "210182.jpg", "237210.jpg", "208193.jpg", "208297.jpg", "211918.jpg", "226760.jpg", "210435.jpg", "313752.jpg"], "Art Nouveau (Modern)": 0.0024092456806925158, "title": ["House at Vitebsk", "Terem", "View of\u00a0the\u00a0beach\u00a0at\u00a0low tide\u00a0Noboto\u00a0from the coast\u00a0to\u00a0Gy\u00f4toku", "An Arched Landscape with a Flock of Sheep", "The Young Yachtsman", "Perched upon a bust of Pallas", "A February Morning at Moret sur Loing", "The Picnic", "Peasants planting potatoes", "Grand Jatte", "Landscape with Peasant Girl", "Battle in the Heavens", "Evening. Sunset.", "The Monastery of the Caves Near Nizhny Novgorod", "Foggy Morning, Rouen", "Landscape with a Donkey", "Fishing Boats at Sea", "Study to \"Conquest of Kazan\"", "Venice", "Garden Scene at Breccles"], "Ukiyo-e": 0.0022595343023435934, "Romanticism": 0.0023985232249017817, "scores": [0.005281556256945577, 0.006081781241269592, 0.006530894133491536, 0.0067863778179469755, 0.006856621547019404, 0.006933850418246712, 0.006976320435575325, 0.0071907601334268885, 0.007390918235009776, 0.00749765742640666, 0.007502976595547309, 0.0075444753427310485, 0.007700373976147807, 0.0077923023125633616, 0.007946748532031596, 0.008060961597229362, 0.008067697792008135, 0.008105972543969261, 0.00815491032959186, 0.008194505655241848], "year": [1917.0, 1915.0, "unknown", 1650.0, 1909.0, "unknown", 1881.0, 1788.0, 1884.0, 1873.0, 1861.0, 1912.0, 1895.0, 1871.0, 1896.0, "unknown", 1868.0, 1915.0, 1890.0, "unknown"], "Symbolism": 0.0026102093345329734, "Baroque": 0.0023479255910273025, "style_dict": {"Impressionism": 7, "Art Nouveau (Modern)": 2, "Ukiyo-e": 1, "Romanticism": 2, "Symbolism": 1, "Baroque": 1, "Cubism": 1, "Realism": 5}, "Cubism": 0.0018272930610109136, "Realism": 0.0024937529671898266, "style_counts": [0.00020080516784859448, 0.00020096365384036918, 0.00035067503218932927, 0.00021168610963118173, 0.0, 0.00026228374350567574, 0.0007829162735220052, 0.00011645636734314291]}