{"year": [1927.0, "unknown", "unknown", "unknown", 1915.0, 1888.0, 1924.0, "unknown", 1916.0, 1924.0, 1945.0, "unknown", 1881.0, 1928.0, 1890.0, 1889.0, 1913.0, 1928.0, "unknown", 1945.0], "New Realism": 0.004350184941789788, "style": ["Art Deco", "Cubism", "Surrealism", "Na\u00efve Art (Primitivism)", "Symbolism", "Post-Impressionism", "Cubism", "Na\u00efve Art (Primitivism)", "Abstract Art", "New Realism", "Na\u00efve Art (Primitivism)", "Regionalism", "Realism", "Expressionism", "Post-Impressionism", "Post-Impressionism", "Art Nouveau (Modern)", "Expressionism", "Purism", "Expressionism"], "title": ["Bathing Nude", "The two sailors", "Tails of comets", "Part campaign", "Cloud", "Field with Flowers", "Machine element 1st state", "Red maternity", "Blue-02", "House at the Fort, Gloucester", "Study\u00a0for a\u00a0Portrait", "Clown Training Dogs", "Woman Peeling Potatoes near a Window", "Mother and daughter", "Old Vineyard with Peasant Woman", "Enclosed Field", "Arrival of Prince Michael Glanda Kambila to Russia, Veliky Novgorod", "Market in Marrakesh", "The birds in the landscape", "Still life with flowers"], "Art Nouveau (Modern)": 0.0047353146343240915, "Expressionism": 0.004546306575544141, "Symbolism": 0.003650427466850976, "style_dict": {"New Realism": 1, "Art Nouveau (Modern)": 1, "Purism": 1, "Surrealism": 1, "Na\u00efve Art (Primitivism)": 3, "Expressionism": 3, "Symbolism": 1, "Abstract Art": 1, "Art Deco": 1, "Post-Impressionism": 3, "Cubism": 2, "Realism": 1, "Regionalism": 1}, "Regionalism": 0.004461159884131942, "Purism": 0.0047714286025679386, "scores": [0.007143150309031445, 0.008112346246198235, 0.009748963865974083, 0.010348609594924892, 0.010551092454434498, 0.011450813896611907, 0.01147822255017445, 0.011664375682697872, 0.012445653906707694, 0.012573651697374373, 0.01271496609001354, 0.012894410536554293, 0.01320894319006426, 0.013271068437179465, 0.013582510654238676, 0.013651550374616652, 0.013686819683802757, 0.013723634169659642, 0.013791202477680332, 0.013863849394645815], "Abstract Art": 0.004305900745365227, "Post-Impressionism": 0.004304442830998088, "Realism": 0.0045699807140652205, "style_counts": [0.0011210011357170035, 3.611396824387825e-05, 0.0, 0.0013985185817926293, 0.0009072702826127266, 0.00022512202702384965, 0.0004212436607782255, 0.00046552785720277434, 0.002300068200738248, 0.0004669857715698944, 0.0014447220661127913, 0.0002014478885027371, 0.0003102687184359798], "artist": ["Serebriakova Zinaida", "Leger Fernand ", "Leger Fernand ", "Leger Fernand ", "Roerich Nicholas", "van Gogh Vincent ", "Leger Fernand ", "Chagall Marc", "O'Keeffe Georgia", "Hopper Edward", "Leger Fernand ", "Rockwell Norman", "van Gogh Vincent ", "Serebriakova Zinaida", "van Gogh Vincent ", "van Gogh Vincent ", "Roerich Nicholas", "Serebriakova Zinaida", "Leger Fernand ", "Braque Georges "], "contentId": ["227188.jpg", "196309.jpg", "196211.jpg", "196109.jpg", "225496.jpg", "205938.jpg", "196019.jpg", "202960.jpg", "231646.jpg", "235572.jpg", "196195.jpg", "247639.jpg", "207480.jpg", "227309.jpg", "206358.jpg", "205886.jpg", "225357.jpg", "227289.jpg", "196227.jpg", "193715.jpg"], "style_labels": ["Symbolism", "Art Nouveau (Modern)", "Purism", "Surrealism", "Na\u00efve Art (Primitivism)", "Expressionism", "New Realism", "Abstract Art", "Art Deco", "Post-Impressionism", "Cubism", "Realism", "Regionalism"], "Surrealism": 0.003372910020775366, "Na\u00efve Art (Primitivism)": 0.003864158319955247, "Art Deco": 0.0024713604018296877, "Cubism": 0.0033267065364551555}