{"Impressionism": 0.0033619377331506337, "style": ["Symbolism", "Impressionism", "Impressionism", "Baroque", "Surrealism", "Surrealism", "Ukiyo-e", "unknown", "Expressionism", "Neo-Expressionism", "Post-Impressionism", "Surrealism", "Impressionism", "Realism", "Surrealism", "Op Art", "Surrealism", "Baroque", "Impressionism", "Symbolism"], "style_labels": ["Impressionism", "Neo-Expressionism", "Op Art", "unknown", "Ukiyo-e", "Surrealism", "Expressionism", "Symbolism", "Baroque", "Post-Impressionism", "Realism"], "Neo-Expressionism": 0.003644816260780658, "Op Art": 0.0038061916998065005, "unknown": 0.003529411234477741, "artist": ["Roerich Nicholas", "Monet Claude", "Hassam Childe", "Rembrandt", "Chagall Marc", "Chagall Marc", "Hokusai Katsushika", "Matisse Henri", "Modigliani Amedeo ", "Basquiat Jean-Michel ", "van Gogh Vincent ", "Picasso Pablo", "Renoir Pierre-Auguste", "Kustodiev Boris", "Chagall Marc", "Escher M.C.", "Escher M.C.", "Rembrandt", "Renoir Pierre-Auguste", "Roerich Nicholas"], "Ukiyo-e": 0.003523196571385603, "style_counts": [0.0004442539666558165, 0.00016137543902583484, 0.0, 0.000276780465328752, 0.00028299512842089314, 0.0003919329472290567, 0.00022512375811045704, 0.0006351122194022674, 0.0002073147155106092, 0.00015637639544796578, 9.401753932458679e-05], "scores": [0.007447084563428106, 0.009101550200272899, 0.00995418152419978, 0.010002921117483564, 0.010010007437072374, 0.010043325961942292, 0.010183347867449545, 0.0102013105541359, 0.010350617641785475, 0.010534873982881115, 0.01054932307725511, 0.010589585015589108, 0.010666960483039448, 0.010729563353848741, 0.010989916853441736, 0.011001308994259506, 0.011135258486789822, 0.011190426230087928, 0.011219287243712378, 0.011227015492845722], "Surrealism": 0.0034142587525774377, "year": [1927.0, 1867.0, "unknown", 1650.0, 1958.0, 1960.0, "unknown", 1927.0, 1913.0, "unknown", 1890.0, 1941.0, 1910.0, "unknown", 1965.0, 1955.0, 1930.0, "unknown", 1905.0, 1940.0], "Expressionism": 0.0035810679416960027, "contentId": ["226880.jpg", "212654.jpg", "244234.jpg", "220540.jpg", "203048.jpg", "203039.jpg", "223551.jpg", "9223372032559820541.jpg", "189485.jpg", "211665.jpg", "206819.jpg", "366365.jpg", "218478.jpg", "229907.jpg", "203058.jpg", "204894.jpg", "204670.jpg", "220065.jpg", "218784.jpg", "226499.jpg"], "Symbolism": 0.0031710794804041746, "title": ["The unspilling vessel", "The Road to the Farm of Saint-Simeon", "Rainy day, Boston", "Studio Scenne With Sitters", "Song of Songs IV", "Song of Songs III", "Portrait of a man of noble birth with a book", "A Nude Lying on Her Back", "Caryatid", "History of the Black People", "Sheet with Sketches of a Digger and Other Figures", "Woman in an Armchair", "Genevieve bernheim de villers", "Merchant festivities", "Song of Songs V", "Three Worlds", "NOT DETECTED", "Boazcast", "Coco Reading", "Saint Sergius (Employees)"], "Baroque": 0.003598876984295876, "Post-Impressionism": 0.003649815304358537, "style_dict": {"Impressionism": 4, "Neo-Expressionism": 1, "Op Art": 1, "unknown": 1, "Ukiyo-e": 1, "Surrealism": 5, "Expressionism": 1, "Symbolism": 2, "Baroque": 2, "Post-Impressionism": 1, "Realism": 1}, "Realism": 0.003712174160481884}