{"Suprematism": 0.004407891929819773, "year": ["unknown", 1968.0, 1913.0, 1902.0, 1942.0, 1967.0, 1977.0, 1640.0, 1940.0, 1614.0, 1891.0, 1878.0, 1848.0, 1968.0, "unknown", 1870.0, 1603.0, 1908.0, 1640.0, "unknown"], "Academicism": 0.005468552390110558, "style": ["Realism", "Op Art", "Suprematism", "Realism", "Surrealism", "Expressionism", "Magic Realism", "Baroque", "Symbolism", "Baroque", "Post-Impressionism", "Neoclassicism", "Realism", "Op Art", "Academicism", "Romanticism", "Baroque", "Art Nouveau (Modern)", "Baroque", "Regionalism"], "title": ["Breakfast In The Green", "Metamorphosis III excerpt 4", "Costume for Victory over the Sun. Many and One", "The Earle of Comer", "Untitled - Set Design (Figures Cut in Three)", "Figure Climbing a Stair", "Pilgrimage #6", "Nymphs and Satyrs", "Guru Kambala", "Descent from the Cross (outside left)", "The Drinker", "The Nymphaeum", "Marc Trapadoux is Examining the Book of Prints", "Metamorphosis III excerpt 5", "Portrait of a Roman Woman", "The Halberdsman", "Study for an Equestrian Portrait of the Duke of Lerma", "Prologue. Forest.", "Woman with a Mirror", "Piano Tune"], "Art Nouveau (Modern)": 0.005502345323210697, "Expressionism": 0.004981455344188689, "Symbolism": 0.005166757375766243, "style_dict": {"Suprematism": 1, "Magic Realism": 1, "Op Art": 2, "Art Nouveau (Modern)": 1, "Romanticism": 1, "Surrealism": 1, "Neoclassicism": 1, "Expressionism": 1, "Symbolism": 1, "Academicism": 1, "Baroque": 4, "Post-Impressionism": 1, "Realism": 3, "Regionalism": 1}, "Neoclassicism": 0.005332899136537925, "Regionalism": 0.005624660890987132, "Magic Realism": 0.005104031082856703, "scores": [0.0108807505062146, 0.011969139402265473, 0.012740446345809495, 0.013862043292780558, 0.014126827181671912, 0.014398257840063905, 0.014752547293313193, 0.014824749057909509, 0.01493384959881645, 0.015201632616450413, 0.015350614739140735, 0.01541406105195806, 0.015564160168054553, 0.015608963254510154, 0.015806149384951125, 0.01585140593683456, 0.015877025977837664, 0.015903823524400243, 0.016213475985346844, 0.016257360987052286], "Baroque": 0.005100708313714469, "Post-Impressionism": 0.005310948218755811, "Realism": 0.0044849305930835075, "style_counts": [0.0012167689611674026, 0.0007371141098233558, 0.0009415781625105035, 0.00012231556777642094, 0.00014045080848468228, 0.0005206298081303906, 0.0011397302979035961, 0.0006432055467984199, 0.0004579035152209032, 0.0001561085008765506, 0.0005239525772726683, 0.0003137126722313477, 0.0002917617544492268, 0.0], "artist": ["Zorn Anders", "Escher M.C.", "Malevich Kazimir", "Sargent John Singer", "Dali Salvador", "Dali Salvador", "Holbrook Carter Clarence", "Rubens Peter Paul", "Roerich Nicholas", "Rubens Peter Paul", "Cezanne Paul", "Bouguereau William-Adolphe", "Courbet Gustave", "Escher M.C.", "Gerome Jean-Leon", "Corot Camille ", "Rubens Peter Paul", "Roerich Nicholas", "Rubens Peter Paul", "Rockwell Norman"], "Op Art": 0.004683082728476663, "contentId": ["277236.jpg", "204605.jpg", "361384.jpg", "266339.jpg", "221769.jpg", "221825.jpg", "345397.jpg", "216521.jpg", "225678.jpg", "216423.jpg", "215946.jpg", "232522.jpg", "191779.jpg", "204606.jpg", "279409.jpg", "199799.jpg", "216616.jpg", "226401.jpg", "216735.jpg", "247773.jpg"], "style_labels": ["Suprematism", "Surrealism", "Op Art", "Art Nouveau (Modern)", "Romanticism", "Magic Realism", "Realism", "Expressionism", "Symbolism", "Academicism", "Baroque", "Post-Impressionism", "Neoclassicism", "Regionalism"], "Romanticism": 0.0054842100825024795, "Surrealism": 0.004887546781163717}