{"Fauvism": 0.004145670602024573, "Impressionism": 0.0040810677545301, "style": ["Symbolism", "Expressionism", "Pop Art", "Post-Impressionism", "Symbolism", "Symbolism", "Na\u00efve Art (Primitivism)", "Symbolism", "Impressionism", "Realism", "Realism", "Fauvism", "Art Nouveau (Modern)", "Na\u00efve Art (Primitivism)", "Impressionism", "Magic Realism", "Post-Impressionism", "Expressionism", "Surrealism", "Symbolism"], "style_labels": ["Fauvism", "Impressionism", "Surrealism", "Art Nouveau (Modern)", "Magic Realism", "Na\u00efve Art (Primitivism)", "Expressionism", "Symbolism", "Pop Art", "Post-Impressionism", "Realism"], "Surrealism": 0.004328726090730747, "contentId": ["226328.jpg", "256124.jpg", "229264.jpg", "230655.jpg", "225933.jpg", "225967.jpg", "202398.jpg", "226954.jpg", "218824.jpg", "205694.jpg", "230198.jpg", "256123.jpg", "226876.jpg", "202883.jpg", "251067.jpg", "278305.jpg", "215466.jpg", "185281.jpg", "202428.jpg", "226704.jpg"], "Art Nouveau (Modern)": 0.004212795088735118, "artist": ["Roerich Nicholas", "Derain Andre", "Warhol Andy", "Toulouse-Lautrec Henri de", "Roerich Nicholas", "Roerich Nicholas", "Chagall Marc", "Roerich Nicholas", "Renoir Pierre-Auguste", "van Gogh Vincent ", "Kustodiev Boris", "Derain Andre", "Roerich Nicholas", "Chagall Marc", "Sorolla Joaqu\u00edn", "Earle Eyvind", "Cezanne Paul", "Pollock Jackson ", "Chagall Marc", "Roerich Nicholas"], "style_counts": [0.00018305548870622967, 0.00024765833620066235, 0.0, 0.00011593100199569495, 2.1987193541850303e-05, 0.00038507480309379893, 0.0006586348413598619, 0.0009524696946231481, 0.0007358867844351469, 0.000430683923047237, 0.0002987433450669652], "scores": [0.007056980379621893, 0.009150768995113075, 0.01038464126157625, 0.010505302623466332, 0.010772573910480608, 0.010818256931858674, 0.010851691938821129, 0.010955507844537738, 0.011625317161301309, 0.011832641216520601, 0.011899435346880476, 0.011982529225632216, 0.012176543946283652, 0.012371989204295442, 0.012407592784814058, 0.01244807647706785, 0.012449791978457084, 0.012461950468377676, 0.012511627640316422, 0.012577440202457565], "Magic Realism": 0.004306738897188962, "title": ["Partisans", "Forest at Martigues", "Big electric chair", "The Streetwalker (also known as Casque d Or)", "Kalki Avatar", "Karelian landscape. Rocky seashore.", "Acrobat with bouquet", "Traces", "On the river banks", "Austin Friars Church, London", "Self Portrait", "Figures from a Carnival", "The scene with three figures in costumes", "Nozdryov and Tchitchikov", "Clotilde in an Evening Dress", "Ocean Mist", "Almond Trees in Provence", "Animals and Figures", "Artist and His Model", "Steps of the Himalayas"], "Na\u00efve Art (Primitivism)": 0.003943651287636993, "Expressionism": 0.0036700912493709127, "year": [1943.0, 1909.0, 1967.0, 1891.0, 1932.0, 1917.0, 1963.0, 1917.0, 1907.0, 1874.0, 1914.0, 1906.0, 1920.0, 1923.0, 1910.0, 1995.0, 1900.0, 1942.0, 1973.0, 1924.0], "Symbolism": 0.0033762563961076495, "Pop Art": 0.0035928393062956694, "Post-Impressionism": 0.003898042167683488, "style_dict": {"Fauvism": 1, "Impressionism": 2, "Surrealism": 1, "Art Nouveau (Modern)": 1, "Magic Realism": 1, "Na\u00efve Art (Primitivism)": 2, "Expressionism": 2, "Symbolism": 5, "Pop Art": 1, "Post-Impressionism": 2, "Realism": 2}, "Realism": 0.004029982745663749}