{"Impressionism": 0.0017822532412453522, "style": ["Realism", "Impressionism", "Surrealism", "Romanticism", "Surrealism", "Impressionism", "Impressionism", "Romanticism", "Romanticism", "Romanticism", "Romanticism", "Expressionism", "Realism", "Impressionism", "Impressionism", "Expressionism", "Symbolism", "Impressionism", "Impressionism", "Romanticism"], "style_labels": ["Impressionism", "Romanticism", "Surrealism", "Expressionism", "Symbolism", "Realism"], "artist": ["Levitan Isaac", "Sorolla Joaqu\u00edn", "Dali Salvador", "Aivazovsky Ivan ", "Dali Salvador", "Sisley Alfred", "Pissarro Camille ", "Aivazovsky Ivan ", "Aivazovsky Ivan ", "Aivazovsky Ivan ", "Aivazovsky Ivan ", "Serebriakova Zinaida", "Levitan Isaac", "Pissarro Camille ", "Pissarro Camille ", "Kirchner Ernst Ludwig", "Roerich Nicholas", "Pissarro Camille ", "Pissarro Camille ", "Aivazovsky Ivan "], "contentId": ["210032.jpg", "251356.jpg", "220963.jpg", "196759.jpg", "221272.jpg", "238091.jpg", "208807.jpg", "196733.jpg", "196968.jpg", "196597.jpg", "196901.jpg", "227281.jpg", "210433.jpg", "208738.jpg", "208830.jpg", "252161.jpg", "226700.jpg", "208767.jpg", "208159.jpg", "196680.jpg"], "title": ["A dry tree by the road", "View of Toledo", "Female Bather", "Seascape in Crimea", "Paranoia (Surrealist Figures)", "Saint Cloud, Banks of the Seine", "The Seine at Port Marly", "Sea view", "View of Constantinople", "Misty morning", "The Ninth Wave. Study", "Lake Geneva", "Twilight. Stacks", "The pilot's jetty, Le Havre", "The Tuileries Gardens Snow Effect", "Spring (K\u00f6nigstein)", "Star of the Hero", "The Pontoise Bridge", "Eragny, Sunset", "Reval"], "Romanticism": 0.001806846969775594, "scores": [0.003472077092784904, 0.004800513453047811, 0.00490385389323263, 0.0049995126590348235, 0.005205944239359621, 0.0052262820194502145, 0.00558040147417067, 0.0056263288123768445, 0.005661218274769608, 0.0057147033915171345, 0.0059304244581484065, 0.0059466131471462, 0.00598401561518936, 0.005991586560874087, 0.005996953894812616, 0.006003458505342363, 0.0060066782085082615, 0.006023109541985974, 0.0060298302355874574, 0.0060599617409561055], "Surrealism": 0.0017167613599950197, "Expressionism": 0.0020292612169995764, "year": [1895.0, 1912.0, 1928.0, 1866.0, 1944.0, 1879.0, 1872.0, 1865.0, 1849.0, "unknown", 1857.0, 1954.0, 1899.0, 1903.0, 1900.0, 1916.0, 1932.0, 1891.0, 1890.0, "unknown"], "Symbolism": 0.0020781680391453814, "style_dict": {"Impressionism": 7, "Romanticism": 6, "Surrealism": 2, "Expressionism": 2, "Symbolism": 1, "Realism": 2}, "Realism": 0.0016057545724128487, "style_counts": [0.00029591479790003206, 0.00027132106936977873, 0.00036140667915041114, 4.890682214586661e-05, 0.0, 0.00047241346673254636]}