{"style": ["Surrealism", "Na\u00efve Art (Primitivism)", "Surrealism", "Na\u00efve Art (Primitivism)", "Realism", "Na\u00efve Art (Primitivism)", "Na\u00efve Art (Primitivism)", "Na\u00efve Art (Primitivism)", "Surrealism", "Na\u00efve Art (Primitivism)", "Na\u00efve Art (Primitivism)", "Baroque", "Na\u00efve Art (Primitivism)", "Art Nouveau (Modern)", "Surrealism", "Cubo-Futurism", "Realism", "Art Nouveau (Modern)", "Surrealism", "Realism"], "style_labels": ["Cubo-Futurism", "Art Nouveau (Modern)", "Surrealism", "Na\u00efve Art (Primitivism)", "Baroque", "Realism"], "Cubo-Futurism": 0.00461527657856422, "artist": ["Chagall Marc", "Chagall Marc", "Chagall Marc", "Chagall Marc", "Roerich Nicholas", "Chagall Marc", "Chagall Marc", "Chagall Marc", "Chagall Marc", "Chagall Marc", "Chagall Marc", "Rembrandt", "Chagall Marc", "Roerich Nicholas", "Beksinski Zdislav", "Malevich Kazimir", "Roerich Nicholas", "Roerich Nicholas", "Beksinski Zdislav", "Roerich Nicholas"], "contentId": ["203235.jpg", "202899.jpg", "203301.jpg", "202467.jpg", "226386.jpg", "202978.jpg", "202360.jpg", "202506.jpg", "202581.jpg", "202683.jpg", "202528.jpg", "220266.jpg", "202504.jpg", "225640.jpg", "258975.jpg", "219744.jpg", "226536.jpg", "225994.jpg", "259014.jpg", "225666.jpg"], "Art Nouveau (Modern)": 0.004535586204348388, "title": ["The painter in red jacket", "Parade in circus", "Three nudes", "Burlesque and circus", "Priest from Gryzovo", "Scene in studio", "A blue painter", "Coronated nude", "Gathering in countryside", "Jeremiah", "David", "Old man", "Concert on the square", "Girl", "Untitled", "Peasant Woman Carrying Buckets with Water", "Second bridge on road to threshing floor in State Forest", "Konchak", "Untitled", "Gryzovo Church"], "style_counts": [0.0, 7.969037421584613e-05, 0.0012472627094120003, 0.0012651458550652084, 0.0002312672651877401, 0.00040049675231357273], "Surrealism": 0.0033680138691521873, "Na\u00efve Art (Primitivism)": 0.003350130723498977, "scores": [0.005383517367989289, 0.006308678699415046, 0.008464886501791679, 0.010419139002102878, 0.010552477984962843, 0.010659997707707796, 0.010783356159593685, 0.011099723517573469, 0.011310729558824529, 0.011644760245908858, 0.012287062908873457, 0.012671416705736932, 0.013066520126977385, 0.013106649388744718, 0.013226521200137226, 0.01333986507756166, 0.013529457373706373, 0.013602864238161198, 0.013667714636502338, 0.013797120495600626], "year": [1984.0, 1980.0, 1984.0, 1985.0, 1893.0, 1983.0, 1980.0, 1984.0, 1984.0, 1980.0, 1956.0, "unknown", 1983.0, 1913.0, "unknown", 1913.0, 1893.0, 1909.0, "unknown", 1893.0], "Baroque": 0.00438400931337641, "style_dict": {"Cubo-Futurism": 1, "Art Nouveau (Modern)": 2, "Surrealism": 5, "Na\u00efve Art (Primitivism)": 8, "Baroque": 1, "Realism": 3}, "Realism": 0.004214779826250625}