{"style_counts": [0.0007965421561565433, 0.0, 0.000588265509736341, 0.0002507623630890743, 0.0006749700866596209, 0.00013835821416796623, 0.00013248165544776924, 0.0006611265691873758, 0.00044104024028757127, 0.00013567370254830013, 0.00016066317558205423], "style": ["Symbolism", "Surrealism", "Abstract Expressionism", "Realism", "Pop Art", "Surrealism", "Realism", "Surrealism", "Realism", "Romanticism", "Realism", "Neoclassicism", "Na\u00efve Art (Primitivism)", "Baroque", "Expressionism", "Symbolism", "Symbolism", "Symbolism", "Op Art", "Surrealism"], "Abstract Expressionism": 0.004094005485051539, "artist": ["Roerich Nicholas", "Escher M.C.", "Holbrook Carter Clarence", "Malevich Kazimir", "Warhol Andy", "Dali Salvador", "Shishkin Ivan", "Dali Salvador", "Sargent John Singer", "Aivazovsky Ivan ", "Kustodiev Boris", "Bouguereau William-Adolphe", "Chagall Marc", "Rubens Peter Paul", "Klee Paul", "Roerich Nicholas", "Roerich Nicholas", "Roerich Nicholas", "Escher M.C.", "Dali Salvador"], "Op Art": 0.00489054764120809, "contentId": ["226232.jpg", "204884.jpg", "345405.jpg", "219762.jpg", "229269.jpg", "220770.jpg", "228905.jpg", "221587.jpg", "266089.jpg", "196740.jpg", "230004.jpg", "232571.jpg", "203345.jpg", "216612.jpg", "202188.jpg", "225602.jpg", "226490.jpg", "225597.jpg", "204784.jpg", "220862.jpg"], "title": ["Mother of Turfan", "The Drowned Cathedral", "Yellow Mandala", "Portrait of a Woman", "Butterfly", "Angelus", "Promenading in the Forest", "The Eye", "Coventry Patmore", "Sea view by Moonlight", "Portrait of Dr. S. Y. Lyubimov with dog", "Woman of Cervara and Her Child", "Window in the Country", "St. Sebastian", "Fruits on Red", "Fires of victory (Sentinel lights on the towers in Gobi)", "Saint Genevieve", "Final journey", "Prelim Drawing Ceiling Decoration for Philips_", "Celestial Ride"], "Realism": 0.004302282131471722, "Romanticism": 0.004639785278118996, "scores": [0.0098871138772968, 0.010677491420170304, 0.011833197830664957, 0.012232664551086223, 0.012860730528170716, 0.013229194004035485, 0.013259222330757287, 0.013269526400001074, 0.01335446583190544, 0.013410704330577547, 0.013547225216979888, 0.013671124477557431, 0.013735594108089465, 0.013743353344658765, 0.013752579547448192, 0.013759782250870583, 0.013779198674013254, 0.014080174607209426, 0.014135500782793568, 0.014161469986937542], "Surrealism": 0.004215577554548485, "style_labels": ["Abstract Expressionism", "Op Art", "Realism", "Romanticism", "Surrealism", "Na\u00efve Art (Primitivism)", "Expressionism", "Symbolism", "Pop Art", "Baroque", "Neoclassicism"], "Na\u00efve Art (Primitivism)": 0.004752189427040102, "Expressionism": 0.004758065985760385, "year": [1924.0, 1929.0, 1970.0, 1934.0, "unknown", 1932.0, 1869.0, 1945.0, 1894.0, 1878.0, 1905.0, 1861.0, 1915.0, 1614.0, 1930.0, 1940.0, 1933.0, 1922.0, 1951.0, 1957.0], "Symbolism": 0.004229421072020779, "Pop Art": 0.004449507400920547, "Baroque": 0.004754873938659793, "style_dict": {"Abstract Expressionism": 1, "Op Art": 1, "Romanticism": 1, "Surrealism": 4, "Neoclassicism": 1, "Expressionism": 1, "Symbolism": 4, "Pop Art": 1, "Baroque": 1, "Realism": 4, "Na\u00efve Art (Primitivism)": 1}, "Neoclassicism": 0.004729884465626086}