{"Suprematism": 0.004142460860461409, "Northern Renaissance": 0.003607891830090656, "High Renaissance": 0.003962381014653805, "year": ["unknown", 1914.0, 1932.0, "unknown", 1906.0, 1917.0, "unknown", 1963.0, 1888.0, 1968.0, "unknown", 1818.0, 1500.0, 1916.0, 1904.0, 1500.0, 1913.0, 1914.0, "unknown", 1929.0], "style": ["Surrealism", "Expressionism", "Expressionism", "Northern Renaissance", "Fauvism", "Realism", "Northern Renaissance", "Na\u00efve Art (Primitivism)", "Post-Impressionism", "Op Art", "Magic Realism", "Neoclassicism", "High Renaissance", "Abstract Art", "Cubism", "High Renaissance", "Suprematism", "Expressionism", "Northern Renaissance", "Realism"], "title": ["Untitled", "Station in Vitebsk", "NOT DETECTED", "Group of Male Figures", "Figures from a Carnival", "On the bridge (the wife and daughter of the artist)", "Noble woman at horses and Lansquenet", "Clown in Love", "Field with Flowers", "Metamorphosis III excerpt 6", "Deep Wilderness", "Death of Leonardo da Vinci", "Design for a helicopter", "To the Unknown Voice", "Roses in a Bottle", "Drawing of an equestrian monument", "Costume for Victory over the Sun. Many and One", "Street in Vitebsk", "The Alchemist", "Goriano Sicoli"], "Expressionism": 0.003265954524916853, "style_dict": {"Fauvism": 1, "Suprematism": 1, "Magic Realism": 1, "Op Art": 1, "Northern Renaissance": 3, "High Renaissance": 2, "Neoclassicism": 1, "Surrealism": 1, "Na\u00efve Art (Primitivism)": 1, "Expressionism": 3, "Abstract Art": 1, "Post-Impressionism": 1, "Cubism": 1, "Realism": 2}, "Neoclassicism": 0.003851904972634696, "Fauvism": 0.0035832072761243904, "Magic Realism": 0.003845604634154022, "scores": [0.006801766653386276, 0.008043055543182506, 0.009326844609503997, 0.009720150508946668, 0.010356801113597982, 0.01066544369896777, 0.010667479962015638, 0.01078245781162392, 0.010796957847434415, 0.010870885710118284, 0.011115227026593398, 0.011133437347003124, 0.011492504969399913, 0.011501594712276528, 0.011605870676449226, 0.011841473250311558, 0.011973251879267902, 0.01198187597007282, 0.012037203513720743, 0.012041708225050166], "Abstract Art": 0.003979278679586973, "Post-Impressionism": 0.0037354910550652745, "Realism": 0.0038559386159271406, "style_counts": [0.0005592535843370605, 0.0, 0.0017892110977606457, 0.0003813925202313939, 0.0005345690303707462, 0.0001800798458075903, 0.00029685622630737374, 0.000286522244534293, 0.0004119864735014911, 0.0008765063355445912, 0.00016318218087452152, 0.00040696980539611793, 0.00012710517317193748, 0.0002905558878267822], "artist": ["Beksinski Zdislav", "Chagall Marc", "Escher M.C.", "Bosch Hieronymus", "Derain Andre", "Kustodiev Boris", "Durer Albrecht", "Chagall Marc", "van Gogh Vincent ", "Escher M.C.", "Earle Eyvind", "Ingres Jean Auguste Dominique ", "da Vinci Leonardo", "Kandinsky Wassily", "Cezanne Paul", "da Vinci Leonardo", "Malevich Kazimir", "Chagall Marc", "Bruegel the Elder Pieter", "Escher M.C."], "Op Art": 0.003761068340230031, "contentId": ["259159.jpg", "203329.jpg", "204683.jpg", "195316.jpg", "256123.jpg", "229931.jpg", "200871.jpg", "202495.jpg", "205938.jpg", "204607.jpg", "278346.jpg", "193322.jpg", "225128.jpg", "189424.jpg", "215814.jpg", "225139.jpg", "361384.jpg", "203328.jpg", "186866.jpg", "204662.jpg"], "style_labels": ["Fauvism", "Suprematism", "Surrealism", "Op Art", "Northern Renaissance", "High Renaissance", "Magic Realism", "Realism", "Na\u00efve Art (Primitivism)", "Expressionism", "Abstract Art", "Post-Impressionism", "Cubism", "Neoclassicism"], "Surrealism": 0.0023532497627008113, "Na\u00efve Art (Primitivism)": 0.0037304743869599056, "Cubism": 0.004015355687289469}