{"Impressionism": 0.003368364409073677, "style": ["Art Nouveau (Modern)", "Surrealism", "Na\u00efve Art (Primitivism)", "Neoclassicism", "Expressionism", "Impressionism", "Symbolism", "Expressionism", "Neoclassicism", "Baroque", "Art Nouveau (Modern)", "Impressionism", "Surrealism", "Symbolism", "Symbolism", "Cubism, Expressionism", "Expressionism", "High Renaissance", "Impressionism", "Post-Impressionism"], "style_labels": ["Impressionism", "Cubism, Expressionism", "Art Nouveau (Modern)", "High Renaissance", "Surrealism", "Na\u00efve Art (Primitivism)", "Expressionism", "Symbolism", "Baroque", "Post-Impressionism", "Neoclassicism"], "Cubism, Expressionism": 0.0036546665118985457, "contentId": ["225645.jpg", "221783.jpg", "202476.jpg", "262776.jpg", "221441.jpg", "213419.jpg", "226103.jpg", "202188.jpg", "193432.jpg", "216356.jpg", "226942.jpg", "244330.jpg", "220888.jpg", "247970.jpg", "219808.jpg", "193790.jpg", "232059.jpg", "210554.jpg", "219388.jpg", "206650.jpg"], "Art Nouveau (Modern)": 0.0030950596214253797, "artist": ["Roerich Nicholas", "Dali Salvador", "Chagall Marc", "Piranesi Giovanni Battista", "Dali Salvador", "Degas Edgar", "Roerich Nicholas", "Klee Paul", "Ingres Jean Auguste Dominique ", "Rubens Peter Paul", "Roerich Nicholas", "Hassam Childe", "Dali Salvador", "Redon Odilon", "Malevich Kazimir", "Braque Georges ", "Freud Lucian", "Raphael", "Renoir Pierre-Auguste", "van Gogh Vincent "], "style_counts": [0.0003976156574916345, 0.00011131355466686976, 0.0006709204451399442, 8.142925052556649e-05, 0.0005512828165268324, 0.0007724933582217153, 0.0005046438391711483, 0.00035618155432393106, 0.00030459587054743054, 0.0, 0.0006027410389619625], "High Renaissance": 0.003684550816039799, "scores": [0.008180255544177405, 0.008526615038041526, 0.008652289439434191, 0.00865475915588967, 0.00881147231295073, 0.009361543054491436, 0.009740233374990581, 0.009929153875309224, 0.009973169430702207, 0.010004687123398399, 0.010046172840160626, 0.010150888705609758, 0.010404344740423913, 0.01045064137601201, 0.010453655597311633, 0.010563344870520443, 0.010569644385686966, 0.010649721619214701, 0.010759722147956698, 0.010885082425200462], "Surrealism": 0.0032146972500385665, "Na\u00efve Art (Primitivism)": 0.0029934867083437028, "Expressionism": 0.0032613362273942056, "year": ["unknown", 1956.0, 1964.0, "unknown", 1923.0, 1885.0, 1918.0, 1930.0, "unknown", 1617.0, 1919.0, 1918.0, 1974.0, "unknown", 1907.0, 1948.0, 1994.0, 1517.0, 1881.0, 1887.0], "Symbolism": 0.0034097985122414436, "title": ["Girls", "Untitled (Landscape with Butterflies)", "Ceiling of Paris Opera House", "The Prisons (plate VI)", "Self-portrait with L'Humanitie", "Dancers Bending Down", "Lord of the Night", "Fruits on Red", "Paolo and Francesca", "Achilles and the Daughters of Lykomedes", "Tmutarakan", "The Flag Outside Her Window, April (aka Boys Marching By)", "Cranach Metamorphosis (Woman in a Mirror)", "Decorative Panel", "Sketch for fresco", "The Terrace", "Naked Girl Perched on a Chair", "Psyche Received on Olympus (detail)", "View of Venice, Fog", "Portrait of Alexander Reid"], "Baroque": 0.003461384196017948, "Post-Impressionism": 0.00376598006656537, "style_dict": {"Impressionism": 3, "Cubism, Expressionism": 1, "Art Nouveau (Modern)": 2, "High Renaissance": 1, "Surrealism": 2, "Na\u00efve Art (Primitivism)": 1, "Expressionism": 3, "Symbolism": 3, "Baroque": 1, "Post-Impressionism": 1, "Neoclassicism": 2}, "Neoclassicism": 0.0031632390276033796}