{"style": ["Proto Renaissance", "Surrealism", "Mannerism (Late Renaissance)", "Cubism", "Surrealism", "High Renaissance", "Realism", "Op Art", "Op Art", "Op Art", "Neoclassicism", "Proto Renaissance", "Magic Realism", "Neo-baroque", "Dada, Surrealism", "Proto Renaissance", "High Renaissance", "Neoclassicism", "Analytical Cubism", "Magic Realism"], "style_labels": ["Analytical Cubism", "Surrealism", "Dada, Surrealism", "Op Art", "High Renaissance", "Proto Renaissance", "Magic Realism", "Mannerism (Late Renaissance)", "Realism", "Neo-baroque", "Cubism", "Neoclassicism"], "Analytical Cubism": 0.012635901128265993, "Surrealism": 0.006722472042531177, "Dada, Surrealism": 0.01095791691753301, "Op Art": 0.009683944793019351, "contentId": ["192711.jpg", "276557.jpg", "225060.jpg", "203304.jpg", "221605.jpg", "199135.jpg", "277389.jpg", "204529.jpg", "204850.jpg", "204443.jpg", "232555.jpg", "192798.jpg", "278128.jpg", "194517.jpg", "367093.jpg", "192797.jpg", "225020.jpg", "193565.jpg", "193741.jpg", "278066.jpg"], "artist": ["Giotto", "Varo Remedios", "Titian", "Chagall Marc", "Dali Salvador", "Perugino Pietro ", "Zorn Anders", "Escher M.C.", "Escher M.C.", "Escher M.C.", "Bouguereau William-Adolphe", "Giotto", "Earle Eyvind", "de Chirico Giorgio ", "Ray Man", "Giotto", "Titian", "Ingres Jean Auguste Dominique ", "Braque Georges ", "Earle Eyvind"], "year": [1302.0, "unknown", 1550.0, 1912.0, 1957.0, 1500.0, 1890.0, 1959.0, 1958.0, 1950.0, 1884.0, 1300.0, "unknown", "unknown", 1934.0, 1300.0, "unknown", 1854.0, 1912.0, "unknown"], "style_counts": [0.0, 0.005913429085734778, 0.0016779842107329523, 0.002951956335246586, 0.0026596222786972046, 0.0041267060853057425, 0.0011543692046087628, 0.006210418818661689, 0.0034012707245917317, 0.0019064991491237748, 0.004454701650711823, 0.0016842236054300797], "High Renaissance": 0.009976278849568773, "Proto Renaissance": 0.00850919504296019, "Magic Realism": 0.011481531923657176, "Mannerism (Late Renaissance)": 0.006425482309604232, "Realism": 0.009234630403674272, "scores": [0.014574344094186589, 0.014926490046123434, 0.01857203259854149, 0.023646707915637475, 0.02466132739064743, 0.0255108129817476, 0.02669151491338937, 0.028426944812276235, 0.029244666518847044, 0.029359906524166295, 0.0299779983844407, 0.030047836754748026, 0.030829857346317685, 0.0310119604596278, 0.031672453583810004, 0.03185162978754982, 0.03323827564166045, 0.03451509398655715, 0.036522451756708305, 0.03678348292680238], "Neo-baroque": 0.01072940197914219, "title": ["Badia Polyptych", "Amoebiasis or vegetables", "The Red Sultana", "To Russia, with Asses and Others", "The Grand Opera", "Resurrection", "The Little Brewery", "Fishes and Scales", "Sphere Surface with Fishes", "Butterflies", "The\u00a0Knitter", "St. Paul", "Red Wagon & Foliage", "Nymphs", "Minotaur", "St. Paul", "St Jerome", "The Virgin of the Host", "The Bottle of Rum", "Eyvind Girl With Raven Hair"], "style_dict": {"Analytical Cubism": 1, "Magic Realism": 2, "Op Art": 3, "Dada, Surrealism": 1, "High Renaissance": 2, "Cubism": 1, "Surrealism": 2, "Mannerism (Late Renaissance)": 1, "Neoclassicism": 2, "Neo-baroque": 1, "Proto Renaissance": 3, "Realism": 1}, "Cubism": 0.008181199477554186, "Neoclassicism": 0.010951677522835879}