{"Impressionism": 0.004590900850622961, "style": ["High Renaissance", "Surrealism", "Symbolism", "Symbolism", "Surrealism", "Symbolism", "Romanticism", "Symbolism", "Post-Impressionism", "Symbolism", "Symbolism", "Post-Impressionism", "Impressionism", "Surrealism", "Symbolism", "Cubism, Expressionism", "Northern Renaissance", "Impressionism", "Impressionism", "Post-Impressionism"], "style_labels": ["Impressionism", "Cubism, Expressionism", "Northern Renaissance", "Romanticism", "High Renaissance", "Surrealism", "Symbolism", "Post-Impressionism"], "Cubism, Expressionism": 0.004761998807783301, "contentId": ["193151.jpg", "221418.jpg", "226073.jpg", "226865.jpg", "221775.jpg", "225608.jpg", "227679.jpg", "225405.jpg", "344302.jpg", "226541.jpg", "225811.jpg", "206817.jpg", "219238.jpg", "221604.jpg", "225494.jpg", "220986.jpg", "195359.jpg", "218360.jpg", "219237.jpg", "206371.jpg"], "artist": ["Michelangelo", "Dali Salvador", "Roerich Nicholas", "Roerich Nicholas", "Dali Salvador", "Roerich Nicholas", "Mucha Alphonse", "Roerich Nicholas", "Derain Andre", "Roerich Nicholas", "Roerich Nicholas", "van Gogh Vincent ", "Renoir Pierre-Auguste", "Dali Salvador", "Roerich Nicholas", "Dali Salvador", "Bosch Hieronymus", "Renoir Pierre-Auguste", "Renoir Pierre-Auguste", "van Gogh Vincent "], "Northern Renaissance": 0.004805355680051744, "Romanticism": 0.003981478098113559, "High Renaissance": 0.0027347988835310544, "Surrealism": 0.0036346006901915836, "scores": [0.007904585456484122, 0.008207648157246257, 0.009199010034955435, 0.01006471707189727, 0.01090422428970785, 0.011218296895057852, 0.011507951849469565, 0.01237435164840264, 0.01277509619304856, 0.012867411506653137, 0.013023118430156312, 0.013256318159708949, 0.013328039344259407, 0.013552999320311503, 0.013690147814275983, 0.013763946865152058, 0.01388926434426748, 0.013933028739019533, 0.01399826144541408, 0.014118351162180933], "year": [1490.0, 1982.0, "unknown", "unknown", 1982.0, 1943.0, "unknown", 1939.0, 1906.0, 1947.0, "unknown", 1890.0, 1914.0, 1941.0, 1921.0, 1923.0, 1515.0, 1897.0, 1908.0, 1889.0], "Symbolism": 0.0037056395338640807, "title": ["Madonna of the Stairs", "Saint Sebastian", "Landscape", "The rock temples", "Untitled (Composition - Courtyard of the Escorial with Figure and Sebastian De Morra, Veldzquez's Dwarf)", "Flying Carpet", "Muse", "Book of Life", "The Seine at Chatou", "Shadow of the Teacher", "Himalayas", "Sheet with Peasants Eating and Other Figures", "The judgment of Paris", "The Golden Age - Family of Marsupial Centaurs", "Cliff dwellings (Arizona)", "Figures in a Landscape at Ampurdan", "Passion\u00a0of the Christ", "Christine Lerolle Embroidering", "The judgment of Paris", "Olive Picking"], "Post-Impressionism": 0.004467440328293724, "style_dict": {"Impressionism": 3, "Cubism, Expressionism": 1, "Northern Renaissance": 1, "Romanticism": 1, "High Renaissance": 1, "Surrealism": 3, "Symbolism": 7, "Post-Impressionism": 3}, "style_counts": [0.00021445482942872296, 4.3356872268418556e-05, 0.0, 0.0008238775819381372, 0.002070556796520684, 0.0011707549898600789, 0.001099716146187646, 0.00033791535175797804]}