{"Impressionism": 0.004212833480301676, "style": ["Romanticism", "Symbolism", "Baroque", "Symbolism", "Surrealism", "Romanticism", "Baroque", "Impressionism", "Surrealism", "Symbolism", "Symbolism", "Surrealism", "Surrealism", "Symbolism", "Impressionism", "Realism", "Impressionism", "Impressionism", "Na\u00efve Art (Primitivism)", "Symbolism"], "style_labels": ["Impressionism", "Romanticism", "Surrealism", "Na\u00efve Art (Primitivism)", "Symbolism", "Baroque", "Realism"], "artist": ["Aivazovsky Ivan ", "Roerich Nicholas", "Rembrandt", "Roerich Nicholas", "Dali Salvador", "Aivazovsky Ivan ", "Rubens Peter Paul", "Churchill Winston", "Magritte Rene", "Roerich Nicholas", "Roerich Nicholas", "Dali Salvador", "Dali Salvador", "Roerich Nicholas", "Hassam Childe", "Roerich Nicholas", "Churchill Winston", "Renoir Pierre-Auguste", "Chagall Marc", "Roerich Nicholas"], "contentId": ["196710.jpg", "225400.jpg", "220438.jpg", "225624.jpg", "220843.jpg", "196695.jpg", "216643.jpg", "313799.jpg", "211504.jpg", "225414.jpg", "226977.jpg", "221634.jpg", "221532.jpg", "226239.jpg", "244117.jpg", "295499.jpg", "313748.jpg", "218448.jpg", "265148.jpg", "225940.jpg"], "title": ["Sea", "Bogdo-Ul", "Self-portrait", "Gansu", "Butterfly Landscape (The Great Masturbator in a Surrealist Landscape with D.N.A.)", "Sailing in the sea", "The Duke of Buckingham", "Trees by a Stream in Norfolk", "The endearing truth", "Boundary of sword (study)", "Twilight", "The Madonna of Port Lligat", "Surrealist Composition with Invisible Figures", "Mountain Abode", "Mill Site and Old Todal Dam, Cos Cob", "Pechora. A Half-beleiver (A Seto Woman).", "Distant View of the Pyramids", "Frederic Bazille Painting The Heron (Frederic Bazille at his Easel)", "Then the old woman mounted on the Ifrit's back...", "Kangchenjunga"], "Romanticism": 0.003928570611457192, "Surrealism": 0.0040829599258689845, "Na\u00efve Art (Primitivism)": 0.0045516010258844315, "scores": [0.011076851775162846, 0.011219620247311466, 0.011625774057696953, 0.01171393336613132, 0.011725556201297579, 0.01205802110640174, 0.012110857504617725, 0.012115431601802902, 0.012364170258195827, 0.012516215420464882, 0.01279054857011614, 0.012812279590396932, 0.012820646376644405, 0.012951766938852385, 0.01299823166963165, 0.013063097742268031, 0.013076960516980228, 0.01311364044026887, 0.013155819058427571, 0.013243228634797398], "year": ["unknown", 1927.0, 1642.0, 1936.0, 1957.0, 1884.0, 1625.0, "unknown", 1966.0, 1933.0, "unknown", 1950.0, 1936.0, 1933.0, 1902.0, 1903.0, 1921.0, 1867.0, 1948.0, 1924.0], "Symbolism": 0.003956596528415536, "Baroque": 0.004030756237481008, "style_dict": {"Impressionism": 4, "Romanticism": 2, "Surrealism": 4, "Na\u00efve Art (Primitivism)": 1, "Symbolism": 6, "Baroque": 2, "Realism": 1}, "Realism": 0.0045195216520439434, "style_counts": [0.00033876754558281874, 0.0006230304144272392, 0.00046864110001554327, 0.0, 0.000595004497468965, 0.0005208447884034184, 3.207937384053228e-05]}