{"Impressionism": 0.004371795571207966, "style": ["Abstract Expressionism", "Expressionism", "Symbolism", "Romanticism", "Surrealism", "Na\u00efve Art (Primitivism)", "Romanticism", "Surrealism", "Expressionism", "Magic Realism", "Realism", "Expressionism", "Surrealism", "Symbolism", "Symbolism", "Impressionism", "Abstract Expressionism", "Baroque", "Impressionism", "Post-Impressionism"], "Abstract Expressionism": 0.0037638202156550418, "Surrealism": 0.0038883463993141993, "contentId": ["345404.jpg", "251893.jpg", "226043.jpg", "214620.jpg", "221096.jpg", "185015.jpg", "196718.jpg", "221407.jpg", "232076.jpg", "278349.jpg", "206140.jpg", "232096.jpg", "202482.jpg", "226139.jpg", "225662.jpg", "238268.jpg", "185286.jpg", "216689.jpg", "251321.jpg", "215726.jpg"], "artist": ["Holbrook Carter Clarence", "Kirchner Ernst Ludwig", "Roerich Nicholas", "Alma-Tadema Lawrence ", "Dali Salvador", "Kahlo Frida ", "Aivazovsky Ivan ", "Dali Salvador", "Freud Lucian", "Earle Eyvind", "van Gogh Vincent ", "Freud Lucian", "Chagall Marc", "Roerich Nicholas", "Roerich Nicholas", "Sisley Alfred", "Pollock Jackson ", "Rubens Peter Paul", "Sorolla Joaqu\u00edn", "Cezanne Paul"], "Romanticism": 0.003695089168685286, "scores": [0.009322806983122002, 0.009710564340690394, 0.010382947876943596, 0.010854775922239556, 0.010863433529238376, 0.010884058034626195, 0.010905153237305794, 0.01164996185655139, 0.011758597353191513, 0.011986999159613201, 0.012152935836953687, 0.012278318013014954, 0.012431939011759232, 0.012554694224580245, 0.012738549319375951, 0.012757463404263796, 0.012841870923976683, 0.01293218288163318, 0.0129875071733601, 0.012997898218079026], "Magic Realism": 0.004147217093049049, "style_labels": ["Impressionism", "Abstract Expressionism", "Surrealism", "Romanticism", "Magic Realism", "Na\u00efve Art (Primitivism)", "Expressionism", "Symbolism", "Baroque", "Post-Impressionism", "Realism"], "Na\u00efve Art (Primitivism)": 0.0037656256517495353, "Expressionism": 0.0037550618263205134, "year": [1978.0, 1927.0, 1932.0, 1884.0, 1950.0, 1929.0, 1846.0, 1957.0, 1978.0, "unknown", 1884.0, 1961.0, 1977.0, 1946.0, "unknown", 1891.0, 1938.0, 1637.0, 1897.0, 1880.0], "Symbolism": 0.003969668421957624, "title": ["Tulip", "Design for the Wall Painting Colourful Dance", "Lahaul. Kardang.", "The Roman Potter", "Landscape of Port Lligat", "Two Women", "Sea battle at Revel", "Rock 'n Roll", "Night Portrait", "Nude", "Head of an Old Peasant Woman with White Cap", "Pregnant Girl", "Child with a Dove", "Message from Shambhala (Arrow-letter)", "Great spirit of Himalayas", "Hill Path in Sunlight", "The Flame", "The Rape of the Sabine Women", "The Three Errazuriz Sisters", "Nude Female with Attendants"], "Baroque": 0.004474228218672542, "Post-Impressionism": 0.00449696416475502, "style_dict": {"Impressionism": 2, "Abstract Expressionism": 2, "Magic Realism": 1, "Romanticism": 2, "Surrealism": 3, "Na\u00efve Art (Primitivism)": 1, "Expressionism": 3, "Symbolism": 3, "Baroque": 1, "Post-Impressionism": 1, "Realism": 1}, "Realism": 0.004204627243451732, "style_counts": [0.00012516859354705367, 0.000733143949099957, 0.0006086177654407443, 0.0008018749960696514, 0.00034974707170598585, 0.0007313385130054417, 0.0007419023384345191, 0.0005272957427973068, 2.273594608248608e-05, 0.0, 0.00029233692130326006]}