{"Impressionism": 0.004934408775982963, "style": ["Baroque", "Symbolism", "Romanticism", "Expressionism", "Cloisonnism", "Impressionism", "Baroque", "Impressionism", "Surrealism", "Expressionism", "Impressionism", "Impressionism", "Art Nouveau (Modern)", "Baroque", "Baroque", "Realism", "Impressionism", "Post-Impressionism", "Baroque", "Impressionism"], "Cloisonnism": 0.004801712623710184, "artist": ["Rembrandt", "Roerich Nicholas", "Aivazovsky Ivan ", "Modigliani Amedeo ", "van Gogh Vincent ", "Degas Edgar", "Rembrandt", "Renoir Pierre-Auguste", "Klee Paul", "Modigliani Amedeo ", "Hassam Childe", "Monet Claude", "Klimt Gustav", "Rembrandt", "Rembrandt", "Zorn Anders", "Dali Salvador", "Dali Salvador", "Rembrandt", "Hassam Childe"], "contentId": ["219955.jpg", "225702.jpg", "196614.jpg", "189490.jpg", "207287.jpg", "213570.jpg", "220709.jpg", "218258.jpg", "202177.jpg", "189649.jpg", "243997.jpg", "212873.jpg", "191497.jpg", "220280.jpg", "220661.jpg", "277338.jpg", "221084.jpg", "221091.jpg", "220549.jpg", "244025.jpg"], "Art Nouveau (Modern)": 0.005575602030721687, "title": ["A Man in Armour", "Himalayan Landscape", "Moonlit view of the Bosphorus", "Caryatid", "Two Women Crossing the Fields", "Nude from the Rear, Reading", "Tobit and Anna with the Kid", "Bather is Styling", "Error on green", "Portrait of Jeanne Hebuterne", "Field of Poppies, Isles of Shaos, Appledore", "Water Lilies", "Hope II", "Old Woman in Prayer", "The Shipbuilder and his Wife", "The bedroom", "Landscape - Cadaques", "Landscape Near Cadaques", "The Abduction of Proserpina", "Girl Standing"], "Romanticism": 0.004677662564907381, "scores": [0.01239505461717818, 0.013109174047930638, 0.013520183770576429, 0.013689100420408079, 0.013878734557105407, 0.013881815353297697, 0.014353056624157819, 0.014776766036219793, 0.014858057493548899, 0.014867282451695895, 0.01531125340410944, 0.015582331938608158, 0.01611556264286647, 0.016221874822814644, 0.016318704071220262, 0.016333383478689782, 0.01634983378473806, 0.01674666513642364, 0.016839663525192033, 0.01692886053977455], "Surrealism": 0.0051405351069316214, "style_labels": ["Impressionism", "Cloisonnism", "Art Nouveau (Modern)", "Romanticism", "Surrealism", "Expressionism", "Symbolism", "Baroque", "Post-Impressionism", "Realism"], "Expressionism": 0.004849206092256695, "year": [1655.0, "unknown", 1884.0, 1913.0, 1890.0, 1885.0, 1645.0, 1890.0, 1939.0, 1918.0, 1890.0, 1904.0, 1908.0, 1630.0, 1633.0, "unknown", 1922.0, 1921.0, "unknown", "unknown"], "Symbolism": 0.004535462959779439, "Baroque": 0.004925739766391884, "Post-Impressionism": 0.005793948508759702, "style_dict": {"Impressionism": 6, "Post-Impressionism": 1, "Art Nouveau (Modern)": 1, "Romanticism": 1, "Surrealism": 1, "Expressionism": 2, "Symbolism": 1, "Baroque": 5, "Cloisonnism": 1, "Realism": 1}, "Realism": 0.005650962868035522, "style_counts": [0.0008595397327767484, 0.0009922358850494861, 0.00021834647803797846, 0.0011162859438522688, 0.0006534134018281179, 0.0009447424165029972, 0.001258485548980226, 0.0008682087423678153, 0.0, 0.00014298564072412479]}