{"style": ["Surrealism", "Expressionism", "Op Art", "Op Art", "Expressionism", "Cubism", "Expressionism", "Surrealism", "Surrealism", "Expressionism", "Expressionism", "Ukiyo-e", "Expressionism", "Surrealism", "Proto Renaissance", "Proto Renaissance", "Northern Renaissance", "Expressionism", "Expressionism", "Surrealism"], "style_labels": ["Op Art", "Ukiyo-e", "Northern Renaissance", "Proto Renaissance", "Surrealism", "Expressionism", "Cubism"], "artist": ["Escher M.C.", "Escher M.C.", "Escher M.C.", "Escher M.C.", "Escher M.C.", "Escher M.C.", "Escher M.C.", "Escher M.C.", "Picasso Pablo", "Escher M.C.", "Escher M.C.", "Hokusai Katsushika", "Escher M.C.", "Picasso Pablo", "Giotto", "Giotto", "Durer Albrecht", "Escher M.C.", "Kirchner Ernst Ludwig", "Beksinski Zdislav"], "Op Art": 0.0058919181499528924, "Ukiyo-e": 0.009514086272703224, "title": ["Grasshopper", "Life Force", "Scholastica Illustration", "Dolphins", "Scholastica Illustration", "Seated Female Nude III", "Sunflowers", "Castle in the Air", "Bust of woman", "In Mesquitas Classroom", "Hand with Fir Cone", "A depiction of Sun Wukong wielding his staff", "Palm Tree", "Bather", "The Crucifixion", "The Crucifixion", "Helius Eobanus Hessus (Eoban Koch)", "Scholastica Illustration", "Self-portrait with Model", "Untitled"], "Northern Renaissance": 0.010368423366848964, "style_counts": [0.004476505216896021, 0.0008543370941457296, 0.0, 0.00042586651518106144, 0.0028139168700218598, 0.0026008534536836603, 0.0027738043006834134], "Proto Renaissance": 0.009942556851667938, "scores": [0.00608270558278778, 0.015022203512362753, 0.017346446104951112, 0.01735034082060792, 0.019447198366570544, 0.021951272460824477, 0.022782460717664973, 0.024266180040080146, 0.025266174419547267, 0.026261204055182272, 0.02640415471364453, 0.027499246264808985, 0.02762587932258269, 0.02843006397847799, 0.028981507688689644, 0.029568996204569237, 0.02996859807345091, 0.03118068982218512, 0.03129895358149781, 0.03271137745842573], "Surrealism": 0.007554506496827101, "Expressionism": 0.007767569913165288, "contentId": ["204550.jpg", "204582.jpg", "204823.jpg", "204483.jpg", "204822.jpg", "204828.jpg", "204863.jpg", "204447.jpg", "223797.jpg", "204562.jpg", "204552.jpg", "222136.jpg", "204761.jpg", "223731.jpg", "192811.jpg", "192810.jpg", "200751.jpg", "204821.jpg", "252146.jpg", "259114.jpg"], "year": [1935.0, 1919.0, 1932.0, 1923.0, 1931.0, 1920.0, 1918.0, 1928.0, 1931.0, 1920.0, 1921.0, "unknown", 1923.0, 1931.0, 1300.0, 1317.0, "unknown", 1931.0, "unknown", "unknown"], "style_dict": {"Op Art": 2, "Northern Renaissance": 1, "Ukiyo-e": 1, "Proto Renaissance": 2, "Surrealism": 5, "Expressionism": 8, "Cubism": 1}, "Cubism": 0.007594619066165491}