{"Abstract Expressionism, Surrealism": 0.004104937691761459, "Impressionism": 0.0035286419537689604, "style": ["Abstract Expressionism", "Impressionism", "Baroque", "Baroque", "Realism", "Post-Impressionism", "Cubism", "Baroque", "Neoclassicism", "Abstract Expressionism, Surrealism", "Realism", "Na\u00efve Art (Primitivism)", "Abstract Expressionism", "Baroque", "Neoclassicism", "Realism", "Surrealism", "Surrealism", "Surrealism", "Action painting"], "Abstract Expressionism": 0.0037652663651472442, "artist": ["Holbrook Carter Clarence", "Sargent John Singer", "Rubens Peter Paul", "Rubens Peter Paul", "Courbet Gustave", "Malevich Kazimir", "Braque Georges ", "Rubens Peter Paul", "Bouguereau William-Adolphe", "Holbrook Carter Clarence", "Sargent John Singer", "Botero Fernando", "Holbrook Carter Clarence", "Rubens Peter Paul", "Bouguereau William-Adolphe", "Sargent John Singer", "Holbrook Carter Clarence", "Dali Salvador", "Delvaux Paul", "Pollock Jackson "], "contentId": ["345404.jpg", "265959.jpg", "216656.jpg", "216496.jpg", "191709.jpg", "219765.jpg", "193587.jpg", "216659.jpg", "232406.jpg", "345413.jpg", "266230.jpg", "281236.jpg", "345403.jpg", "216511.jpg", "232571.jpg", "266339.jpg", "345409.jpg", "221342.jpg", "243167.jpg", "282325.jpg"], "title": ["Tulip", "San Vigilio", "The Holy Family with St. Anne", "Marchesa Brigida Spinola Doria", "A Young Woman Reading", "Portrait of Artist s Daughter", "A House at Estaque", "The Holy Family with St. Elizabeth and the Infant St. John the Baptist", "Innocence", "Joseph and his Brothers", "Mrs. Cecil Wade", "Menina (After Velazquez)", "Teal Mandala", "Morning Toilet of Venus", "Woman of Cervara and Her Child", "The Earle of Comer", "Balancing Act", "Portrait of Katharina Cornell", "Station Forestiere", "Number 7 (Out of the Web)"], "Realism": 0.003946080941424446, "style_counts": [0.0003071308024735764, 0.0008834265404660258, 0.0006468021290877424, 0.00046598755281057613, 0.00018834989494809218, 0.0, 0.0006807809502922257, 0.0003727411322524965, 0.00036333173536029495, 0.0002867908628765292, 0.00021035155287396634], "Surrealism": 0.004223718599286946, "Action painting": 0.004412068494235039, "scores": [0.00997238499060452, 0.010199087046901346, 0.010484483000689332, 0.010880373413263639, 0.010953725593397613, 0.011675157727971574, 0.011702354383007662, 0.011742065072312173, 0.011833912286632688, 0.011864795972190794, 0.011984701010090682, 0.012144523981983952, 0.012200809114363251, 0.012333033110261505, 0.0124593442286782, 0.012525779487356286, 0.0125438034004596, 0.012683995089507861, 0.012731591876915024, 0.012752518169640414], "year": [1978.0, 1913.0, 1630.0, 1606.0, 1868.0, 1934.0, 1908.0, 1614.0, "unknown", 1971.0, 1886.0, "unknown", 1969.0, 1615.0, 1861.0, 1902.0, 1976.0, 1951.0, 1960.0, 1949.0], "style_labels": ["Abstract Expressionism, Surrealism", "Impressionism", "Abstract Expressionism", "Realism", "Surrealism", "Action painting", "Baroque", "Post-Impressionism", "Cubism", "Neoclassicism", "Na\u00efve Art (Primitivism)"], "Baroque": 0.0037312875439427626, "Post-Impressionism": 0.004039327361982548, "style_dict": {"Abstract Expressionism, Surrealism": 1, "Impressionism": 1, "Abstract Expressionism": 2, "Action painting": 1, "Surrealism": 3, "Neoclassicism": 2, "Baroque": 4, "Post-Impressionism": 1, "Cubism": 1, "Realism": 3, "Na\u00efve Art (Primitivism)": 1}, "Cubism": 0.004048736758874761, "Neoclassicism": 0.004125277631358525, "Na\u00efve Art (Primitivism)": 0.004201716941361091}