{"Impressionism": 0.002917530567414961, "style": ["Expressionism", "Northern Renaissance", "Abstract Expressionism", "Art Nouveau (Modern)", "Art Nouveau (Modern)", "Symbolism", "Expressionism", "Magic Realism", "Art Nouveau (Modern)", "Post-Impressionism", "Realism", "Impressionism", "Na\u00efve Art (Primitivism)", "High Renaissance", "Impressionism", "Post-Impressionism", "Northern Renaissance", "Action painting", "Impressionism", "Symbolism"], "Abstract Expressionism": 0.0027284268301940224, "artist": ["Munch Edvard ", "Durer Albrecht", "Twombly Cy", "Roerich Nicholas", "Toulouse-Lautrec Henri de", "Roerich Nicholas", "Picasso Pablo", "Holbrook Carter Clarence", "Roerich Nicholas", "van Gogh Vincent ", "van Gogh Vincent ", "Monet Claude", "Chagall Marc", "Michelangelo", "Renoir Pierre-Auguste", "van Gogh Vincent ", "Durer Albrecht", "Pollock Jackson ", "Sorolla Joaqu\u00edn", "Blake William "], "contentId": ["185476.jpg", "200630.jpg", "231582.jpg", "226388.jpg", "230476.jpg", "226764.jpg", "223768.jpg", "345417.jpg", "226648.jpg", "206690.jpg", "206016.jpg", "212078.jpg", "202750.jpg", "193178.jpg", "219393.jpg", "206229.jpg", "201230.jpg", "185279.jpg", "251292.jpg", "192895.jpg"], "Art Nouveau (Modern)": 0.0027474918011129498, "title": ["The Storm", "Coat Of Arms With Lion And Rooster", "Untitled (Bastian 38)", "Prince (Knyaz)", "La Goulue and Valentin, Waltz", "Study to \"Lotos\"", "Bull (plate III)", "Sienna", "Snakes facing (Whisperer a serpent)", "Public Garden with a Corner of the Yellow House", "Girl near the Stove, Grinding Coffee", "Lunch under the Canopy", "Manilov and Chichikov on the threshold", "Sistine Chapel Ceiling: Drunkenness of Noah", "Washhouse at lower meudon", "Landscape with the Wall of a Farm", "The Holy Family With St. John, The Magdalen And Nicodemus", "Yellow Islands", "Seville, the Dance", "Illustration to Milton`s Paradise Lost"], "Northern Renaissance": 0.0028201959225411955, "style_counts": [0.00018528670246087398, 0.0003743904396817932, 0.0003553254687628238, 0.00028262134733458844, 9.825258397078152e-05, 0.00023989231822107993, 0.0, 0.00043494170497726525, 0.00015816317698347238, 0.00018927411578206765, 0.0001967721245232923, 0.000161644863469812], "High Renaissance": 0.0030045646859050675, "scores": [0.007446699779707049, 0.0077080185309970585, 0.007886167853478957, 0.008146857107269423, 0.008198267271474293, 0.00826252918042689, 0.008264093829998981, 0.008274917425239075, 0.008347125201013422, 0.008367747062612736, 0.008399550815298132, 0.00847186101754837, 0.008501081658579334, 0.008684308912912168, 0.008775799970664688, 0.008789752998181887, 0.00889977107543605, 0.00896829540676162, 0.008972760451442803, 0.009078179402121755], "Magic Realism": 0.0028629249516547305, "style_labels": ["Impressionism", "Abstract Expressionism", "Art Nouveau (Modern)", "Northern Renaissance", "High Renaissance", "Magic Realism", "Action painting", "Expressionism", "Symbolism", "Post-Impressionism", "Realism", "Na\u00efve Art (Primitivism)"], "Action painting": 0.003102817269875844, "Expressionism": 0.002667875564898563, "year": [1893.0, 1500.0, 1973.0, 1916.0, "unknown", 1933.0, 1945.0, 1979.0, 1912.0, 1888.0, 1882.0, 1883.0, 1923.0, 1509.0, 1875.0, 1888.0, 1512.0, "unknown", 1915.0, 1807.0], "Symbolism": 0.002944654092892381, "Post-Impressionism": 0.002913543154093798, "style_dict": {"Impressionism": 3, "Abstract Expressionism": 1, "Art Nouveau (Modern)": 3, "Northern Renaissance": 2, "High Renaissance": 1, "Magic Realism": 1, "Na\u00efve Art (Primitivism)": 1, "Expressionism": 2, "Symbolism": 2, "Post-Impressionism": 2, "Realism": 1, "Action painting": 1}, "Realism": 0.002906045145352504, "Na\u00efve Art (Primitivism)": 0.0029411724064059763}