{"Impressionism": 0.004260581250938468, "style": ["High Renaissance", "Baroque", "Romanticism", "Baroque", "High Renaissance", "Neoclassicism", "Neoclassicism", "Magic Realism", "Romanticism", "Symbolism", "Baroque", "Baroque", "High Renaissance", "High Renaissance", "Na\u00efve Art (Primitivism)", "Realism", "Baroque", "Baroque", "Baroque", "Impressionism"], "style_labels": ["Impressionism", "Realism", "Romanticism", "High Renaissance", "Magic Realism", "Na\u00efve Art (Primitivism)", "Symbolism", "Baroque", "Neoclassicism"], "artist": ["Raphael", "Rembrandt", "Alma-Tadema Lawrence ", "Rubens Peter Paul", "Titian", "Ingres Jean Auguste Dominique ", "Bouguereau William-Adolphe", "Earle Eyvind", "Alma-Tadema Lawrence ", "Roerich Nicholas", "Rubens Peter Paul", "Rubens Peter Paul", "Titian", "Titian", "Chagall Marc", "Courbet Gustave", "Rembrandt", "Rubens Peter Paul", "Caravaggio", "Pissarro Camille "], "contentId": ["210652.jpg", "220584.jpg", "214614.jpg", "216656.jpg", "224951.jpg", "193457.jpg", "232522.jpg", "278393.jpg", "214642.jpg", "226470.jpg", "216580.jpg", "216669.jpg", "224908.jpg", "224911.jpg", "202793.jpg", "191709.jpg", "220111.jpg", "216509.jpg", "186702.jpg", "208261.jpg"], "title": ["The Transfiguration (detail)", "The Circumcision", "The Inundation of The Biesbosch in 1421", "The Holy Family with St. Anne", "Portrait of a man with ermine coat", "Portrait of Bindo Altoviti", "The Nymphaeum", "The Great Jewel Tree", "Welcome Footsteps", "Russian Easter", "Saint Gregory with Saints Domitilla, Maurus, and Papianus", "The Last Supper", "Madonna and Child with Sts Catherine and Dominic and a Donor", "Madonna of the Cherries", "Moses receiving the Tablets of Law", "A Young Woman Reading", "Danae", "Miracles of St. Ignatius", "Taking of Christ", "La Mere Gaspard"], "Realism": 0.004130768701864009, "Romanticism": 0.0033671518304781026, "High Renaissance": 0.003186336732050508, "Magic Realism": 0.003476979907767806, "Na\u00efve Art (Primitivism)": 0.004039464762804165, "scores": [0.006307899359224032, 0.008805015689612877, 0.008867823391421087, 0.00924614373435717, 0.009257328096324322, 0.009949259589668498, 0.009995753018803828, 0.010049764528184478, 0.010960922805441625, 0.011126505768792256, 0.011398113393094675, 0.011563087084639503, 0.011582530617357709, 0.011655736626574325, 0.011675554867425888, 0.011939457194269133, 0.012094132931388227, 0.012144005427837487, 0.012300760506081792, 0.01231466371993446], "year": [1520.0, 1661.0, 1856.0, 1630.0, "unknown", "unknown", 1878.0, "unknown", 1883.0, "unknown", 1607.0, 1632.0, 1516.0, 1515.0, 1952.0, 1868.0, 1643.0, 1620.0, 1602.0, 1876.0], "Symbolism": 0.003849506811155318, "Baroque": 0.00348601749493252, "style_dict": {"Impressionism": 1, "Realism": 1, "Romanticism": 2, "High Renaissance": 4, "Magic Realism": 1, "Na\u00efve Art (Primitivism)": 1, "Symbolism": 1, "Baroque": 7, "Neoclassicism": 2}, "Neoclassicism": 0.0033868952200392832, "style_counts": [0.0, 0.00012981254907440398, 0.0008934294204603344, 0.0010742445188879346, 0.0007836013431705702, 0.00022111648813427642, 0.0004110744397830546, 0.0007745637560059304, 0.0008736860308991012]}