{"Impressionism": 0.0035739830312231133, "style": ["Magic Realism", "Na\u00efve Art (Primitivism)", "Symbolism", "Post-Impressionism", "Realism", "Na\u00efve Art (Primitivism)", "Impressionism", "Expressionism", "Impressionism", "Cubism", "Neo-Expressionism", "Realism", "Expressionism", "Na\u00efve Art (Primitivism)", "High Renaissance", "Realism", "Realism", "Art Nouveau (Modern)", "Post-Impressionism", "Mannerism (Late Renaissance)"], "style_labels": ["Impressionism", "Neo-Expressionism", "Art Nouveau (Modern)", "High Renaissance", "Magic Realism", "Mannerism (Late Renaissance)", "Na\u00efve Art (Primitivism)", "Expressionism", "Symbolism", "Post-Impressionism", "Cubism", "Realism"], "Neo-Expressionism": 0.003728840785945805, "contentId": ["345407.jpg", "202652.jpg", "225592.jpg", "206647.jpg", "266089.jpg", "202750.jpg", "212487.jpg", "252105.jpg", "208930.jpg", "219876.jpg", "231507.jpg", "229970.jpg", "227384.jpg", "203147.jpg", "224843.jpg", "191761.jpg", "210075.jpg", "226414.jpg", "207024.jpg", "224900.jpg"], "Art Nouveau (Modern)": 0.0039511791165900275, "artist": ["Holbrook Carter Clarence", "Chagall Marc", "Roerich Nicholas", "van Gogh Vincent ", "Sargent John Singer", "Chagall Marc", "Monet Claude", "Kirchner Ernst Ludwig", "Pissarro Camille ", "Malevich Kazimir", "Twombly Cy", "Kustodiev Boris", "Serebriakova Zinaida", "Chagall Marc", "Titian", "Courbet Gustave", "Levitan Isaac", "Roerich Nicholas", "van Gogh Vincent ", "Titian"], "style_counts": [0.0004808556211687298, 0.00032599786644604833, 0.00010365953580182552, 0.00014844128692126368, 0.0013247002303127253, 0.0, 0.0007440582995618117, 0.00039448071435310705, 0.0007896543543672863, 0.0004078260302975423, 0.00033837817513759916, 0.00046855534366374574], "High Renaissance": 0.003906397365470562, "scores": [0.007891114990324858, 0.008169383384483472, 0.009437596479336407, 0.009872727867385526, 0.010072303436836086, 0.010321323545914205, 0.010360029601963357, 0.010464683429620137, 0.010686720294062172, 0.010741952402792916, 0.010777736097389093, 0.01082751935654917, 0.011090717751305065, 0.011263927730467124, 0.011290940620276094, 0.011368949843767538, 0.011405307368670873, 0.011420376528980933, 0.011604084376627367, 0.011719991123699175], "Magic Realism": 0.0027301384220791793, "Mannerism (Late Renaissance)": 0.00405483865239186, "Na\u00efve Art (Primitivism)": 0.003310780352830101, "Expressionism": 0.0036603579380387525, "year": [1979.0, 1923.0, 1910.0, 1890.0, 1894.0, 1923.0, 1889.0, 1909.0, 1880.0, 1911.0, 2009.0, 1907.0, 1938.0, "unknown", 1535.0, 1856.0, 1885.0, 1913.0, 1888.0, 1542.0], "Symbolism": 0.003265184298024631, "title": ["Acrobats", "Illustration to Nikolai Gogol's \"Dead Souls\"", "Fight near Kerzhenets", "Portrait of Adeline Ravoux", "Coventry Patmore", "Manilov and Chichikov on the threshold", "The Creuse Valley, Evening Effect", "Railway in Dresden", "Young Woman with an Umbrella", "Taking in the Harvest", "Leaving Paphos Ringed With Waves III", "Portrait of a priest and a deacon", "Portrait of A.B. Serebryakov", "The circus musicians", "Annunciation", "La Meuse a Freyr", "At Volga", "Queen Anna's tower", "Street in Saintes-Maries", "Jupiter and Anthiope (Pardo Venus)"], "Post-Impressionism": 0.003647012622094294, "style_dict": {"Impressionism": 2, "Neo-Expressionism": 1, "Art Nouveau (Modern)": 1, "High Renaissance": 1, "Magic Realism": 1, "Mannerism (Late Renaissance)": 1, "Na\u00efve Art (Primitivism)": 3, "Expressionism": 2, "Symbolism": 1, "Post-Impressionism": 2, "Cubism": 1, "Realism": 4}, "Cubism": 0.003716460477254226, "Realism": 0.0035862833087281715}