{"style": ["Na\u00efve Art (Primitivism)", "Neo-Expressionism", "Surrealism", "Baroque", "Realism", "Realism", "Expressionism", "Surrealism", "Na\u00efve Art (Primitivism)", "Regionalism", "Realism", "Realism", "Symbolism", "Na\u00efve Art (Primitivism)", "Surrealism", "Northern Renaissance", "Na\u00efve Art (Primitivism)", "Na\u00efve Art (Primitivism)", "Surrealism", "Realism"], "style_labels": ["Neo-Expressionism", "Northern Renaissance", "Surrealism", "Na\u00efve Art (Primitivism)", "Expressionism", "Symbolism", "Baroque", "Realism", "Regionalism"], "Neo-Expressionism": 0.0022276759036461446, "contentId": ["202362.jpg", "231508.jpg", "259003.jpg", "220142.jpg", "227052.jpg", "266135.jpg", "232633.jpg", "258790.jpg", "202946.jpg", "247635.jpg", "228994.jpg", "228650.jpg", "226800.jpg", "202436.jpg", "259118.jpg", "200505.jpg", "202717.jpg", "202888.jpg", "259005.jpg", "266143.jpg"], "artist": ["Chagall Marc", "Twombly Cy", "Beksinski Zdislav", "Rembrandt", "Roerich Nicholas", "Sargent John Singer", "Schiele Egon", "Beksinski Zdislav", "Chagall Marc", "Rockwell Norman", "Shishkin Ivan", "Shishkin Ivan", "Roerich Nicholas", "Chagall Marc", "Beksinski Zdislav", "Durer Albrecht", "Chagall Marc", "Chagall Marc", "Beksinski Zdislav", "Sargent John Singer"], "Northern Renaissance": 0.002876183346063555, "style_counts": [0.0006485074424174009, 0.0, 0.00036855054831475, 0.000434899247517162, 0.00044058567374094526, 8.060098293538598e-05, 0.0005908552144393564, 0.00039189181366872106, 0.0001420703784982269], "scores": [0.0051796270210709636, 0.006438811517644634, 0.006550876459445642, 0.0066054478891720975, 0.007003203404998612, 0.007004847571082431, 0.007039782725678913, 0.007293411719541539, 0.007538076838621006, 0.007902602904348315, 0.007987137750133069, 0.008006211190467221, 0.008080272309258304, 0.008274166762425506, 0.008309773369168254, 0.00831323911399339, 0.008356753961682593, 0.008381939362776815, 0.008384115725114306, 0.008393853049072817], "Surrealism": 0.0025076327977488167, "Na\u00efve Art (Primitivism)": 0.0024412840985463574, "Expressionism": 0.0024355976723226115, "year": [1923.0, 2009.0, "unknown", "unknown", 1896.0, 1918.0, 1910.0, "unknown", 1923.0, 1950.0, 1879.0, 1869.0, 1924.0, 1923.0, "unknown", 1510.0, 1923.0, 1963.0, "unknown", 1918.0], "Symbolism": 0.0027955823631281777, "title": ["A doorman doesn't permit Tchitchikov to visit a governor", "Leaving Paphos Ringed With Waves IV", "Untitled", "Five studies of Saskia and one of an older woman", "Voivode", "Heads, Hands, and Figure (also known as Studies for Gassed)", "Girl in Black Pinafore, Wrapped in Plaid blanket", "Untitled", "Proshka", "Christmas Dance", "Trees near a stream on Mount Castel", "Forest", "Tashiding", "Banquet at the Police Chief's House", "Untitled", "Adam and Eve", "Kopeikin and Napol\u00e9on", "Offering", "Untitled", "Henry Tonks"], "Baroque": 0.0022853281316241657, "style_dict": {"Neo-Expressionism": 1, "Northern Renaissance": 1, "Surrealism": 4, "Na\u00efve Art (Primitivism)": 5, "Expressionism": 1, "Symbolism": 1, "Baroque": 1, "Realism": 5, "Regionalism": 1}, "Realism": 0.002484291532394773, "Regionalism": 0.0027341129675652652}