{"Impressionism": 0.001938954156176172, "style": ["Na\u00efve Art (Primitivism)", "Post-Impressionism", "Realism", "Impressionism", "Impressionism", "Impressionism", "Impressionism", "Post-Impressionism", "Realism", "Impressionism", "Realism", "Romanticism", "Symbolism", "Realism", "Symbolism", "Impressionism", "Impressionism", "Pointillism", "Realism", "Realism"], "Pointillism": 0.0026762198896932527, "artist": ["Chagall Marc", "van Gogh Vincent ", "van Gogh Vincent ", "Hassam Childe", "Renoir Pierre-Auguste", "Hassam Childe", "Hassam Childe", "Kandinsky Wassily", "Levitan Isaac", "Hassam Childe", "Levitan Isaac", "Dore Gustave ", "B\u00f6cklin Arnold", "Courbet Gustave", "Blake William ", "Sargent John Singer", "Sorolla Joaqu\u00edn", "Malevich Kazimir", "Sargent John Singer", "Dali Salvador"], "contentId": ["202383.jpg", "206690.jpg", "205637.jpg", "243913.jpg", "219391.jpg", "244264.jpg", "244010.jpg", "189352.jpg", "210304.jpg", "244119.jpg", "210297.jpg", "201775.jpg", "260586.jpg", "191816.jpg", "192863.jpg", "266170.jpg", "251295.jpg", "219701.jpg", "265681.jpg", "221514.jpg"], "title": ["Aaron in front of the golden candlestick with seven branches, executed as prescribed by Lord", "Public Garden with a Corner of the Yellow House", "A Girl in a Wood", "Boston Common at Twilight", "Village Street, Louveciennes", "Sparyard, Inner Harbor, Gloucester", "Flagstone Sidewalk, Portsmouth, New Hampshire", "Moscow. Smolensky boulevard. Study", "Monastery gate and wall", "Montauk", "Little village", "Pierrot Grin", "Assassin pursued by furies", "Reclining nude", "Dante and Virgil at the Gates of Hell", "La Biancheria", "Skipping rope at La Granja", "Landscape with Yellow House", "The Sitwell Family", "Study for 'The Battle of Tetuan'"], "Romanticism": 0.002249144184985111, "style_labels": ["Impressionism", "Pointillism", "Romanticism", "Na\u00efve Art (Primitivism)", "Symbolism", "Post-Impressionism", "Realism"], "Na\u00efve Art (Primitivism)": 0.0007918895345605804, "scores": [0.0022888551460674405, 0.004360418182508993, 0.004624197280645766, 0.004961724921699372, 0.005387233241461391, 0.005530887470667269, 0.005923651290301055, 0.006108929865191433, 0.006194510349368278, 0.006391021872372334, 0.006478943561811102, 0.006500862831717351, 0.00651071735826408, 0.006783071444529786, 0.0068322742432633185, 0.007223832494133654, 0.007716353489698193, 0.0077352703870893665, 0.00783187122117859, 0.007907091491303713], "year": [1931.0, 1888.0, 1882.0, "unknown", 1872.0, 1901.0, 1916.0, 1916.0, 1885.0, 1921.0, 1895.0, "unknown", "unknown", "unknown", "unknown", 1910.0, 1907.0, 1907.0, 1900.0, 1961.0], "Symbolism": 0.0022657952322898455, "Post-Impressionism": 0.0017778171192843434, "style_dict": {"Impressionism": 7, "Pointillism": 1, "Romanticism": 1, "Na\u00efve Art (Primitivism)": 1, "Symbolism": 2, "Post-Impressionism": 2, "Realism": 6}, "Realism": 0.002116608664462026, "style_counts": [0.0007372657335170674, 0.0, 0.00042707570470812417, 0.0018843303551326906, 0.0004104246574033743, 0.0008984027704088682, 0.0005596112252311825]}