{"style": ["Realism", "Ukiyo-e", "Symbolism", "Symbolism", "Surrealism", "Symbolism", "Surrealism", "Symbolism", "Realism", "Contemporary Realism", "Realism", "Realism", "Symbolism", "Symbolism", "Symbolism", "Symbolism", "Realism", "New Realism", "Symbolism", "Surrealism"], "style_labels": ["Surrealism", "Contemporary Realism", "Ukiyo-e", "Symbolism", "New Realism", "Realism"], "Surrealism": 0.0031185544811379896, "Contemporary Realism": 0.003232701601191046, "contentId": ["210347.jpg", "222190.jpg", "226806.jpg", "225482.jpg", "221790.jpg", "225945.jpg", "220946.jpg", "226891.jpg", "206739.jpg", "232024.jpg", "207481.jpg", "210344.jpg", "225627.jpg", "226568.jpg", "226785.jpg", "226514.jpg", "206738.jpg", "235582.jpg", "225465.jpg", "258729.jpg"], "artist": ["Levitan Isaac", "Hokusai Katsushika", "Roerich Nicholas", "Roerich Nicholas", "Dali Salvador", "Roerich Nicholas", "Dali Salvador", "Roerich Nicholas", "van Gogh Vincent ", "Freud Lucian", "van Gogh Vincent ", "Levitan Isaac", "Roerich Nicholas", "Roerich Nicholas", "Roerich Nicholas", "Roerich Nicholas", "van Gogh Vincent ", "Hopper Edward", "Roerich Nicholas", "Beksinski Zdislav"], "Ukiyo-e": 0.002523304428584226, "style_counts": [0.0006165547135491556, 0.0005024075934960681, 0.0012118047661029419, 0.0007825745354199665, 0.0, 0.000712823758335146], "Symbolism": 0.0029525346592671506, "scores": [0.007150262030054566, 0.007293287856954166, 0.008022266060814343, 0.008172211714238055, 0.00834587787052955, 0.008736921654837415, 0.008782175996943892, 0.008822575863175877, 0.008897260001714032, 0.00934370940978831, 0.009982762363721372, 0.01000960171931224, 0.010149293167841012, 0.01053246590625287, 0.01063696154834547, 0.010644893042353618, 0.010670176834849608, 0.010795854128981784, 0.010859197607861991, 0.010899009050471049], "year": [1899.0, "unknown", 1929.0, 1937.0, 1965.0, "unknown", 1937.0, 1918.0, 1883.0, "unknown", 1881.0, 1890.0, 1945.0, 1938.0, "unknown", 1924.0, 1883.0, 1927.0, 1929.0, "unknown"], "New Realism": 0.0037351091946870667, "title": ["Railroad tracks", "Fuji at Torigoe", "Temple in Naggar", "China's heroics", "Untitled (St. John from Behind)", "Kangchenjunga", "Enchanted Beach (Long, Siphon)", "Thinking", "Sand Diggers in Dekkersduin near The Hague 2", "Kingcups Souvenir of Glen Artney", "Woman Peeling Potatoes near a Window", "Quiet cloister", "Genghis Khan", "Shirin and Khosrau", "Sunset over Malana", "Sanga Chelling", "Sand Diggers in Dekkersduin near The Hague", "Lighthouse HIll", "Castles of King Gesar", "Untitled"], "style_dict": {"New Realism": 1, "Contemporary Realism": 1, "Ukiyo-e": 1, "Surrealism": 3, "Symbolism": 9, "Realism": 5}, "Realism": 0.003022285436351925}