{"Impressionism": 0.002203153354425754, "style": ["Symbolism", "Realism", "Symbolism", "Surrealism", "Symbolism", "Symbolism", "Impressionism", "New Realism", "Symbolism", "Symbolism", "Baroque", "Romanticism", "Realism", "Realism", "Realism", "Impressionism", "Realism", "Realism", "Realism", "Expressionism"], "style_labels": ["Impressionism", "Symbolism", "Romanticism", "Surrealism", "Expressionism", "New Realism", "Baroque", "Realism"], "Symbolism": 0.0016569628728675886, "contentId": ["225638.jpg", "199633.jpg", "225414.jpg", "258739.jpg", "225395.jpg", "226248.jpg", "213723.jpg", "235543.jpg", "225940.jpg", "225465.jpg", "220569.jpg", "196479.jpg", "210183.jpg", "199706.jpg", "210164.jpg", "212373.jpg", "210409.jpg", "215423.jpg", "229970.jpg", "227297.jpg"], "artist": ["Roerich Nicholas", "Corot Camille ", "Roerich Nicholas", "Beksinski Zdislav", "Roerich Nicholas", "Roerich Nicholas", "Degas Edgar", "Hopper Edward", "Roerich Nicholas", "Roerich Nicholas", "Rembrandt", "Aivazovsky Ivan ", "Levitan Isaac", "Corot Camille ", "Levitan Isaac", "Monet Claude", "Levitan Isaac", "Repin Ilya", "Kustodiev Boris", "Serebriakova Zinaida"], "Romanticism": 0.0023602659271375593, "scores": [0.0020058154905942824, 0.0029171210876320864, 0.004277811352187235, 0.005661497272489011, 0.005792612410218949, 0.0058493229184647085, 0.00587830832300502, 0.006127440640861595, 0.006591982298439444, 0.006654840553409407, 0.006720532905990322, 0.006822045976923008, 0.006948396883597238, 0.00697439969300008, 0.007065055880618627, 0.007095792904699953, 0.007457779264065101, 0.007768716573313953, 0.007925490598455593, 0.00800164524049047], "Surrealism": 0.0019587436311687065, "Expressionism": 0.0027683792642350905, "year": [1925.0, 1827.0, 1933.0, "unknown", 1921.0, 1924.0, 1898.0, 1927.0, 1924.0, 1929.0, 1636.0, 1869.0, 1898.0, 1826.0, 1899.0, 1875.0, 1886.0, 1894.0, 1907.0, 1931.0], "New Realism": 0.0021199489733879835, "title": ["Gilgit Road", "Mount Soracte", "Boundary of sword (study)", "Untitled", "Blue temples", "Mountains Soshing", "The Fallen Jockey", "Coast Guard Station, Two Lights, Maine", "Kangchenjunga", "Castles of King Gesar", "The Ascension Of Christ", "Clash soldiers with murids on Gunib", "Felling", "Rocks at Civita Castellana", "Early spring", "Spring", "The Istra River", "Tramps. Homeless.", "Portrait of a priest and a deacon", "Merchant vegetables.\u00a0Nice"], "Baroque": 0.0023251448148946916, "style_dict": {"Impressionism": 2, "New Realism": 1, "Romanticism": 1, "Surrealism": 1, "Expressionism": 1, "Symbolism": 6, "Baroque": 1, "Realism": 7}, "Realism": 0.002115263999051659, "style_counts": [0.0005652259098093415, 0.0011114163913675812, 0.0004081133370975598, 0.0008096356330664634, 0.0, 0.0006484302908471573, 0.0004432344493404683, 0.0006531152651834127]}