{"Impressionism": 0.002134607975655347, "style": ["Surrealism", "Symbolism", "Art Nouveau (Modern)", "Impressionism", "Surrealism", "Regionalism", "Post-Impressionism", "Symbolism", "Symbolism", "Art Nouveau (Modern)", "Symbolism", "Symbolism", "Abstract Art", "Neoclassicism", "Expressionism", "Symbolism", "Surrealism", "Post-Impressionism", "Surrealism", "Regionalism"], "style_labels": ["Impressionism", "Art Nouveau (Modern)", "Surrealism", "Expressionism", "Symbolism", "Abstract Art", "Post-Impressionism", "Neoclassicism", "Regionalism"], "artist": ["Chagall Marc", "Roerich Nicholas", "Roerich Nicholas", "Renoir Pierre-Auguste", "Dali Salvador", "Rockwell Norman", "Derain Andre", "Roerich Nicholas", "Roerich Nicholas", "Roerich Nicholas", "Roerich Nicholas", "Roerich Nicholas", "Kandinsky Wassily", "Sargent John Singer", "Solar Xul", "Roerich Nicholas", "Ernst Max", "Derain Andre", "Magritte Rene", "Rockwell Norman"], "contentId": ["203048.jpg", "226854.jpg", "226953.jpg", "218555.jpg", "220770.jpg", "247857.jpg", "344304.jpg", "226114.jpg", "225679.jpg", "226787.jpg", "227059.jpg", "226861.jpg", "282903.jpg", "265853.jpg", "345139.jpg", "225599.jpg", "234440.jpg", "344300.jpg", "211592.jpg", "247613.jpg"], "Art Nouveau (Modern)": 0.002212533924435883, "title": ["Song of Songs IV", "The Last Angel", "Towns", "Head of a Young Woman (Yellow Hat)", "Angelus", "Willie Gillis in College", "Valley of the Lot at Vers", "Maitreya", "Harrowing  of Hell", "Suzdal. Alexander Nevsky Monastery.", "Waiting", "The Rite of Spring", "Movement I", "Frieze of Prophets", "Lago Monti", "Fire", "Surrealism and Painting", "Poplars", "The Pleasure Principle (Portrait of Edward James)", "Before and After"], "style_counts": [0.00041066302022751966, 0.00033273707144698683, 0.0003423016866697104, 0.0, 0.0003521071017035249, 4.347353672540244e-05, 0.0001540974869861378, 1.9864938736957605e-05, 0.00013267270010097754], "scores": [0.005550601364363232, 0.0058552170463201745, 0.005981824853213253, 0.006169810607014119, 0.006218532618389921, 0.006576013779390412, 0.006624344037321082, 0.0066519232796426134, 0.00695808377320511, 0.007047517406460966, 0.007190362566161127, 0.0072088978926146945, 0.0072311247199251805, 0.007299362344794498, 0.0073567794026921365, 0.007395431670760796, 0.007437123555895387, 0.007456984933770192, 0.007621700427413244, 0.007631483146950948], "Surrealism": 0.0022029693092131307, "Expressionism": 0.0025452709958828854, "year": [1958.0, 1942.0, 1914.0, 1894.0, 1932.0, 1946.0, 1912.0, 1932.0, 1933.0, 1903.0, 1941.0, "unknown", 1935.0, 1895.0, 1921.0, 1943.0, 1942.0, 1900.0, 1937.0, 1958.0], "Symbolism": 0.002193163894179377, "Abstract Art": 0.002501797459157486, "Post-Impressionism": 0.0023911735088967007, "style_dict": {"Impressionism": 1, "Art Nouveau (Modern)": 2, "Surrealism": 4, "Expressionism": 1, "Symbolism": 6, "Abstract Art": 1, "Post-Impressionism": 2, "Neoclassicism": 1, "Regionalism": 2}, "Neoclassicism": 0.002525406057145928, "Regionalism": 0.0024125982957818757}