{"High Renaissance": 0.005195396612630749, "Color Field Painting": 0.006066335015721302, "year": [1912.0, 1950.0, 1845.0, "unknown", 1959.0, 1514.0, "unknown", 1806.0, 1953.0, 1933.0, 1956.0, 1910.0, 1943.0, 1944.0, 1936.0, 1913.0, 1954.0, 1544.0, 1966.0, 1953.0], "Academicism": 0.004772560793746897, "style": ["Art Nouveau (Modern)", "Magic Realism", "Romanticism", "Academicism", "Surrealism", "High Renaissance", "Expressionism", "Neoclassicism", "Magic Realism", "Symbolism", "Surrealism", "Expressionism", "Symbolism", "Japonism, Surrealism", "Surrealism", "Metaphysical art", "Color Field Painting", "Mannerism (Late Renaissance)", "Pop Art", "Color Field Painting"], "title": ["Knight of entourage", "1st National Bank", "The Desperate Man (Self-Portrait)", "Drunken Bacchus and Cupid", "The Castle of the Pyrenees", "Madonna of the Cloth", "Young Girl", "Portrait of Madame Aymon, La belle Z\u00e9lie", "On the Great Lakes", "Temptation of Christ", "Untitled", "Girl with A Black Cat", "Song of Shambhala", "Untitled - The Seven Arts", "A Couple with Their Heads Full of Clouds", "The dream turns", "Ochre and Red on Red", "St. John the Evangelist on Patmos", "Cow", "No. 3"], "Art Nouveau (Modern)": 0.003926706445696713, "Expressionism": 0.005489264859461147, "Symbolism": 0.005614963210092427, "style_dict": {"Japonism, Surrealism": 1, "Surrealism": 3, "Art Nouveau (Modern)": 1, "Romanticism": 1, "High Renaissance": 1, "Magic Realism": 2, "Color Field Painting": 2, "Mannerism (Late Renaissance)": 1, "Expressionism": 2, "Metaphysical art": 1, "Symbolism": 2, "Academicism": 1, "Neoclassicism": 1, "Pop Art": 1}, "Neoclassicism": 0.005580587351723172, "Japonism, Surrealism": 0.005900775729850883, "Magic Realism": 0.0049709815765016435, "scores": [0.01134964141219061, 0.013072996399502837, 0.013757487376160806, 0.013794474931088532, 0.014888520883934837, 0.015016627640217316, 0.015709214075034644, 0.016129972073893207, 0.016200507437636524, 0.016231556114918274, 0.016320466157923104, 0.01661639676329734, 0.016834276969845054, 0.01705543551924012, 0.017336787296228055, 0.017378966012701003, 0.01738805375290792, 0.017453677680534303, 0.01777383751275688, 0.018335852809036202], "style_counts": [0.00024855003220747296, 0.0007476665676723337, 0.002222619316361696, 0.0013895617840936625, 0.0009539291494276014, 0.0011783441855567345, 8.299074633710823e-05, 0.00011076770015761017, 0.0006600609025972926, 0.00013661616329363468, 0.0005343625519659279, 0.0013767649683115168, 0.0005687384103352233, 0.0], "artist": ["Roerich Nicholas", "Holbrook Carter Clarence", "Courbet Gustave", "Gerome Jean-Leon", "Magritte Rene", "Raphael", "Serebriakova Zinaida", "Ingres Jean Auguste Dominique ", "Holbrook Carter Clarence", "Roerich Nicholas", "Beksinski Zdislav", "Matisse Henri", "Roerich Nicholas", "Dali Salvador", "Dali Salvador", "de Chirico Giorgio ", "Rothko Mark", "Titian", "Warhol Andy", "Rothko Mark"], "contentId": ["225990.jpg", "345375.jpg", "191980.jpg", "279346.jpg", "211478.jpg", "210517.jpg", "227566.jpg", "193474.jpg", "345379.jpg", "226809.jpg", "258661.jpg", "213974.jpg", "226667.jpg", "221770.jpg", "220744.jpg", "194585.jpg", "242142.jpg", "225033.jpg", "229280.jpg", "341033.jpg"], "style_labels": ["Japonism, Surrealism", "Surrealism", "Art Nouveau (Modern)", "Romanticism", "High Renaissance", "Magic Realism", "Color Field Painting", "Mannerism (Late Renaissance)", "Expressionism", "Metaphysical art", "Symbolism", "Academicism", "Neoclassicism", "Pop Art"], "Romanticism": 0.004759763977964747, "Surrealism": 0.005401659194386069, "Mannerism (Late Renaissance)": 0.006038558061900811, "Metaphysical art": 0.006012709598764816, "Pop Art": 0.00614932576205839}