{"Impressionism": 0.004582547958148654, "style": ["Realism", "Symbolism", "Symbolism", "Realism", "Mannerism (Late Renaissance)", "High Renaissance", "Realism", "High Renaissance", "Symbolism", "Realism", "Magic Realism", "Neoclassicism", "Neoclassicism", "Baroque", "Romanticism", "Mannerism (Late Renaissance)", "Impressionism", "Symbolism", "High Renaissance", "Neoclassicism"], "style_labels": ["Impressionism", "Romanticism", "High Renaissance", "Magic Realism", "Mannerism (Late Renaissance)", "Realism", "Symbolism", "Baroque", "Neoclassicism"], "artist": ["Courbet Gustave", "Roerich Nicholas", "Roerich Nicholas", "Zorn Anders", "Titian", "Michelangelo", "Courbet Gustave", "Michelangelo", "Roerich Nicholas", "Sargent John Singer", "Earle Eyvind", "Bouguereau William-Adolphe", "Bouguereau William-Adolphe", "Rubens Peter Paul", "Aivazovsky Ivan ", "Titian", "Sargent John Singer", "Roerich Nicholas", "Michelangelo", "Ingres Jean Auguste Dominique "], "contentId": ["191871.jpg", "225811.jpg", "225669.jpg", "277282.jpg", "224874.jpg", "193160.jpg", "191709.jpg", "193108.jpg", "225405.jpg", "266230.jpg", "278387.jpg", "232406.jpg", "232403.jpg", "216496.jpg", "197009.jpg", "225042.jpg", "265959.jpg", "225597.jpg", "193135.jpg", "193578.jpg"], "title": ["The Bathers", "Himalayas", "Guardians of the Night", "Margit", "Death of Actaeon", "Palestrina Pieta", "A Young Woman Reading", "Angel with Candlestick", "Book of Life", "Mrs. Cecil Wade", "Summer Morning Mist", "Innocence", "Homer and his Guide", "Marchesa Brigida Spinola Doria", "Wave", "The Annunciation", "San Vigilio", "Final journey", "Ignudo", "Virgin and Child with candelabra"], "Romanticism": 0.004566064456209365, "High Renaissance": 0.004173278388299107, "Magic Realism": 0.004342665183581093, "Mannerism (Late Renaissance)": 0.004240796337397361, "Realism": 0.003687270862603932, "scores": [0.009395418621226196, 0.010153762243981818, 0.011007349871260957, 0.011014235424732215, 0.011770046901929395, 0.011918447545731115, 0.012058336635572512, 0.01220910124939231, 0.012427653040013278, 0.012435924819114968, 0.012551916800621754, 0.012651329357331164, 0.012687554639835867, 0.013110601105958863, 0.013197623748961057, 0.013203485175148733, 0.013245267197437604, 0.013324759366348835, 0.013378525467935637, 0.013396208641549806], "year": [1858.0, "unknown", 1940.0, 1891.0, 1562.0, 1550.0, 1868.0, 1495.0, 1939.0, 1886.0, "unknown", "unknown", 1874.0, 1606.0, 1895.0, 1557.0, 1913.0, 1922.0, 1509.0, "unknown"], "Symbolism": 0.0038522892737066685, "Baroque": 0.004535956687973511, "style_dict": {"Impressionism": 1, "Romanticism": 1, "High Renaissance": 3, "Magic Realism": 1, "Mannerism (Late Renaissance)": 2, "Neoclassicism": 3, "Symbolism": 4, "Baroque": 1, "Realism": 4}, "Neoclassicism": 0.004310030525832382, "style_counts": [0.0, 1.64835019392795e-05, 0.0004092695698495463, 0.0002398827745675458, 0.00034175162075122945, 0.0008952770955447109, 0.0007302586844419867, 4.659127017514475e-05, 0.000272517432316266]}