{"Suprematism": 0.002807472189605978, "year": [1913.0, 1909.0, 1912.0, 1916.0, 1912.0, 1913.0, 1973.0, 1937.0, 1937.0, 1885.0, "unknown", 1915.0, 1913.0, "unknown", 1940.0, 1914.0, 1920.0, 1912.0, 1912.0, 1972.0], "New Realism": 0.004137231668019616, "Abstract Expressionism, Surrealism": 0.0045987604922201365, "style": ["Suprematism", "Cubism", "Art Nouveau (Modern)", "Abstract Art", "Art Nouveau (Modern)", "Constructivism", "Surrealism", "Expressionism", "New Realism", "Realism", "Expressionism", "Expressionism", "Constructivism", "Na\u00efve Art (Primitivism)", "Symbolism", "Dada", "Neoclassicism", "Art Nouveau (Modern)", "Art Nouveau (Modern)", "Abstract Expressionism, Surrealism"], "title": ["Costume for Victory over the Sun. Fatso", "Carnival at the bistro", "King Mark", "Blue-02", "Entourage", "Fat Man", "Hitler Masturbating", "Landscape with Steer", "Five A.M.", "Peasant Woman, Digging, Seen from the Side", "Young Girl", "Death for the Idea", "Neron", "Part campaign", "Himalayas. Evening.", "Ridgefield Landscape", "The Abduction", "Courtier", "Knight of entourage", "Self-Portrait (Photomontage with the famous 'Mao-Marilyn' that Philippe Halsman created at Dali's wish)"], "Art Nouveau (Modern)": 0.0036537126645312243, "Expressionism": 0.003918496909567211, "Symbolism": 0.0043489008442597265, "style_dict": {"Abstract Expressionism, Surrealism": 1, "Suprematism": 1, "Symbolism": 1, "Art Nouveau (Modern)": 4, "Dada": 1, "Neoclassicism": 1, "Surrealism": 1, "Na\u00efve Art (Primitivism)": 1, "Expressionism": 3, "Constructivism": 2, "New Realism": 1, "Abstract Art": 1, "Cubism": 1, "Realism": 1}, "Neoclassicism": 0.004368325777481845, "Dada": 0.0043572650423911565, "scores": [0.008114638327916025, 0.008533681708169845, 0.00876220472533138, 0.009736774026624363, 0.009860624781503135, 0.010380596845333552, 0.010861337010695325, 0.010918372272243827, 0.011958137569117538, 0.012109605255638459, 0.012121461470357434, 0.012176469224834941, 0.01217947276092, 0.012420379254117937, 0.012569940178139099, 0.012594115820195633, 0.012626085456523328, 0.012932217297151148, 0.012940193948652527, 0.013292127448041747], "Constructivism": 0.0038309623269286133, "Realism": 0.004189635891146668, "style_counts": [0.0, 0.0017912883026142135, 0.0002498596479604265, 0.0009450478276890051, 0.00024149544982898785, 0.00040912460107356274, 0.0008409957752686381, 0.00030160417653624094, 0.0006802635826529402, 0.0007677981652915999, 0.0004615288242005855, 0.0012300678664274312, 0.0016463092427029258, 0.00023043471473838117], "artist": ["Malevich Kazimir", "Picasso Pablo", "Roerich Nicholas", "O'Keeffe Georgia", "Roerich Nicholas", "Malevich Kazimir", "Dali Salvador", "Pollock Jackson ", "Hopper Edward", "van Gogh Vincent ", "Serebriakova Zinaida", "Klee Paul", "Malevich Kazimir", "Leger Fernand ", "Roerich Nicholas", "Ray Man", "Picasso Pablo", "Roerich Nicholas", "Roerich Nicholas", "Dali Salvador"], "contentId": ["361381.jpg", "223810.jpg", "225978.jpg", "231646.jpg", "225572.jpg", "219655.jpg", "221047.jpg", "185284.jpg", "235559.jpg", "206523.jpg", "227566.jpg", "222130.jpg", "219724.jpg", "196109.jpg", "225834.jpg", "210864.jpg", "224517.jpg", "225518.jpg", "225991.jpg", "221438.jpg"], "style_labels": ["Abstract Expressionism, Surrealism", "Suprematism", "Symbolism", "Art Nouveau (Modern)", "Dada", "Realism", "Surrealism", "Na\u00efve Art (Primitivism)", "Expressionism", "Constructivism", "New Realism", "Abstract Art", "Cubism", "Neoclassicism"], "Surrealism": 0.0037577647169515123, "Na\u00efve Art (Primitivism)": 0.00429715631568392, "Abstract Art": 0.003368692625792724, "Cubism": 0.0029524512495172307}