{"style": ["Post-Impressionism", "Baroque", "Realism", "Post-Impressionism", "Na\u00efve Art (Primitivism)", "Post-Impressionism", "Realism", "Post-Impressionism", "Symbolism", "Realism", "Post-Impressionism", "Realism", "Early Renaissance", "Neo-Romanticism", "Art Nouveau (Modern)", "Art Nouveau (Modern)", "Magic Realism", "Post-Impressionism", "Surrealism", "Realism"], "style_labels": ["Neo-Romanticism", "Surrealism", "Art Nouveau (Modern)", "Magic Realism", "Na\u00efve Art (Primitivism)", "Symbolism", "Early Renaissance", "Post-Impressionism", "Baroque", "Realism"], "Neo-Romanticism": 0.004672704236155664, "Surrealism": 0.004832906294038808, "contentId": ["205634.jpg", "216679.jpg", "205950.jpg", "206814.jpg", "202718.jpg", "206435.jpg", "206938.jpg", "205718.jpg", "226181.jpg", "206168.jpg", "206303.jpg", "206450.jpg", "199078.jpg", "321770.jpg", "191448.jpg", "271101.jpg", "277987.jpg", "205831.jpg", "221187.jpg", "207156.jpg"], "Art Nouveau (Modern)": 0.00461701426499005, "artist": ["van Gogh Vincent ", "Rubens Peter Paul", "van Gogh Vincent ", "van Gogh Vincent ", "Chagall Marc", "van Gogh Vincent ", "van Gogh Vincent ", "van Gogh Vincent ", "Roerich Nicholas", "van Gogh Vincent ", "van Gogh Vincent ", "van Gogh Vincent ", "Perugino Pietro ", "Kittelsen Theodor Severin", "Klimt Gustav", "Vallotton  Felix", "Earle Eyvind", "van Gogh Vincent ", "Dali Salvador", "van Gogh Vincent "], "style_counts": [0.0001602020578831409, 0.0, 0.0002158920290487032, 0.00010452184749287774, 0.0010625405569647528, 0.00042264900877020395, 0.0003178800638605761, 0.0010006008429017665, 0.0013075745031199126, 0.0007675520719316875], "Magic Realism": 0.004728384446545936, "Na\u00efve Art (Primitivism)": 0.0037703657370740428, "scores": [0.010161578259098119, 0.010189519445685238, 0.010535037029908883, 0.010536989735103676, 0.010897758643378169, 0.012167448001155063, 0.012338739749866734, 0.012415385597358749, 0.012747283102395951, 0.012930043266788344, 0.012951777226358374, 0.013001563467259258, 0.013050104301867387, 0.013505852357186102, 0.01358011006493197, 0.01360892347347642, 0.013666788864771861, 0.013863850635208504, 0.013968895860848386, 0.014025528928538866], "year": [1888.0, "unknown", 1882.0, 1890.0, 1923.0, 1889.0, 1882.0, "unknown", 1922.0, 1885.0, 1890.0, 1883.0, 1473.0, 1900.0, "unknown", "unknown", "unknown", 1890.0, 1934.0, 1883.0], "Symbolism": 0.004410257285268524, "title": ["A Fishing Boat at Sea", "The Meeting of Scipion and Gannibal", "Fish-Drying Barn", "Sheet with Many Sketches of Figures", "Korobotchka's poultry house", "Park at Arles", "State Lottery Office", "Barred Windows", "Monhegan (Hope)", "Interior with Peasant Woman Sewing", "Mantelpiece with Chair", "Path to the Beach", "Miracle of snow and foundation of Santa Maria Maggiore", "The Troll Birds go at it hammer and tongs", "Adele Bloch-Bauer", "Cover of the Romanian Symbolist and avant garde magazine Chemarea (The Calling)", "Arroyos", "Couple Arm in Arm and Other Figures, with a Windmill in the Background", "Night Spectre on the Beach", "The Public Soup Kitchen"], "Early Renaissance": 0.004515026230178176, "Post-Impressionism": 0.0038323054511369783, "style_dict": {"Neo-Romanticism": 1, "Surrealism": 1, "Art Nouveau (Modern)": 2, "Magic Realism": 1, "Na\u00efve Art (Primitivism)": 1, "Symbolism": 1, "Baroque": 1, "Post-Impressionism": 6, "Early Renaissance": 1, "Realism": 5}, "Baroque": 0.003525331790918811, "Realism": 0.0040653542221070664}