{"style": ["Expressionism", "Surrealism", "Baroque", "Realism", "Post-Impressionism", "Rococo", "Symbolism", "Art Nouveau (Modern)", "High Renaissance", "Baroque", "Baroque", "Na\u00efve Art (Primitivism)", "Realism", "Realism", "Baroque", "Baroque", "Cubism, Expressionism", "Baroque", "Surrealism", "Neoclassicism"], "Rococo": 0.004151541006974561, "Cubism, Expressionism": 0.00453135991161404, "contentId": ["256117.jpg", "243072.jpg", "220097.jpg", "206098.jpg", "207331.jpg", "185205.jpg", "226822.jpg", "277305.jpg", "224894.jpg", "216426.jpg", "216375.jpg", "203346.jpg", "191779.jpg", "266350.jpg", "216635.jpg", "216653.jpg", "193782.jpg", "186713.jpg", "220827.jpg", "232513.jpg"], "Art Nouveau (Modern)": 0.004206939667539802, "artist": ["Derain Andre", "Delvaux Paul", "Rembrandt", "van Gogh Vincent ", "van Gogh Vincent ", "Longhi Pietro ", "Roerich Nicholas", "Zorn Anders", "Titian", "Rubens Peter Paul", "Rubens Peter Paul", "Chagall Marc", "Courbet Gustave", "Sargent John Singer", "Rubens Peter Paul", "Rubens Peter Paul", "Braque Georges ", "Caravaggio", "Dali Salvador", "Bouguereau William-Adolphe"], "Realism": 0.00393329848810648, "style_counts": [0.00043215781631156247, 5.23389116721118e-05, 0.000376759155746309, 0.0006504003351796017, 0.0003067545124497695, 0.0010492332260748638, 0.000210081752159752, 0.002389605005896356, 0.0003780418193802815, 0.0007585870403735706, 0.000992935834389419, 0.0], "High Renaissance": 0.004276944310836377, "scores": [0.006341746803957832, 0.007712773746907395, 0.007977193749374722, 0.009939937772971526, 0.010378639932405806, 0.011999496878307075, 0.012155912227487737, 0.012159619602230123, 0.012361959046136139, 0.012392886883497654, 0.012597166005791405, 0.01264137926223638, 0.012670172817745781, 0.012739217076307792, 0.012803483096207052, 0.013092421253115327, 0.013097314713392082, 0.013098544235643007, 0.013101262802995808, 0.013248593625528035], "Surrealism": 0.0035344655972112523, "style_labels": ["Rococo", "Cubism, Expressionism", "Art Nouveau (Modern)", "Realism", "High Renaissance", "Surrealism", "Na\u00efve Art (Primitivism)", "Expressionism", "Symbolism", "Baroque", "Post-Impressionism", "Neoclassicism"], "Na\u00efve Art (Primitivism)": 0.004373617071126432, "Expressionism": 0.0021940938173897204, "year": [1913.0, 1931.0, 1626.0, 1885.0, 1886.0, "unknown", 1947.0, "unknown", 1520.0, 1639.0, 1630.0, 1917.0, 1848.0, 1905.0, 1631.0, 1614.0, 1949.0, 1609.0, 1983.0, 1869.0], "Symbolism": 0.004205657003905874, "title": ["Drinker", "Nocturnes", "Christ Driving the Moneychangers from the Temple", "Head of a Peasant Woman with White Cap", "Vase with Zinnias and Geraniums", "The Indiscreet Gentleman", "Testament of the Teacher", "Oscar II", "Girolamo and Cardinal Marco Corner Investing Marco, Abbot of Carrara, with His Benefice", "Diana and Callisto", "Allegory on the Blessings of Peace", "Window over a Garden", "Marc Trapadoux is Examining the Book of Prints", "The Marlborough Family", "The Crowning of St. Catherine", "The Four Evangelists", "The Studio (III)", "Nativity with St. Francis and St. Lawrence", "Bed and Two Bedside Tables Ferociously Attacking a Cello", "The Knitting Girl"], "Baroque": 0.003825111782912589, "Post-Impressionism": 0.003590762988896688, "style_dict": {"Rococo": 1, "Cubism, Expressionism": 1, "Art Nouveau (Modern)": 1, "High Renaissance": 1, "Neoclassicism": 1, "Surrealism": 2, "Na\u00efve Art (Primitivism)": 1, "Expressionism": 1, "Symbolism": 1, "Baroque": 6, "Post-Impressionism": 1, "Realism": 3}, "Neoclassicism": 0.004583698823286103}