{"style_counts": [0.0025044153344654374, 0.0014211055220750834, 0.0014461755140051658, 0.0005265622615692189, 0.0024152601008077257, 0.002231121205236608, 3.758910053086595e-05, 0.0, 0.001868524467442123], "style": ["Op Art", "Romanticism", "Surrealism", "High Renaissance", "Surrealism", "Realism", "Surrealism", "Op Art", "High Renaissance", "Northern Renaissance", "Northern Renaissance", "Op Art", "Realism", "Northern Renaissance", "Neoplasticism", "Romanticism", "Surrealism", "Abstract Art", "Cubism", "Romanticism"], "style_labels": ["Op Art", "Northern Renaissance", "Romanticism", "Neoplasticism", "Surrealism", "High Renaissance", "Abstract Art", "Cubism", "Realism"], "artist": ["Escher M.C.", "Goya Francisco", "Picasso Pablo", "Raphael", "Picasso Pablo", "Sargent John Singer", "Escher M.C.", "Escher M.C.", "Raphael", "Durer Albrecht", "Durer Albrecht", "Escher M.C.", "Escher M.C.", "Durer Albrecht", "Mondrian Piet", "Goya Francisco", "Beksinski Zdislav", "Reinhardt Ad", "Chagall Marc", "Goya Francisco"], "Op Art": 0.007131068609983028, "contentId": ["204456.jpg", "193891.jpg", "224114.jpg", "210530.jpg", "224105.jpg", "266429.jpg", "204427.jpg", "204471.jpg", "210508.jpg", "200865.jpg", "201212.jpg", "204581.jpg", "204837.jpg", "201157.jpg", "186063.jpg", "193985.jpg", "258479.jpg", "283534.jpg", "202731.jpg", "193869.jpg"], "title": ["Circle Limit IV", "Crucified Christ", "Man with straw hat", "Philosophy, from the 'Stanza della Segnatura'", "Man with a straw hat and an ice-cream", "Drawing 9", "Ascending & Descending", "Cube with Magic Ribbons", "Justice, from the 'Stanza della Segnatura'", "Melancthon", "The Four Horsemen of the Apocalypse, Death, Famine, Pestilence and War", "Liberation", "Self-Portrait II", "The Adoration of the Holy Trinity (Landauer Altar)", "Tableau I", "Nobody knows anybody", "Untitled", "Collage", "Lovers in pink", "Blow"], "Northern Renaissance": 0.008214378422373431, "Romanticism": 0.008189308430443316, "Neoplasticism": 0.009108921682879205, "Surrealism": 0.007220223843640743, "High Renaissance": 0.007404362739211849, "scores": [0.01814050209252616, 0.019066932843248403, 0.019316471108547492, 0.020081531073015784, 0.02012202666722958, 0.020821651323412127, 0.021349130949941245, 0.021428336151158398, 0.02352185745743015, 0.02371420857285869, 0.02430239126845296, 0.024519478895877304, 0.024917025143995068, 0.025807635799957155, 0.02632816997708206, 0.02647319628068287, 0.02714090526368128, 0.02774148419211679, 0.027850130666695914, 0.028058797565569185], "year": [1960.0, 1780.0, 1938.0, 1511.0, 1938.0, "unknown", 1960.0, 1957.0, 1511.0, 1526.0, 1498.0, 1955.0, 1943.0, 1511.0, 1921.0, 1799.0, "unknown", 1938.0, 1916.0, 1799.0], "Abstract Art": 0.00959789484391765, "style_dict": {"Op Art": 3, "Northern Renaissance": 3, "Romanticism": 3, "High Renaissance": 2, "Surrealism": 4, "Neoplasticism": 1, "Abstract Art": 1, "Cubism": 1, "Realism": 2}, "Cubism": 0.009635483944448513, "Realism": 0.00776695947700632}