{"Abstract Expressionism, Surrealism": 0.005046372259364388, "style_counts": [0.00019241985499640624, 0.0004840117519072651, 0.0, 0.00021996020027204022, 0.0009461745030718838, 0.0001435122081996365, 0.0012405762917894192, 0.0008903436906444462, 0.0005257263518285704], "style": ["Symbolism", "Symbolism", "Magic Realism", "Symbolism", "Post-Impressionism", "Magic Realism", "Surrealism", "Surrealism", "Realism", "Realism", "Japonism", "Abstract Expressionism, Surrealism", "Realism", "Color Field Painting", "Romanticism", "Surrealism", "Symbolism", "Symbolism", "Surrealism", "Romanticism"], "style_labels": ["Abstract Expressionism, Surrealism", "Surrealism", "Romanticism", "Japonism", "Magic Realism", "Color Field Painting", "Symbolism", "Post-Impressionism", "Realism"], "Surrealism": 0.004754780362453545, "contentId": ["226568.jpg", "226357.jpg", "278027.jpg", "226808.jpg", "185978.jpg", "278011.jpg", "243058.jpg", "203031.jpg", "205693.jpg", "207412.jpg", "205653.jpg", "221392.jpg", "265653.jpg", "242167.jpg", "201371.jpg", "258694.jpg", "226514.jpg", "225355.jpg", "258630.jpg", "238735.jpg"], "artist": ["Roerich Nicholas", "Roerich Nicholas", "Earle Eyvind", "Roerich Nicholas", "Mondrian Piet", "Earle Eyvind", "Delvaux Paul", "Chagall Marc", "van Gogh Vincent ", "van Gogh Vincent ", "van Gogh Vincent ", "Dali Salvador", "Sargent John Singer", "Rothko Mark", "Dore Gustave ", "Beksinski Zdislav", "Roerich Nicholas", "Roerich Nicholas", "Beksinski Zdislav", "Turner William"], "Romanticism": 0.005238792114360858, "Japonism": 0.005018831914088754, "Magic Realism": 0.004292617611288967, "Color Field Painting": 0.005095279906161237, "scores": [0.007886020873955266, 0.010916034853691619, 0.011996696858338816, 0.012347053119911036, 0.012568632514577922, 0.013282004376332323, 0.013489502661632562, 0.013663352350923315, 0.013709167977779038, 0.013939790358807103, 0.014506290022110084, 0.014585891858297485, 0.014708291300015037, 0.014727253139344258, 0.015068890995196055, 0.015284498901248953, 0.015310155538784944, 0.015334009839943806, 0.015466788085941284, 0.01578171641535171], "year": [1938.0, 1932.0, "unknown", 1932.0, 1911.0, 1991.0, 1945.0, 1957.0, 1884.0, 1883.0, 1888.0, 1979.0, 1902.0, 1953.0, 1879.0, "unknown", 1924.0, 1935.0, "unknown", "unknown"], "Symbolism": 0.0039982158225714635, "title": ["Shirin and Khosrau", "Pilgrim", "Copy of Sea mist and Pastures", "Temple of Tripura Sundari", "Dune Landscape", "California Miniature", "Lamp", "Song of Songs II", "At the Plough", "Weed Burner, Sitting on a Wheelbarrow with his Wife", "La mousme", "Raphaelesque Hallucination", "Lady Evelyn Cavendish", "Untitled", "A Souvenir from Scotland", "Untitled", "Sanga Chelling", "Armageddon", "Untitled", "Interior of Fountains Abbey, Yorkshire"], "Post-Impressionism": 0.004348448423716381, "style_dict": {"Abstract Expressionism, Surrealism": 1, "Surrealism": 4, "Color Field Painting": 1, "Romanticism": 2, "Magic Realism": 2, "Japonism": 1, "Symbolism": 5, "Post-Impressionism": 1, "Realism": 3}, "Realism": 0.004713065762532311}