{"High Renaissance": 0.005771542104278467, "year": [1875.0, "unknown", 1867.0, 1943.0, 1937.0, 1921.0, 1924.0, 1954.0, 1923.0, 1907.0, 1982.0, "unknown", 1924.0, 1812.0, 1942.0, "unknown", 1979.0, "unknown", "unknown", 1931.0], "style": ["Neoclassicism", "Surrealism", "Realism", "Surrealism", "Expressionism", "Neoclassicism", "Art Nouveau (Modern)", "Surrealism", "Symbolism", "Realism", "Neo-Expressionism", "Neo-Romanticism", "Post-Impressionism", "Romanticism", "Surrealism", "Impressionism", "Magic Realism", "High Renaissance", "Na\u00efve Art (Primitivism)", "Symbolism"], "Neo-Romanticism": 0.005317481112365617, "Neo-Expressionism": 0.005085965967686734, "Art Nouveau (Modern)": 0.004756165079101776, "Expressionism": 0.004684571460850097, "Symbolism": 0.005266459505056478, "style_dict": {"Impressionism": 1, "Neo-Romanticism": 1, "Neo-Expressionism": 1, "Art Nouveau (Modern)": 1, "Romanticism": 1, "Magic Realism": 1, "Surrealism": 4, "High Renaissance": 1, "Neoclassicism": 2, "Expressionism": 1, "Symbolism": 2, "Post-Impressionism": 1, "Realism": 2, "Na\u00efve Art (Primitivism)": 1}, "Neoclassicism": 0.003697466571448531, "Impressionism": 0.0057428261206981, "Magic Realism": 0.005759429693540081, "scores": [0.008104310719634243, 0.010498521874362907, 0.011179619660638393, 0.011538362162149485, 0.013540153048287498, 0.01366961867464166, 0.01374708522052775, 0.014051964474264343, 0.014227229732139638, 0.014387613260181585, 0.014700332394622774, 0.01536949723032786, 0.01590046886560776, 0.01596830112312155, 0.01627159491945419, 0.01659890242977418, 0.01664689292779681, 0.01668190229771508, 0.0166849113649386, 0.016786307565640146], "Post-Impressionism": 0.00550118469092064, "Realism": 0.004341613648936608, "style_counts": [2.9757049393230872e-05, 0.0004551020577256981, 0.0006866172024045936, 0.0010164180909895126, 0.0014309695211547346, 0.00024793012866231035, 1.0410658128900963e-06, 1.3153476551286403e-05, 0.0, 0.0010880117092412211, 0.0014730218676802798, 0.0005061236650348855, 0.0002713984791706814, 0.00207511659864279], "artist": ["Bouguereau William-Adolphe", "Beksinski Zdislav", "Renoir Pierre-Auguste", "Picasso Pablo", "Kirchner Ernst Ludwig", "Picasso Pablo", "Kustodiev Boris", "Dali Salvador", "Roerich Nicholas", "Sargent John Singer", "Basquiat Jean-Michel ", "Kittelsen Theodor Severin", "Dali Salvador", "Goya Francisco", "Dali Salvador", "Zorn Anders", "Holbrook Carter Clarence", "Titian", "Botero Fernando", "Roerich Nicholas"], "contentId": ["232397.jpg", "258665.jpg", "218697.jpg", "224712.jpg", "251828.jpg", "224619.jpg", "230306.jpg", "221630.jpg", "226894.jpg", "266227.jpg", "203914.jpg", "321878.jpg", "221303.jpg", "193894.jpg", "221255.jpg", "277327.jpg", "345421.jpg", "224888.jpg", "281234.jpg", "225559.jpg"], "style_labels": ["Impressionism", "Neo-Romanticism", "Neo-Expressionism", "Art Nouveau (Modern)", "Realism", "Romanticism", "High Renaissance", "Magic Realism", "Na\u00efve Art (Primitivism)", "Expressionism", "Surrealism", "Symbolism", "Post-Impressionism", "Neoclassicism"], "Romanticism": 0.005524653041429006, "Surrealism": 0.004299561302411032, "Na\u00efve Art (Primitivism)": 0.005772583170091298, "title": ["Harvester", "Untitled", "Lise with Umbrella", "Vase with flowers", "Archer at Wildboden", "Three women at a fountain", "View in Tula, a sketch for E. Zamyatin's play, 'The Flea'", "The Lighthouse at Alexandria", "Three arrows", "Mrs. Augustus Allusen (Osma Mary Dorothy Stanley)", "Self-Portrait as a Heel, Part Two", "The Forest Court", "Port Alguer", "Dead turkey", "Nude on the Plain of Rosas", "Self-Portrait With Faun And Nymph", "Untitled - Country Road", "French Cardinal Georges d`Armagnac and his secretary G. Philandrier", "Man Smoking", "Eagle's nest"]}