{"style": ["Surrealism", "Surrealism", "Realism", "Expressionism", "Cubism, Expressionism", "Surrealism", "Magic Realism", "Baroque", "Realism", "Realism", "Art Nouveau (Modern)", "Na\u00efve Art (Primitivism)", "Neo-Romanticism", "Realism", "High Renaissance", "Expressionism, Surrealism", "Art Nouveau (Modern)", "Symbolism", "Baroque", "Baroque"], "style_labels": ["Neo-Romanticism", "Cubism, Expressionism", "Expressionism, Surrealism", "Art Nouveau (Modern)", "High Renaissance", "Magic Realism", "Na\u00efve Art (Primitivism)", "Expressionism", "Surrealism", "Symbolism", "Baroque", "Realism"], "Neo-Romanticism": 0.003780026794776782, "Cubism, Expressionism": 0.0032253723564851684, "Expressionism, Surrealism": 0.003931097890470356, "Art Nouveau (Modern)": 0.0037483602071990223, "artist": ["Dali Salvador", "Dali Salvador", "Repin Ilya", "Chagall Marc", "Dali Salvador", "Dali Salvador", "Earle Eyvind", "Rubens Peter Paul", "van Gogh Vincent ", "van Gogh Vincent ", "Toulouse-Lautrec Henri de", "Chagall Marc", "Kittelsen Theodor Severin", "Roerich Nicholas", "Titian", "Dali Salvador", "Roerich Nicholas", "Roerich Nicholas", "Rubens Peter Paul", "Rubens Peter Paul"], "year": [1934.0, 1942.0, 1891.0, 1914.0, 1923.0, 1944.0, "unknown", 1615.0, 1884.0, 1884.0, "unknown", 1923.0, 1890.0, 1891.0, 1530.0, 1960.0, 1913.0, 1922.0, "unknown", 1612.0], "style_counts": [0.00026057165916126834, 0.0008152260974528813, 0.00010950056346770154, 0.0002922382467389628, 0.0001952580180425434, 0.0006733626205190912, 0.000330052414649451, 0.001073253889773751, 0.0014199244086948726, 0.0, 0.0003238064611638114, 0.0007992678813768528], "High Renaissance": 0.0038453404358955077, "contentId": ["221187.jpg", "221517.jpg", "215107.jpg", "202748.jpg", "221092.jpg", "221174.jpg", "278027.jpg", "216515.jpg", "207407.jpg", "207405.jpg", "230418.jpg", "203115.jpg", "321827.jpg", "225919.jpg", "224862.jpg", "221422.jpg", "227096.jpg", "225597.jpg", "216611.jpg", "216625.jpg"], "scores": [0.006975598191898977, 0.007019811526566588, 0.007786367072101184, 0.008576728924206963, 0.009322525167883731, 0.009557103728934913, 0.00973256335508994, 0.009991216760011603, 0.010308017557400507, 0.010336160059149453, 0.010513315079684397, 0.010724857478333167, 0.010925682691713571, 0.011042669936314257, 0.011114463395408503, 0.011362334320140707, 0.011560320724381996, 0.01167883165626141, 0.011701229374268287, 0.011711095046242419], "Magic Realism": 0.003367235833418899, "Na\u00efve Art (Primitivism)": 0.0037105460392885745, "Expressionism": 0.0029673445641642195, "Surrealism": 0.0026206740452431377, "Symbolism": 0.004040598453938038, "title": ["Night Spectre on the Beach", "Study for the set of 'Romeo and Juliet'", "Portrait of Aleksandr Zhirkevich", "Man with a Cat and Woman with a Child", "Landscape Near Cadaques", "Music - The Red Orchestra", "Copy of Sea mist and Pastures", "Nature Adorning the Three Graces", "Weaver Standing in Front of a Loom", "Weaver Facing Right, Interior with One Window and High Chair", "Dinner Menu at May Belfort s, 18 Rue Clapeyron", "Tchitchikov on his bed", "Peer Gynt 03", "Issuance of head", "Christ with Globe", "San Salvador and Antonio Gaudi Fighting for the Crown of the Virgin", "Yard", "Final journey", "St. Onufrij Instruct Monk", "The Abduction of Ganymede"], "Baroque": 0.0037167919927742154, "style_dict": {"Neo-Romanticism": 1, "Magic Realism": 1, "Expressionism, Surrealism": 1, "Art Nouveau (Modern)": 2, "Cubism, Expressionism": 1, "High Renaissance": 1, "Surrealism": 3, "Na\u00efve Art (Primitivism)": 1, "Expressionism": 1, "Symbolism": 1, "Baroque": 3, "Realism": 4}, "Realism": 0.0032413305725611566}