{"Suprematism": 0.003122707488008438, "High Renaissance": 0.003241494190830269, "Mannerism (Late Renaissance)": 0.0034225741141286846, "year": [1619.0, 1884.0, 1863.0, 1947.0, 1927.0, 1889.0, 1908.0, 1921.0, 1981.0, 1968.0, 1921.0, 1529.0, 1928.0, 1887.0, 1889.0, 1900.0, 1889.0, 1559.0, 1921.0, 1997.0], "New Realism": 0.002778439813484458, "Cloisonnism": 0.0033082607052688155, "style": ["Baroque", "Realism", "Romanticism", "Action painting", "New Realism", "Realism", "Art Nouveau (Modern)", "Symbolism", "Expressionism", "Surrealism", "Suprematism", "High Renaissance", "Abstract Art", "Realism", "Cloisonnism", "Neo-Romanticism", "Romanticism", "Mannerism (Late Renaissance)", "Impressionism", "Surrealism"], "Neo-Romanticism": 0.0033921195550591057, "title": ["Adoration of the Magi", "New-Born Calf Lying on Straw", "The Summer Diana Surprised by Actaeon", "Lucifer", "Automat", "Hunting the bears", "Prologue. Forest.", "Grand Canyon, Arizona", "Three Female Figures in Festive Gowns", "Fisherman's Family", "The black cross on a red oval", "The Feast of the Gods", "Crossing", "Overgrown pond", "Beach at Le Pouldu", "Askeladdens adventure", "Lion Snapping at a Butterfly", "Diana and Callisto", "Montauk", "Untitled"], "Art Nouveau (Modern)": 0.0028288249136582096, "Expressionism": 0.002870068713322751, "Symbolism": 0.002842514232125022, "style_dict": {"Impressionism": 1, "Suprematism": 1, "Neo-Romanticism": 1, "Surrealism": 2, "Art Nouveau (Modern)": 1, "Romanticism": 2, "High Renaissance": 1, "Symbolism": 1, "Mannerism (Late Renaissance)": 1, "Action painting": 1, "Expressionism": 1, "New Realism": 1, "Abstract Art": 1, "Baroque": 1, "Cloisonnism": 1, "Realism": 3}, "Impressionism": 0.003444893387875385, "scores": [0.0034389805196881405, 0.005768292098997027, 0.00636752937903849, 0.007874173218741332, 0.008030723967909765, 0.008121195287159991, 0.008176355638470745, 0.008215922857952066, 0.008295565552209463, 0.008346232560288502, 0.009025785531510466, 0.00936912326256029, 0.009528335800169041, 0.009531397374760315, 0.00956210331026663, 0.009804486561350143, 0.009870924278388898, 0.009892511558784034, 0.00995702255727825, 0.010042539925355247], "Abstract Art": 0.003296577948541989, "Baroque": 0.0011898056055568767, "Realism": 0.002606027800244861, "style_counts": [0.0, 0.00032218589986687807, 5.277383281621084e-05, 0.0006023791557503433, 0.0006160684742171352, 0.0006874150070490526, 0.00020339919704503995, 0.0003222658490208419, 2.2319273746629342e-05, 0.000720616416503117, 0.0005748246745526098, 0.0006664535743908795, 0.00014831543933335745, 0.0022550877823184212, 0.00013663268260655226, 0.0008388655876304663], "artist": ["Rubens Peter Paul", "van Gogh Vincent ", "Delacroix Eugene ", "Pollock Jackson ", "Hopper Edward", "Roerich Nicholas", "Roerich Nicholas", "Roerich Nicholas", "Dali Salvador", "Chagall Marc", "Malevich Kazimir", "Titian", "Kandinsky Wassily", "Levitan Isaac", "Gauguin Paul ", "Kittelsen Theodor Severin", "Gerome Jean-Leon", "Titian", "Hassam Childe", "Beksinski Zdislav"], "contentId": ["216359.jpg", "206343.jpg", "187910.jpg", "282502.jpg", "235527.jpg", "225881.jpg", "226401.jpg", "225658.jpg", "221727.jpg", "202574.jpg", "219854.jpg", "225049.jpg", "189295.jpg", "210325.jpg", "190491.jpg", "322086.jpg", "279374.jpg", "224876.jpg", "244119.jpg", "258921.jpg"], "style_labels": ["Impressionism", "Suprematism", "Neo-Romanticism", "Symbolism", "Art Nouveau (Modern)", "Romanticism", "High Renaissance", "Surrealism", "Mannerism (Late Renaissance)", "Action painting", "Expressionism", "New Realism", "Abstract Art", "Baroque", "Cloisonnism", "Realism"], "Romanticism": 0.0027574783808262918, "Surrealism": 0.0031226275388545398, "Action painting": 0.002724276971372279}