{"Impressionism": 0.0025567197809491867, "style": ["Baroque", "Baroque", "Baroque", "Impressionism", "High Renaissance", "High Renaissance", "High Renaissance", "Romanticism", "Baroque", "Symbolism", "Post-Impressionism", "Realism", "Neoclassicism", "Surrealism", "Realism", "Mannerism (Late Renaissance)", "Romanticism", "Realism", "High Renaissance", "Baroque"], "style_labels": ["Impressionism", "Romanticism", "High Renaissance", "Surrealism", "Mannerism (Late Renaissance)", "Realism", "Symbolism", "Baroque", "Post-Impressionism", "Neoclassicism"], "artist": ["Rubens Peter Paul", "Rubens Peter Paul", "Rembrandt", "Renoir Pierre-Auguste", "Titian", "Titian", "Titian", "Goya Francisco", "Rembrandt", "Roerich Nicholas", "van Gogh Vincent ", "Sargent John Singer", "Bouguereau William-Adolphe", "Dali Salvador", "Repin Ilya", "Titian", "Aivazovsky Ivan ", "Sargent John Singer", "Perugino Pietro ", "Rubens Peter Paul"], "contentId": ["216612.jpg", "216656.jpg", "220584.jpg", "218784.jpg", "224862.jpg", "224911.jpg", "224959.jpg", "193878.jpg", "220554.jpg", "226470.jpg", "207331.jpg", "266336.jpg", "232522.jpg", "220770.jpg", "214993.jpg", "224878.jpg", "197009.jpg", "266263.jpg", "199120.jpg", "216520.jpg"], "title": ["St. Sebastian", "The Holy Family with St. Anne", "The Circumcision", "Coco Reading", "Christ with Globe", "Madonna of the Cherries", "Portrait of Alfonso d`Avalos , in Armor with a Page", "Cardinal Luis Maria de Borbon y Vallabriga", "The Anatomy Lesson of Dr. Nicolaes Tulp", "Russian Easter", "Vase with Zinnias and Geraniums", "The Countess of Rocksavage (Sybil Sassoon)", "The Nymphaeum", "Angelus", "Head of peasant (study)", "Doge Antonio Grimani Kneeling Before the Faith", "Wave", "Mrs. Joseph E. Widener", "Polyptych of\u00a0St. Peter (St.\u00a0Benedict)", "Night Scene"], "Romanticism": 0.0031535330992296085, "High Renaissance": 0.0027949830273572744, "Surrealism": 0.00332364617580813, "Mannerism (Late Renaissance)": 0.003477569857697747, "Realism": 0.0033163444729655536, "scores": [0.004837166276187422, 0.006019998832801895, 0.0066041305288956405, 0.007389870647709997, 0.007614805581456994, 0.0076990824098264014, 0.008241133297257381, 0.008311495833160756, 0.008461510521896727, 0.008507833201182964, 0.009017810661940302, 0.009539873405546496, 0.009586452684886308, 0.00960657303979541, 0.009964232854182926, 0.01005146970280055, 0.010259275725765665, 0.010300534243926508, 0.010482532870840673, 0.010561553096259307], "year": [1614.0, 1630.0, 1661.0, 1905.0, 1530.0, 1515.0, 1533.0, 1800.0, 1632.0, "unknown", 1886.0, 1913.0, 1878.0, 1932.0, 1880.0, 1576.0, 1895.0, 1903.0, 1500.0, 1617.0], "Symbolism": 0.002943508279839968, "Baroque": 0.002360650803511413, "Post-Impressionism": 0.003119948372490382, "style_dict": {"Impressionism": 1, "Romanticism": 2, "High Renaissance": 4, "Surrealism": 1, "Mannerism (Late Renaissance)": 1, "Neoclassicism": 1, "Symbolism": 1, "Baroque": 5, "Post-Impressionism": 1, "Realism": 3}, "Neoclassicism": 0.0033166850107420325, "style_counts": [0.0009208500767485805, 0.00032403675846814917, 0.0006825868303405036, 0.0001539236818896006, 0.0, 0.00016122538473217762, 0.0005340615778578472, 0.001116919054186316, 0.00035762148520734893, 0.00016088484695575556]}