{"style_counts": [0.001354989756579883, 0.0020343263087394536, 0.0006321372754461985, 0.0009683242240379197, 0.00029463074059632444, 0.0010670826384431287, 0.0013220210340686434, 0.0017115993422825992, 0.0], "style": ["Realism", "Art Nouveau (Modern)", "Romanticism", "Realism", "Pop Art", "Expressionism", "Expressionism", "Realism", "Surrealism", "Pop Art", "Purism", "Surrealism", "Surrealism", "Na\u00efve Art (Primitivism)", "Surrealism", "Art Nouveau (Modern)", "Regionalism", "Realism", "Na\u00efve Art (Primitivism)", "Expressionism"], "style_labels": ["Art Nouveau (Modern)", "Romanticism", "Purism", "Surrealism", "Na\u00efve Art (Primitivism)", "Expressionism", "Pop Art", "Realism", "Regionalism"], "artist": ["Sargent John Singer", "Roerich Nicholas", "Delacroix Eugene ", "Sargent John Singer", "Warhol Andy", "Kirchner Ernst Ludwig", "Freud Lucian", "Roerich Nicholas", "Escher M.C.", "Warhol Andy", "Leger Fernand ", "Chagall Marc", "Miro Joan", "Chagall Marc", "Leger Fernand ", "Roerich Nicholas", "Rockwell Norman", "Roerich Nicholas", "Chagall Marc", "Pollock Jackson "], "contentId": ["266400.jpg", "227018.jpg", "187750.jpg", "266408.jpg", "229278.jpg", "251873.jpg", "231920.jpg", "226368.jpg", "204702.jpg", "229272.jpg", "195993.jpg", "202374.jpg", "228057.jpg", "203185.jpg", "195932.jpg", "227031.jpg", "247808.jpg", "226579.jpg", "202506.jpg", "185283.jpg"], "Art Nouveau (Modern)": 0.00510065077077782, "title": ["Standing Male Figure", "Vignette for book \"N. K. Roerich\"", "Faust in his Study", "Henry, Viscount Lascelles", "3 Coke Bottles", "Dance", "Bella in her Pluto T-Shirt", "Plitnaia Hill", "NOT DETECTED", "Campbell's Soup Can (Tomato/Pink)", "Flower lamp", "A painer with chandelier", "Women Sonando Evasion", "The Forgiveness of God is announced in Jerusalem (Isaiah LIV, 6 10)", "Branch", "Vignette for book \"N. K. Roerich\"", "Stuck Inside", "Skalon resting", "Coronated nude", "Figures in a Landscape"], "Romanticism": 0.004421314218618191, "Purism": 0.005823503251911476, "Surrealism": 0.005487316303319789, "Na\u00efve Art (Primitivism)": 0.006161009786761401, "Expressionism": 0.0053885578889145925, "year": ["unknown", 1918.0, 1828.0, 1925.0, 1962.0, 1926.0, 1995.0, 1893.0, 1934.0, 1968.0, 1951.0, 1984.0, 1945.0, 1956.0, 1952.0, 1918.0, "unknown", 1893.0, 1984.0, 1937.0], "scores": [0.011454795340342973, 0.011573038726278365, 0.012779241750278768, 0.012837637727201808, 0.01390343015969302, 0.014096267401944428, 0.014433892053650338, 0.014694067833823661, 0.015100443018006894, 0.016327828520805096, 0.016832089331341404, 0.016856939015098382, 0.016946476693818803, 0.01705588892552674, 0.017921171706446505, 0.018464071170908758, 0.018659201059404572, 0.018786858432412533, 0.019225545808805637, 0.019897870871611448], "Pop Art": 0.005133619493289087, "style_dict": {"Art Nouveau (Modern)": 2, "Romanticism": 1, "Purism": 1, "Surrealism": 4, "Na\u00efve Art (Primitivism)": 2, "Expressionism": 3, "Pop Art": 2, "Realism": 4, "Regionalism": 1}, "Realism": 0.004744041185075128, "Regionalism": 0.006455640527357691}