{"style_counts": [0.001879936837142604, 0.0017213845810795103, 0.0005920436504226467, 0.0006017083963192338, 0.004367102834014092, 0.0, 0.0008388422585702271, 0.0002563756018024721], "style": ["Magic Realism", "Op Art", "Surrealism", "Surrealism", "Op Art", "Romanticism", "Abstract Art", "Northern Renaissance", "Romanticism", "Realism", "Op Art", "Op Art", "Mannerism (Late Renaissance)", "Realism", "Op Art", "Romanticism", "Surrealism", "Romanticism", "Romanticism", "Romanticism"], "style_labels": ["Surrealism", "Op Art", "Northern Renaissance", "Romanticism", "Magic Realism", "Mannerism (Late Renaissance)", "Abstract Art", "Realism"], "Surrealism": 0.006507527193760775, "Op Art": 0.0066660794498238606, "contentId": ["278128.jpg", "204456.jpg", "220861.jpg", "204427.jpg", "204529.jpg", "193963.jpg", "283534.jpg", "200910.jpg", "193869.jpg", "266429.jpg", "204850.jpg", "204581.jpg", "225060.jpg", "204837.jpg", "204455.jpg", "194166.jpg", "224105.jpg", "193985.jpg", "194105.jpg", "193891.jpg"], "artist": ["Earle Eyvind", "Escher M.C.", "Dali Salvador", "Escher M.C.", "Escher M.C.", "Goya Francisco", "Reinhardt Ad", "Durer Albrecht", "Goya Francisco", "Sargent John Singer", "Escher M.C.", "Escher M.C.", "Titian", "Escher M.C.", "Escher M.C.", "Goya Francisco", "Picasso Pablo", "Goya Francisco", "Goya Francisco", "Goya Francisco"], "Northern Renaissance": 0.007795420380480731, "Romanticism": 0.007785755634584113, "Magic Realism": 0.004020361196889262, "Mannerism (Late Renaissance)": 0.008387464030903392, "title": ["Red Wagon & Foliage", "Circle Limit IV", "Celestial Coronation", "Ascending & Descending", "Fishes and Scales", "Little goblins", "Collage", "Philosophia (personification of philosophy)", "Blow", "Drawing 9", "Sphere Surface with Fishes", "Liberation", "The Red Sultana", "Self-Portrait II", "Circle Limit III", "There is a lot to suck", "Man with a straw hat and an ice-cream", "Nobody knows anybody", "The Devout Profession", "Crucified Christ"], "scores": [0.011620338460030343, 0.012640093287698204, 0.016038356440349132, 0.017257997321004703, 0.01780117060657139, 0.02149231479316418, 0.021818323181791825, 0.02253166290866968, 0.02273774324076888, 0.02336039179470785, 0.02366625556803109, 0.02418748801844134, 0.024242889155293088, 0.024522595632680035, 0.024730665403582975, 0.02483492276781641, 0.025188073944784325, 0.025235312016529204, 0.025656652879403555, 0.02651620485557541], "year": ["unknown", 1960.0, 1951.0, 1960.0, 1959.0, 1799.0, 1938.0, "unknown", 1799.0, "unknown", 1958.0, 1955.0, 1550.0, 1943.0, 1959.0, 1799.0, 1938.0, 1799.0, 1799.0, 1780.0], "Abstract Art": 0.007548621772333149, "style_dict": {"Surrealism": 3, "Op Art": 5, "Northern Renaissance": 1, "Romanticism": 6, "Magic Realism": 1, "Mannerism (Late Renaissance)": 1, "Abstract Art": 1, "Realism": 2}, "Realism": 0.008131088429100911}