{"year": ["unknown", 1913.0, "unknown", 1857.0, "unknown", "unknown", "unknown", 1971.0, 1892.0, 1915.0, 1902.0, "unknown", 1899.0, 1888.0, 1937.0, 1916.0, 1844.0, 1885.0, "unknown", 1934.0], "style": ["Cubism", "Constructivism", "Romanticism", "Realism", "Impressionism", "Neo-Romanticism", "Romanticism", "Surrealism", "Art Nouveau (Modern)", "Expressionism", "Post-Impressionism", "Ukiyo-e", "Post-Impressionism", "Post-Impressionism", "unknown", "Abstract Art", "Neoclassicism", "Realism", "Surrealism", "Expressionism"], "Neo-Romanticism": 0.0032849333752935327, "title": ["Portrait of Juliet", "Singer", "Maria Young Girl In A Moravian Costume", "Portrait of a Young Girl", "Landscape", "The last day", "A Mandarin drake", "Figure with Flag. Illustration for 'Memories of Surrealism'", "Les Ambassadeurs Aristide Bruant and His Cabaret", "Death for the Idea", "Leaves in a Green Pot", "Woman\u00a0profile", "Amazone", "Still Life with Coffee Pot", "Blue Dress Reflected in a Mirror", "To the Unknown Voice", "The archangel Raphael is the prayers of God to men", "Peasant Woman, Planting Beets", "Untitled", "Portrait of the artist's sister"], "unknown": 0.003643167906935651, "Art Nouveau (Modern)": 0.003397528516529274, "Ukiyo-e": 0.0035860446513226317, "Expressionism": 0.003537032051836467, "style_dict": {"Impressionism": 1, "Neo-Romanticism": 1, "unknown": 1, "Art Nouveau (Modern)": 1, "Ukiyo-e": 1, "Romanticism": 2, "Surrealism": 2, "Neoclassicism": 1, "Expressionism": 2, "Abstract Art": 1, "Constructivism": 1, "Post-Impressionism": 3, "Cubism": 1, "Realism": 2}, "Neoclassicism": 0.003662362902755995, "Impressionism": 0.003058005443041118, "scores": [0.007242744886312087, 0.007494189884168602, 0.008503964015352115, 0.008695613749789869, 0.008838772568058796, 0.009494678654518949, 0.009623900421373536, 0.009631441587554683, 0.009820120470823066, 0.009980473809831563, 0.010094721447646324, 0.010365002182737533, 0.010377034054571207, 0.010529938430996286, 0.010530109627480487, 0.010538285084258473, 0.010585590301292545, 0.010683989227093373, 0.010844409983575738, 0.01084867627814513], "Constructivism": 0.002592811759835161, "Post-Impressionism": 0.003449539890117853, "Realism": 0.003290882085518637, "style_counts": [0.0006043574597148771, 0.0003774295274624473, 1.9194995820370764e-05, 0.00026483438622670885, 7.631825143339377e-05, 0.0005840405865201737, 0.00018532505004309474, 0.0003714808172373685, 0.00012533085091959162, 0.0010695511429208437, 1.6366481891072482e-05, 0.0002128230126381414, 0.0011565451419348616, 0.0], "artist": ["Ray Man", "Malevich Kazimir", "Mucha Alphonse", "Courbet Gustave", "Renoir Pierre-Auguste", "Spencer Stanley", "Delacroix Eugene ", "Dali Salvador", "Toulouse-Lautrec Henri de", "Klee Paul", "Cezanne Paul", "Hokusai Katsushika", "Toulouse-Lautrec Henri de", "van Gogh Vincent ", "Matisse Henri", "Kandinsky Wassily", "Ingres Jean Auguste Dominique ", "van Gogh Vincent ", "Beksinski Zdislav", "Serebriakova Zinaida"], "contentId": ["210860.jpg", "219805.jpg", "227671.jpg", "191792.jpg", "218634.jpg", "298627.jpg", "187697.jpg", "220984.jpg", "230480.jpg", "222130.jpg", "215658.jpg", "223656.jpg", "230348.jpg", "206983.jpg", "9223372032559820545.jpg", "189424.jpg", "193544.jpg", "206548.jpg", "258680.jpg", "227446.jpg"], "style_labels": ["Impressionism", "Neo-Romanticism", "unknown", "Art Nouveau (Modern)", "Ukiyo-e", "Romanticism", "Surrealism", "Realism", "Expressionism", "Constructivism", "Abstract Art", "Post-Impressionism", "Cubism", "Neoclassicism"], "Romanticism": 0.0030783223162358726, "Surrealism": 0.0034770378527129568, "Abstract Art": 0.0036459964208649235, "Cubism": 0.00250581776082116}