{"Impressionism": 0.004667799174410112, "style": ["Symbolism", "Impressionism", "Post-Impressionism", "Impressionism", "Neo-Expressionism", "Op Art, Surrealism", "Realism", "Northern Renaissance", "Impressionism", "Realism", "Realism", "Mannerism (Late Renaissance)", "Surrealism", "Academicism", "Post-Impressionism", "Northern Renaissance", "Post-Impressionism", "Surrealism", "Realism", "Romanticism"], "artist": ["Roerich Nicholas", "Sisley Alfred", "van Gogh Vincent ", "Degas Edgar", "Basquiat Jean-Michel ", "Dali Salvador", "van Gogh Vincent ", "Durer Albrecht", "Sisley Alfred", "van Gogh Vincent ", "van Gogh Vincent ", "Titian", "Dali Salvador", "Gerome Jean-Leon", "van Gogh Vincent ", "Durer Albrecht", "van Gogh Vincent ", "Dali Salvador", "van Gogh Vincent ", "Turner William"], "Op Art, Surrealism": 0.0049304110732401535, "contentId": ["225353.jpg", "238173.jpg", "205865.jpg", "213256.jpg", "203842.jpg", "221137.jpg", "207362.jpg", "201088.jpg", "237975.jpg", "205914.jpg", "206687.jpg", "225032.jpg", "221351.jpg", "279391.jpg", "206371.jpg", "201217.jpg", "206164.jpg", "221175.jpg", "206481.jpg", "238840.jpg"], "Neo-Expressionism": 0.004924397978516602, "Northern Renaissance": 0.005245016600577894, "Romanticism": 0.005703023960769664, "Surrealism": 0.005439698006042019, "style_labels": ["Impressionism", "Op Art, Surrealism", "Neo-Expressionism", "Northern Renaissance", "Romanticism", "Surrealism", "Mannerism (Late Renaissance)", "Symbolism", "Academicism", "Post-Impressionism", "Realism"], "Mannerism (Late Renaissance)": 0.005399102328790517, "title": ["Armageddon", "Barges at Saint Mamm\u00e8s", "Diggers and Road with Cottages", "A Carriage at the Races", "Jimmy Best...", "Marilyn Monroe", "View of Royal Road, Ramsgate", "St. Jerome in His Study", "Farm\u00a0to\u00a0H\u00f6llenkaff", "Farmhouse", "Potato Harvest with Two Figures", "St. John the Baptist", "Portrait of Mrs Jack Warner", "Nude Girl", "Olive Picking", "The great chariot", "Interior of a Restaurant", "Music - The Red Orchestra", "Peasant with Sickle, Seen from the Back", "The Chain Pier, Brighton"], "scores": [0.01030123209958675, 0.013105781426954429, 0.01349244700973507, 0.013945173880102682, 0.014233340841745348, 0.014250720920911859, 0.01456232356990022, 0.01463512268045924, 0.014899474592690025, 0.015439542665675664, 0.01544953339685683, 0.01560541288912752, 0.01563729727589346, 0.015894712820652898, 0.016232985416352912, 0.01625213996977397, 0.0163368814248135, 0.016396420411874706, 0.016437607569211324, 0.01648385939081376], "year": [1940.0, 1885.0, 1890.0, 1872.0, 1981.0, 1972.0, 1876.0, 1511.0, 1874.0, 1883.0, 1884.0, 1542.0, 1951.0, 1886.0, 1889.0, "unknown", "unknown", 1957.0, 1885.0, 1828.0], "Symbolism": 0.003563981716692659, "Academicism": 0.005499193236036286, "Post-Impressionism": 0.005125326035477729, "style_dict": {"Impressionism": 3, "Op Art, Surrealism": 1, "Neo-Expressionism": 1, "Northern Renaissance": 2, "Romanticism": 1, "Surrealism": 2, "Mannerism (Late Renaissance)": 1, "Symbolism": 1, "Academicism": 1, "Post-Impressionism": 3, "Realism": 4}, "Realism": 0.005081996312032624, "style_counts": [0.0010352247863596453, 0.0007726128875296112, 0.0007786259822530894, 0.00045800736019185884, 0.0, 0.00026332595472766673, 0.0003039216319792315, 0.0021390422440770163, 0.00020383072473340036, 0.0005776979252919423, 0.0006210276487370603]}