{"style": ["Symbolism", "Symbolism", "Baroque", "Symbolism", "Pop Art", "Baroque", "Symbolism", "Na\u00efve Art (Primitivism)", "Expressionism, Surrealism", "Realism", "Na\u00efve Art (Primitivism)", "unknown", "Realism", "High Renaissance", "Baroque", "Surrealism", "Neo-Romanticism", "Surrealism", "Pop Art", "Symbolism"], "style_labels": ["Neo-Romanticism", "Expressionism, Surrealism", "High Renaissance", "Surrealism", "Na\u00efve Art (Primitivism)", "unknown", "Symbolism", "Pop Art", "Baroque", "Realism"], "Neo-Romanticism": 0.005197654043165322, "contentId": ["226412.jpg", "226676.jpg", "220246.jpg", "225445.jpg", "229370.jpg", "186728.jpg", "225535.jpg", "203059.jpg", "221477.jpg", "266234.jpg", "202548.jpg", "203252.jpg", "266237.jpg", "210610.jpg", "186646.jpg", "211566.jpg", "298653.jpg", "211663.jpg", "229368.jpg", "226470.jpg"], "Expressionism, Surrealism": 0.004771989855157627, "artist": ["Roerich Nicholas", "Roerich Nicholas", "Rembrandt", "Roerich Nicholas", "Warhol Andy", "Caravaggio", "Roerich Nicholas", "Chagall Marc", "Dali Salvador", "Sargent John Singer", "Chagall Marc", "Chagall Marc", "Sargent John Singer", "Raphael", "Caravaggio", "Magritte Rene", "Spencer Stanley", "Magritte Rene", "Warhol Andy", "Roerich Nicholas"], "year": [1928.0, 1922.0, 1626.0, 1935.0, "unknown", 1599.0, 1937.0, 1978.0, 1962.0, 1903.0, 1963.0, 1947.0, 1889.0, 1505.0, 1599.0, 1926.0, 1919.0, 1937.0, 1976.0, "unknown"], "style_counts": [0.0, 0.0004256641880077128, 0.0001749395681210908, 9.323552532392032e-05, 0.0005483744674348312, 0.0002498108811440636, 0.0012962988028909495, 0.0004755305526338294, 0.0008627738954248843, 0.00040763181233249846], "High Renaissance": 0.0050227144750442185, "Surrealism": 0.0051044185178413665, "title": ["Qaidam", "Spell words", "Musical Allegory", "Call of the Sky", "Princess Caroline Of Monaco", "Judith Beheading Holofernes", "Defender. Cloud-archer.", "St. Mark and St. Matthew", "St. George and the Dragon", "Mrs. Charles Pelham Curtis", "Drawing by Marc Chagall for Vladimir Mayakovsky's 70th birthday", "The rooster in love", "Mrs. Edmond Kelly", "The Grand Duke's Madonna", "David and Goliath", "The lost jockey", "Making a Red Cross", "Youth Illustrated", "Portrait Of Jamie Wyeth", "Russian Easter"], "Na\u00efve Art (Primitivism)": 0.0046492795757304495, "scores": [0.009039676186695367, 0.010743490478291408, 0.011098547249347472, 0.011746244492356995, 0.01250185944219757, 0.013167947927555088, 0.013443029874978061, 0.0134777136749023, 0.013792824706314613, 0.0138935493643963, 0.013901326340743992, 0.014301106138005816, 0.01431430697067974, 0.014517512066644069, 0.01469192590482111, 0.014841742224276436, 0.015023152453679859, 0.015217555475545777, 0.01530614949771881, 0.01532383233427843], "unknown": 0.004947843162021228, "Symbolism": 0.0039013552402743833, "Pop Art": 0.004722123490531417, "Baroque": 0.004334880147740449, "style_dict": {"Neo-Romanticism": 1, "Expressionism, Surrealism": 1, "High Renaissance": 1, "Surrealism": 2, "Na\u00efve Art (Primitivism)": 2, "unknown": 1, "Symbolism": 5, "Pop Art": 2, "Baroque": 3, "Realism": 2}, "Realism": 0.004790022230832846}