{"Northern Renaissance": 0.008239735156276289, "Mannerism (Late Renaissance)": 0.008531207014550705, "year": [1871.0, 1906.0, 1890.0, 1903.0, 1877.0, 1877.0, 1597.0, "unknown", 1877.0, 1854.0, "unknown", 1949.0, "unknown", 1889.0, 1941.0, 1899.0, 1912.0, "unknown", 1545.0, "unknown"], "Academicism": 0.006509479523595046, "Rococo": 0.007944080636525715, "Baroque": 0.007666598700091257, "style": ["Romanticism", "Art Nouveau (Modern)", "Academicism", "Post-Impressionism", "Post-Impressionism", "Romanticism", "Baroque", "Rococo", "Impressionism", "Romanticism", "Northern Renaissance", "Na\u00efve Art (Primitivism)", "Early Renaissance", "Post-Impressionism", "Surrealism", "Art Nouveau (Modern)", "Art Nouveau (Modern)", "Neoclassicism", "Mannerism (Late Renaissance)", "Northern Renaissance"], "title": ["Seascape", "Country Garden with Sunflowers", "Pygmalion and Galatea", "Still Life, Vase with Flowers", "Dessert", "A Sculptor s Model (Venus Esquilina)", "The lute player", "The Sagredo Family", "Repetition of the Dance (detail)", "Semiramide, spidocchiatrice di straccioni", "Naked man with mirror", "Leisures on red bottom", "Polyptych Annunziata (St. Illuminata)", "Olive Trees", "City Worried", "After the Rain (Garden with Chickens in St. Agatha)", "Avenue of Schloss Kammer Park", "Charity", "Portrait of Doge Andrea Gritti", "St. Fridolin"], "Art Nouveau (Modern)": 0.007472237817844934, "style_dict": {"Impressionism": 1, "Rococo": 1, "Art Nouveau (Modern)": 3, "Northern Renaissance": 2, "Romanticism": 3, "Surrealism": 1, "Mannerism (Late Renaissance)": 1, "Na\u00efve Art (Primitivism)": 1, "Academicism": 1, "Baroque": 1, "Post-Impressionism": 3, "Early Renaissance": 1, "Neoclassicism": 1}, "Neoclassicism": 0.008516906090133128, "Impressionism": 0.007971361985190611, "scores": [0.018375414987984166, 0.018397814948956013, 0.0188148157736025, 0.019504321457436323, 0.02063485185138908, 0.022086412149055438, 0.022159320361867216, 0.022961346314263713, 0.023040199553962047, 0.02309931657837381, 0.02345629630002269, 0.023685431289126344, 0.023709006027508514, 0.023806775831890038, 0.02399104407209909, 0.024207773040179886, 0.024548883970630257, 0.02461702482757464, 0.02465835981562301, 0.025066498444273284], "Early Renaissance": 0.008202753145071469, "Post-Impressionism": 0.007115227408139188, "style_counts": [0.0005598450293600177, 0.0005871263780249381, 0.0010589691967057835, 0.0002914718582743836, 0.0014587966752908077, 0.00023087540268851292, 0.0, 0.0003366101692070522, 0.002021727490955638, 0.0003284538694792172, 0.0014159796064114882, 0.0008646083144594474, 1.4300924417565142e-05], "artist": ["Aivazovsky Ivan ", "Klimt Gustav", "Gerome Jean-Leon", "Cezanne Paul", "Cezanne Paul", "Alma-Tadema Lawrence ", "Caravaggio", "Longhi Pietro ", "Degas Edgar", "Dore Gustave ", "Durer Albrecht", "Leger Fernand ", "Perugino Pietro ", "van Gogh Vincent ", "Delvaux Paul", "Klimt Gustav", "Klimt Gustav", "Bouguereau William-Adolphe", "Titian", "Durer Albrecht"], "contentId": ["196751.jpg", "191466.jpg", "279424.jpg", "215910.jpg", "215553.jpg", "214472.jpg", "186714.jpg", "185151.jpg", "213631.jpg", "201813.jpg", "200869.jpg", "196015.jpg", "199112.jpg", "206375.jpg", "243034.jpg", "191449.jpg", "191454.jpg", "232362.jpg", "224968.jpg", "201082.jpg"], "style_labels": ["Impressionism", "Rococo", "Art Nouveau (Modern)", "Northern Renaissance", "Romanticism", "Surrealism", "Mannerism (Late Renaissance)", "Na\u00efve Art (Primitivism)", "Academicism", "Early Renaissance", "Post-Impressionism", "Baroque", "Neoclassicism"], "Romanticism": 0.0070724103392598965, "Surrealism": 0.008300331611862144, "Na\u00efve Art (Primitivism)": 0.008194596845343669}