{"Northern Renaissance": 0.003175818315679344, "High Renaissance": 0.0030677410755408155, "year": [1890.0, 1609.0, 1907.0, 1925.0, 1500.0, 1928.0, 1563.0, 1907.0, 1515.0, 1890.0, 1951.0, 1944.0, 1478.0, 1907.0, 1932.0, 1907.0, 1814.0, 1625.0, 1890.0, 1798.0], "Baroque": 0.0029882113522180873, "style": ["Post-Impressionism", "Baroque", "Impressionism", "Surrealism", "High Renaissance", "Symbolism", "Northern Renaissance", "Symbolism", "High Renaissance", "Impressionism", "Realism, Surrealism", "Surrealism", "Early Renaissance", "Art Nouveau (Modern)", "Surrealism", "Neo-Romanticism", "Romanticism", "Baroque", "Realism", "Romanticism"], "Neo-Romanticism": 0.003582918142720092, "title": ["Bathers", "The Lamentation", "Maria at La Granja", "Bathing Woman", "Study of Christ for the Last Supper", "Qaidam", "Yawning Man (disputed attribution)", "Triumph of the Skies", "Suicide of Lucretia", "Pears and Apples", "Mystical Carnation", "Slow Swirl at the Edge of the Sea", "Study", "Portrait of Adele Bloch-Bauer I", "Nostalgia of the Cannibal", "I Tomtegruvan", "Portrait thought to be Josepha Bayeu (or Leocadia Weiss)", "Self-Portrait", "Portrait\u00a0of\u00a0Gabrielle\u00a0Cot", "Don Andres del Peral"], "Art Nouveau (Modern)": 0.003530655562867976, "Symbolism": 0.0031438673064128567, "style_dict": {"Impressionism": 2, "Neo-Romanticism": 1, "Early Renaissance": 1, "Art Nouveau (Modern)": 1, "Northern Renaissance": 1, "Romanticism": 2, "High Renaissance": 2, "Surrealism": 3, "Symbolism": 2, "Baroque": 2, "Post-Impressionism": 1, "Realism, Surrealism": 1, "Realism": 1}, "Realism, Surrealism": 0.003407564625196736, "Impressionism": 0.002954440958578493, "scores": [0.006928935640273635, 0.007010076717396596, 0.007692493230751566, 0.008443324586109477, 0.00850712114212787, 0.009105237169478187, 0.009179295567848942, 0.009408613715179849, 0.009558431659496843, 0.009705849009417188, 0.009849128555874675, 0.010046314542765498, 0.010106704749897551, 0.010204907125772584, 0.010352754546956514, 0.010355965410571932, 0.01051910396995595, 0.01058713524952059, 0.010678841345367847, 0.0109278192031034], "Early Renaissance": 0.0034966798725067777, "Post-Impressionism": 0.0023972472126966285, "Realism": 0.0036946255498776157, "style_counts": [0.0007401845912992089, 0.00011170740715760186, 0.00016396998700962673, 0.0005188072341982819, 5.268843981898197e-05, 0.0006268844743367863, 0.00028706092468089306, 0.0004853497043190158, 0.0005507582434648439, 0.00019794567737085877, 0.001297378337181021, 0.0007064141976595995, 0.0], "artist": ["Cezanne Paul", "Rubens Peter Paul", "Sorolla Joaqu\u00edn", "Miro Joan", "da Vinci Leonardo", "Roerich Nicholas", "Bruegel the Elder Pieter", "Malevich Kazimir", "Titian", "Renoir Pierre-Auguste", "Dali Salvador", "Rothko Mark", "da Vinci Leonardo", "Klimt Gustav", "Dali Salvador", "Kittelsen Theodor Severin", "Goya Francisco", "Rubens Peter Paul", "Bouguereau William-Adolphe", "Goya Francisco"], "contentId": ["215489.jpg", "216666.jpg", "251098.jpg", "227875.jpg", "225257.jpg", "226412.jpg", "9223372032559808890.jpg", "219898.jpg", "225037.jpg", "218846.jpg", "221181.jpg", "242157.jpg", "225228.jpg", "191556.jpg", "221190.jpg", "321921.jpg", "194034.jpg", "216585.jpg", "232470.jpg", "193898.jpg"], "style_labels": ["Impressionism", "Neo-Romanticism", "Art Nouveau (Modern)", "Northern Renaissance", "Romanticism", "High Renaissance", "Realism, Surrealism", "Surrealism", "Symbolism", "Early Renaissance", "Post-Impressionism", "Baroque", "Realism"], "Romanticism": 0.003641937110058721, "Surrealism": 0.0032092758455585972}