{"Impressionism": 0.007298840809280993, "style": ["Symbolism", "Northern Renaissance", "Op Art", "Cubism", "Pop Art", "Surrealism", "Symbolism", "Expressionism", "Expressionism", "Surrealism", "Romanticism", "Romanticism", "Symbolism", "Realism", "Realism", "Surrealism", "Neoplasticism", "Art Nouveau (Modern)", "Realism", "Impressionism"], "style_labels": ["Impressionism", "Op Art", "Art Nouveau (Modern)", "Northern Renaissance", "Romanticism", "Neoplasticism", "Surrealism", "Expressionism", "Symbolism", "Pop Art", "Cubism", "Realism"], "artist": ["Roerich Nicholas", "Durer Albrecht", "Escher M.C.", "Kirchner Ernst Ludwig", "Warhol Andy", "Escher M.C.", "Roerich Nicholas", "Kirchner Ernst Ludwig", "Reinhardt Ad", "Escher M.C.", "Dore Gustave ", "Dore Gustave ", "Roerich Nicholas", "Courbet Gustave", "Kittelsen Theodor Severin", "Dali Salvador", "Mondrian Piet", "Roerich Nicholas", "Dali Salvador", "Toulouse-Lautrec Henri de"], "Op Art": 0.006148325586252201, "contentId": ["225767.jpg", "201077.jpg", "204463.jpg", "252204.jpg", "300197.jpg", "204881.jpg", "225716.jpg", "252084.jpg", "284621.jpg", "204875.jpg", "201862.jpg", "201933.jpg", "225737.jpg", "191844.jpg", "321939.jpg", "221121.jpg", "186042.jpg", "226282.jpg", "221559.jpg", "230638.jpg"], "Art Nouveau (Modern)": 0.007246620131175151, "title": ["Himalayas", "St. Christopher Carrying the Christ Child", "Concentric Rinds", "The Kiss", "Work Boots", "The 6th Day of the Creation", "Himalayas", "Portrait", "Illustration for \"The Races of Mankind\" by Ruth Benedict and Gene Weltfish", "Tetrahedral Planetoid", "The Avariscious and Prodigal", "The Empyrean", "Himalayas", "Sitting on Cushions Dog", "Kirkegaarden Paa Braatebakken", "Loneliness", "New York City I", "Old man", "The Bread Basket", "White Horse \"Gazelle\""], "Northern Renaissance": 0.005992144791840473, "Romanticism": 0.006956073386178088, "Neoplasticism": 0.007224293788348658, "scores": [0.013281472138315566, 0.017319526075560296, 0.01777094663285374, 0.018641172630197645, 0.019197761604016823, 0.019371348208845295, 0.019576207924593865, 0.019803978488758207, 0.020250264616574518, 0.020318054390922186, 0.020360491260003576, 0.02060297598040653, 0.020612639151330596, 0.020640423921426232, 0.02073308983593119, 0.020760406505194413, 0.020880894736587653, 0.020945426167350456, 0.021037866679330258, 0.021096363340525767], "Surrealism": 0.006726214003234584, "Expressionism": 0.006801676548357598, "year": ["unknown", "unknown", "unknown", 1930.0, 1986.0, 1926.0, 1938.0, 1927.0, 1944.0, 1954.0, "unknown", "unknown", 1946.0, 1855.0, "unknown", 1931.0, 1942.0, 1930.0, 1945.0, 1881.0], "Symbolism": 0.005949610349170203, "Pop Art": 0.006641969688352628, "style_dict": {"Impressionism": 1, "Op Art": 1, "Art Nouveau (Modern)": 1, "Northern Renaissance": 1, "Romanticism": 2, "Neoplasticism": 1, "Surrealism": 3, "Expressionism": 2, "Symbolism": 3, "Pop Art": 1, "Cubism": 1, "Realism": 3}, "Cubism": 0.006449403118914408, "Realism": 0.006944476868827563, "style_counts": [0.0, 0.0011505152230287807, 5.222067810584097e-05, 0.0013066960174404896, 0.00034276742310290764, 7.454702093234733e-05, 0.0005726268060464168, 0.0004971642609233884, 0.0013492304601108174, 0.0006568711209283817, 0.0008494376903666057, 0.000354363940453406]}