{"Abstract Expressionism, Symbolism": 0.003671753801202573, "year": [1915.0, "unknown", 1882.0, "unknown", "unknown", 1975.0, "unknown", 1967.0, 1963.0, 1921.0, 1960.0, 1951.0, 1910.0, "unknown", 1809.0, 1962.0, "unknown", 1960.0, "unknown", 1888.0], "style": ["Abstract Art", "Baroque", "Realism", "Romanticism", "Ukiyo-e", "Na\u00efve Art (Primitivism)", "Realism", "Abstract Expressionism, Symbolism", "Abstract Expressionism", "Art Nouveau (Modern)", "Surrealism", "Surrealism", "Realism", "Surrealism", "Symbolism", "Na\u00efve Art (Primitivism)", "Ukiyo-e", "Pop Art", "Surrealism", "Post-Impressionism"], "title": ["Untitled", "A Nurse and an Eating Child", "Beach and Sea", "The Picador", "Manga", "A man with Thora", "Figure studies of a male youth", "Iosias sepultus in mausoleum patrum (2 Chronicles 35:24)", "Leda and the Swan", "Illustration for Nikolay Nekrasov poem \"Uncle Jacob\"", "Song of Songs III", "Portrait of Katharina Cornell", "Cecily Homer", "Observatory Time: The Lovers", "Illustration to Milton`s On the Morning of Christ`s Nativity", "On the tramp", "Manga", "Untitled (Superman Collage #15)", "Untitled", "Row of Cottages in Saintes-Maries"], "Art Nouveau (Modern)": 0.0036926169014788656, "Ukiyo-e": 0.003684712617416907, "Symbolism": 0.004026184268610612, "style_dict": {"Abstract Expressionism": 1, "Art Nouveau (Modern)": 1, "Ukiyo-e": 2, "Romanticism": 1, "Surrealism": 4, "Abstract Expressionism, Symbolism": 1, "Na\u00efve Art (Primitivism)": 2, "Pop Art": 1, "Symbolism": 1, "Abstract Art": 1, "Baroque": 1, "Post-Impressionism": 1, "Realism": 3}, "scores": [0.008114333826432257, 0.009251842376587605, 0.009299630871648795, 0.00957858764419073, 0.00991176536762535, 0.010147435763997457, 0.010561475924506455, 0.010612733488943805, 0.01066639618447061, 0.010673035604764557, 0.010971144440245599, 0.011127763603970936, 0.01115692007860429, 0.011328783327549188, 0.011637169302077938, 0.011703066316336672, 0.01178705754787213, 0.011819017264043078, 0.011886046211972668, 0.011912719828899646], "Abstract Art": 0.0028073668393225983, "Baroque": 0.0032009177889704434, "Post-Impressionism": 0.004121518208291186, "Realism": 0.003451357246727666, "style_counts": [0.0004311983885894044, 0.00042890130681239036, 0.000436805590874334, 0.0008075543148843289, 0.000400594934555798, 0.0004497644070886597, 0.000411048703754191, 3.2418862591199193e-05, 9.533393968064185e-05, 0.001314151368968619, 0.0009206004193207384, 0.0, 0.0006701609615635817], "Abstract Expressionism": 0.0036903198197018212, "artist": ["Kandinsky Wassily", "Rembrandt", "van Gogh Vincent ", "Gerome Jean-Leon", "Hokusai Katsushika", "Chagall Marc", "Sargent John Singer", "Dali Salvador", "Twombly Cy", "Kustodiev Boris", "Chagall Marc", "Dali Salvador", "Sargent John Singer", "Ray Man", "Blake William ", "Chagall Marc", "Hokusai Katsushika", "Warhol Andy", "Beksinski Zdislav", "van Gogh Vincent "], "contentId": ["189430.jpg", "219963.jpg", "205726.jpg", "279481.jpg", "222232.jpg", "202372.jpg", "266430.jpg", "246753.jpg", "231511.jpg", "229857.jpg", "203035.jpg", "221342.jpg", "266075.jpg", "290397.jpg", "192887.jpg", "202893.jpg", "222236.jpg", "300220.jpg", "258838.jpg", "206731.jpg"], "style_labels": ["Abstract Expressionism", "Art Nouveau (Modern)", "Ukiyo-e", "Romanticism", "Surrealism", "Abstract Expressionism, Symbolism", "Na\u00efve Art (Primitivism)", "Pop Art", "Symbolism", "Abstract Art", "Baroque", "Post-Impressionism", "Realism"], "Romanticism": 0.0033139638934068347, "Surrealism": 0.00372092327373536, "Na\u00efve Art (Primitivism)": 0.0037104695045369774, "Pop Art": 0.0040890993457000395}