{"Impressionism": 0.0042504544900452135, "style": ["New Realism", "New Realism", "Realism", "Neo-Expressionism", "Impressionism", "Art Nouveau (Modern)", "Realism", "Symbolism", "Post-Impressionism", "Impressionism", "Baroque", "Neo-Romanticism", "Early Renaissance", "Art Nouveau (Modern)", "Impressionism", "Impressionism", "Romanticism", "Realism", "Realism", "Cloisonnism"], "Post-Impressionism": 0.004328113750807907, "Neo-Romanticism": 0.004393020276720479, "Neo-Expressionism": 0.0037064147715291963, "contentId": ["362020.jpg", "362023.jpg", "215150.jpg", "231508.jpg", "219073.jpg", "230395.jpg", "215290.jpg", "226248.jpg", "230523.jpg", "219083.jpg", "220720.jpg", "322002.jpg", "199141.jpg", "232710.jpg", "218395.jpg", "218477.jpg", "193899.jpg", "215112.jpg", "266194.jpg", "190942.jpg"], "Art Nouveau (Modern)": 0.004241117198055777, "artist": ["Hopper Edward", "Hopper Edward", "Repin Ilya", "Twombly Cy", "Renoir Pierre-Auguste", "Toulouse-Lautrec Henri de", "Repin Ilya", "Roerich Nicholas", "Toulouse-Lautrec Henri de", "Renoir Pierre-Auguste", "Rembrandt", "Kittelsen Theodor Severin", "Perugino Pietro ", "Schiele Egon", "Renoir Pierre-Auguste", "Renoir Pierre-Auguste", "Goya Francisco", "Repin Ilya", "Sargent John Singer", "Gauguin Paul "], "Romanticism": 0.004860608730847521, "Symbolism": 0.004185010639448135, "style_labels": ["Impressionism", "Post-Impressionism", "Neo-Romanticism", "Neo-Expressionism", "Art Nouveau (Modern)", "Romanticism", "Symbolism", "New Realism", "Early Renaissance", "Cloisonnism", "Baroque", "Realism"], "scores": [0.008490308568249626, 0.00940573347628175, 0.010200314353607291, 0.010712916578677154, 0.011745694120170656, 0.011785620415934978, 0.012067697538199933, 0.012096236558755857, 0.012509857750297212, 0.01259849823361012, 0.012649195673853105, 0.012697461739698067, 0.01286810675193248, 0.013189801170402192, 0.013462134028791024, 0.013956089879287885, 0.014048966201825195, 0.014136348616003252, 0.01448702408538641, 0.014779366763649703], "year": [1929.0, 1929.0, 1879.0, 2009.0, "unknown", 1896.0, 1896.0, 1924.0, 1896.0, 1897.0, 1655.0, "unknown", "unknown", 1910.0, 1916.0, 1915.0, 1819.0, 1870.0, 1882.0, 1891.0], "New Realism": 0.0030389561765680876, "title": ["Barn and Silo, Vermont", "Folly Beach, Charleston, South Carolina", "Portrait of Ivan Turgenev", "Leaving Paphos Ringed With Waves IV", "Still Life", "Chocolat dancing in the Irish and American Bar", "Portrait of the writer Aleksey Konstantinovich Tolstoy", "Mountains Soshing", "Mlle Lucie Bellanger", "Still Life with Apples and Oranges", "View of Diemen", "Tjernet", "St. Augustine Polyptych (detail)", "Portrait of Madame Dr. Horak", "Cup, Lemon and Tomato", "Garland of Fruit and Flowers", "Don Juan Antonio Cuervo", "Portrait of an old woman", "Madame Errazuriz (also known as The Lady in Black)", "Woman with a Flower"], "Early Renaissance": 0.004452059399202987, "Cloisonnism": 0.005113309982798637, "style_dict": {"Impressionism": 4, "Cloisonnism": 1, "Neo-Romanticism": 1, "Neo-Expressionism": 1, "Art Nouveau (Modern)": 2, "Romanticism": 1, "Symbolism": 1, "New Realism": 2, "Baroque": 1, "Post-Impressionism": 1, "Early Renaissance": 1, "Realism": 4}, "Baroque": 0.004376321363954983, "Realism": 0.004178929999219475, "style_counts": [0.0008628554927534449, 0.0007851962319908035, 0.000720289706078181, 0.0014068952112694655, 0.0008721927847429312, 0.00025270125195120396, 0.0009282993433505915, 0.0020743538062305555, 0.0006612505835956739, 0.0, 0.000736988618843748, 0.0009343799835792588]}