{"Impressionism": 0.0028132616270784075, "style": ["Realism", "Post-Impressionism", "Post-Impressionism", "Na\u00efve Art (Primitivism)", "Symbolism", "Symbolism", "Symbolism", "Realism", "Baroque", "Symbolism", "unknown", "Cloisonnism", "Symbolism", "Symbolism", "Surrealism", "Impressionism", "Abstract Expressionism, Symbolism", "Surrealism", "Symbolism", "New Realism"], "Post-Impressionism": 0.0019034845552943556, "Symbolism": 0.00228950316012907, "unknown": 0.002527696232832532, "artist": ["Corot Camille ", "Mondrian Piet", "Picasso Pablo", "Chagall Marc", "Roerich Nicholas", "Roerich Nicholas", "Roerich Nicholas", "Zorn Anders", "Rubens Peter Paul", "Roerich Nicholas", "van Gogh Vincent ", "Dali Salvador", "Roerich Nicholas", "Roerich Nicholas", "Beksinski Zdislav", "Churchill Winston", "Dali Salvador", "Beksinski Zdislav", "Roerich Nicholas", "Hopper Edward"], "year": [1827.0, 1911.0, 1903.0, 1973.0, 1924.0, 1924.0, 1925.0, 1888.0, 1634.0, 1933.0, 1888.0, 1921.0, 1934.0, 1921.0, "unknown", "unknown", 1967.0, "unknown", 1931.0, 1927.0], "style_counts": [0.00014802295500360163, 0.0010578000267876808, 0.0006717814219528995, 0.00043358834924944745, 0.00018480082200478254, 9.888926651535623e-05, 0.0008800760209859426, 0.0, 0.000554635254396918, 0.0002835896511460545, 0.0012083173270741598], "Surrealism": 0.0027764837600772487, "style_labels": ["Impressionism", "Post-Impressionism", "Symbolism", "unknown", "Surrealism", "Abstract Expressionism, Symbolism", "Na\u00efve Art (Primitivism)", "New Realism", "Baroque", "Cloisonnism", "Realism"], "Abstract Expressionism, Symbolism": 0.0028623953155666702, "Na\u00efve Art (Primitivism)": 0.0020812085610960283, "scores": [0.0033728297068650543, 0.005417859807185997, 0.005791528434513998, 0.006015466447283675, 0.006061177932390744, 0.006467495091349636, 0.006770995718197337, 0.0069501805228298335, 0.00695611124790079, 0.007297827807536367, 0.007305981803919679, 0.0077395338046388805, 0.007932385579619214, 0.007941023440640812, 0.00806842645914695, 0.008131371954480441, 0.008273386580048184, 0.008281947557241156, 0.008462244443759308, 0.008559213323143229], "contentId": ["199633.jpg", "185978.jpg", "223863.jpg", "202682.jpg", "225940.jpg", "226248.jpg", "225638.jpg", "277361.jpg", "216631.jpg", "226774.jpg", "323442.jpg", "220971.jpg", "226481.jpg", "225395.jpg", "258681.jpg", "313751.jpg", "246784.jpg", "258748.jpg", "225863.jpg", "235582.jpg"], "New Realism": 0.002961284582082024, "title": ["Mount Soracte", "Dune Landscape", "Dawn at Riera de Sant Joan", "Jacob's Ladder", "Kangchenjunga", "Mountains Soshing", "Gilgit Road", "A Fisherman", "The Cardinal Infante", "Stupa", "Sunset at Montmajour", "Festival of St. Lucia At, Villamalla", "Sacred Himalayas", "Blue temples", "Untitled", "Evening Glow at Mimizan", "Sponsabo te mihi in sempiternum (Song of Songs 2:12)", "Untitled", "Holy cave", "Lighthouse HIll"], "Baroque": 0.002406649327685095, "Cloisonnism": 0.002677694930935912, "style_dict": {"Impressionism": 1, "New Realism": 1, "Cloisonnism": 1, "unknown": 1, "Surrealism": 2, "Abstract Expressionism, Symbolism": 1, "Na\u00efve Art (Primitivism)": 1, "Symbolism": 7, "Baroque": 1, "Post-Impressionism": 2, "Realism": 2}, "Realism": 0.0017529672550078274}