{"Impressionism": 0.0039723226337540635, "style": ["Realism", "Art Nouveau (Modern)", "Realism", "Realism", "Realism", "Cubism", "Realism", "Impressionism", "Expressionism", "New Realism", "Impressionism", "Impressionism", "Orientalism", "Symbolism", "Neoclassicism", "Realism, Surrealism", "Realism", "Expressionism", "Realism", "Realism"], "style_labels": ["Impressionism", "Orientalism", "Art Nouveau (Modern)", "Realism, Surrealism", "Symbolism", "Realism", "Expressionism", "New Realism", "Cubism", "Neoclassicism"], "artist": ["Courbet Gustave", "Roerich Nicholas", "Courbet Gustave", "Repin Ilya", "Courbet Gustave", "Chagall Marc", "Sargent John Singer", "Monet Claude", "Balthus", "Hopper Edward", "Manet Edouard", "Renoir Pierre-Auguste", "Gerome Jean-Leon", "Blake William ", "Ingres Jean Auguste Dominique ", "Dali Salvador", "Corot Camille ", "Dali Salvador", "Sargent John Singer", "Bouguereau William-Adolphe"], "Orientalism": 0.004218332063320283, "Art Nouveau (Modern)": 0.0033047351773064625, "title": ["The Trout", "Prologue. Forest.", "Reclining nude", "Jew praying", "The Bathers", "Homage to Gogol. Design for curtain for Gogol festival.", "The Duchess of Sutherland", "Fontainebleau Forest", "The Cat in the Mirror", "Automat", "Music in the Tuileries Garden", "Alfred Berard and His Dog", "The Bath", "Isaac Newton", "Jupiter and Antiope", "Mystical Carnation", "Monk in White, Seated, Reading", "Madrid. Drunk Man", "Beatriice Goelet", "Portrait\u00a0of\u00a0Gabrielle\u00a0Cot"], "year": [1873.0, 1908.0, "unknown", 1875.0, 1853.0, 1917.0, 1904.0, 1865.0, 1990.0, 1927.0, 1862.0, 1881.0, 1885.0, 1795.0, 1851.0, 1951.0, 1857.0, 1922.0, 1890.0, 1890.0], "style_counts": [0.00042319625035758257, 0.00017718682079137515, 0.001090783706805154, 0.0, 0.00014556427709710995, 0.000781844507238727, 0.00019869529117222395, 0.00030658895083990334, 0.00037314886215189524, 0.0001175423381594154], "Realism, Surrealism": 0.00439551888411155, "scores": [0.009309175530633807, 0.009551913223812573, 0.010065724087225437, 0.01157588005497684, 0.011589411860026523, 0.011626144711280584, 0.011640955732376938, 0.011721113831150598, 0.011790200870538978, 0.011818527599144917, 0.011981627337419538, 0.011997304176147978, 0.012192547861248801, 0.012283948768455481, 0.01236494258936239, 0.012704683643935288, 0.012921967185587647, 0.012924381080933413, 0.012940026253738388, 0.01301261202072843], "Symbolism": 0.0042499546070145265, "Realism": 0.003613674376872873, "Expressionism": 0.004196823592939426, "contentId": ["191938.jpg", "226401.jpg", "191816.jpg", "215016.jpg", "191870.jpg", "202606.jpg", "266337.jpg", "211940.jpg", "244787.jpg", "235527.jpg", "192065.jpg", "218191.jpg", "279449.jpg", "192906.jpg", "193365.jpg", "221181.jpg", "199621.jpg", "221130.jpg", "266065.jpg", "232470.jpg"], "New Realism": 0.0040889299332717505, "style_dict": {"Impressionism": 3, "Orientalism": 1, "Art Nouveau (Modern)": 1, "Realism, Surrealism": 1, "Symbolism": 1, "Neoclassicism": 1, "Expressionism": 2, "New Realism": 1, "Cubism": 1, "Realism": 8}, "Cubism": 0.004022370021959732, "Neoclassicism": 0.004277976545952189}