{"Impressionism": 0.002727847077239616, "Social Realism": 0.00163658739901095, "style_labels": ["Impressionism", "Social Realism", "Neo-Romanticism", "Symbolism", "Romanticism", "Surrealism", "Color Field Painting", "New Realism", "Academicism", "Realism"], "Neo-Romanticism": 0.0025423073641817014, "Symbolism": 0.002248931541746699, "contentId": ["235549.jpg", "235592.jpg", "204687.jpg", "292727.jpg", "199633.jpg", "260665.jpg", "279466.jpg", "221706.jpg", "321884.jpg", "321911.jpg", "196790.jpg", "337093.jpg", "251277.jpg", "258777.jpg", "321881.jpg", "221790.jpg", "244354.jpg", "228916.jpg", "251283.jpg", "207533.jpg"], "artist": ["Hopper Edward", "Hopper Edward", "Escher M.C.", "Rothko Mark", "Corot Camille ", "B\u00f6cklin Arnold", "Gerome Jean-Leon", "Dali Salvador", "Kittelsen Theodor Severin", "Kittelsen Theodor Severin", "Aivazovsky Ivan ", "Cezanne Paul", "Sorolla Joaqu\u00edn", "Beksinski Zdislav", "Kittelsen Theodor Severin", "Dali Salvador", "Hassam Childe", "Shishkin Ivan", "Sorolla Joaqu\u00edn", "van Gogh Vincent "], "Romanticism": 0.002779845490488325, "style_dict": {"Impressionism": 4, "Social Realism": 1, "Neo-Romanticism": 2, "Symbolism": 1, "Romanticism": 1, "Surrealism": 4, "Color Field Painting": 1, "New Realism": 1, "Academicism": 1, "Realism": 4}, "Surrealism": 0.002325078003551311, "Color Field Painting": 0.0017526088463674784, "title": ["Deck of a Beam Trawler, Gloucester", "New York, New Haven and Hartford", "NOT DETECTED", "Untitled (No. 17)", "Mount Soracte", "The Bagpiper", "The End of the Corrida", "The Triumph of Nautilus", "Fra Turen Til Notodden", "Husmand", "Ships in the stormy sea. Sunrise", "Rose Bouquet", "Ropemakers", "Untitled", "Fra Lofoten", "Untitled (St. John from Behind)", "The North Gorge, Appledore, Isles of Shoals", "Rocks on the island of Valaam. Kukko", "Sad Inheritance Study (Beach Rascals)", "Women Mending Nets in the Dunes"], "scores": [0.004286766923240194, 0.004730345997429991, 0.004914365011595945, 0.005065691112179537, 0.005634112848208375, 0.006500248213706539, 0.006512801146038539, 0.006908146168235554, 0.0073695823732858046, 0.007601755426951181, 0.008034786897022465, 0.008035900096300598, 0.008047022181961072, 0.008097080294937681, 0.008237705790546352, 0.008395417130307406, 0.008430838530256012, 0.00860836236084399, 0.008706205724819399, 0.008732116608005006], "year": [1923.0, 1931.0, 1933.0, 1961.0, 1827.0, 1861.0, 1870.0, 1941.0, "unknown", "unknown", 1871.0, 1884.0, 1893.0, "unknown", "unknown", 1965.0, 1912.0, 1859.0, 1908.0, 1882.0], "New Realism": 0.0014831195715669578, "Academicism": 0.002253274558280025, "style": ["New Realism", "Social Realism", "Surrealism", "Color Field Painting", "Realism", "Symbolism", "Academicism", "Surrealism", "Neo-Romanticism", "Neo-Romanticism", "Romanticism", "Impressionism", "Impressionism", "Surrealism", "Realism", "Surrealism", "Impressionism", "Realism", "Impressionism", "Realism"], "Realism": 0.002562987976444598, "style_counts": [5.1998413248766084e-05, 0.001143258091477417, 0.00023753812630666893, 0.000530913948741718, 0.0, 0.0004547674869370688, 0.0010272366441208547, 0.001296725918921382, 0.0005265709322083145, 0.00021685751404376674]}