{"Suprematism": 0.0033531628213592183, "Abstract Expressionism, Symbolism": 0.0033612325999975968, "year": ["unknown", "unknown", 1934.0, "unknown", "unknown", 1942.0, 1947.0, 1976.0, 1951.0, 1916.0, 1890.0, "unknown", 1844.0, "unknown", 1948.0, 1913.0, 1964.0, 1968.0, 1913.0, 1890.0], "style": ["Surrealism", "Surrealism", "Expressionism", "Symbolism", "Surrealism", "Realism, Surrealism", "Abstract Expressionism", "Pop Art", "Surrealism", "Abstract Art", "Post-Impressionism", "Surrealism", "Neoclassicism", "Surrealism", "Abstract Expressionism", "Suprematism", "Abstract Expressionism, Symbolism", "Op Art", "Constructivism", "Realism"], "title": ["Untitled", "Untitled", "Portrait of the artist's sister", "The sea", "Untitled", "Portrait of Mrs. Ortiz-Linares", "Papercut", "Mimosas", "Explosive Madonna", "Blue-02", "A Steamer with Several People", "Untitled", "The archangel Raphael is the prayers of God to men", "Untitled", "Untitled", "Costume for Victory over the Sun. Many and One", "Gloria vultus Moysi (Exodus 34:29)", "Metamorphosis III excerpt 5", "Singer", "Sketches of a Hen and a Cock"], "Expressionism": 0.002690518607878317, "Symbolism": 0.0027811093599939235, "style_dict": {"Abstract Expressionism": 2, "Op Art": 1, "Abstract Expressionism, Symbolism": 1, "Surrealism": 6, "Suprematism": 1, "Realism": 1, "Expressionism": 1, "Abstract Art": 1, "Symbolism": 1, "Pop Art": 1, "Post-Impressionism": 1, "Constructivism": 1, "Realism, Surrealism": 1, "Neoclassicism": 1}, "Realism, Surrealism": 0.0029564586700912172, "Neoclassicism": 0.0032458507246661147, "scores": [0.0075101250235775074, 0.007584847457179666, 0.007776598998305593, 0.008038439949747114, 0.008376227579311802, 0.008545264643418909, 0.008596298817915177, 0.00882351916123855, 0.008965443874916086, 0.009320358031327722, 0.009327614574522811, 0.009367461688579047, 0.009381715264921738, 0.009631825525037248, 0.009648181664179026, 0.009691887118484106, 0.009715211778752949, 0.009780650692916778, 0.009844097583764318, 0.009988743103831675], "Constructivism": 0.00340582402830064, "Post-Impressionism": 0.003227133170340748, "Realism": 0.003455867943818498, "style_counts": [0.00035774286614087547, 0.0006747585838245973, 7.19950332846997e-05, 0.000721799691393632, 9.463534382092575e-05, 0.0, 0.0007653493359401908, 5.004391551788334e-05, 0.00010270512245924568, 0.000231245365125754, 0.00022873477347773452, 0.0004994092737272693, 0.0002100172191523697, 0.00040313981736428417], "Abstract Expressionism": 0.0030981250776776414, "artist": ["Beksinski Zdislav", "Beksinski Zdislav", "Serebriakova Zinaida", "B\u00f6cklin Arnold", "Beksinski Zdislav", "Dali Salvador", "Matisse Henri", "Warhol Andy", "Dali Salvador", "O'Keeffe Georgia", "van Gogh Vincent ", "Beksinski Zdislav", "Ingres Jean Auguste Dominique ", "Beksinski Zdislav", "Rothko Mark", "Malevich Kazimir", "Dali Salvador", "Escher M.C.", "Malevich Kazimir", "van Gogh Vincent "], "Op Art": 0.003383872910533796, "contentId": ["258764.jpg", "258711.jpg", "227446.jpg", "260685.jpg", "258769.jpg", "221358.jpg", "214130.jpg", "300236.jpg", "220957.jpg", "231646.jpg", "205671.jpg", "258765.jpg", "193544.jpg", "258770.jpg", "242115.jpg", "361384.jpg", "246741.jpg", "204606.jpg", "219805.jpg", "206878.jpg"], "style_labels": ["Abstract Expressionism", "Symbolism", "Op Art", "Surrealism", "Abstract Expressionism, Symbolism", "Realism", "Expressionism", "Constructivism", "Suprematism", "Abstract Art", "Post-Impressionism", "Realism, Surrealism", "Neoclassicism", "Pop Art"], "Surrealism": 0.002734068252424826, "Pop Art": 0.0030527281264542206, "Abstract Art": 0.003224622578692714}