{"Impressionism": 0.003665507233419935, "style": ["Academicism", "Realism", "unknown", "Art Nouveau (Modern)", "Post-Impressionism, Symbolism", "Surrealism", "Color Field Painting", "Neo-Romanticism", "Symbolism", "Symbolism", "Realism", "Art Nouveau (Modern)", "Realism", "Realism", "Symbolism", "Surrealism", "Romanticism", "Realism", "Impressionism", "Op Art"], "style_labels": ["Impressionism", "Neo-Romanticism", "Op Art", "unknown", "Art Nouveau (Modern)", "Post-Impressionism, Symbolism", "Romanticism", "Surrealism", "Color Field Painting", "Symbolism", "Academicism", "Realism"], "Neo-Romanticism": 0.0030505763448682526, "artist": ["Gerome Jean-Leon", "Corot Camille ", "Matisse Henri", "Roerich Nicholas", "Dali Salvador", "Escher M.C.", "Rothko Mark", "Kittelsen Theodor Severin", "Roerich Nicholas", "Roerich Nicholas", "Corot Camille ", "Roerich Nicholas", "van Gogh Vincent ", "Levitan Isaac", "B\u00f6cklin Arnold", "Escher M.C.", "Aivazovsky Ivan ", "Levitan Isaac", "Renoir Pierre-Auguste", "Escher M.C."], "Op Art": 0.0036659125969939134, "unknown": 0.0028039361871716306, "Art Nouveau (Modern)": 0.0030341008973122233, "Post-Impressionism, Symbolism": 0.0028251847162739023, "year": [1870.0, 1827.0, 1904.0, 1901.0, 1921.0, 1930.0, 1961.0, "unknown", 1921.0, 1911.0, 1826.0, 1913.0, 1882.0, 1880.0, 1858.0, 1933.0, 1869.0, 1888.0, 1881.0, 1955.0], "Romanticism": 0.00364715603906842, "Surrealism": 0.0032482665660884956, "Color Field Painting": 0.0029986310833574658, "title": ["The End of the Corrida", "Mount Soracte", "View of the Seine, the Pont Saint Michel", "Green fjord", "Nymphs in a Romantic, Garden", "The Bridge", "Untitled (No. 17)", "Fra Turen Til Notodden", "Enlightenment", "Rond rocks", "Rocks at Civita Castellana", "Yard", "Women Mending Nets in the Dunes", "At the park", "Pan among the reeds", "NOT DETECTED", "Clash soldiers with murids on Gunib", "At Volga. Evening falls.", "Landscape", "Three Worlds"], "scores": [0.00752763369055784, 0.007899157083877402, 0.008104417966343935, 0.008124190582381438, 0.008165834114757976, 0.00860533527241606, 0.008667158595685998, 0.008817299712513308, 0.008841171762817348, 0.009310068099490086, 0.009646165827726358, 0.009743259315158528, 0.009955308322731749, 0.010234741209662553, 0.010486315598388508, 0.010523310111412117, 0.010541636811963802, 0.010556367415868682, 0.010594678585841084, 0.010595850237266991], "contentId": ["279466.jpg", "199633.jpg", "9223372032559820494.jpg", "225665.jpg", "221257.jpg", "204883.jpg", "292727.jpg", "321884.jpg", "225571.jpg", "226448.jpg", "199706.jpg", "227096.jpg", "207533.jpg", "210071.jpg", "260630.jpg", "204687.jpg", "196479.jpg", "210077.jpg", "218602.jpg", "204894.jpg"], "Symbolism": 0.003186483620215917, "Academicism": 0.0026043825227648337, "style_dict": {"Impressionism": 1, "Neo-Romanticism": 1, "Op Art": 1, "unknown": 1, "Art Nouveau (Modern)": 2, "Post-Impressionism, Symbolism": 1, "Romanticism": 1, "Surrealism": 2, "Color Field Painting": 1, "Symbolism": 3, "Academicism": 1, "Realism": 5}, "Realism": 0.0031246248208205204, "style_counts": [4.0536357392984e-07, 0.00061533625212562, 0.0, 0.0008619764098222182, 0.0006318116996816281, 0.0008407278807199825, 1.8756557925492245e-05, 0.0004176460309054386, 0.0006672815136363752, 0.0004794289767779958, 0.0010615300742290446, 0.0005412877761733492]}