{"Impressionism": 0.00564499332861726, "style": ["Color Field Painting", "Symbolism", "Realism", "Post-Impressionism", "Symbolism", "Purism", "Constructivism", "Surrealism", "Realism", "Realism", "Constructivism", "Impressionism", "Realism", "Romanticism", "Symbolism", "Neoplasticism", "Symbolism", "Baroque", "Surrealism", "Suprematism"], "Suprematism": 0.005965744714175673, "artist": ["Rothko Mark", "Roerich Nicholas", "Levitan Isaac", "van Gogh Vincent ", "Roerich Nicholas", "Leger Fernand ", "Malevich Kazimir", "Freud Lucian", "Vallotton  Felix", "Roerich Nicholas", "Malevich Kazimir", "Sorolla Joaqu\u00edn", "Manet Edouard", "Aivazovsky Ivan ", "Roerich Nicholas", "Mondrian Piet", "Roerich Nicholas", "Rembrandt", "Solar Xul", "Leger Fernand "], "contentId": ["242142.jpg", "225780.jpg", "210395.jpg", "205938.jpg", "226894.jpg", "195993.jpg", "219724.jpg", "232048.jpg", "271294.jpg", "227011.jpg", "219655.jpg", "251178.jpg", "192001.jpg", "196791.jpg", "226357.jpg", "186025.jpg", "225948.jpg", "220068.jpg", "327209.jpg", "196043.jpg"], "title": ["Ochre and Red on Red", "Himalayas", "Summer evening. River.", "Field with Flowers", "Three arrows", "Flower lamp", "Neron", "Man with Arms Folded", "Self-portrait", "View of Izvara estate", "Fat Man", "Elena in a yellow tunic", "Asparagus", "Ships of Columbus", "Pilgrim", "Broadway Boogie Woogie", "Kangchenjunga", "Bust of a Bearded Old Man", "Ciud\u00e1 lagui", "Mural"], "Romanticism": 0.005709880973303242, "Neoplasticism": 0.005852091408803841, "Purism": 0.005340237578984347, "Surrealism": 0.005551440214246086, "style_labels": ["Impressionism", "Suprematism", "Romanticism", "Neoplasticism", "Purism", "Surrealism", "Color Field Painting", "Symbolism", "Constructivism", "Baroque", "Post-Impressionism", "Realism"], "Color Field Painting": 0.003961469124836668, "scores": [0.011450118478205542, 0.014819515297617752, 0.014949842323947665, 0.014954682245565117, 0.01529308407796329, 0.015435271878752144, 0.015439316525195469, 0.015566339397229245, 0.01566276733269116, 0.015871452238673582, 0.01603924548571524, 0.01631612929054759, 0.01638761341671291, 0.016503678706184355, 0.01672917739337907, 0.0169147197326334, 0.0170650390427724, 0.0170821394130083, 0.017125414517447295, 0.01724322003667169], "year": [1954.0, "unknown", 1894.0, 1888.0, 1923.0, 1951.0, 1913.0, 1944.0, 1897.0, 1893.0, 1913.0, 1909.0, 1880.0, 1880.0, 1932.0, 1943.0, 1944.0, "unknown", 1939.0, 1926.0], "Symbolism": 0.005247688029811301, "Constructivism": 0.005345426112349281, "Baroque": 0.0059100146430443945, "Post-Impressionism": 0.005173964976896359, "style_dict": {"Impressionism": 1, "Suprematism": 1, "Romanticism": 1, "Neoplasticism": 1, "Purism": 1, "Surrealism": 2, "Color Field Painting": 1, "Symbolism": 4, "Constructivism": 2, "Baroque": 1, "Post-Impressionism": 1, "Realism": 4}, "Realism": 0.005162687794069793, "style_counts": [0.00032075138555842653, 0.0, 0.0002558637408723863, 0.00011365330537183027, 0.0006255071351912722, 0.0004143044999295187, 0.002004275589339022, 0.0007180566843643099, 0.0006203186018264306, 5.573007113124362e-05, 0.0007917797372792856, 0.0008030569201058491]}