{"style": ["Purism", "Surrealism", "Surrealism", "Na\u00efve Art (Primitivism)", "Purism", "Op Art", "Abstract Expressionism", "Purism", "Realism", "Op Art", "Surrealism", "Magic Realism", "Neoclassicism", "Na\u00efve Art (Primitivism)", "Surrealism", "Expressionism", "Op Art", "Symbolism", "Surrealism", "Realism"], "Abstract Expressionism": 0.0058459989844118964, "Surrealism": 0.00546465866688307, "Op Art": 0.005864315763959935, "contentId": ["195929.jpg", "345165.jpg", "243070.jpg", "196184.jpg", "196050.jpg", "204862.jpg", "290269.jpg", "195922.jpg", "204563.jpg", "204532.jpg", "345149.jpg", "345397.jpg", "193562.jpg", "196111.jpg", "204489.jpg", "202366.jpg", "204607.jpg", "225510.jpg", "224534.jpg", "232371.jpg"], "artist": ["Leger Fernand ", "Solar Xul", "Delvaux Paul", "Leger Fernand ", "Leger Fernand ", "Escher M.C.", "Matisse Henri", "Leger Fernand ", "Escher M.C.", "Escher M.C.", "Solar Xul", "Holbrook Carter Clarence", "Ingres Jean Auguste Dominique ", "Leger Fernand ", "Escher M.C.", "Chagall Marc", "Escher M.C.", "Roerich Nicholas", "Picasso Pablo", "Bouguereau William-Adolphe"], "Realism": 0.006237109650781335, "style_counts": [0.0008566447534784638, 0.0012379850710072526, 0.0008383279739303529, 0.0004655340871090319, 0.0015103855934893717, 0.0005578253841670433, 0.0011031648125883198, 0.0002472645975183374, 0.0, 0.0005046357138633883], "Purism": 0.005192258144400986, "Magic Realism": 0.006144818353723248, "style_labels": ["Abstract Expressionism", "Surrealism", "Op Art", "Realism", "Purism", "Magic Realism", "Na\u00efve Art (Primitivism)", "Expressionism", "Symbolism", "Neoclassicism"], "Na\u00efve Art (Primitivism)": 0.005599478925302012, "Expressionism": 0.006455379140372017, "year": [1945.0, 1948.0, 1938.0, "unknown", 1944.0, 1948.0, 1943.0, "unknown", 1929.0, 1921.0, 1923.0, 1977.0, 1856.0, "unknown", 1935.0, 1914.0, 1968.0, "unknown", 1943.0, 1888.0], "Symbolism": 0.00670264373789026, "title": ["Both handlebars", "Muros Biombos", "Night Visit", "Study for builders", "New York", "Sun and Moon", "The Circus", "Audincourt window", "Infant Arthur", "Flor de Pascua - Beautiful", "T\u00fa y Yo", "Pilgrimage #6", "The Source", "People framework (Manufacturers)", "Dream", "A Group of People", "Metamorphosis III excerpt 6", "Conversation with God", "The Buffet 'Catalan'", "Cupid with Butterfly"], "scores": [0.013682192489018872, 0.014432598977604748, 0.014515640466419979, 0.014621497447079575, 0.016026136771430922, 0.01611233775181425, 0.016897110361233807, 0.016955516626966982, 0.017058470930877593, 0.01740000884961066, 0.017483207982913418, 0.01776080942700368, 0.017914547347861264, 0.018353150574280934, 0.0184935546510398, 0.018658445553843297, 0.01919141338779371, 0.019373132163237588, 0.01953245758426221, 0.019671106615313905], "style_dict": {"Abstract Expressionism": 1, "Magic Realism": 1, "Op Art": 3, "Neoclassicism": 1, "Purism": 3, "Surrealism": 5, "Na\u00efve Art (Primitivism)": 2, "Expressionism": 1, "Symbolism": 1, "Realism": 2}, "Neoclassicism": 0.006198008024026935}