{"Impressionism": 0.0030603262730907227, "style": ["Regionalism", "Post-Impressionism", "Art Nouveau (Modern)", "Expressionism", "Art Nouveau (Modern)", "Symbolism", "Art Nouveau (Modern)", "Impressionism", "Expressionism", "Art Nouveau (Modern)", "Baroque", "Art Nouveau (Modern)", "Ukiyo-e", "Art Nouveau (Modern)", "Symbolism", "Expressionism", "Color Field Painting", "Regionalism", "Realism", "Abstract Expressionism"], "Abstract Expressionism": 0.003320409788778351, "artist": ["Rockwell Norman", "Toulouse-Lautrec Henri de", "Roerich Nicholas", "Modigliani Amedeo ", "Roerich Nicholas", "Roerich Nicholas", "Roerich Nicholas", "Renoir Pierre-Auguste", "Dali Salvador", "Mucha Alphonse", "Rembrandt", "Roerich Nicholas", "Hokusai Katsushika", "Roerich Nicholas", "Roerich Nicholas", "Schiele Egon", "Rothko Mark", "Rockwell Norman", "Kittelsen Theodor Severin", "Warhol Andy"], "contentId": ["247802.jpg", "230348.jpg", "226555.jpg", "189789.jpg", "225518.jpg", "225653.jpg", "225912.jpg", "218376.jpg", "221313.jpg", "227609.jpg", "220732.jpg", "225989.jpg", "222190.jpg", "225979.jpg", "226156.jpg", "232759.jpg", "292727.jpg", "247776.jpg", "321856.jpg", "300228.jpg"], "Art Nouveau (Modern)": 0.002800263674957093, "title": ["Soldier and comrads", "Amazone", "Shchegolikha", "Woman with earrings", "Courtier", "Glow", "Isolde", "Coco", "Portrait of a Woman - Grey Jacket Wearing a Pearl Necklace", "Amethyst", "Woman Standing with Raised Hands", "Knight", "Fuji at Torigoe", "King Mark", "Mist Before Dawn", "Self Portrait", "Untitled (No. 17)", "Pipe and Bowl sign Painter", "Daarlige Utsikter", "Oxidation Painting"], "Ukiyo-e": 0.0031615923134656275, "style_counts": [0.0002600835156876258, 0.0, 0.0005201461138212293, 0.0001588174753127669, 4.022139954618087e-05, 0.00034917352802621426, 0.00029573415799377667, 0.0001913086095116645, 0.0004795828052513995, 2.0794014621849932e-05, 0.0005772462861438621], "scores": [0.006658840589790995, 0.008211046082255744, 0.00830562286336073, 0.008464209527390585, 0.008577331692260916, 0.008618289114567048, 0.00862529735492987, 0.00884548062968905, 0.008882785429726495, 0.008941621240095465, 0.009044265676152102, 0.009076917633996172, 0.009138177132822648, 0.009154472550783666, 0.009193656538666542, 0.009356090118949945, 0.009480963880815608, 0.009495314496976362, 0.009537116245530679, 0.009597218678126915], "style_labels": ["Impressionism", "Abstract Expressionism", "Art Nouveau (Modern)", "Ukiyo-e", "Color Field Painting", "Expressionism", "Symbolism", "Baroque", "Post-Impressionism", "Realism", "Regionalism"], "Color Field Painting": 0.0032801883892321815, "Expressionism": 0.0029712362607521203, "year": ["unknown", 1899.0, 1912.0, "unknown", 1912.0, 1931.0, 1912.0, 1904.0, 1961.0, "unknown", "unknown", 1912.0, "unknown", 1912.0, 1924.0, 1910.0, 1961.0, 1926.0, "unknown", 1978.0], "Symbolism": 0.0030246756307845245, "Baroque": 0.003129101179266717, "Post-Impressionism": 0.002840826983526983, "style_dict": {"Impressionism": 1, "Abstract Expressionism": 1, "Art Nouveau (Modern)": 6, "Ukiyo-e": 1, "Color Field Painting": 1, "Expressionism": 3, "Symbolism": 2, "Baroque": 1, "Post-Impressionism": 1, "Realism": 1, "Regionalism": 2}, "Realism": 0.0032996157741565146, "Regionalism": 0.0027431635026344712}