{"Impressionism": 0.0032767734496015545, "style": ["Symbolism", "Symbolism", "Impressionism", "Symbolism", "Symbolism", "Abstract Expressionism", "Symbolism", "Symbolism", "Realism", "Symbolism", "Symbolism", "Surrealism", "Abstract Expressionism", "Symbolism", "Symbolism", "Symbolism", "Action painting", "Symbolism", "Symbolism", "High Renaissance"], "Abstract Expressionism": 0.003793965704389155, "artist": ["Roerich Nicholas", "Roerich Nicholas", "Hassam Childe", "Roerich Nicholas", "Roerich Nicholas", "Holbrook Carter Clarence", "Roerich Nicholas", "Roerich Nicholas", "Levitan Isaac", "Roerich Nicholas", "Roerich Nicholas", "Solar Xul", "Twombly Cy", "Roerich Nicholas", "Roerich Nicholas", "Roerich Nicholas", "Pollock Jackson ", "Roerich Nicholas", "Roerich Nicholas", "Perugino Pietro "], "contentId": ["225624.jpg", "225704.jpg", "244237.jpg", "226806.jpg", "226166.jpg", "345404.jpg", "226792.jpg", "226232.jpg", "210033.jpg", "225891.jpg", "226267.jpg", "345165.jpg", "231567.jpg", "226906.jpg", "227054.jpg", "226295.jpg", "282427.jpg", "225940.jpg", "225748.jpg", "199185.jpg"], "title": ["Gansu", "Himalayas", "Rialto Market, Venice", "Temple in Naggar", "Mongolia", "Tulip", "Sword of Gesar", "Mother of Turfan", "A dull  day. Stubble.", "Idols", "Night rider", "Muros Biombos", "Untitled", "Tibet", "Vyas Kund", "On Himalayan peaks", "Convergence", "Kangchenjunga", "Himalayas", "The Presepio"], "style_counts": [0.0015249281355335098, 0.0010077358807458747, 0.0, 0.0006783539104510128, 0.0003826102976386414, 0.0014610349526403832, 0.0008176017366718913], "High Renaissance": 0.004801701585135012, "Surrealism": 0.00412334767468405, "style_labels": ["Impressionism", "Abstract Expressionism", "High Renaissance", "Surrealism", "Action painting", "Symbolism", "Realism"], "Action painting": 0.00441909128749639, "scores": [0.008515590964143649, 0.009447459346682084, 0.009471093435752325, 0.010048259360362528, 0.010214965377327443, 0.01033158382339186, 0.011095045334829013, 0.011232398163275918, 0.011515529682636281, 0.011600656668553061, 0.011630455854108754, 0.0119180076668936, 0.012010617187856313, 0.012317330526794701, 0.012423045575845833, 0.0126956874383331, 0.012772816652944566, 0.013083632207710767, 0.01340493902684483, 0.013878702651519484], "year": [1936.0, 1924.0, 1883.0, 1929.0, 1927.0, 1978.0, 1932.0, 1924.0, 1895.0, 1943.0, 1918.0, 1948.0, 2008.0, 1933.0, 1932.0, 1933.0, 1952.0, 1924.0, 1939.0, 1498.0], "Symbolism": 0.0033406666324946855, "style_dict": {"Impressionism": 1, "Abstract Expressionism": 2, "High Renaissance": 1, "Surrealism": 1, "Action painting": 1, "Symbolism": 13, "Realism": 1}, "Realism": 0.003984099848463151}