{"Impressionism": 0.002868342974226498, "style": ["Realism", "Symbolism", "Surrealism", "Romanticism", "Orientalism", "Symbolism", "Dada", "Symbolism", "Art Nouveau (Modern)", "Impressionism", "Surrealism", "Neo-Romanticism", "Realism", "Baroque", "Surrealism", "Symbolism", "Baroque", "Surrealism", "Expressionism", "Neoclassicism, Surrealism"], "style_labels": ["Impressionism", "Neo-Romanticism", "Surrealism", "Art Nouveau (Modern)", "Dada", "Romanticism", "Neoclassicism, Surrealism", "Expressionism", "Symbolism", "Baroque", "Orientalism", "Realism"], "Neo-Romanticism": 0.003095655004978708, "Surrealism": 0.0027469570879386663, "contentId": ["266158.jpg", "226987.jpg", "259024.jpg", "194096.jpg", "187925.jpg", "226638.jpg", "210839.jpg", "226676.jpg", "229857.jpg", "251321.jpg", "221136.jpg", "298602.jpg", "191920.jpg", "186653.jpg", "211566.jpg", "226412.jpg", "186632.jpg", "220803.jpg", "202748.jpg", "221818.jpg"], "Art Nouveau (Modern)": 0.0028298122607317865, "artist": ["Sargent John Singer", "Roerich Nicholas", "Beksinski Zdislav", "Goya Francisco", "Delacroix Eugene ", "Roerich Nicholas", "Ray Man", "Roerich Nicholas", "Kustodiev Boris", "Sorolla Joaqu\u00edn", "Dali Salvador", "Spencer Stanley", "Courbet Gustave", "Caravaggio", "Magritte Rene", "Roerich Nicholas", "Caravaggio", "Dali Salvador", "Chagall Marc", "Dali Salvador"], "Dada": 0.002652368080461866, "Romanticism": 0.002426999409790808, "scores": [0.005971893798064029, 0.006223508585079258, 0.006570320004509617, 0.007014930550490011, 0.0071853533666377985, 0.0073926207795722496, 0.007666329791312239, 0.007847482665815902, 0.008179209438567453, 0.008290577524664156, 0.008314927965509304, 0.008947593798580369, 0.00896137827707026, 0.008986611021569568, 0.009208593465222738, 0.009244052402345925, 0.009309796792214924, 0.009358848523528994, 0.009438849459824776, 0.009657312688205659], "Neoclassicism, Surrealism": 0.0033412008894091174, "Expressionism": 0.0032656177995231653, "year": [1907.0, "unknown", "unknown", 1772.0, 1824.0, 1943.0, "unknown", 1922.0, 1921.0, 1897.0, 1940.0, 1914.0, 1866.0, 1602.0, 1926.0, 1928.0, 1596.0, 1980.0, 1914.0, 1982.0], "Symbolism": 0.0025215501824134485, "title": ["Izme Vickers", "Untitled", "Untitled", "The Burial of Christ", "Two Views of an Indian from Calcutta, Seated and Standing", "Slavic land", "A Night at Saint Jean", "Spell words", "Illustration for Nikolay Nekrasov poem \"Uncle Jacob\"", "The Three Errazuriz Sisters", "March of Time Comittee - Papillon", "The Centurion's Servant", "The Sleepers", "Incredulity of Saint Thomas", "The lost jockey", "Qaidam", "Bacchus", "Athens Is Burning! The School of Athens and the Fire in the Borgo", "Man with a Cat and Woman with a Child", "Warrior"], "Baroque": 0.0031069429428223602, "style_dict": {"Impressionism": 1, "Neo-Romanticism": 1, "Neoclassicism, Surrealism": 1, "Orientalism": 1, "Dada": 1, "Romanticism": 1, "Surrealism": 4, "Expressionism": 1, "Symbolism": 4, "Baroque": 2, "Art Nouveau (Modern)": 1, "Realism": 2}, "Orientalism": 0.002485961657703109, "Realism": 0.002535843361128483, "style_counts": [0.0004728579151827006, 0.00024554588443048697, 0.0005942438014704399, 0.0005113886286773894, 0.0006888328089472706, 0.0009142014796182929, 0.0, 7.558308988597773e-05, 0.0008196507069957448, 0.00023425794658682442, 0.0008552392317060509, 0.0008053575282807035]}