{"Impressionism": 0.00293010469111001, "style": ["Symbolism", "Post-Impressionism", "Realism", "Symbolism", "unknown", "Romanticism", "Symbolism", "Surrealism", "Impressionism", "Surrealism", "Romanticism", "Surrealism", "Na\u00efve Art (Primitivism)", "Realism", "Expressionism", "Impressionism", "Color Field Painting", "Surrealism", "Surrealism", "Post-Impressionism"], "style_labels": ["Impressionism", "unknown", "Romanticism", "Surrealism", "Color Field Painting", "Na\u00efve Art (Primitivism)", "Expressionism", "Symbolism", "Post-Impressionism", "Realism"], "artist": ["Roerich Nicholas", "van Gogh Vincent ", "Courbet Gustave", "Roerich Nicholas", "Dali Salvador", "Aivazovsky Ivan ", "Roerich Nicholas", "Beksinski Zdislav", "Pissarro Camille ", "Chagall Marc", "Dore Gustave ", "Beksinski Zdislav", "Chagall Marc", "Levitan Isaac", "Kirchner Ernst Ludwig", "Monet Claude", "Rothko Mark", "Dali Salvador", "Beksinski Zdislav", "Dali Salvador"], "unknown": 0.0024253137188275115, "title": ["Teacher's order", "The Starry Night", "Seacoast (Souvenir of Les Cabanes)", "Himalayas. Everest.", "Landscape Near Figueras", "Harbor", "Himalayas", "Untitled", "The Tuileries Gardens Snow Effect", "Artist and His Model", "A Souvenir from Scotland", "Untitled", "Jacob's Ladder", "A dull  day. Stubble.", "Spring (K\u00f6nigstein)", "Cliffs and Sailboats at Pourville", "No. 6 (Yellow, White, Blue Over Yellow on Gray)", "The Great Paranoiac", "Untitled", "Still Life"], "year": [1931.0, 1888.0, 1857.0, 1938.0, 1910.0, 1850.0, 1924.0, "unknown", 1900.0, 1973.0, 1879.0, "unknown", 1973.0, 1895.0, 1916.0, 1882.0, 1954.0, 1936.0, "unknown", 1924.0], "Romanticism": 0.002760746530801477, "scores": [0.003559839587717926, 0.005329122272260923, 0.006728014784445179, 0.006858222279161795, 0.0070100582769371585, 0.00748627200830199, 0.007568317854837432, 0.008002067530828978, 0.00820192633375844, 0.008710444080272035, 0.008771427385478798, 0.008849827391039844, 0.008910060875877923, 0.008925289032420193, 0.008955347318989886, 0.009053102597327075, 0.0090826175880117, 0.009086250028770263, 0.009091807149253214, 0.009121983335750214], "Surrealism": 0.002830138818225666, "Color Field Painting": 0.0031423700301523596, "Na\u00efve Art (Primitivism)": 0.003082669504895575, "Expressionism": 0.0030983375389428375, "contentId": ["226802.jpg", "207189.jpg", "191829.jpg", "225835.jpg", "221093.jpg", "196544.jpg", "225704.jpg", "258701.jpg", "208830.jpg", "202428.jpg", "201371.jpg", "258748.jpg", "202682.jpg", "210033.jpg", "252161.jpg", "211865.jpg", "290299.jpg", "221609.jpg", "258755.jpg", "221489.jpg"], "Symbolism": 0.002001333683976482, "Post-Impressionism": 0.0024539658845472477, "style_dict": {"Impressionism": 2, "unknown": 1, "Romanticism": 2, "Surrealism": 5, "Color Field Painting": 1, "Na\u00efve Art (Primitivism)": 1, "Expressionism": 1, "Symbolism": 3, "Post-Impressionism": 2, "Realism": 2}, "Realism": 0.0026581131291260047, "style_counts": [0.00021226533904239453, 0.000717056311324904, 0.00038162349935089157, 0.00031223121192669456, 0.0, 5.970052525683389e-05, 4.4032491209544666e-05, 0.0011410363461759054, 0.0006884041456051149, 0.00048425690102638086]}