{"Suprematism": 0.003475471562491662, "Expressionism, Symbolism": 0.005209215470037716, "year": [1940.0, 1913.0, 1918.0, "unknown", 1944.0, "unknown", 1954.0, "unknown", 1913.0, 1913.0, "unknown", 1967.0, 1952.0, "unknown", "unknown", 1942.0, 1920.0, 1950.0, 1923.0, 1906.0], "style": ["Symbolism", "Suprematism", "Art Nouveau (Modern)", "Na\u00efve Art (Primitivism)", "Purism", "Expressionism", "Na\u00efve Art (Primitivism)", "Cubism", "Constructivism", "Constructivism", "Realism", "Expressionism, Symbolism", "Cubism", "Cubism", "Regionalism", "Expressionism", "Neoclassicism", "Purism", "Na\u00efve Art (Primitivism)", "Fauvism"], "title": ["Guru Kambala", "Costume for Victory over the Sun. Many and One", "Vignette for book \"N. K. Roerich\"", "The Bathers", "New York", "Young Girl", "The dancers (yellow background)", "The two sailors", "Fat Man", "Neron", "Standing Fermale Nude", "Locusta et bruchus", "The woman with black hair", "Project Costume Skating Rink", "Flute", "Design for a poster for 'The Secret Life of Salvador Dali'", "The Abduction", "The\u00a0album\u00a0\"Circus\"", "Sobakevich's house", "Figures from a Carnival"], "Art Nouveau (Modern)": 0.0034931693667921006, "Expressionism": 0.004631486677149545, "Symbolism": 0.003315736800039126, "style_dict": {"Fauvism": 1, "Suprematism": 1, "Art Nouveau (Modern)": 1, "Neoclassicism": 1, "Purism": 2, "Expressionism, Symbolism": 1, "Na\u00efve Art (Primitivism)": 3, "Expressionism": 2, "Symbolism": 1, "Constructivism": 2, "Cubism": 3, "Realism": 1, "Regionalism": 1}, "Neoclassicism": 0.005477931962194029, "Regionalism": 0.005236259964729678, "Fauvism": 0.005639752274397028, "Purism": 0.004736263049532383, "scores": [0.009583712003450092, 0.010045404849597156, 0.010096558083323916, 0.011791541828148296, 0.011838274606364111, 0.011927549207729704, 0.012182488408840283, 0.012613643570140838, 0.012854367120381826, 0.014553068700823565, 0.01490109161530546, 0.015056569275392808, 0.015109020251447808, 0.015113887914664975, 0.015134737919057027, 0.015346710599648646, 0.015833259835202344, 0.016053000470893607, 0.01627697873082628, 0.01630098069544783], "Constructivism": 0.004654101513926489, "Realism": 0.005155423891268445, "style_counts": [0.0, 0.002164280711905442, 0.0021465829076049436, 0.00048432838312861826, 0.0009034892248647175, 0.0004305368043593383, 0.0011610466478243486, 0.0010082655972475374, 0.002324015474357899, 0.0009856507604705245, 0.0008733548547066317, 0.0001618203122030204, 0.0004034923096674081], "artist": ["Roerich Nicholas", "Malevich Kazimir", "Roerich Nicholas", "Leger Fernand ", "Leger Fernand ", "Serebriakova Zinaida", "Leger Fernand ", "Leger Fernand ", "Malevich Kazimir", "Malevich Kazimir", "Courbet Gustave", "Dali Salvador", "Leger Fernand ", "Leger Fernand ", "Rockwell Norman", "Dali Salvador", "Picasso Pablo", "Leger Fernand ", "Chagall Marc", "Derain Andre"], "contentId": ["225678.jpg", "361384.jpg", "227032.jpg", "196220.jpg", "196050.jpg", "227566.jpg", "196253.jpg", "196309.jpg", "219655.jpg", "219724.jpg", "191851.jpg", "246760.jpg", "196321.jpg", "196124.jpg", "247667.jpg", "220919.jpg", "224517.jpg", "196382.jpg", "203000.jpg", "256123.jpg"], "style_labels": ["Fauvism", "Suprematism", "Art Nouveau (Modern)", "Realism", "Purism", "Expressionism, Symbolism", "Na\u00efve Art (Primitivism)", "Expressionism", "Symbolism", "Constructivism", "Cubism", "Neoclassicism", "Regionalism"], "Na\u00efve Art (Primitivism)": 0.004478705626572678, "Cubism": 0.00476639741969047}