{"Impressionism": 0.003761316345237031, "style": ["High Renaissance", "Realism", "Realism", "Realism", "Impressionism", "Realism", "Academicism", "Neoclassicism", "Expressionism", "Magic Realism", "Surrealism", "Surrealism", "Realism", "Impressionism", "Impressionism", "Baroque", "Expressionism", "Realism", "Post-Impressionism", "Expressionism"], "style_labels": ["Impressionism", "Surrealism", "High Renaissance", "Magic Realism", "Realism", "Expressionism", "Academicism", "Baroque", "Post-Impressionism", "Neoclassicism"], "Surrealism": 0.003951550604610284, "contentId": ["224969.jpg", "266133.jpg", "266100.jpg", "277293.jpg", "218313.jpg", "266095.jpg", "279310.jpg", "193546.jpg", "221394.jpg", "278139.jpg", "243194.jpg", "220780.jpg", "191938.jpg", "213308.jpg", "190207.jpg", "216723.jpg", "243049.jpg", "191870.jpg", "207330.jpg", "221323.jpg"], "artist": ["Titian", "Sargent John Singer", "Sargent John Singer", "Zorn Anders", "Renoir Pierre-Auguste", "Sargent John Singer", "Gerome Jean-Leon", "Ingres Jean Auguste Dominique ", "Dali Salvador", "Earle Eyvind", "Delvaux Paul", "Dali Salvador", "Courbet Gustave", "Degas Edgar", "Cassatt Mary", "Rubens Peter Paul", "Delvaux Paul", "Courbet Gustave", "van Gogh Vincent ", "Dali Salvador"], "style_counts": [0.0006281822899183442, 0.0004379480305450878, 0.0011099013575152084, 0.0005576819433726898, 0.0010409061776888162, 0.0003883209274133659, 0.0007245387799940106, 0.00020881869363675865, 0.0, 0.0006902512389773685], "High Renaissance": 0.003279597277640108, "Magic Realism": 0.003831816691782638, "title": ["Portrait of Don Fernando Alvarez of Toledo, Grand Duke of Alba", "Head of a Neapolitan Boy", "Edwin Booth", "Mrs Symons", "Bust of a Young Nude", "Dr. Pozzi at Home", "Anacreon", "The Betrothal of Raphael and the Niece of Cardinal Bibbiena", "Reading. Family Scene by Lamplight", "Sea Cliffs Rising", "The Sabbath", "Apparition of My Cousin Carolinetta on the Beach at Rosas", "The Trout", "At the Stables, Horse and Dog", "Little Girl in a Red Beret", "Venus Frigida", "Girls by the sea", "The Bathers", "Vase with Zinnias", "Portrait of El Sany Pancraci"], "Realism": 0.003348592457466547, "Expressionism": 0.004001177707741997, "year": ["unknown", 1879.0, 1890.0, 1888.0, 1903.0, 1881.0, "unknown", 1814.0, 1981.0, 1995.0, 1962.0, 1934.0, 1873.0, 1861.0, 1898.0, 1614.0, 1928.0, 1853.0, 1886.0, 1919.0], "scores": [0.009479255348564114, 0.009492780395729119, 0.009622926623718333, 0.009717037881541015, 0.009729379861365194, 0.010025615729375398, 0.010593096459181647, 0.010692200199383663, 0.011004014365945192, 0.011075374747363649, 0.01162376419719183, 0.011646435059534634, 0.011778514258822495, 0.012025096288325241, 0.012049214149727719, 0.01208371923176828, 0.012183382452362508, 0.012360078802155637, 0.012687282886376801, 0.012771974755614736], "Academicism": 0.003664959855161372, "Baroque": 0.004180679941518575, "Post-Impressionism": 0.004389498635155356, "style_dict": {"Impressionism": 3, "Surrealism": 2, "High Renaissance": 1, "Magic Realism": 1, "Realism": 6, "Expressionism": 3, "Academicism": 1, "Baroque": 1, "Post-Impressionism": 1, "Neoclassicism": 1}, "Neoclassicism": 0.0036992473961779473}