{"style_counts": [8.510547537354807e-05, 0.0004026731715968124, 0.0005753936438127605, 0.0, 0.0006219995696481462, 0.0002415605675374355, 0.0001568960111938411, 0.00035573393731724856, 0.0002766566232229595], "style": ["Expressionism", "Surrealism", "Romanticism", "Symbolism", "Neoclassicism", "Baroque", "Post-Impressionism", "Surrealism", "Surrealism", "Expressionism", "Expressionism", "Analytical Cubism", "Romanticism", "Na\u00efve Art (Primitivism)", "Symbolism", "Surrealism", "Neoclassicism", "Baroque", "Baroque", "Symbolism"], "style_labels": ["Analytical Cubism", "Romanticism", "Surrealism", "Na\u00efve Art (Primitivism)", "Expressionism", "Symbolism", "Baroque", "Post-Impressionism", "Neoclassicism"], "Analytical Cubism": 0.002717030306612289, "artist": ["Dali Salvador", "Dali Salvador", "Dore Gustave ", "Roerich Nicholas", "Derain Andre", "Rubens Peter Paul", "van Gogh Vincent ", "Dali Salvador", "Dali Salvador", "Munch Edvard ", "Balthus", "Braque Georges ", "Alma-Tadema Lawrence ", "Chagall Marc", "Roerich Nicholas", "Dali Salvador", "Ingres Jean Auguste Dominique ", "Rubens Peter Paul", "Rubens Peter Paul", "Roerich Nicholas"], "contentId": ["221493.jpg", "220947.jpg", "201728.jpg", "283007.jpg", "256129.jpg", "216706.jpg", "206783.jpg", "221548.jpg", "220946.jpg", "185368.jpg", "244801.jpg", "193760.jpg", "214588.jpg", "202697.jpg", "225510.jpg", "220769.jpg", "193567.jpg", "216501.jpg", "216404.jpg", "227054.jpg"], "title": ["Still Life (Pulpo y scorpa)", "Enchanted Beach with Three Fluid Graces", "Jeremiah Preaching to His Followers", "Predicted Cloud", "Italian girl", "The Triumph of the Church", "Self-Portrait", "The Angel of Port Lligat", "Enchanted Beach (Long, Siphon)", "Girl Yawning", "The Room", "The Mandola", "Self-Portrait", "Joseph explains the dreams of Pharaoh (Genesis XLI, 25 28 32)", "Conversation with God", "Angelic Landscape", "The Vow of Louis XIII", "Martyrdom of St. Thomas", "Christ Resurrected", "Vyas Kund"], "Romanticism": 0.0023994626103890433, "scores": [0.0042871264287526484, 0.004376690534804154, 0.006106933159025619, 0.006371476992906872, 0.006414717214871584, 0.006745254979496509, 0.007071010800295257, 0.0071405068259487335, 0.007416490448285187, 0.007503343882289867, 0.007802842925088844, 0.007853227663580117, 0.008023209319138296, 0.008099214126042193, 0.00811508841775964, 0.008183777801731323, 0.00845752133739644, 0.008509688013675288, 0.008518347464778931, 0.008525828015689893], "Surrealism": 0.002226742138173138, "Na\u00efve Art (Primitivism)": 0.0028021357819858527, "Expressionism": 0.002180136212337694, "year": [1922.0, 1938.0, "unknown", 1921.0, 1923.0, "unknown", 1887.0, 1952.0, 1937.0, 1913.0, 1948.0, 1910.0, 1896.0, 1931.0, "unknown", 1977.0, 1824.0, 1639.0, 1616.0, 1932.0], "Symbolism": 0.0025605752144483886, "Baroque": 0.002645239770792029, "Post-Impressionism": 0.0024464018446686193, "style_dict": {"Analytical Cubism": 1, "Romanticism": 2, "Surrealism": 4, "Na\u00efve Art (Primitivism)": 1, "Expressionism": 3, "Symbolism": 3, "Baroque": 3, "Post-Impressionism": 1, "Neoclassicism": 2}, "Neoclassicism": 0.0025254791587629197}