{"Northern Renaissance": 0.003930297346747367, "year": [1922.0, 1909.0, "unknown", 1948.0, 1931.0, 1858.0, "unknown", "unknown", 1957.0, 1557.0, "unknown", 1814.0, 1866.0, 1867.0, 1920.0, "unknown", 1902.0, 1893.0, 1898.0, 1911.0], "style": ["Symbolism", "Cubism", "Regionalism", "Post-Impressionism", "Social Realism", "Symbolism", "Ukiyo-e", "Northern Renaissance", "Surrealism", "Northern Renaissance", "Neoclassicism", "Neoclassicism", "Impressionism, Realism", "Neoclassicism", "Neoclassicism", "Regionalism", "Realism", "Impressionism", "Realism", "Na\u00efve Art (Primitivism)"], "Impressionism, Realism": 0.004105686057552649, "Ukiyo-e": 0.003918706324754291, "Symbolism": 0.0036022842917953603, "style_dict": {"Impressionism": 1, "Social Realism": 1, "Impressionism, Realism": 1, "Na\u00efve Art (Primitivism)": 1, "Northern Renaissance": 2, "Ukiyo-e": 1, "Surrealism": 1, "Realism": 2, "Symbolism": 2, "Post-Impressionism": 1, "Cubism": 1, "Neoclassicism": 4, "Regionalism": 2}, "Neoclassicism": 0.003907278165760175, "Regionalism": 0.00394622826254512, "Impressionism": 0.004410442079474725, "style_counts": [4.8372169765054096e-05, 0.0006659822161174667, 0.000353128191687091, 0.0005401079244854445, 0.0005285169024924485, 0.00012694887222641782, 0.0004542041953989884, 0.0, 0.0008565299574444518, 0.000670677144589904, 0.0009358745581570238, 0.0005515360834795757, 0.0005125859866946803], "scores": [0.010154390425933822, 0.010182605387877028, 0.010651130679864222, 0.010949124502318473, 0.01096269459098067, 0.011059022139668646, 0.01132651808855888, 0.011429667458973359, 0.01157481180100837, 0.011715373955981413, 0.011772497031933702, 0.011839842302115444, 0.011866959027538223, 0.011868997593009738, 0.01210184725727581, 0.012587725953987992, 0.012699771463171054, 0.012747817226350577, 0.01281005507398803, 0.012887630779707608], "Post-Impressionism": 0.0037881371046498496, "Realism": 0.004331865377013318, "Social Realism": 0.003792832033122329, "artist": ["Roerich Nicholas", "Picasso Pablo", "Rockwell Norman", "Magritte Rene", "Hopper Edward", "B\u00f6cklin Arnold", "Hokusai Katsushika", "Bosch Hieronymus", "Chagall Marc", "Bruegel the Elder Pieter", "Bouguereau William-Adolphe", "Ingres Jean Auguste Dominique ", "Sisley Alfred", "Bouguereau William-Adolphe", "Picasso Pablo", "Rockwell Norman", "Sargent John Singer", "Sorolla Joaqu\u00edn", "Levitan Isaac", "Chagall Marc"], "contentId": ["227074.jpg", "223810.jpg", "247802.jpg", "211621.jpg", "235592.jpg", "260630.jpg", "222190.jpg", "195446.jpg", "203031.jpg", "9223372032559808852.jpg", "232552.jpg", "193312.jpg", "237914.jpg", "232341.jpg", "224517.jpg", "247682.jpg", "265653.jpg", "251277.jpg", "210354.jpg", "202474.jpg"], "style_labels": ["Impressionism", "Social Realism", "Impressionism, Realism", "Ukiyo-e", "Northern Renaissance", "Realism", "Surrealism", "Na\u00efve Art (Primitivism)", "Symbolism", "Post-Impressionism", "Cubism", "Neoclassicism", "Regionalism"], "Surrealism": 0.00400461005384076, "Na\u00efve Art (Primitivism)": 0.004458814249239765, "title": ["Went out", "Carnival at the bistro", "Soldier and comrads", "The staging post", "New York, New Haven and Hartford", "Pan among the reeds", "Fuji at Torigoe", "The Ship of Fools in Flames", "Song of Songs II", "Parable of the Sower", "The\u00a0Holy\u00a0Women\u00a0at\u00a0the Tomb", "Caroline Murat, Queen of Naples", "Street of Marlotte (also known as Women Going to the Woods)", "Alone in the world", "The Abduction", "Girl Broom Kitten", "Lady Evelyn Cavendish", "Ropemakers", "Road", "Cain and Abel"], "Cubism": 0.003522939691082753}