{"style": ["Op Art", "Expressionism", "Ukiyo-e", "Surrealism", "Surrealism", "Surrealism", "Expressionism", "Expressionism", "Proto Renaissance", "Expressionism", "Proto Renaissance", "Cubism", "Op Art", "Proto Renaissance", "Metaphysical art", "Expressionism", "Surrealism", "Art Nouveau (Modern)", "Surrealism", "Expressionism"], "style_labels": ["Op Art", "Art Nouveau (Modern)", "Ukiyo-e", "Cubism", "Surrealism", "Expressionism", "Metaphysical art", "Proto Renaissance"], "artist": ["Escher M.C.", "Escher M.C.", "Hokusai Katsushika", "Picasso Pablo", "Picasso Pablo", "Escher M.C.", "Escher M.C.", "Kirchner Ernst Ludwig", "Giotto", "Escher M.C.", "Giotto", "Escher M.C.", "Escher M.C.", "Giotto", "de Chirico Giorgio ", "Kirchner Ernst Ludwig", "Beksinski Zdislav", "Vallotton  Felix", "Dali Salvador", "Escher M.C."], "Op Art": 0.006807407148218484, "contentId": ["204483.jpg", "204552.jpg", "222136.jpg", "223731.jpg", "223797.jpg", "204550.jpg", "204582.jpg", "252146.jpg", "192810.jpg", "204863.jpg", "192811.jpg", "204828.jpg", "204823.jpg", "192815.jpg", "194490.jpg", "252136.jpg", "259114.jpg", "271119.jpg", "221757.jpg", "204822.jpg"], "Art Nouveau (Modern)": 0.011210851582168063, "title": ["Dolphins", "Hand with Fir Cone", "A depiction of Sun Wukong wielding his staff", "Bather", "Bust of woman", "Grasshopper", "Life Force", "Self-portrait with Model", "The Crucifixion", "Sunflowers", "The Crucifixion", "Seated Female Nude III", "Scholastica Illustration", "The Crucifixion", "Metaphysical Triangle", "Self-portrait", "Untitled", "Fyodor Dostojevsky", "Untitled - Design for the ball in the dream sequence in 'Spellbound'", "Scholastica Illustration"], "Ukiyo-e": 0.004893639694842713, "style_counts": [0.004403444433949577, 0.0, 0.006317211887325369, 0.0018186127173743794, 0.003849267855884131, 0.004044609029484003, 0.0010624288400075121, 0.0031320073074072585], "Cubism": 0.009392238864793677, "scores": [0.012930310218430633, 0.012965022151372704, 0.014144437967292983, 0.015555341687927288, 0.016098842265984008, 0.016728808590493176, 0.01700743222969995, 0.018690713128807268, 0.02123013453549118, 0.02157878169909926, 0.02346408519583963, 0.027147061958214376, 0.027157679690110893, 0.02791194384942284, 0.029332714481131957, 0.02964893907223132, 0.032086879319134815, 0.0324035287950641, 0.03330496724593694, 0.034927384162105765], "Surrealism": 0.0073615837262839025, "Expressionism": 0.007166242552684005, "Metaphysical art": 0.010148422742160533, "year": [1923.0, 1921.0, "unknown", 1931.0, 1931.0, 1935.0, 1919.0, "unknown", 1317.0, 1918.0, 1300.0, 1920.0, 1932.0, 1330.0, 1958.0, "unknown", "unknown", 1895.0, 1944.0, 1931.0], "style_dict": {"Op Art": 2, "Art Nouveau (Modern)": 1, "Ukiyo-e": 1, "Cubism": 1, "Surrealism": 5, "Expressionism": 6, "Metaphysical art": 1, "Proto Renaissance": 3}, "Proto Renaissance": 0.008078844274760823}