{"Impressionism": 0.002534043813888007, "style": ["Realism", "Realism", "Symbolism", "Impressionism", "Impressionism", "Symbolism", "Impressionism", "Expressionism", "Impressionism", "Art Nouveau (Modern)", "Impressionism", "Dada", "Symbolism", "Symbolism", "Impressionism", "Impressionism", "Symbolism", "Post-Impressionism", "Impressionism", "Impressionism"], "style_labels": ["Impressionism", "Art Nouveau (Modern)", "Dada", "Expressionism", "Symbolism", "Post-Impressionism", "Realism"], "artist": ["Repin Ilya", "Kustodiev Boris", "Roerich Nicholas", "Renoir Pierre-Auguste", "Hassam Childe", "Roerich Nicholas", "Churchill Winston", "Modigliani Amedeo ", "Monet Claude", "Roerich Nicholas", "Churchill Winston", "Ray Man", "Roerich Nicholas", "Roerich Nicholas", "Renoir Pierre-Auguste", "Renoir Pierre-Auguste", "Roerich Nicholas", "Bonnard Pierre", "Renoir Pierre-Auguste", "Renoir Pierre-Auguste"], "contentId": ["215367.jpg", "230297.jpg", "226162.jpg", "218995.jpg", "243996.jpg", "226120.jpg", "313773.jpg", "189779.jpg", "212373.jpg", "226991.jpg", "313765.jpg", "210898.jpg", "226920.jpg", "226420.jpg", "219010.jpg", "218355.jpg", "226018.jpg", "222030.jpg", "218508.jpg", "218448.jpg"], "Art Nouveau (Modern)": 0.002843315581501354, "title": ["Self-portrait", "Vasiliy Luzhsky on vacation in London's Hyde Park", "Monastery (Brahmaputra)", "Roses in a Vase", "Feeding Pigeons in the Piazza", "Maitreya. Tibet.", "Mountains and Sea at Sunset", "Viking Eggeling", "Spring", "Untitled", "Marlborough Tapestries at Blenheim", "Juliet et Margaret", "Tibet stronghold (Potala)", "Red horses", "Seascape", "Children on the Beach at Guernsey", "Ladakh", "Sombre Nude", "Girl with a straw hat", "Frederic Bazille Painting The Heron (Frederic Bazille at his Easel)"], "Dada": 0.0028924404278410968, "style_counts": [0.000498463934930804, 0.00018919216731749788, 0.00014006732097771035, 0.0002817489890931668, 0.00040477077522504956, 0.0, 0.0011428062250898874], "scores": [0.004902738074038044, 0.006225483576877141, 0.007127506499797228, 0.00737892512142029, 0.0077904396280908325, 0.007809169401767898, 0.007899185505247373, 0.007950715431896587, 0.007956609858222555, 0.008218239055557623, 0.008279140645053624, 0.008360228124029005, 0.008450777388204118, 0.008495205113626843, 0.008565393108103208, 0.008711885441569728, 0.008729574304792147, 0.008765074752787028, 0.008809944536704532, 0.008913910550597278], "Expressionism": 0.00275075875972568, "year": ["unknown", 1914.0, 1937.0, 1917.0, 1883.0, 1937.0, "unknown", 1916.0, 1875.0, 1904.0, "unknown", "unknown", 1939.0, 1925.0, 1883.0, 1883.0, "unknown", 1941.0, 1908.0, 1867.0], "Symbolism": 0.002627736973593771, "Post-Impressionism": 0.003032507748818763, "style_dict": {"Impressionism": 9, "Art Nouveau (Modern)": 1, "Dada": 1, "Expressionism": 1, "Symbolism": 5, "Post-Impressionism": 1, "Realism": 2}, "Realism": 0.0018897015237289013}