{"style_counts": [0.0009944048293837326, 0.00011177054796263075, 0.00038008535227207485, 0.0006672951989842302, 0.0011379989095975374, 0.00044751223661709805, 6.0759392551901215e-05, 0.0, 0.0005396157106174471, 0.00020491724033155911, 0.0008843139496418351, 0.0005306596156693377], "style": ["Surrealism", "Mannerism (Late Renaissance)", "Mannerism (Late Renaissance)", "Abstract Expressionism", "Rococo", "Baroque", "Romanticism", "Orientalism", "Expressionism", "Baroque", "Baroque", "Baroque", "Post-Impressionism", "Art Nouveau (Modern)", "Symbolism", "Surrealism", "Baroque", "Romanticism", "Academicism", "Romanticism"], "Abstract Expressionism": 0.0026558008239984995, "artist": ["Magritte Rene", "Titian", "Titian", "Pollock Jackson ", "Longhi Pietro ", "Rubens Peter Paul", "Aivazovsky Ivan ", "Delacroix Eugene ", "Modigliani Amedeo ", "Rubens Peter Paul", "Rubens Peter Paul", "Rembrandt", "Matisse Henri", "Roerich Nicholas", "Roerich Nicholas", "Delvaux Paul", "Rubens Peter Paul", "Goya Francisco", "Gerome Jean-Leon", "Alma-Tadema Lawrence "], "contentId": ["211512.jpg", "224875.jpg", "225029.jpg", "185286.jpg", "185205.jpg", "216730.jpg", "196957.jpg", "187925.jpg", "189719.jpg", "216380.jpg", "216669.jpg", "220691.jpg", "214359.jpg", "226378.jpg", "225476.jpg", "243073.jpg", "216607.jpg", "193956.jpg", "279462.jpg", "214620.jpg"], "Art Nouveau (Modern)": 0.003538435105419637, "title": ["The false mirror", "Diana and Actaeon", "St Nicholas", "The Flame", "The Indiscreet Gentleman", "Virgin and Child Adored By Angels", "Venetian Night", "Two Views of an Indian from Calcutta, Seated and Standing", "Seated nude", "Annunciation", "The Last Supper", "The Woman taken in Adultery", "Young Spanish", "Polovtsian camp", "Charaka", "Nodes Rose", "St. Gregory the Great with Saints", "Judith and Holovernes", "The Death of Caesar", "The Roman Potter"], "Romanticism": 0.003270120301110142, "style_dict": {"Abstract Expressionism": 1, "Orientalism": 1, "Post-Impressionism": 1, "Romanticism": 3, "Surrealism": 2, "Mannerism (Late Renaissance)": 2, "Expressionism": 1, "Symbolism": 1, "Academicism": 1, "Baroque": 5, "Rococo": 1, "Art Nouveau (Modern)": 1}, "scores": [0.007094591103526903, 0.007158386205712508, 0.007635692714536655, 0.0076762516962826256, 0.007994455265890463, 0.008052979360163115, 0.008154644745165553, 0.009016647764862376, 0.009256974601017872, 0.009753885689933487, 0.00984851109077169, 0.009886224208473912, 0.009958164326888567, 0.010227392895853256, 0.01037483409879005, 0.010471404523058486, 0.010533227491035621, 0.01054987806746468, 0.010550451331049069, 0.010684691960689007], "Surrealism": 0.002982910454398049, "style_labels": ["Abstract Expressionism", "Art Nouveau (Modern)", "Romanticism", "Surrealism", "Mannerism (Late Renaissance)", "Expressionism", "Symbolism", "Academicism", "Baroque", "Post-Impressionism", "Rococo", "Orientalism"], "Mannerism (Late Renaissance)": 0.002512206743784738, "Expressionism": 0.0032026934167651198, "year": [1928.0, 1559.0, 1563.0, 1938.0, "unknown", 1608.0, "unknown", 1824.0, "unknown", "unknown", 1632.0, 1644.0, "unknown", 1919.0, 1932.0, 1937.0, 1606.0, 1823.0, 1867.0, 1884.0], "Symbolism": 0.0035894462608303556, "Academicism": 0.0036502056533822837, "Baroque": 0.0031105899427648497, "Post-Impressionism": 0.003445288413050675, "Rococo": 0.0027658917037403676, "Orientalism": 0.003119546037712944}