{"Impressionism": 0.002103190787251028, "style": ["Realism", "Na\u00efve Art (Primitivism)", "Realism", "Impressionism, Realism", "Art Nouveau (Modern)", "Art Nouveau (Modern)", "Impressionism", "Art Nouveau (Modern)", "Romanticism", "Impressionism", "Romanticism", "Realism", "Impressionism", "Impressionism", "Symbolism", "Romanticism", "Realism", "Cubism", "Expressionism", "Realism"], "style_labels": ["Impressionism", "Impressionism, Realism", "Art Nouveau (Modern)", "Romanticism", "Na\u00efve Art (Primitivism)", "Expressionism", "Symbolism", "Cubism", "Realism"], "Impressionism, Realism": 0.001945249492860179, "contentId": ["199758.jpg", "202669.jpg", "206443.jpg", "237914.jpg", "225882.jpg", "226413.jpg", "208645.jpg", "225470.jpg", "216022.jpg", "208754.jpg", "260649.jpg", "207408.jpg", "212351.jpg", "212465.jpg", "225371.jpg", "202127.jpg", "228642.jpg", "215712.jpg", "220932.jpg", "191899.jpg"], "Art Nouveau (Modern)": 0.0019546223800981995, "artist": ["Corot Camille ", "Chagall Marc", "van Gogh Vincent ", "Sisley Alfred", "Roerich Nicholas", "Roerich Nicholas", "Pissarro Camille ", "Roerich Nicholas", "Cezanne Paul", "Pissarro Camille ", "B\u00f6cklin Arnold", "van Gogh Vincent ", "Monet Claude", "Monet Claude", "Roerich Nicholas", "Dore Gustave ", "Shishkin Ivan", "Cezanne Paul", "Dali Salvador", "Courbet Gustave"], "Romanticism": 0.0021703090426627284, "scores": [0.00496924256159088, 0.005033094656740378, 0.005349828510889034, 0.005622494196224898, 0.0057418172992824024, 0.005754730578844275, 0.005895615868221525, 0.0060700281618865995, 0.006282113062754275, 0.006287210015540263, 0.006331111056944549, 0.006610281854377705, 0.006649103236018524, 0.006780917050615463, 0.0068107008607640645, 0.006891770408373578, 0.006961399060718934, 0.00704036928732554, 0.007040775186188775, 0.007105737710384398], "Na\u00efve Art (Primitivism)": 0.0017413312467472533, "Expressionism": 0.0024359410400943008, "year": [1872.0, 1931.0, 1884.0, 1866.0, 1912.0, 1913.0, 1894.0, 1919.0, 1866.0, 1901.0, 1852.0, 1884.0, 1873.0, 1872.0, 1915.0, 1860.0, 1877.0, 1905.0, 1923.0, 1873.0], "Symbolism": 0.0023563407863220398, "title": ["The Banks of the Midouze, Mont de Marsan, as Seen from the Pont du Commerce", "Jacob leaves his country and his family to go to Egypt (Genesis XLVI, 5 7)", "Parsonage with Flowering Trees", "Street of Marlotte (also known as Women Going to the Woods)", "Hut in the forest", "Queen Anna's tower", "The Dunes at Knokke", "Chamber of Golitsyn", "View of Bonnieres", "The Pont Neuf", "Roman Landscape", "Weaver with Other Figures in Front of Loom", "Seine at Asnieres", "The Bridge under Repair", "Barrows", "\u0421orrida", "Fir forest on the river Kama", "Mont Sainte-Victoire Seen from les Lauves", "Domestic Scen", "The Glacier"], "style_dict": {"Impressionism": 4, "Impressionism, Realism": 1, "Art Nouveau (Modern)": 3, "Romanticism": 3, "Na\u00efve Art (Primitivism)": 1, "Expressionism": 1, "Symbolism": 1, "Cubism": 1, "Realism": 5}, "Cubism": 0.002435800608725178, "Realism": 0.002005568682130799, "style_counts": [0.0003327502528431836, 0.0004906915472341344, 0.00048131865999601064, 0.0002656319974315702, 0.0006946097933470119, 0.0, 7.960025377218294e-05, 1.404313690889225e-07, 0.00043037235796350437]}