{"Neo-Suprematism": 0.005759756590089439, "Suprematism": 0.00734790891648007, "year": ["unknown", 1935.0, 1955.0, "unknown", "unknown", "unknown", 1982.0, 1974.0, 1881.0, "unknown", "unknown", "unknown", 1936.0, "unknown", "unknown", 1987.0, 1920.0, "unknown", 1931.0, "unknown"], "style": ["Constructivism", "Abstract Art", "Expressionism", "Romanticism", "Neo-Suprematism", "Neo-Suprematism", "Pop Art", "Na\u00efve Art (Primitivism)", "Impressionism", "Regionalism", "Pop Art", "Japonism", "Surrealism", "Neo-Suprematism", "Realism", "Pop Art", "Suprematism", "Pop Art", "Expressionism", "Regionalism"], "title": ["Four pieces with a the hammer and sickle", "Gravitation", "Don Quixote", "Diligent Blind Man", "Mystic", "Figure in the form of a cross with raised hands", "Self-Portrait in Drag", "King  David", "Little Dancer, Fourteen Year Old", "Fondly Do We Remember", "Untitled (red Boot Wit Holly)", "Woman with a Parasol", "Metamorphose", "Mystical religious rotation of shape", "Unknown title", "Christmas cards on table", "Suprematic group using the triangle", "Telephone", "Vignette", "Chilly Reception"], "Expressionism": 0.00572458692954466, "style_dict": {"Impressionism": 1, "Neo-Suprematism": 3, "Suprematism": 1, "Romanticism": 1, "Surrealism": 1, "Japonism": 1, "Na\u00efve Art (Primitivism)": 1, "Expressionism": 2, "Pop Art": 4, "Constructivism": 1, "Abstract Art": 1, "Realism": 1, "Regionalism": 2}, "Regionalism": 0.006820689892520243, "Impressionism": 0.006122008718211788, "Japonism": 0.006541892716850243, "scores": [0.006203406119930307, 0.009349956553568099, 0.012159764116864674, 0.014228920515493362, 0.015876664566555156, 0.01598928264208281, 0.016860791109410248, 0.017693827067668776, 0.01769488110071345, 0.017995842865286778, 0.01863550155979976, 0.018908501951970552, 0.019523033716914943, 0.019898118905600684, 0.020000590847329195, 0.020441355039882272, 0.0212381884117874, 0.021249052932974154, 0.021551629673091374, 0.022170367503399544], "Constructivism": 0.0021462312254412644, "Realism": 0.006919729544370848, "style_counts": [0.0012259001982682927, 0.001588152326390646, 0.0, 0.0024250402658916315, 0.0005934028002407832, 0.0008060161996298332, 0.0012262648686750532, 0.0016233219869353777, 0.005201677691038853, 0.0041130459518717855, 0.0005272190239598018, 0.0004281793721092608, 0.0010097473311294625], "artist": ["Malevich Kazimir", "Kandinsky Wassily", "Picasso Pablo", "Goya Francisco", "Malevich Kazimir", "Malevich Kazimir", "Warhol Andy", "Chagall Marc", "Degas Edgar", "Rockwell Norman", "Warhol Andy", "Bonnard Pierre", "Miro Joan", "Malevich Kazimir", "Kittelsen Theodor Severin", "Warhol Andy", "Malevich Kazimir", "Warhol Andy", "Escher M.C.", "Rockwell Norman"], "contentId": ["219664.jpg", "189316.jpg", "256467.jpg", "193895.jpg", "219721.jpg", "219659.jpg", "300212.jpg", "202710.jpg", "213467.jpg", "247668.jpg", "229396.jpg", "222116.jpg", "227923.jpg", "219723.jpg", "322020.jpg", "300201.jpg", "219840.jpg", "229387.jpg", "204905.jpg", "247633.jpg"], "style_labels": ["Impressionism", "Neo-Suprematism", "Suprematism", "Romanticism", "Surrealism", "Japonism", "Na\u00efve Art (Primitivism)", "Expressionism", "Constructivism", "Abstract Art", "Regionalism", "Realism", "Pop Art"], "Romanticism": 0.004922868650588486, "Surrealism": 0.006754506116239287, "Na\u00efve Art (Primitivism)": 0.006121644047805016, "Pop Art": 0.006338161585350614, "Abstract Art": 0.0032348629646083028}