{"Northern Renaissance": 0.0032408127351069775, "year": [1912.0, "unknown", 1918.0, 1933.0, 1882.0, 1905.0, 1500.0, "unknown", "unknown", 1880.0, "unknown", "unknown", 1880.0, 1840.0, 1912.0, 1938.0, 1898.0, 1968.0, 1941.0, "unknown"], "style": ["Impressionism", "Magic Realism", "Expressionism", "Symbolism", "Realism", "Cubism", "Northern Renaissance", "Neo-Romanticism", "Na\u00efve Art (Primitivism)", "Symbolism", "Realism", "Neo-Romanticism", "Romanticism", "Realism", "Analytical Cubism", "Symbolism", "Post-Impressionism", "Surrealism", "Surrealism", "Surrealism"], "Neo-Romanticism": 0.003363015670464171, "title": ["The North Gorge, Appledore, Isles of Shoals", "Early Autumn", "Woman with a Green Necklace (Madame Menier)", "Boundary of sword (study)", "Women Mending Nets in the Dunes", "Montagne Sainte-Victoire from Lauves", "The Ship of Fools", "Husmand", "Still Life with Watermelon", "Ruins by the Sea", "About nightfall. Grove.", "Ormen Risler Under Lying", "Moonlight in Feodosia", "Ville d'Avray the Chemin de Corot", "Violin and Clarinet on a Table", "Himalayas", "Village of Saint Mamm\u00e8s", "Self-Portrait", "The Triumph of Nautilus", "Untitled"], "Expressionism": 0.0025154897221404894, "Symbolism": 0.0031519978828276184, "style_dict": {"Impressionism": 1, "Neo-Romanticism": 2, "Surrealism": 3, "Northern Renaissance": 1, "Romanticism": 1, "Magic Realism": 1, "Na\u00efve Art (Primitivism)": 1, "Expressionism": 1, "Symbolism": 3, "Analytical Cubism": 1, "Post-Impressionism": 1, "Cubism": 1, "Realism": 3}, "Impressionism": 0.002313640102859797, "Magic Realism": 0.0024517075324549968, "scores": [0.006687280011241935, 0.007086346210429217, 0.007270700450152941, 0.007711225206988103, 0.007984262201648213, 0.008770194678547283, 0.009367153602183431, 0.009478070543998466, 0.01002540175229914, 0.010070384185105103, 0.01030355490679149, 0.010326318311326068, 0.01041941603065983, 0.010435267352084719, 0.010490658447396918, 0.010546015959188432, 0.010680536759785482, 0.01085426870499338, 0.010883655336746963, 0.010940280090300108], "Post-Impressionism": 0.00369521212301064, "Realism": 0.0031960003807292555, "style_counts": [0.0013815720201507675, 6.569338766537758e-05, 5.912794858686787e-05, 0.00045439938790359236, 9.034157229503847e-05, 0.0012435045905555553, 0.0002266611572356858, 0.0011797224008701646, 0.0005432142401829987, 0.0003321964525464516, 0.0, 0.0006609330014449855, 0.0004992117422814024], "Analytical Cubism": 0.0036295187353452513, "artist": ["Hassam Childe", "Earle Eyvind", "Modigliani Amedeo ", "Roerich Nicholas", "van Gogh Vincent ", "Cezanne Paul", "Bosch Hieronymus", "Kittelsen Theodor Severin", "Botero Fernando", "B\u00f6cklin Arnold", "Levitan Isaac", "Kittelsen Theodor Severin", "Aivazovsky Ivan ", "Corot Camille ", "Braque Georges ", "Roerich Nicholas", "Sisley Alfred", "Chagall Marc", "Dali Salvador", "Beksinski Zdislav"], "contentId": ["244354.jpg", "278323.jpg", "189784.jpg", "225414.jpg", "207533.jpg", "215718.jpg", "195445.jpg", "321911.jpg", "281238.jpg", "260650.jpg", "210048.jpg", "321968.jpg", "196603.jpg", "199901.jpg", "193806.jpg", "225711.jpg", "238362.jpg", "202992.jpg", "221706.jpg", "258776.jpg"], "style_labels": ["Impressionism", "Analytical Cubism", "Surrealism", "Northern Renaissance", "Romanticism", "Magic Realism", "Na\u00efve Art (Primitivism)", "Expressionism", "Symbolism", "Neo-Romanticism", "Post-Impressionism", "Cubism", "Realism"], "Romanticism": 0.0036048705507155535, "Surrealism": 0.003636084174423751, "Na\u00efve Art (Primitivism)": 0.0034685509657748663, "Cubism": 0.0030342791215656312}