{"style_counts": [0.001646809659843429, 0.0010091538586444182, 0.003976867089025671, 0.0011281966178456893, 0.0001404451213417035, 0.0024569897697864773, 0.0023432066548179087, 0.00204177760585722, 5.0265514265568356e-05, 0.0], "style": ["Romanticism", "Surrealism", "Romanticism", "Expressionism", "Na\u00efve Art (Primitivism)", "Art Nouveau (Modern)", "Cubo-Futurism", "Surrealism", "Surrealism", "Expressionism", "High Renaissance", "Art Nouveau (Modern)", "Art Nouveau (Modern)", "Realism", "Purism", "Regionalism", "Art Nouveau (Modern)", "Realism", "Regionalism", "Regionalism"], "style_labels": ["Cubo-Futurism", "Art Nouveau (Modern)", "Romanticism", "High Renaissance", "Purism", "Surrealism", "Na\u00efve Art (Primitivism)", "Expressionism", "Realism", "Regionalism"], "Cubo-Futurism": 0.005664564089034903, "artist": ["Delacroix Eugene ", "Escher M.C.", "Delacroix Eugene ", "Escher M.C.", "Chagall Marc", "Roerich Nicholas", "Malevich Kazimir", "Chagall Marc", "Chagall Marc", "Escher M.C.", "Michelangelo", "Roerich Nicholas", "Roerich Nicholas", "Roerich Nicholas", "Leger Fernand ", "Rockwell Norman", "Roerich Nicholas", "Roerich Nicholas", "Rockwell Norman", "Rockwell Norman"], "contentId": ["187753.jpg", "204702.jpg", "187750.jpg", "204683.jpg", "202506.jpg", "227017.jpg", "219744.jpg", "202581.jpg", "202374.jpg", "204616.jpg", "193129.jpg", "227018.jpg", "227031.jpg", "226368.jpg", "195993.jpg", "247791.jpg", "225640.jpg", "227011.jpg", "247667.jpg", "247615.jpg"], "Art Nouveau (Modern)": 0.006302219890233887, "title": ["Faust, Goethe's Tragedy", "NOT DETECTED", "Faust in his Study", "NOT DETECTED", "Coronated nude", "Vignette for book \"N. K. Roerich\"", "Peasant Woman Carrying Buckets with Water", "Gathering in countryside", "A painer with chandelier", "Mumified Priests in Gangi", "Holy Family with St. John the Baptist", "Vignette for book \"N. K. Roerich\"", "Vignette for book \"N. K. Roerich\"", "Plitnaia Hill", "Flower lamp", "Rush", "Girl", "View of Izvara estate", "Flute", "begging"], "Romanticism": 0.0033345066598526748, "High Renaissance": 0.006183177131032644, "Purism": 0.007170928627536647, "Surrealism": 0.004854383979091855, "Na\u00efve Art (Primitivism)": 0.0049681670940604486, "Expressionism": 0.0052695961430211215, "year": [1828.0, 1934.0, 1828.0, 1932.0, 1984.0, 1918.0, 1913.0, 1984.0, 1984.0, 1932.0, 1506.0, 1918.0, 1918.0, 1893.0, 1951.0, "unknown", 1913.0, 1893.0, "unknown", "unknown"], "scores": [0.009694094181232822, 0.0099054734296326, 0.009942408589887788, 0.013585501254267905, 0.014359849857181379, 0.01618391090608917, 0.016372696063739298, 0.016460564187976562, 0.017261266645557573, 0.017446507321685137, 0.017871680553606186, 0.019118513302332267, 0.019446399300242216, 0.020694218395165397, 0.020726649582921027, 0.021105144655098777, 0.022000175944472008, 0.02206556184071553, 0.022075042560718097, 0.022528567694773634], "style_dict": {"Cubo-Futurism": 1, "Art Nouveau (Modern)": 4, "Romanticism": 2, "High Renaissance": 1, "Purism": 1, "Surrealism": 3, "Na\u00efve Art (Primitivism)": 1, "Expressionism": 2, "Realism": 2, "Regionalism": 3}, "Realism": 0.007261108234612839, "Regionalism": 0.0073113737488783035}