{"Impressionism": 0.0024639633237180745, "Social Realism": 0.0022199818110075742, "style_labels": ["Impressionism", "Social Realism", "Cubism, Expressionism", "Orientalism", "Art Nouveau (Modern)", "Romanticism", "Surrealism", "New Realism", "Baroque", "Symbolism", "Cubism", "Realism"], "Cubism, Expressionism": 0.0017746293939243452, "Orientalism": 0.0019259467928784484, "Art Nouveau (Modern)": 0.0023870402352608303, "artist": ["Rubens Peter Paul", "Roerich Nicholas", "Roerich Nicholas", "Dali Salvador", "Beksinski Zdislav", "Gerome Jean-Leon", "Roerich Nicholas", "Courbet Gustave", "Dali Salvador", "Hopper Edward", "Churchill Winston", "Roerich Nicholas", "Derain Andre", "Beksinski Zdislav", "Sargent John Singer", "Rembrandt", "Corot Camille ", "Sorolla Joaqu\u00edn", "Turner William", "Hopper Edward"], "year": [1635.0, 1939.0, 1940.0, 1921.0, "unknown", 1865.0, "unknown", 1856.0, 1956.0, 1931.0, "unknown", 1923.0, 1910.0, "unknown", 1897.0, 1636.0, 1828.0, 1893.0, "unknown", 1931.0], "Romanticism": 0.002660984299771788, "style_dict": {"Impressionism": 2, "Social Realism": 1, "Cubism, Expressionism": 1, "Orientalism": 1, "New Realism": 1, "Romanticism": 1, "Cubism": 1, "Surrealism": 3, "Symbolism": 3, "Baroque": 2, "Art Nouveau (Modern)": 1, "Realism": 3}, "Surrealism": 0.002093848060826811, "style": ["Baroque", "Symbolism", "Symbolism", "Cubism, Expressionism", "Surrealism", "Orientalism", "Symbolism", "Realism", "Surrealism", "Social Realism", "Impressionism", "Art Nouveau (Modern)", "Cubism", "Surrealism", "Realism", "Baroque", "Realism", "Impressionism", "Romanticism", "New Realism"], "scores": [0.004417581317482108, 0.004499535795611879, 0.00480520752668526, 0.005129338680931315, 0.005437023037766742, 0.0055667022173465615, 0.005880452316028004, 0.00631594816043066, 0.0063746996594845244, 0.006416572729579474, 0.006858317878033195, 0.006899433680959721, 0.006973669722884466, 0.007006101937960691, 0.007314244377181063, 0.0074307638351080625, 0.0075337553817844405, 0.007651661429150799, 0.007691233868265477, 0.007708888478248336], "contentId": ["216602.jpg", "225717.jpg", "225407.jpg", "221719.jpg", "258664.jpg", "279417.jpg", "226861.jpg", "191759.jpg", "221504.jpg", "235592.jpg", "313772.jpg", "226452.jpg", "256211.jpg", "258739.jpg", "265660.jpg", "220569.jpg", "199710.jpg", "251277.jpg", "238850.jpg", "235655.jpg"], "New Realism": 0.0026670923756394087, "title": ["St. Francis of Assisi Receiving the Stigmata", "Himalayas", "Border of Tibet", "The Voyeur", "Untitled", "Prayer in Cairo", "The Rite of Spring", "La Bretonnerie in the Department of Indre", "Study for a fruit bowl in 'Still Life - Fast Moving'", "New York, New Haven and Hartford", "Mountain near Lochmore", "Roses of Heart. Princess Olga.", "Vista de Saint Paul de Vence", "Untitled", "Portrait of Mrs Harold Wilson", "The Ascension Of Christ", "Roman Countryside Rocky Valley with a Herd of Pigs", "Ropemakers", "The Grand Canal Scene, A Street In Venice", "The Camel's Hump"], "Baroque": 0.0020119868736326115, "Symbolism": 0.0016896476110786504, "Cubism": 0.0024127241431256027, "Realism": 0.0023548997915277974, "style_counts": [0.0002031290519213247, 0.0004471105646318696, 0.0008924629817150809, 0.0007411455827609492, 0.00028005214037862824, 6.1080758676501645e-06, 0.0005732443148126487, 0.0, 0.0006551055020068697, 0.000977444764560742, 0.0002543682325137908, 0.00031219258411163686]}