{"style_counts": [0.00021199117820880353, 0.0009503956713035056, 0.0016254304344960335, 0.0012783098244095736, 0.0010683447666036683, 0.001994155227320271, 0.0031937482380977045, 0.0, 0.0018678869685250232], "Abstract Expressionism, Action painting": 0.007094910430948275, "Abstract Expressionism": 0.00635650593785355, "Neo-Romanticism": 0.005681471174661027, "artist": ["Escher M.C.", "Leger Fernand ", "Escher M.C.", "Kandinsky Wassily", "Kittelsen Theodor Severin", "Chagall Marc", "Roerich Nicholas", "Escher M.C.", "Leger Fernand ", "Leger Fernand ", "Matisse Henri", "Escher M.C.", "Kustodiev Boris", "Escher M.C.", "Escher M.C.", "Pollock Jackson ", "Roerich Nicholas", "Escher M.C.", "Roerich Nicholas", "Escher M.C."], "Op Art": 0.006028591784747417, "contentId": ["204683.jpg", "196235.jpg", "204603.jpg", "326979.jpg", "321878.jpg", "202826.jpg", "227032.jpg", "204754.jpg", "195973.jpg", "196210.jpg", "214311.jpg", "204608.jpg", "230306.jpg", "204604.jpg", "204606.jpg", "288182.jpg", "226314.jpg", "204882.jpg", "225678.jpg", "204532.jpg"], "Art Nouveau (Modern)": 0.006238556842553312, "title": ["NOT DETECTED", "The camper", "Metamorphosis III excerpt 2", "Kochel: Waterfall I", "The Forest Court", "Musicians on a green background", "Vignette for book \"N. K. Roerich\"", "Path of Life I", "Dancer the dog (The dog on the ball, Study for the Grande Parade", "Swimming", "Tree of Life' Stained Glass behind the Altar in the Chapel of the Rosary at Vence", "Metamorphosis III excerpt 7", "View in Tula, a sketch for E. Zamyatin's play, 'The Flea'", "Metamorphosis III excerpt 3", "Metamorphosis III excerpt 5", "Number 17", "Oze's death", "The Borger Oak", "Guru Kambala", "Flor de Pascua - Beautiful"], "style": ["Expressionism", "Na\u00efve Art (Primitivism)", "Op Art", "Post-Impressionism", "Neo-Romanticism", "Na\u00efve Art (Primitivism)", "Art Nouveau (Modern)", "Op Art", "Na\u00efve Art (Primitivism)", "Na\u00efve Art (Primitivism)", "Abstract Expressionism", "Op Art", "Art Nouveau (Modern)", "Op Art", "Op Art", "Abstract Expressionism, Action painting", "Art Nouveau (Modern)", "Op Art", "Symbolism", "Op Art"], "scores": [0.011888542339605387, 0.01226628892203864, 0.015539723869608214, 0.015720774308066496, 0.01642156382654138, 0.016809569110010854, 0.017000331770699192, 0.01758762695507699, 0.017659033216279423, 0.01796421101341461, 0.018372665241671172, 0.018423239935505778, 0.018431623266578726, 0.01997529846856668, 0.020141582780148666, 0.0205069287344158, 0.0206351831836362, 0.020858212045843275, 0.021119662048833476, 0.021588640437095234], "style_labels": ["Abstract Expressionism, Action painting", "Abstract Expressionism", "Neo-Romanticism", "Op Art", "Art Nouveau (Modern)", "Na\u00efve Art (Primitivism)", "Expressionism", "Symbolism", "Post-Impressionism"], "Na\u00efve Art (Primitivism)": 0.005312746381836738, "Expressionism": 0.004113153371059363, "year": [1932.0, "unknown", 1968.0, 1900.0, "unknown", 1964.0, 1918.0, 1958.0, 1952.0, "unknown", 1951.0, 1968.0, 1924.0, 1968.0, 1968.0, 1949.0, 1912.0, 1919.0, 1940.0, 1921.0], "Symbolism": 0.007306901609157016, "Post-Impressionism": 0.005439014640632002, "style_dict": {"Abstract Expressionism, Action painting": 1, "Abstract Expressionism": 1, "Neo-Romanticism": 1, "Op Art": 7, "Art Nouveau (Modern)": 3, "Na\u00efve Art (Primitivism)": 4, "Expressionism": 1, "Symbolism": 1, "Post-Impressionism": 1}}