{"style": ["Cubism", "Purism", "Art Nouveau (Modern)", "Regionalism", "Japonism", "Na\u00efve Art (Primitivism)", "Regionalism", "New Realism", "Regionalism", "Constructivism, Suprematism", "Baroque", "Cubism", "Ukiyo-e", "Regionalism", "Purism", "Art Nouveau (Modern)", "Na\u00efve Art (Primitivism)", "Na\u00efve Art (Primitivism)", "Realism", "Na\u00efve Art (Primitivism)"], "style_labels": ["Constructivism, Suprematism", "Art Nouveau (Modern)", "Ukiyo-e", "Purism", "Japonism", "Na\u00efve Art (Primitivism)", "New Realism", "Baroque", "Cubism", "Realism", "Regionalism"], "Constructivism, Suprematism": 0.004157955027320971, "artist": ["Leger Fernand ", "Leger Fernand ", "Roerich Nicholas", "Rockwell Norman", "van Gogh Vincent ", "Leger Fernand ", "Rockwell Norman", "Hopper Edward", "Rockwell Norman", "Malevich Kazimir", "Rembrandt", "Picasso Pablo", "Hokusai Katsushika", "Rockwell Norman", "Leger Fernand ", "Mucha Alphonse", "Leger Fernand ", "Chagall Marc", "van Gogh Vincent ", "Leger Fernand "], "contentId": ["196309.jpg", "196227.jpg", "225572.jpg", "247639.jpg", "205656.jpg", "196253.jpg", "247802.jpg", "235559.jpg", "247651.jpg", "219731.jpg", "220732.jpg", "223810.jpg", "222190.jpg", "247682.jpg", "196050.jpg", "227613.jpg", "196162.jpg", "202826.jpg", "206523.jpg", "196195.jpg"], "Art Nouveau (Modern)": 0.003912920145050801, "title": ["The two sailors", "The birds in the landscape", "Entourage", "Clown Training Dogs", "A mousm\u00e9, sitting", "The dancers (yellow background)", "Soldier and comrads", "Five A.M.", "Doctor and Doll", "Workers of all countries unite!", "Woman Standing with Raised Hands", "Carnival at the bistro", "Fuji at Torigoe", "Girl Broom Kitten", "New York", "Beer of the Meuse", "Stalingrad", "Musicians on a green background", "Peasant Woman, Digging, Seen from the Side", "Study\u00a0for a\u00a0Portrait"], "Ukiyo-e": 0.004315295037770783, "style_counts": [0.0004066372310841393, 0.0006516721133542625, 0.0002492972206343813, 0.0007963782296472877, 0.0009615093933256214, 0.0004228898064965181, 0.0005138079037172449, 0.00037745308813630363, 0.0009518857535824043, 0.0, 0.0007686264434831891], "Purism": 0.0037682140287578166, "Japonism": 0.0036030828650795194, "Na\u00efve Art (Primitivism)": 0.004141702451908616, "scores": [0.008989175024475736, 0.009594390813891258, 0.010294893600246513, 0.01038532877957204, 0.01041424895458544, 0.011357037096612172, 0.011371265156788147, 0.011708272696117364, 0.011896903111939507, 0.012018035781570909, 0.012102388804125766, 0.012285612681700328, 0.012472806904162134, 0.012574115337143246, 0.012596161722341393, 0.012747815594659841, 0.01283153370322497, 0.012985039007436729, 0.013193368550005607, 0.013264414373565719], "year": ["unknown", "unknown", 1912.0, "unknown", 1888.0, 1954.0, "unknown", 1937.0, "unknown", 1918.0, "unknown", 1909.0, "unknown", "unknown", 1944.0, 1897.0, "unknown", 1964.0, 1885.0, 1945.0], "New Realism": 0.004050784354687837, "Baroque": 0.004187139170268817, "style_dict": {"Constructivism, Suprematism": 1, "Art Nouveau (Modern)": 2, "Ukiyo-e": 1, "Purism": 2, "Japonism": 1, "Na\u00efve Art (Primitivism)": 4, "New Realism": 1, "Baroque": 1, "Cubism": 2, "Realism": 1, "Regionalism": 4}, "Cubism": 0.003612706504822674, "Realism": 0.004564592258405112, "Regionalism": 0.003795965814921878}