{"High Renaissance": 0.005845478630131587, "Mannerism (Late Renaissance)": 0.0055887158825033735, "year": [1896.0, 1870.0, 1931.0, 1570.0, 1979.0, 1988.0, 1961.0, 1607.0, 1940.0, 1495.0, "unknown", 1886.0, "unknown", 1918.0, 1629.0, "unknown", 1941.0, 1922.0, 1938.0, 1550.0], "Academicism": 0.0058566210789163, "style": ["Art Nouveau (Modern)", "Orientalism", "Surrealism", "Mannerism (Late Renaissance)", "Magic Realism", "Magic Realism", "Expressionism", "Baroque", "Symbolism", "High Renaissance", "Academicism", "Post-Impressionism", "Orientalism", "Na\u00efve Art (Primitivism)", "Baroque", "Impressionism", "Surrealism", "Symbolism", "Surrealism", "Mannerism (Late Renaissance)"], "title": ["Biscuits Champagne Lef\u00e8vre Utile", "Moorish Bath", "Nocturnes", "Tarquin and Lucretia", "Antique Shop", "Western Barns", "Pregnant Girl", "Madonna of the Rosary (Madonna del Rosario)", "Guardians of the Night", "Angel with Candlestick", "Aim\u00e9 Morot", "Vase with Red Gladioli", "A Seated Female Nude", "Interior with Flowers", "Adoration of the Magi", "View of the Loggia at Chartwell", "City Worried", "Tristan's castle", "The sleepy town", "Venus and an Organist and a Little Dog"], "Art Nouveau (Modern)": 0.004663167814392297, "Expressionism": 0.005739204066689703, "Symbolism": 0.005771114954441792, "style_dict": {"Impressionism": 1, "Magic Realism": 2, "Art Nouveau (Modern)": 1, "High Renaissance": 1, "Surrealism": 3, "Mannerism (Late Renaissance)": 2, "Na\u00efve Art (Primitivism)": 1, "Expressionism": 1, "Symbolism": 2, "Academicism": 1, "Baroque": 2, "Post-Impressionism": 1, "Orientalism": 2}, "Impressionism": 0.005953305636938034, "Magic Realism": 0.005336339141411204, "scores": [0.013478288553049878, 0.014819127739260484, 0.014846796332113764, 0.015347374794347095, 0.01552166350020669, 0.015903386447838758, 0.016588433347162732, 0.0166061062316849, 0.016715620514658035, 0.016895606343917898, 0.016927812163199038, 0.01696025440881365, 0.01711874513433943, 0.017130052051759243, 0.017133190852689984, 0.01720726647912973, 0.01724881221162608, 0.017269771135559497, 0.017411294493057474, 0.01756389098151192], "Baroque": 0.005729325233618248, "Post-Impressionism": 0.00586784532559875, "style_counts": [0.0, 0.0004447022287008551, 0.0012901378225458338, 0.00010782700680644908, 0.0006169664955268939, 0.00036458975443465214, 2.671435851109294e-05, 0.00021410157024837062, 0.0001821906824962527, 9.668455802180898e-05, 0.0002239804033198345, 8.546031133938037e-05, 0.0005298831955871108], "artist": ["Mucha Alphonse", "Gerome Jean-Leon", "Delvaux Paul", "Titian", "Holbrook Carter Clarence", "Earle Eyvind", "Freud Lucian", "Caravaggio", "Roerich Nicholas", "Michelangelo", "Gerome Jean-Leon", "van Gogh Vincent ", "Gerome Jean-Leon", "Chagall Marc", "Rubens Peter Paul", "Churchill Winston", "Delvaux Paul", "Roerich Nicholas", "Delvaux Paul", "Titian"], "contentId": ["227615.jpg", "279382.jpg", "243072.jpg", "225040.jpg", "345408.jpg", "278394.jpg", "232096.jpg", "186666.jpg", "225669.jpg", "193108.jpg", "279303.jpg", "207326.jpg", "279297.jpg", "202661.jpg", "216360.jpg", "313811.jpg", "243034.jpg", "226964.jpg", "243199.jpg", "225078.jpg"], "Orientalism": 0.005423422441351019, "style_labels": ["Impressionism", "Surrealism", "Art Nouveau (Modern)", "High Renaissance", "Magic Realism", "Mannerism (Late Renaissance)", "Na\u00efve Art (Primitivism)", "Expressionism", "Symbolism", "Academicism", "Baroque", "Post-Impressionism", "Orientalism"], "Surrealism": 0.005508603408237228, "Na\u00efve Art (Primitivism)": 0.00592659127842704}