{"High Renaissance": 0.004659475258108128, "year": [1863.0, 1935.0, 1598.0, 1912.0, "unknown", 1610.0, "unknown", 1930.0, 1907.0, 1772.0, 1898.0, 1962.0, 1910.0, 1924.0, 1610.0, 1908.0, 1848.0, "unknown", 1921.0, 1518.0], "New Realism": 0.004563789356399865, "style": ["Neoclassicism", "Intimism", "Baroque", "Analytical Cubism", "Baroque", "Baroque", "Ukiyo-e", "Expressionism", "Impressionism", "Romanticism", "unknown", "Surrealism", "Expressionism", "Abstract Art", "Baroque", "Realism", "Realism", "New Realism", "Neoclassicism", "High Renaissance"], "title": ["The Turkish Bath", "The workshop with Mimosa", "John the Baptist", "Violin Mozart Kubelick", "not identified", "The Elevation of the Cross", "Sketch of Daruma", "The pride of the housewife", "Nude reclining on cushions", "The Burial of Christ", "Landscape, Corsica", "The girls\u00a0from the provinces", "Butcher", "Contrasting sounds", "The Raising of the Cross", "Cora, Countess of Strafford (Cora Smith)", "Marc Trapadoux is Examining the Book of Prints", "First Row Orchestra", "Portrait of Alice Derain", "The Worship of Venus"], "unknown": 0.004345278902518561, "Ukiyo-e": 0.004176919342901875, "Expressionism": 0.004244400870376959, "style_dict": {"Impressionism": 1, "Analytical Cubism": 1, "Intimism": 1, "unknown": 1, "Ukiyo-e": 1, "Romanticism": 1, "High Renaissance": 1, "Surrealism": 1, "Realism": 2, "Expressionism": 2, "New Realism": 1, "Abstract Art": 1, "Baroque": 4, "Neoclassicism": 2}, "Neoclassicism": 0.00381433757648706, "Impressionism": 0.004211485154638696, "scores": [0.009014369855099217, 0.010109365569217566, 0.010227718578502604, 0.011316617421845261, 0.011827158727230891, 0.012023254326649947, 0.012072849703733783, 0.01212929749520885, 0.012172757749766647, 0.012396505944755028, 0.01255947142002169, 0.012620768464643257, 0.012865461236682914, 0.012880819151033646, 0.013056204682215893, 0.013110018441980807, 0.013180049414923525, 0.013191047864725282, 0.013447798624716286, 0.013467615692651676], "Abstract Art": 0.0044564575874521065, "Baroque": 0.0038704211644638577, "Realism": 0.0044643594319531375, "style_counts": [0.00044799010346951995, 0.0007441943289578923, 0.001161874805294505, 0.00031419635558960213, 0.00048255591520629526, 0.00037057854062216844, 0.0, 0.0002929890335715557, 0.00019511582615505674, 0.00041507438773125127, 9.568590170827562e-05, 0.00020301767065611376, 0.0007890540936442703, 0.0008451376816210887], "Analytical Cubism": 0.003915280929150224, "artist": ["Ingres Jean Auguste Dominique ", "Bonnard Pierre", "Caravaggio", "Braque Georges ", "Caravaggio", "Rubens Peter Paul", "Hokusai Katsushika", "Serebriakova Zinaida", "Renoir Pierre-Auguste", "Goya Francisco", "Matisse Henri", "Delvaux Paul", "Chagall Marc", "Kandinsky Wassily", "Rubens Peter Paul", "Sargent John Singer", "Courbet Gustave", "Hopper Edward", "Derain Andre", "Titian"], "contentId": ["193563.jpg", "222092.jpg", "186657.jpg", "193818.jpg", "186676.jpg", "216644.jpg", "223576.jpg", "227538.jpg", "218808.jpg", "194096.jpg", "9223372032559820491.jpg", "243182.jpg", "202472.jpg", "189292.jpg", "216685.jpg", "266086.jpg", "191779.jpg", "235558.jpg", "256157.jpg", "225070.jpg"], "style_labels": ["Impressionism", "Analytical Cubism", "Intimism", "unknown", "Ukiyo-e", "Romanticism", "High Renaissance", "Surrealism", "Realism", "Expressionism", "New Realism", "Abstract Art", "Baroque", "Neoclassicism"], "Romanticism": 0.0042888967174859755, "Surrealism": 0.0043664862245366065, "Intimism": 0.0034976004528137036}