{"Suprematism": 0.004616001423433254, "Northern Renaissance": 0.0040198961532123, "Abstract Expressionism, Symbolism": 0.0047521181549330755, "year": [1976.0, 1942.0, 1515.0, "unknown", 1919.0, 1515.0, 1888.0, 1936.0, 1913.0, 1889.0, 1912.0, 1967.0, 1899.0, 1982.0, 1972.0, 1928.0, 1983.0, 1909.0, 1890.0, "unknown"], "Abstract Expressionism, Surrealism": 0.00488844187676375, "style": ["Pop Art", "Symbolism", "Northern Renaissance", "Symbolism", "Expressionism", "Northern Renaissance", "Post-Impressionism", "Dada", "Suprematism", "Post-Impressionism", "Art Nouveau (Modern)", "Abstract Expressionism, Symbolism", "Realism", "Neo-Expressionism", "Abstract Expressionism, Surrealism", "Expressionism", "Neo-Expressionism", "Cubism", "Post-Impressionism", "Post-Impressionism"], "Neo-Expressionism": 0.004819869631493601, "Art Nouveau (Modern)": 0.004705921860328239, "Expressionism": 0.004533723183849003, "Symbolism": 0.0039144466485919235, "style_dict": {"Abstract Expressionism, Surrealism": 1, "Suprematism": 1, "Neo-Expressionism": 2, "Northern Renaissance": 2, "Art Nouveau (Modern)": 1, "Dada": 1, "Abstract Expressionism, Symbolism": 1, "Expressionism": 2, "Symbolism": 2, "Pop Art": 1, "Post-Impressionism": 4, "Cubism": 1, "Realism": 1}, "Dada": 0.004544123086403879, "scores": [0.010345754101618393, 0.01108294019689345, 0.011125353544855623, 0.01196875839106954, 0.012416706431499827, 0.012547324306583424, 0.013069208746973895, 0.013134205033345723, 0.013341960148699972, 0.013459173769026112, 0.013601863639958921, 0.01373538810520419, 0.01402614160612843, 0.014047807980858397, 0.014129414340714864, 0.014281836095051336, 0.014335816054082297, 0.014374045894726855, 0.014374709871714342, 0.01448799625878194], "Post-Impressionism": 0.004548421778746654, "Realism": 0.004852711962677679, "Pop Art": 0.0035793852722768196, "style_counts": [8.463670922043143e-05, 0.0003570771625509561, 0.00015320895449055794, 0.0009531824327718708, 0.00026715672565591486, 0.0004289554995803302, 0.0002209604310511315, 0.00043935540213513313, 0.001058631937392196, 0.0013936933137073115, 0.0004246568072374668, 0.0, 0.00012036662330650039], "artist": ["Warhol Andy", "Roerich Nicholas", "Bosch Hieronymus", "Roerich Nicholas", "Matisse Henri", "Bosch Hieronymus", "van Gogh Vincent ", "Ray Man", "Malevich Kazimir", "van Gogh Vincent ", "Roerich Nicholas", "Dali Salvador", "Bouguereau William-Adolphe", "Basquiat Jean-Michel ", "Dali Salvador", "Serebriakova Zinaida", "Basquiat Jean-Michel ", "Picasso Pablo", "van Gogh Vincent ", "van Gogh Vincent "], "contentId": ["300236.jpg", "226327.jpg", "195359.jpg", "226537.jpg", "214181.jpg", "195360.jpg", "206604.jpg", "210846.jpg", "361384.jpg", "205856.jpg", "225460.jpg", "246797.jpg", "232426.jpg", "338883.jpg", "221438.jpg", "227289.jpg", "203904.jpg", "223810.jpg", "207035.jpg", "206164.jpg"], "style_labels": ["Abstract Expressionism, Surrealism", "Suprematism", "Neo-Expressionism", "Northern Renaissance", "Art Nouveau (Modern)", "Dada", "Abstract Expressionism, Symbolism", "Expressionism", "Symbolism", "Pop Art", "Post-Impressionism", "Cubism", "Realism"], "title": ["Mimosas", "Partisans", "Passion\u00a0of the Christ", "Sentinels", "Sitting Woman", "Passion\u00a0of the Christ", "Pink Peach Trees", "Dora Marr", "Costume for Victory over the Sun. Many and One", "Death's Head Moth", "Castle of King Mark", "Seduxisti me, Domine", "Love\u00a0and\u00a0Psyche", "Self-Portrait", "Self-Portrait (Photomontage with the famous 'Mao-Marilyn' that Philippe Halsman created at Dali's wish)", "Market in Marrakesh", "Replicas", "Carnival at the bistro", "Study of a Fruit Tree", "Interior of a Restaurant"], "Cubism": 0.004973078585984176}