{"Fauvism": 0.0028405007232481377, "Impressionism": 0.0030499845312096717, "style": ["Romanticism", "Pop Art", "Baroque", "Neo-baroque", "Fauvism", "Symbolism", "Na\u00efve Art (Primitivism)", "Na\u00efve Art (Primitivism)", "Realism", "Realism", "Realism", "Impressionism", "Post-Impressionism", "Symbolism", "Na\u00efve Art (Primitivism)", "Symbolism", "Northern Renaissance", "Post-Impressionism", "Symbolism", "Northern Renaissance"], "style_labels": ["Fauvism", "Impressionism", "Northern Renaissance", "Romanticism", "Na\u00efve Art (Primitivism)", "Neo-baroque", "Symbolism", "Pop Art", "Baroque", "Post-Impressionism", "Realism"], "artist": ["Delacroix Eugene ", "Warhol Andy", "Rembrandt", "de Chirico Giorgio ", "Derain Andre", "Roerich Nicholas", "Chagall Marc", "Chagall Marc", "Levitan Isaac", "van Gogh Vincent ", "Escher M.C.", "Churchill Winston", "van Gogh Vincent ", "Roerich Nicholas", "Chagall Marc", "Roerich Nicholas", "Durer Albrecht", "van Gogh Vincent ", "Roerich Nicholas", "Bosch Hieronymus"], "contentId": ["187860.jpg", "229264.jpg", "219991.jpg", "194550.jpg", "256123.jpg", "225396.jpg", "202898.jpg", "202946.jpg", "210394.jpg", "205694.jpg", "204667.jpg", "313796.jpg", "205648.jpg", "225738.jpg", "202582.jpg", "226070.jpg", "200567.jpg", "207024.jpg", "225510.jpg", "195316.jpg"], "title": ["Study for Marphisa", "Big electric chair", "A Woman Sitting up in Bed", "Self Portrait", "Figures from a Carnival", "Blue temples (Grand Canyon, Arizona)", "Parade", "Proshka", "Summer evening. Edge of Village.", "Austin Friars Church, London", "NOT DETECTED", "The Terrace, Lympne", "A Lane of Cypresses with a Couple Walking", "Himalayas", "Gathering of peasants", "Lamayuru. Ladakh.", "Cardinal Albrecht of Brandenburg (The Small Cardina)", "Street in Saintes-Maries", "Conversation with God", "Group of Male Figures"], "Northern Renaissance": 0.003172644484810899, "Romanticism": 0.0023558862701200762, "year": [1850.0, 1967.0, "unknown", "unknown", 1906.0, 1921.0, 1980.0, 1923.0, 1899.0, 1874.0, 1930.0, "unknown", 1888.0, 1947.0, 1923.0, 1947.0, 1519.0, 1888.0, "unknown", "unknown"], "Na\u00efve Art (Primitivism)": 0.0029062286402779386, "scores": [0.006809387139970403, 0.006936536832928374, 0.00746999309682239, 0.008139569997972974, 0.008210103068760046, 0.008262678177114294, 0.008512893524076495, 0.008628887832235555, 0.008635703238349772, 0.008638568282093074, 0.008786200784515282, 0.008815589151028608, 0.008870483871159334, 0.008921769941423668, 0.008977067439710608, 0.008993974712013682, 0.009134068238904586, 0.009275932438231119, 0.009440218116144582, 0.009549247937324694], "Neo-baroque": 0.002816097955474621, "Symbolism": 0.002924813470362406, "Pop Art": 0.0023998770448744352, "Baroque": 0.00258444024593557, "Post-Impressionism": 0.0030814726400829736, "style_dict": {"Fauvism": 1, "Impressionism": 1, "Northern Renaissance": 2, "Romanticism": 1, "Na\u00efve Art (Primitivism)": 3, "Neo-baroque": 1, "Symbolism": 4, "Pop Art": 1, "Baroque": 1, "Post-Impressionism": 2, "Realism": 3}, "Realism": 0.002899733123129553, "style_counts": [0.00033214376156276426, 0.00012265995360127846, 0.0, 0.0008167582146908492, 0.0002664158445330189, 0.00035654652933625464, 0.0002478310144484741, 0.0007727674399364837, 0.0005882042388754005, 9.117184472795525e-05, 0.00027291136168139385]}