{"style_counts": [8.519850298005505e-05, 0.0007479617827300666, 0.0008241433818862998, 0.0011211785772381466, 0.0009518218613888685, 0.0, 0.0007704665981537184, 0.0005671770616568761, 0.0004513492030758792], "style": ["Surrealism", "Surrealism", "Expressionism", "Art Nouveau (Modern)", "Symbolism", "Expressionism", "Expressionism", "Romanticism", "Surrealism", "Surrealism", "Baroque", "Realism", "Symbolism", "Art Nouveau (Modern)", "Surrealism", "Expressionism", "Analytical Cubism", "Metaphysical art", "Surrealism", "Surrealism"], "style_labels": ["Analytical Cubism", "Art Nouveau (Modern)", "Romanticism", "Surrealism", "Expressionism", "Metaphysical art", "Symbolism", "Baroque", "Realism"], "Analytical Cubism": 0.004246423770117602, "artist": ["Dali Salvador", "Dali Salvador", "Pollock Jackson ", "Roerich Nicholas", "Roerich Nicholas", "Kirchner Ernst Ludwig", "Chagall Marc", "Aivazovsky Ivan ", "Dali Salvador", "Dali Salvador", "Rubens Peter Paul", "Degas Edgar", "B\u00f6cklin Arnold", "Roerich Nicholas", "Beksinski Zdislav", "Dali Salvador", "Braque Georges ", "de Chirico Giorgio ", "Dali Salvador", "Dali Salvador"], "contentId": ["221187.jpg", "221778.jpg", "185319.jpg", "225522.jpg", "226785.jpg", "251868.jpg", "202834.jpg", "196778.jpg", "220811.jpg", "221548.jpg", "216445.jpg", "213702.jpg", "260638.jpg", "225636.jpg", "259131.jpg", "221127.jpg", "193618.jpg", "194455.jpg", "221517.jpg", "221790.jpg"], "Art Nouveau (Modern)": 0.003583660490367674, "title": ["Night Spectre on the Beach", "Untitled (Female Bust with Draped Cloth)", "Untitled", "Cover of \"Literary Digest\"", "Sunset over Malana", "Couple", "Newspaper Seller", "Ship in a storm", "Average Pagan Landscape", "The Angel of Port Lligat", "Girl with Fan", "The Belleli Family", "Playing in the Waves", "Gifts", "Untitled", "Madonna", "Clarinet and Bottle of Rum on a Mantelpiece", "Gladiators", "Study for the set of 'Romeo and Juliet'", "Untitled (St. John from Behind)"], "year": [1934.0, 1981.0, 1943.0, 1896.0, "unknown", 1908.0, 1914.0, 1887.0, 1937.0, 1952.0, 1614.0, 1862.0, 1883.0, 1909.0, "unknown", 1960.0, 1911.0, "unknown", 1942.0, 1965.0], "Romanticism": 0.003507478891211369, "scores": [0.005150956401733809, 0.008539780707590018, 0.009168406419918401, 0.009632316673083407, 0.009678438238120283, 0.009904492958572878, 0.010010353093043933, 0.010137917928574295, 0.010338946960821278, 0.010493448488703845, 0.010880646123295899, 0.011215431694515986, 0.011292772922249504, 0.011471422598791192, 0.011751875058767283, 0.012076260282361693, 0.01227374333720687, 0.012519998684035562, 0.012549719706345927, 0.012596012869237646], "Surrealism": 0.0032104436958595413, "Expressionism": 0.0033798004117087744, "Metaphysical art": 0.004331622273097694, "Symbolism": 0.003561155674944002, "Baroque": 0.0037644452114407845, "style_dict": {"Analytical Cubism": 1, "Art Nouveau (Modern)": 2, "Romanticism": 1, "Surrealism": 7, "Expressionism": 4, "Metaphysical art": 1, "Symbolism": 2, "Baroque": 1, "Realism": 1}, "Realism": 0.0038802730700217753}