{"style": ["Symbolism", "Realism", "High Renaissance", "Na\u00efve Art (Primitivism)", "Magic Realism", "Expressionism", "Symbolism", "Regionalism", "Na\u00efve Art (Primitivism)", "Symbolism", "Northern Renaissance", "Regionalism", "High Renaissance", "Northern Renaissance", "Post-Impressionism", "Na\u00efve Art (Primitivism)", "Symbolism", "Art Nouveau (Modern)", "Symbolism", "Art Nouveau (Modern)"], "style_labels": ["Art Nouveau (Modern)", "Northern Renaissance", "High Renaissance", "Magic Realism", "Na\u00efve Art (Primitivism)", "Expressionism", "Symbolism", "Post-Impressionism", "Realism", "Regionalism"], "artist": ["Roerich Nicholas", "Roerich Nicholas", "da Vinci Leonardo", "Chagall Marc", "Holbrook Carter Clarence", "Chagall Marc", "Roerich Nicholas", "Rockwell Norman", "Chagall Marc", "Roerich Nicholas", "Durer Albrecht", "Rockwell Norman", "Raphael", "Durer Albrecht", "van Gogh Vincent ", "Chagall Marc", "Roerich Nicholas", "Roerich Nicholas", "Roerich Nicholas", "Roerich Nicholas"], "contentId": ["227079.jpg", "226945.jpg", "225185.jpg", "202652.jpg", "345421.jpg", "203351.jpg", "226514.jpg", "247719.jpg", "202546.jpg", "226802.jpg", "200871.jpg", "247792.jpg", "210485.jpg", "200633.jpg", "206383.jpg", "202924.jpg", "225510.jpg", "225640.jpg", "226860.jpg", "226633.jpg"], "Art Nouveau (Modern)": 0.0049829015439458064, "title": ["White city", "Tomb near village Podlipie", "Madonna with the Yarnwinder", "Illustration to Nikolai Gogol's \"Dead Souls\"", "Untitled - Country Road", "Wounded Soldier", "Sanga Chelling", "Miami", "Disputation of Pliushkin and Mavra", "Teacher's order", "Noble woman at horses and Lansquenet", "Sailors", "Birth on Good Friday", "Conversion of Paul", "Orchard and House with Orange Roof", "Petrouchka", "Conversation with God", "Girl", "The Philosopher. Silence.", "Sketches of costumes for \"Tale of Tsar Saltan\""], "Northern Renaissance": 0.004611291603940363, "style_counts": [0.0, 0.0003716099400054018, 0.0006196998890624084, 0.00064761721511708, 0.000526407180229449, 0.0005947980437081002, 0.0006856012867177963, 0.00018355689260940444, 0.0010975904361396616, 0.00048150385443690435], "High Renaissance": 0.004363201654883364, "scores": [0.011142963762609898, 0.011229993496642946, 0.011904359753529853, 0.012433702072397789, 0.01253058338649617, 0.012683250427812287, 0.01285535314847953, 0.01303835387532106, 0.013226488015185545, 0.013260023951625056, 0.01329216468457451, 0.013469827760118404, 0.013790002299674337, 0.013863168801315369, 0.013871890236632538, 0.014391201889306097, 0.014525258769944404, 0.014572243634733105, 0.014632088016937758, 0.014771455435952235], "Magic Realism": 0.0043352843288286536, "Na\u00efve Art (Primitivism)": 0.004456494363716334, "Expressionism": 0.004388103500237677, "year": [1916.0, 1899.0, 1510.0, 1923.0, 1979.0, 1914.0, 1924.0, "unknown", 1923.0, 1931.0, "unknown", "unknown", "unknown", "unknown", 1888.0, 1923.0, "unknown", 1913.0, 1940.0, 1919.0], "Symbolism": 0.004297300257227991, "Post-Impressionism": 0.004799344651336328, "style_dict": {"Art Nouveau (Modern)": 2, "Northern Renaissance": 2, "High Renaissance": 2, "Magic Realism": 1, "Na\u00efve Art (Primitivism)": 3, "Expressionism": 1, "Symbolism": 5, "Post-Impressionism": 1, "Realism": 1, "Regionalism": 2}, "Realism": 0.0038853111078060772, "Regionalism": 0.004501397689508891}