{"Color Field Painting": 0.003910639410102619, "year": [1884.0, 1963.0, 1910.0, 1948.0, "unknown", 1943.0, 1950.0, 1904.0, 1915.0, "unknown", 1821.0, 1897.0, 1894.0, 1936.0, 1887.0, 1951.0, 1888.0, 1918.0, 1918.0, 1946.0], "style": ["Realism", "Surrealism", "unknown", "Na\u00efve Art (Primitivism)", "Pop Art", "Symbolism", "Color Field Painting", "Symbolism", "Art Nouveau (Modern)", "Impressionism", "Neoclassicism", "Magic Realism", "Art Nouveau (Modern)", "Symbolism", "Post-Impressionism", "Surrealism", "Art Nouveau (Modern)", "Symbolism", "Expressionism", "Expressionism"], "title": ["The Old Tower in the Fields", "Noah and the Rainbow", "Landscape Near Figueras", "Now the King loved science and geometry...", "James Dean", "Mstislav's duel with Rededia", "No.5/No.22", "Twilight", "Arrows of sky - spears of land", "The Road to Louveciennes Montbuisson", "Portrait of Count Nikolay Gouriev", "Portrait of Thadee Nathanson", "The Photagrapher Sescau", "Entrance to Shambhala", "Still life with grapes,pears and lemons", "Pandora's Box", "Portrait of the Artist`s Brother with Hat", "Tulola valley", "Woman with a Green Necklace (Madame Menier)", "The rescue of art"], "unknown": 0.0035133399894596426, "Art Nouveau (Modern)": 0.004299157234240991, "Expressionism": 0.00503430811463216, "Symbolism": 0.004091983614030416, "style_dict": {"Impressionism": 1, "Magic Realism": 1, "unknown": 1, "Art Nouveau (Modern)": 3, "Neoclassicism": 1, "Surrealism": 2, "Color Field Painting": 1, "Na\u00efve Art (Primitivism)": 1, "Expressionism": 2, "Symbolism": 4, "Pop Art": 1, "Post-Impressionism": 1, "Realism": 1}, "Neoclassicism": 0.004207311438194144, "Impressionism": 0.00419721415591288, "Magic Realism": 0.004274132519395124, "scores": [0.00972099223448898, 0.009813002226843687, 0.01015485868142136, 0.010367303980669658, 0.010848421499288836, 0.011163689289575979, 0.011303201706276328, 0.011415040775545133, 0.011842383414850891, 0.012131509258092577, 0.012160694157629848, 0.012353831923565248, 0.012400091581330555, 0.012544476833501385, 0.013293443246750341, 0.014366785951105236, 0.014394897230915108, 0.01470933681222625, 0.014752720495626273, 0.014893705596087414], "Post-Impressionism": 0.004599215727331329, "Realism": 0.0033632325004326323, "style_counts": [0.0008370939587192261, 0.0009282987272692944, 0.0015209681251724394, 0.0007351508803911111, 0.0016710756141995464, 0.0007601755952370004, 0.0011236687045295124, 0.0014474670958782854, 0.0, 0.0009423245006017211, 0.0012810118579646979, 0.0004350923873007728, 0.00082699667643793], "artist": ["van Gogh Vincent ", "Chagall Marc", "Dali Salvador", "Chagall Marc", "Warhol Andy", "Roerich Nicholas", "Rothko Mark", "Vallotton  Felix", "Roerich Nicholas", "Sisley Alfred", "Ingres Jean Auguste Dominique ", "Vallotton  Felix", "Toulouse-Lautrec Henri de", "Roerich Nicholas", "van Gogh Vincent ", "Magritte Rene", "Vallotton  Felix", "Roerich Nicholas", "Modigliani Amedeo ", "Reinhardt Ad"], "contentId": ["207141.jpg", "202842.jpg", "221093.jpg", "265151.jpg", "229325.jpg", "226250.jpg", "242109.jpg", "271374.jpg", "225358.jpg", "238364.jpg", "193461.jpg", "271269.jpg", "230644.jpg", "225573.jpg", "206993.jpg", "211410.jpg", "271270.jpg", "226973.jpg", "189784.jpg", "284623.jpg"], "style_labels": ["Impressionism", "Surrealism", "unknown", "Art Nouveau (Modern)", "Realism", "Magic Realism", "Color Field Painting", "Na\u00efve Art (Primitivism)", "Expressionism", "Symbolism", "Pop Art", "Post-Impressionism", "Neoclassicism"], "Surrealism": 0.0041060093873628405, "Na\u00efve Art (Primitivism)": 0.0035868410187538577, "Pop Art": 0.0037532962566673963}