{"style": ["Surrealism", "High Renaissance", "Pop Art", "Surrealism", "Magic Realism", "Art Nouveau (Modern)", "Realism", "Cubism", "Surrealism", "Symbolism", "Abstract Expressionism", "Dada", "Realism", "Post-Impressionism", "Symbolism", "Magic Realism", "Magic Realism", "Surrealism", "Abstract Expressionism", "Post-Impressionism"], "Abstract Expressionism": 0.00521172510965223, "Surrealism": 0.004473278066868577, "contentId": ["221100.jpg", "193151.jpg", "229383.jpg", "220946.jpg", "278027.jpg", "227677.jpg", "206738.jpg", "223810.jpg", "221167.jpg", "225324.jpg", "345403.jpg", "210855.jpg", "215324.jpg", "214022.jpg", "225945.jpg", "345414.jpg", "278350.jpg", "211493.jpg", "345401.jpg", "205938.jpg"], "Art Nouveau (Modern)": 0.004997923279267416, "artist": ["Dali Salvador", "Michelangelo", "Warhol Andy", "Dali Salvador", "Earle Eyvind", "Mucha Alphonse", "van Gogh Vincent ", "Picasso Pablo", "Dali Salvador", "Roerich Nicholas", "Holbrook Carter Clarence", "Ray Man", "Repin Ilya", "Matisse Henri", "Roerich Nicholas", "Holbrook Carter Clarence", "Earle Eyvind", "Magritte Rene", "Holbrook Carter Clarence", "van Gogh Vincent "], "Dada": 0.00516692542381071, "style_counts": [0.00011836458742164879, 0.0008568116302052342, 0.0003321664178064232, 0.00016316427326312777, 0.0008476279876076243, 0.0002495941903094545, 0.00021700398598045734, 0.00065468661678314, 0.0, 0.00030085955876335557, 0.000297704624756312], "High Renaissance": 0.004482461709466204, "Magic Realism": 0.005080495506764352, "style_labels": ["Abstract Expressionism", "Surrealism", "Art Nouveau (Modern)", "Dada", "High Renaissance", "Magic Realism", "Symbolism", "Pop Art", "Post-Impressionism", "Cubism", "Realism"], "title": ["Landscape with Girl Skipping Rope", "Madonna of the Stairs", "Sixteen Jackies", "Enchanted Beach (Long, Siphon)", "Copy of Sea mist and Pastures", "Moravian Teachers0 Choir", "Sand Diggers in Dekkersduin near The Hague", "Carnival at the bistro", "Moses and the Pharaoh", "Ancient landscape", "Teal Mandala", "Lee Miller", "Portrait of writer Vsevolod Mikhailovich Garshin", "Laurette's Head with a Coffee Cup", "Kangchenjunga", "Maidenhood", "East River", "The domain of Arnheim", "Mandala No. 2", "Field with Flowers"], "scores": [0.010243165492684794, 0.012955980730892078, 0.013513653020052781, 0.013763414879071493, 0.014180804524435832, 0.014445856294526323, 0.014515853504450527, 0.014536344755732736, 0.014553474319526433, 0.014614019552261505, 0.014770614224013637, 0.014934335320138147, 0.015119248025763601, 0.015151457728417538, 0.01549631819086323, 0.015586184513314956, 0.015892424028029224, 0.01591592708774705, 0.015920598899107397, 0.016236790004617547], "year": [1936.0, 1490.0, 1964.0, 1937.0, "unknown", 1911.0, 1883.0, 1909.0, 1966.0, 1910.0, 1969.0, 1930.0, 1884.0, 1917.0, "unknown", 1977.0, "unknown", 1949.0, 1968.0, 1888.0], "Symbolism": 0.005113085711093402, "Pop Art": 0.004675403080290633, "Post-Impressionism": 0.005330089697073801, "style_dict": {"Abstract Expressionism": 2, "Magic Realism": 3, "Art Nouveau (Modern)": 1, "Dada": 1, "High Renaissance": 1, "Surrealism": 4, "Symbolism": 2, "Pop Art": 1, "Post-Impressionism": 2, "Cubism": 1, "Realism": 2}, "Cubism": 0.005029230138310446, "Realism": 0.005032385072317531}