{"style_counts": [0.0, 0.0008200831288350807, 0.0005991499870717787, 0.0009692512086820759, 0.0006005174387821999, 0.0005423078447202023, 0.0006320691690291369, 0.0005890313671086389, 0.0003592653753985431, 0.0015464892762158122], "Social Realism": 0.003793113817020174, "style_labels": ["Social Realism", "Ukiyo-e", "Romanticism", "Surrealism", "Mannerism (Late Renaissance)", "Expressionism", "Surrealism, Symbolism", "Symbolism", "Pop Art", "Post-Impressionism"], "artist": ["van Gogh Vincent ", "Beksinski Zdislav", "Beksinski Zdislav", "Beksinski Zdislav", "van Gogh Vincent ", "Hokusai Katsushika", "Goya Francisco", "Beksinski Zdislav", "Dali Salvador", "Titian", "Roerich Nicholas", "Modigliani Amedeo ", "Corot Camille ", "Warhol Andy", "Chagall Marc", "Beksinski Zdislav", "Beksinski Zdislav", "Beksinski Zdislav", "Beksinski Zdislav", "Hopper Edward"], "contentId": ["206678.jpg", "258765.jpg", "258753.jpg", "258711.jpg", "206672.jpg", "223656.jpg", "193973.jpg", "258751.jpg", "220873.jpg", "225050.jpg", "226028.jpg", "189800.jpg", "199548.jpg", "229383.jpg", "203031.jpg", "258745.jpg", "258720.jpg", "258683.jpg", "258762.jpg", "235598.jpg"], "title": ["Portrait of the Postman Joseph Roulin", "Untitled", "Untitled", "Untitled", "Portrait of Postman Roulin", "Woman\u00a0profile", "Mariana Waldstein, Ninth Marquesa de Santa Cruz", "Untitled", "Clown for 'The Amazing Adventure of the Lacemaker and the Rhinoceros'", "The Flaying of Marsyas", "Ladakh. Kashmir.", "Pierre Edouard Baranowski", "Harvester Holding Her Sickle", "Sixteen Jackies", "Song of Songs II", "Untitled", "Untitled", "Untitled", "Untitled", "New York Movie"], "Ukiyo-e": 0.002973030688185056, "Romanticism": 0.0031939638299484105, "style_dict": {"Social Realism": 1, "Ukiyo-e": 1, "Romanticism": 2, "Surrealism": 9, "Mannerism (Late Renaissance)": 1, "Expressionism": 1, "Pop Art": 1, "Symbolism": 1, "Surrealism, Symbolism": 1, "Post-Impressionism": 2}, "scores": [0.005106695234870167, 0.006982043782446293, 0.007588321954084092, 0.007786431294562423, 0.008123402504122437, 0.008593163936488684, 0.00890473922395292, 0.009009104764817928, 0.009136594176002271, 0.009227790406020748, 0.009260989423195167, 0.009396037772736215, 0.009904123973942743, 0.00992509855655907, 0.00998820390160366, 0.00999695010315842, 0.010068035030805077, 0.010537051281680258, 0.010847610779515439, 0.010963509051200832], "Surrealism": 0.002823862608338151, "Mannerism (Late Renaissance)": 0.003192596378238018, "year": ["unknown", "unknown", "unknown", "unknown", 1888.0, "unknown", 1797.0, "unknown", 1958.0, 1576.0, 1943.0, 1918.0, 1838.0, 1964.0, 1957.0, "unknown", "unknown", "unknown", "unknown", 1939.0], "Expressionism": 0.0032508059723000394, "Surrealism, Symbolism": 0.003161044647991091, "Symbolism": 0.0032040824499115746, "Pop Art": 0.0034338484416216834, "Post-Impressionism": 0.002246624540804373, "style": ["Post-Impressionism", "Surrealism", "Surrealism", "Surrealism", "Post-Impressionism", "Ukiyo-e", "Romanticism", "Surrealism", "Surrealism, Symbolism", "Mannerism (Late Renaissance)", "Symbolism", "Expressionism", "Romanticism", "Pop Art", "Surrealism", "Surrealism", "Surrealism", "Surrealism", "Surrealism", "Social Realism"]}