{"Impressionism": 0.0023787701219032103, "style": ["Romanticism", "Realism", "Symbolism", "Surrealism", "Romanticism", "Surrealism", "Impressionism", "Impressionism", "Symbolism", "Realism", "Realism", "Academicism", "Realism", "Baroque", "Realism", "Baroque", "Expressionism", "Surrealism", "Impressionism", "Romanticism"], "style_labels": ["Impressionism", "Romanticism", "Surrealism", "Expressionism", "Symbolism", "Academicism", "Baroque", "Realism"], "artist": ["Aivazovsky Ivan ", "Corot Camille ", "Roerich Nicholas", "Beksinski Zdislav", "Delacroix Eugene ", "Beksinski Zdislav", "Renoir Pierre-Auguste", "Degas Edgar", "Vallotton  Felix", "Repin Ilya", "Courbet Gustave", "Gerome Jean-Leon", "Levitan Isaac", "Rubens Peter Paul", "Courbet Gustave", "Rembrandt", "Serebriakova Zinaida", "Magritte Rene", "Degas Edgar", "Alma-Tadema Lawrence "], "contentId": ["196479.jpg", "199754.jpg", "226248.jpg", "258739.jpg", "187961.jpg", "258493.jpg", "218886.jpg", "213723.jpg", "271374.jpg", "215008.jpg", "191899.jpg", "279466.jpg", "210259.jpg", "216386.jpg", "191881.jpg", "220569.jpg", "227297.jpg", "211343.jpg", "213721.jpg", "214460.jpg"], "title": ["Clash soldiers with murids on Gunib", "The Artist's Studio", "Mountains Soshing", "Untitled", "The Crusaders' entry into Constantinople, 12th April 1204, 1840 (oil on canvas)", "Untitled", "Portrait of a woman (Mme. Georges Hartmann)", "The Fallen Jockey", "Twilight", "In the township board", "The Glacier", "The End of the Corrida", "Lake Como", "Autumn Landscape with a View of Het Steen", "The Chateau de Chillon", "The Ascension Of Christ", "Merchant vegetables.\u00a0Nice", "Eternity", "The Duchess de Montejasi and her daughters Elena and Camilla", "A Love Missle"], "Romanticism": 0.002127085024663952, "scores": [0.004543838951393776, 0.004852100083714709, 0.0049187385831110965, 0.005906659391297902, 0.00592827898228686, 0.00617276121221823, 0.006289969780126572, 0.00660545427860834, 0.006782092788326368, 0.006811023511187084, 0.007344565651733612, 0.007673062530271721, 0.007673290813023382, 0.007688816349208383, 0.007745039043339162, 0.007832134560943262, 0.00832021483497573, 0.008428151754169843, 0.008483051217919313, 0.008644413837256927], "Surrealism": 0.0022818652764495084, "Expressionism": 0.002878596779893748, "year": [1869.0, 1870.0, 1924.0, "unknown", 1840.0, "unknown", 1874.0, 1898.0, 1904.0, 1877.0, 1873.0, 1870.0, 1894.0, 1635.0, 1874.0, 1636.0, 1931.0, 1935.0, 1876.0, 1878.0], "Symbolism": 0.001986937317130261, "Academicism": 0.0026546974482814516, "Baroque": 0.0026356380655145326, "style_dict": {"Impressionism": 3, "Romanticism": 3, "Surrealism": 3, "Expressionism": 1, "Symbolism": 2, "Academicism": 1, "Baroque": 2, "Realism": 5}, "Realism": 0.0022274698340422473, "style_counts": [0.0004998266579905319, 0.0007515117552298056, 0.0005967315034443033, 0.0, 0.0008916594627634833, 0.00022389933161226505, 0.00024295871437929328, 0.0006511269458515656]}