{"style_counts": [0.0012299410844417435, 0.0006676669209513264, 0.0003759245552287238, 0.0, 0.0008173810502254408, 0.000783375595369673, 0.0003712197281113827, 0.001265680122724322, 0.000628709856549281, 0.0007342648719871336], "style": ["Realism", "Symbolism", "Baroque", "Abstract Expressionism", "Symbolism", "Magic Realism", "Neoclassicism", "Neo-Expressionism", "Romanticism", "Realism", "Surrealism", "Symbolism", "High Renaissance", "Realism", "Realism", "Realism", "Romanticism", "Realism", "Baroque", "High Renaissance"], "Abstract Expressionism": 0.0031848307371365433, "Neo-Expressionism": 0.0037471049006269036, "contentId": ["266130.jpg", "226232.jpg", "220358.jpg", "345403.jpg", "226844.jpg", "345408.jpg", "232492.jpg", "203923.jpg", "196889.jpg", "266319.jpg", "221167.jpg", "226223.jpg", "224946.jpg", "265676.jpg", "265655.jpg", "266335.jpg", "194123.jpg", "266243.jpg", "216645.jpg", "224895.jpg"], "artist": ["Sargent John Singer", "Roerich Nicholas", "Rembrandt", "Holbrook Carter Clarence", "Roerich Nicholas", "Holbrook Carter Clarence", "Bouguereau William-Adolphe", "Basquiat Jean-Michel ", "Aivazovsky Ivan ", "Sargent John Singer", "Dali Salvador", "Roerich Nicholas", "Titian", "Sargent John Singer", "Sargent John Singer", "Sargent John Singer", "Goya Francisco", "Sargent John Singer", "Rubens Peter Paul", "Titian"], "year": [1908.0, 1924.0, 1661.0, 1969.0, 1937.0, 1979.0, 1865.0, 1988.0, 1844.0, 1904.0, 1966.0, 1918.0, 1508.0, 1901.0, 1895.0, 1904.0, 1780.0, 1894.0, 1612.0, "unknown"], "Romanticism": 0.004038847266349566, "High Renaissance": 0.004414771821578213, "Magic Realism": 0.0035973907713528317, "style_labels": ["Abstract Expressionism", "Neo-Expressionism", "Romanticism", "High Renaissance", "Magic Realism", "Realism", "Surrealism", "Symbolism", "Baroque", "Neoclassicism"], "Realism": 0.0036313962262085986, "scores": [0.006329438071483727, 0.006339782166829632, 0.009008968668192091, 0.009205344816299088, 0.0099136857345559, 0.010397796687634523, 0.010638033341838576, 0.010830526178646317, 0.01109448195360953, 0.011662879687664229, 0.011687368772538516, 0.012048039002527603, 0.012086013151508458, 0.012139115103186257, 0.012457068994234374, 0.012526208676825874, 0.012689796690269432, 0.013202620644749575, 0.013286688186549515, 0.013912039319652585], "Surrealism": 0.004043552093466857, "Symbolism": 0.0031490916988539397, "title": ["H.R.H. the Duchess of Connaught and Strathearn (Princess Louisa Margaret Alexandra Victoria Agnes of Prussia)", "Mother of Turfan", "Portrait of Jacob Trip", "Teal Mandala", "The Hunt", "Antique Shop", "Soup", "The Dingoes That Park Their Brains with their Gum", "The harbour of Venice, the island of San Georgio", "Sir Frank Swettenham", "Moses and the Pharaoh", "Morning rider", "Portrait of a Man", "Mrs. Cazalet and her children", "Helen Sears", "The Countess of Lathom", "The Holy Family", "Mrs. Ernest Hill (Constance Malanie Wynne Roberts)", "The Entombment", "Giulia Gonzaga"], "Baroque": 0.003786061965028976, "style_dict": {"Abstract Expressionism": 1, "Neo-Expressionism": 1, "Romanticism": 2, "High Renaissance": 2, "Magic Realism": 1, "Realism": 6, "Surrealism": 1, "Symbolism": 3, "Baroque": 2, "Neoclassicism": 1}, "Neoclassicism": 0.0036805069495910647}