{"Impressionism": 0.0060459005290391145, "style": ["Symbolism", "Surrealism", "Abstract Expressionism", "Expressionism", "Realism", "High Renaissance", "Northern Renaissance", "Abstract Expressionism", "Symbolism", "Post-Impressionism", "Symbolism", "Baroque", "unknown", "Post-Impressionism", "Symbolism", "Post-Impressionism", "Impressionism", "Surrealism", "Surrealism", "Intimism"], "Abstract Expressionism": 0.004792255741267102, "Expressionism": 0.004723532962978054, "artist": ["Roerich Nicholas", "Magritte Rene", "Rothko Mark", "Serebriakova Zinaida", "van Gogh Vincent ", "Michelangelo", "Bosch Hieronymus", "Rothko Mark", "Roerich Nicholas", "Toulouse-Lautrec Henri de", "Roerich Nicholas", "Caravaggio", "Matisse Henri", "van Gogh Vincent ", "Roerich Nicholas", "van Gogh Vincent ", "Renoir Pierre-Auguste", "Dali Salvador", "Solar Xul", "Bonnard Pierre"], "unknown": 0.005906280135681903, "title": ["Landscape", "Collective Invention", "Untitled", "Portrait of the artist's daughter", "The Parsonage Garden at Nuenen with Pond and Figures", "Madonna of the Stairs", "Passion\u00a0of the Christ", "Untitled", "Clouds above the expanses", "Artillerman and Girl", "The unspilling vessel", "Madonna of the Rosary (Madonna del Rosario)", "Festival of Flowers", "Sheet with Peasants Eating and Other Figures", "Lamayuru", "Vase with Red Gladioli", "Roses Before the Blue Curtain", "Vision of Fatima", "Drago", "Woman Reclining on a Bed, or The Indolent Woman"], "Northern Renaissance": 0.005453395081625044, "style_counts": [0.0001516040780282779, 0.0014052488658002904, 0.0014739716440893558, 0.0002912244713854095, 0.0007441095254423491, 0.0008803374362483796, 0.0009664386605382491, 0.0, 0.0012903473873495663, 0.00047219249132912644, 0.000543674051662113, 0.0011589468095104527], "High Renaissance": 0.005317167170818975, "scores": [0.009883715307282163, 0.011465662731127611, 0.012401571707273467, 0.013652766273683357, 0.014563305158585841, 0.015368589822547815, 0.015762339128578877, 0.01581943749816857, 0.01608739586011022, 0.016325903490218625, 0.016536575083214287, 0.01654828044447063, 0.0170713452983981, 0.017091645401902715, 0.017252114792862164, 0.017394539099978353, 0.017474900140184137, 0.017763248578732398, 0.017783707933459646, 0.017913092285698925], "Surrealism": 0.005231065946529123, "style_labels": ["Impressionism", "Abstract Expressionism", "Expressionism", "unknown", "Northern Renaissance", "High Renaissance", "Surrealism", "Intimism", "Symbolism", "Baroque", "Post-Impressionism", "Realism"], "year": ["unknown", 1934.0, 1948.0, 1934.0, 1885.0, 1490.0, 1515.0, 1948.0, 1917.0, 1886.0, 1927.0, 1607.0, 1922.0, 1890.0, 1925.0, 1886.0, "unknown", 1962.0, 1927.0, 1899.0], "Intimism": 0.006197504607067381, "contentId": ["226073.jpg", "211329.jpg", "305720.jpg", "227445.jpg", "207149.jpg", "193151.jpg", "195359.jpg", "305718.jpg", "225499.jpg", "230354.jpg", "226880.jpg", "186666.jpg", "9223372032559820584.jpg", "206817.jpg", "324021.jpg", "207326.jpg", "218986.jpg", "221817.jpg", "345143.jpg", "222114.jpg"], "Symbolism": 0.004907157219717759, "Baroque": 0.0057253121157382686, "Post-Impressionism": 0.005653830555405263, "style_dict": {"Impressionism": 1, "Abstract Expressionism": 2, "Intimism": 1, "unknown": 1, "Northern Renaissance": 1, "High Renaissance": 1, "Surrealism": 3, "Expressionism": 1, "Symbolism": 4, "Baroque": 1, "Post-Impressionism": 3, "Realism": 1}, "Realism": 0.005038557797556857}