{"Impressionism": 0.003599304360657002, "style": ["Symbolism", "Realism", "Expressionism, Surrealism", "Magic Realism", "Expressionism", "Symbolism", "Romanticism", "Realism", "New Realism", "Surrealism", "Expressionism", "Impressionism", "Expressionism", "Realism", "Magic Realism", "Symbolism", "Na\u00efve Art (Primitivism)", "Pop Art", "Post-Impressionism", "Symbolism"], "style_labels": ["Impressionism", "Surrealism", "Expressionism, Surrealism", "Romanticism", "Magic Realism", "Na\u00efve Art (Primitivism)", "Expressionism", "New Realism", "Pop Art", "Post-Impressionism", "Symbolism", "Realism"], "Surrealism": 0.003367968047328499, "Expressionism, Surrealism": 0.002960369770000942, "artist": ["Roerich Nicholas", "Courbet Gustave", "Dali Salvador", "Earle Eyvind", "Chagall Marc", "B\u00f6cklin Arnold", "Dore Gustave ", "Corot Camille ", "Hopper Edward", "Chagall Marc", "Pollock Jackson ", "Zorn Anders", "Freud Lucian", "van Gogh Vincent ", "Earle Eyvind", "Roerich Nicholas", "Chagall Marc", "Warhol Andy", "van Gogh Vincent ", "Roerich Nicholas"], "year": [1915.0, 1866.0, 1960.0, "unknown", 1909.0, 1858.0, "unknown", 1870.0, 1924.0, 1957.0, 1941.0, 1890.0, 1992.0, 1881.0, "unknown", "unknown", 1931.0, 1964.0, 1888.0, "unknown"], "Romanticism": 0.0032368673806226086, "style_dict": {"Impressionism": 1, "New Realism": 1, "Surrealism": 1, "Expressionism, Surrealism": 1, "Romanticism": 1, "Magic Realism": 2, "Na\u00efve Art (Primitivism)": 1, "Expressionism": 3, "Symbolism": 4, "Pop Art": 1, "Post-Impressionism": 1, "Realism": 3}, "scores": [0.006758606593012719, 0.008129270543148341, 0.008556569176140286, 0.00866076396939188, 0.008755516161212212, 0.009256213381526993, 0.009355750061006923, 0.009418354274438313, 0.009427281216578534, 0.009734679725494987, 0.009879155580685311, 0.01040332767211551, 0.010646700489051466, 0.010727940696775287, 0.010745456229780948, 0.010750321265565192, 0.010779089219653122, 0.010859754427642358, 0.011174102713829997, 0.011216842154343883], "Magic Realism": 0.0032954019995800107, "title": ["Giant's tomb", "The cliffs at \u00c9treat", "San Salvador and Antonio Gaudi Fighting for the Crown of the Virgin", "Quiet pasture", "The Couple (A Holy Family)", "Pan among the reeds", "Young Beggar", "Shepherd and Shepherdess at Play", "Gloucester Mansion", "The birds", "Mask", "View from the Ship Island pier", "Ib and her Husband", "Unfinished Sketch of an Interior with a Pan above the Fire", "Arroyos", "Central Himalayas", "Noah's Cloak", "Sixteen Jackies", "Montmajour", "Dogra Yumtso"], "Na\u00efve Art (Primitivism)": 0.003729308934120978, "Expressionism": 0.003258120726101134, "contentId": ["225634.jpg", "191883.jpg", "221422.jpg", "278396.jpg", "203151.jpg", "260630.jpg", "202125.jpg", "199728.jpg", "235565.jpg", "203132.jpg", "185292.jpg", "277351.jpg", "232012.jpg", "207299.jpg", "277987.jpg", "225467.jpg", "202862.jpg", "229383.jpg", "206326.jpg", "225546.jpg"], "New Realism": 0.0032616154620333116, "Pop Art": 0.003757217180791624, "Post-Impressionism": 0.003865974224008946, "Symbolism": 0.0031188785902699946, "Realism": 0.0031462052159973997, "style_counts": [0.00026666986335188714, 0.0004980061766803878, 0.0009056044540080022, 0.0006291068433863511, 0.0005705722244289113, 0.00013666528988798277, 0.0006078534979078176, 0.0006043587619756208, 0.00010875704321733348, 0.0, 0.0007470956337388701, 0.0007197690080115171]}