{"High Renaissance": 0.0060740045692822065, "year": [1893.0, 1608.0, 1875.0, 1963.0, 1540.0, 1923.0, 1914.0, 1812.0, 1978.0, 1931.0, 1905.0, 1866.0, 1612.0, 1937.0, 1607.0, 1921.0, 1890.0, "unknown", 1954.0, 1903.0], "Academicism": 0.0075873047970431975, "style": ["Symbolism", "Baroque", "Neoclassicism", "Surrealism", "High Renaissance", "Expressionism", "Cubism", "Romanticism", "Surrealism", "Symbolism", "Realism", "Neoclassicism", "Baroque", "Neo-Romanticism", "Baroque", "Neoclassicism", "Post-Impressionism", "Academicism", "Cubism, Expressionism", "Art Nouveau (Modern)"], "Neo-Romanticism": 0.007291495308126869, "title": ["Moonlight", "Venus at her Toilet", "Harvester", "The Abduction of Sabines", "Portrait of Pietro Bembo", "Source in the Hornet", "Englishman in Moscow", "Dead turkey", "Woman with Egg and Arrows", "Eagle's nest", "Hylda, Almina and Conway, Children of Asher Wertheimer", "The Virgin of the Host", "The Entombment", "Hilda, Unity and Dolls", "Saint Gregory with Saints Domitilla, Maurus, and Papianus", "Three women at a fountain", "Portrait of Adeline Ravoux", "The Pyrrhic Dance", "The Studio (VIII)", "Pechora. Vestry."], "Art Nouveau (Modern)": 0.007635048551025598, "Expressionism": 0.0064594576987522115, "Symbolism": 0.005401104690054365, "style_dict": {"Neo-Romanticism": 1, "Cubism, Expressionism": 1, "Art Nouveau (Modern)": 1, "Romanticism": 1, "High Renaissance": 1, "Surrealism": 2, "Realism": 1, "Expressionism": 1, "Symbolism": 2, "Academicism": 1, "Baroque": 3, "Post-Impressionism": 1, "Cubism": 1, "Neoclassicism": 3}, "Neoclassicism": 0.006508474585274336, "Cubism, Expressionism": 0.007618815090172343, "scores": [0.012504047397335103, 0.01349299349196274, 0.01647473106533431, 0.01713436385179756, 0.017556131264385547, 0.018670234103798342, 0.018763914288126834, 0.0188140140018141, 0.019183780586712752, 0.019302398962574394, 0.01985597377073423, 0.02019972265313765, 0.02041129938375469, 0.021075132111442293, 0.0213562882122475, 0.021818488381664804, 0.021920130249944186, 0.02193013150392375, 0.02202120796526726, 0.02206812870205042], "Baroque": 0.006148811714117393, "Post-Impressionism": 0.007583844600633431, "Realism": 0.0068696954696190835, "style_counts": [0.0003435532428986976, 1.6233460853221082e-05, 0.0, 0.0011258464214323194, 0.001561043981743393, 0.0014678050293426281, 0.0007653530814064613, 0.0011755908522733671, 0.0022339438609711992, 4.774375398242103e-05, 0.0014862368369081835, 5.120395039215353e-05, 0.0011431797328135263, 0.0011265739657512208], "artist": ["Munch Edvard ", "Rubens Peter Paul", "Bouguereau William-Adolphe", "Picasso Pablo", "Titian", "Dali Salvador", "Malevich Kazimir", "Goya Francisco", "Dali Salvador", "Roerich Nicholas", "Sargent John Singer", "Ingres Jean Auguste Dominique ", "Rubens Peter Paul", "Spencer Stanley", "Rubens Peter Paul", "Picasso Pablo", "van Gogh Vincent ", "Gerome Jean-Leon", "Braque Georges ", "Roerich Nicholas"], "contentId": ["185395.jpg", "216722.jpg", "232397.jpg", "224520.jpg", "224991.jpg", "221468.jpg", "219654.jpg", "193894.jpg", "221833.jpg", "225559.jpg", "266149.jpg", "193566.jpg", "216645.jpg", "298668.jpg", "216580.jpg", "224619.jpg", "206649.jpg", "279483.jpg", "193787.jpg", "226349.jpg"], "style_labels": ["Neo-Romanticism", "Cubism, Expressionism", "Art Nouveau (Modern)", "Romanticism", "High Renaissance", "Surrealism", "Realism", "Expressionism", "Symbolism", "Academicism", "Baroque", "Post-Impressionism", "Cubism", "Neoclassicism"], "Romanticism": 0.00650920212959332, "Surrealism": 0.006167243521683007, "Cubism": 0.006491868818212041}