{"Impressionism": 0.0021410767461728496, "Social Realism": 0.0021923419443056935, "style_labels": ["Impressionism", "Social Realism", "Surrealism", "unknown", "Realism", "Magic Realism", "Na\u00efve Art (Primitivism)", "Expressionism", "Symbolism", "Post-Impressionism", "Neoclassicism"], "Surrealism": 0.002267402560180967, "unknown": 0.002097315801845888, "artist": ["Corot Camille ", "van Gogh Vincent ", "Earle Eyvind", "Modigliani Amedeo ", "Corot Camille ", "Matisse Henri", "Kustodiev Boris", "Hassam Childe", "Hopper Edward", "Sisley Alfred", "Corot Camille ", "Matisse Henri", "Hassam Childe", "Sargent John Singer", "Roerich Nicholas", "Beksinski Zdislav", "Corot Camille ", "Ingres Jean Auguste Dominique ", "Corot Camille ", "Botero Fernando"], "Realism": 0.0019062183702658157, "style": ["Realism", "Post-Impressionism", "Magic Realism", "Expressionism", "Realism", "unknown", "Realism", "Impressionism", "Social Realism", "Post-Impressionism", "Realism", "Impressionism", "Impressionism", "Realism", "Symbolism", "Surrealism", "Realism", "Neoclassicism", "Realism", "Na\u00efve Art (Primitivism)"], "scores": [0.004311687954779911, 0.004969362900241584, 0.004982552988959037, 0.005753787249406738, 0.005769982101143099, 0.006062022361044703, 0.0060815155772550806, 0.0063203731807497205, 0.006336683239472342, 0.0063813359830648024, 0.006393618400232165, 0.006411066428256468, 0.006510838516991725, 0.006543317344267927, 0.0065525259304994145, 0.006553636323728526, 0.00662262211073102, 0.006630016612215994, 0.006683708663311058, 0.0067247504872090655], "Magic Realism": 0.001723845029743068, "year": [1831.0, 1890.0, "unknown", 1918.0, 1827.0, 1918.0, 1906.0, 1912.0, 1931.0, 1898.0, 1826.0, 1896.0, 1883.0, 1897.0, 1933.0, "unknown", 1855.0, "unknown", 1860.0, "unknown"], "Na\u00efve Art (Primitivism)": 0.00232660399785523, "Expressionism": 0.0019906737718731336, "contentId": ["199428.jpg", "207045.jpg", "278323.jpg", "189784.jpg", "199622.jpg", "9223372032559820498.jpg", "229764.jpg", "244354.jpg", "235592.jpg", "238362.jpg", "199659.jpg", "213912.jpg", "244253.jpg", "265660.jpg", "226774.jpg", "258728.jpg", "199444.jpg", "193486.jpg", "199768.jpg", "281238.jpg"], "Symbolism": 0.0022670183904885816, "title": ["A Farm in the Nievre", "Sun Disk above a Path between Shrubs", "Early Autumn", "Woman with a Green Necklace (Madame Menier)", "Mont Soracte", "Autumn in Cagnes", "Church Parade of the Finlandsky Guard Regiment, December 12, 1905", "The North Gorge, Appledore, Isles of Shoals", "New York, New Haven and Hartford", "Village of Saint Mamm\u00e8s", "On the Banks of the Tiber", "Belle Ile", "Scene in Holland", "Portrait of Mrs Harold Wilson", "Stupa", "Untitled", "An Artist Painting in the Forest of Fountainebleau", "Portrait of miss Barbara Bansi sitting in an Italian landscape", "The Bridge at Grez sur Loing", "Still Life with Watermelon"], "Post-Impressionism": 0.0019274807465223351, "style_dict": {"Impressionism": 3, "Social Realism": 1, "Surrealism": 1, "unknown": 1, "Magic Realism": 1, "Neoclassicism": 1, "Expressionism": 1, "Symbolism": 1, "Post-Impressionism": 2, "Realism": 7, "Na\u00efve Art (Primitivism)": 1}, "Neoclassicism": 0.002293828326444011, "style_counts": [0.0001855272516824158, 0.00013426205354949428, 5.920143767423891e-05, 0.00022928819600931405, 0.00042038562758939246, 0.000602758968112127, 0.0, 0.0003359302259821062, 5.95856073666301e-05, 0.00039912325133284465, 3.277567141124482e-05]}