{"Northern Renaissance": 0.005035259022307147, "Color Field Painting": 0.0032388917249875364, "year": [1952.0, 1920.0, 1951.0, 1951.0, "unknown", 1888.0, "unknown", 1935.0, "unknown", 1943.0, 1942.0, 1918.0, 1962.0, 1951.0, "unknown", 1918.0, "unknown", 1928.0, 1928.0, "unknown"], "style": ["Color Field Painting", "Precisionism", "Op Art", "Surrealism", "Cubism", "Post-Impressionism", "Surrealism", "Symbolism", "Northern Renaissance", "Surrealism", "Expressionism", "Realism", "Surrealism", "Purism", "Expressionism", "Expressionism", "Expressionism", "Abstract Art", "Surrealism", "Neoclassicism"], "title": ["Untitled", "Apple Family II", "Mosaic I", "The Deposition", "Face by hand on a red background", "The Artist's House in Arles", "Untitled", "St. Sergius Hermitage", "Ecce Homo", "Painting for the backdrop of 'Cafe De Chinitas'", "The Dark Door", "Harvester", "All the lights", "Sacred Heart of Audincourt", "Electrical", "Young Farmer", "Street (Strasse) from the portfolio Nine Woodcuts", "Neuer Stadtteil in M", "Intermission", "Portrait of a Young Girl"], "Expressionism": 0.00556820414632669, "Symbolism": 0.005022221565149613, "style_dict": {"Op Art": 1, "Northern Renaissance": 1, "Neoclassicism": 1, "Purism": 1, "Surrealism": 5, "Color Field Painting": 1, "Precisionism": 1, "Expressionism": 4, "Symbolism": 1, "Abstract Art": 1, "Post-Impressionism": 1, "Cubism": 1, "Realism": 1}, "Neoclassicism": 0.006408931618924856, "Purism": 0.005903065557206595, "Precisionism": 0.004053499707392547, "scores": [0.009361601168787566, 0.011716121074887783, 0.012385613160057748, 0.013136568828106227, 0.013972372317701653, 0.013973584720427907, 0.014071931611500534, 0.014516087373805515, 0.01455377047176843, 0.014994395535992137, 0.016024997916493325, 0.016732780066927005, 0.016950594108178674, 0.017062053971559528, 0.0170936313728106, 0.017288272516365572, 0.01740318803959533, 0.01789789884404326, 0.018388787489291097, 0.018524194949628148], "Abstract Art": 0.006192248037003632, "Post-Impressionism": 0.004834528528122265, "Realism": 0.0057891446043973295, "style_counts": [0.0021238035463087, 0.0013736725966176921, 0.0006197870145275841, 0.0005058660617183186, 0.0013917066054786043, 0.003170039893937271, 0.002355431911532313, 0.0008407274725982239, 0.0013867100537752197, 0.00021668358192128423, 0.0015744030908025897, 0.0015748225533589455, 0.0], "artist": ["Rothko Mark", "O'Keeffe Georgia", "Escher M.C.", "Delvaux Paul", "Leger Fernand ", "van Gogh Vincent ", "Beksinski Zdislav", "Roerich Nicholas", "Durer Albrecht", "Dali Salvador", "Matisse Henri", "Kustodiev Boris", "Delvaux Paul", "Leger Fernand ", "Dix Otto ", "Modigliani Amedeo ", "Dix Otto ", "Klee Paul", "Magritte Rene", "Bouguereau William-Adolphe"], "Op Art": 0.004285128072616151, "contentId": ["242169.jpg", "231614.jpg", "204613.jpg", "243178.jpg", "195987.jpg", "207062.jpg", "259117.jpg", "226694.jpg", "200675.jpg", "221268.jpg", "290271.jpg", "229844.jpg", "243022.jpg", "196140.jpg", "275132.jpg", "9223372032559820562.jpg", "275227.jpg", "282742.jpg", "211369.jpg", "232459.jpg"], "style_labels": ["Op Art", "Northern Renaissance", "Realism", "Purism", "Surrealism", "Color Field Painting", "Precisionism", "Expressionism", "Symbolism", "Abstract Art", "Post-Impressionism", "Cubism", "Neoclassicism"], "Surrealism": 0.005017225013446291, "Cubism": 0.004834109065565954}