{"Impressionism": 0.006788397118069802, "style": ["Academicism", "Surrealism", "Northern Renaissance", "Intimism", "Symbolism", "Expressionism", "Northern Renaissance", "New Realism", "Post-Impressionism", "Post-Impressionism", "Symbolism", "High Renaissance", "Color Field Painting", "Post-Impressionism", "Northern Renaissance", "High Renaissance", "Post-Impressionism", "Impressionism", "Symbolism", "Impressionism"], "style_labels": ["Impressionism", "Expressionism", "Symbolism", "Northern Renaissance", "High Renaissance", "Surrealism", "Color Field Painting", "Intimism", "New Realism", "Academicism", "Post-Impressionism"], "Expressionism": 0.005713209860296679, "Symbolism": 0.006041173196999173, "contentId": ["279414.jpg", "220989.jpg", "195359.jpg", "222114.jpg", "226073.jpg", "221493.jpg", "195360.jpg", "235559.jpg", "207177.jpg", "205632.jpg", "226880.jpg", "193151.jpg", "242089.jpg", "206371.jpg", "200510.jpg", "224869.jpg", "205831.jpg", "237954.jpg", "226568.jpg", "213579.jpg"], "artist": ["Gerome Jean-Leon", "Dali Salvador", "Bosch Hieronymus", "Bonnard Pierre", "Roerich Nicholas", "Dali Salvador", "Bosch Hieronymus", "Hopper Edward", "van Gogh Vincent ", "van Gogh Vincent ", "Roerich Nicholas", "Michelangelo", "Rothko Mark", "van Gogh Vincent ", "Durer Albrecht", "Titian", "van Gogh Vincent ", "Sisley Alfred", "Roerich Nicholas", "Degas Edgar"], "Northern Renaissance": 0.005518656474248888, "style_counts": [0.0, 0.0010751872577731136, 0.0007472239210706277, 0.0012697406438209047, 0.0004277937406987897, 0.002112549504862171, 0.000504995203506442, 0.001858112194987216, 0.0007556351551947227, 0.0021311526631142552, 0.0007215860930038787], "High Renaissance": 0.006360603377371037, "scores": [0.01346116784222209, 0.013514937885441405, 0.013980158863861879, 0.014250356300059108, 0.01626724301480817, 0.016513300427135412, 0.016830118849894743, 0.017436924799604448, 0.01781514411031077, 0.017948646569705254, 0.01797784277266549, 0.01813919267882426, 0.018161367437364597, 0.01827117583495877, 0.018786974205938594, 0.019317624351873716, 0.019847202649989182, 0.019854386172363826, 0.020048126761665626, 0.02012165598864788], "Surrealism": 0.004675847613207589, "Color Field Painting": 0.0062834019145633505, "title": ["Portrait of Mr. Leblond", "Fisherman of Port Lligat Mending His Net", "Passion\u00a0of the Christ", "Woman Reclining on a Bed, or The Indolent Woman", "Landscape", "Still Life (Pulpo y scorpa)", "Passion\u00a0of the Christ", "Five A.M.", "The Seine with the Pont de Clichy", "A Field of Yellow Flowers", "The unspilling vessel", "Madonna of the Stairs", "Green and Maroon", "Olive Picking", "Adoration of the Magi", "Cupid with the Wheel of Fortune", "Couple Arm in Arm and Other Figures, with a Windmill in the Background", "Frost in Louveciennes", "Shirin and Khosrau", "Orchestra of the Opera"], "Intimism": 0.0049302849230825644, "year": ["unknown", 1968.0, 1515.0, 1899.0, "unknown", 1922.0, 1515.0, 1937.0, 1887.0, 1889.0, 1927.0, 1490.0, 1953.0, 1889.0, "unknown", 1520.0, 1890.0, 1873.0, 1938.0, 1869.0], "New Realism": 0.006032761962875111, "Academicism": 0.0046572444549555685, "Post-Impressionism": 0.006066811025065907, "style_dict": {"Impressionism": 2, "New Realism": 1, "Intimism": 1, "Northern Renaissance": 3, "High Renaissance": 2, "Surrealism": 1, "Color Field Painting": 1, "Expressionism": 1, "Symbolism": 3, "Academicism": 1, "Post-Impressionism": 4}}