{"Impressionism": 0.0038665540873205765, "Neo-Suprematism": 0.0037561196177258787, "style_labels": ["Impressionism", "Neo-Suprematism", "Surrealism", "Romanticism", "Japonism", "Magic Realism", "Color Field Painting", "Symbolism", "Post-Impressionism", "Realism"], "Surrealism": 0.0035192269309516707, "contentId": ["210060.jpg", "220947.jpg", "226232.jpg", "258755.jpg", "207325.jpg", "278027.jpg", "191764.jpg", "219657.jpg", "207125.jpg", "242167.jpg", "237954.jpg", "226028.jpg", "259122.jpg", "226267.jpg", "194188.jpg", "258683.jpg", "196958.jpg", "226806.jpg", "202482.jpg", "258902.jpg"], "artist": ["Levitan Isaac", "Dali Salvador", "Roerich Nicholas", "Beksinski Zdislav", "van Gogh Vincent ", "Earle Eyvind", "Courbet Gustave", "Malevich Kazimir", "van Gogh Vincent ", "Rothko Mark", "Sisley Alfred", "Roerich Nicholas", "Beksinski Zdislav", "Roerich Nicholas", "Goya Francisco", "Beksinski Zdislav", "Aivazovsky Ivan ", "Roerich Nicholas", "Chagall Marc", "Beksinski Zdislav"], "Romanticism": 0.003934761941727882, "Japonism": 0.0038051911359512206, "style_dict": {"Impressionism": 1, "Neo-Suprematism": 1, "Magic Realism": 1, "Color Field Painting": 1, "Romanticism": 2, "Surrealism": 6, "Japonism": 1, "Symbolism": 4, "Post-Impressionism": 1, "Realism": 2}, "Magic Realism": 0.003683452889564307, "Color Field Painting": 0.003851044875367511, "scores": [0.009058320709034635, 0.009438481543409672, 0.010300925089931943, 0.010514530567030271, 0.010525740493116739, 0.010646548203537692, 0.01067254996076929, 0.010856582062354618, 0.010998416992750233, 0.011130951346153009, 0.011175778734369375, 0.011249426952235752, 0.011266231144116606, 0.011474882123243687, 0.0115610815432351, 0.011575636493293462, 0.01161025132669331, 0.011648432247019856, 0.01166672562635638, 0.01174548874503995], "year": [1896.0, 1938.0, 1924.0, "unknown", 1886.0, "unknown", 1868.0, 1933.0, 1888.0, 1953.0, 1873.0, 1943.0, "unknown", 1918.0, 1769.0, "unknown", 1842.0, 1929.0, 1977.0, "unknown"], "Symbolism": 0.003668364031325426, "title": ["Apple trees in blossom", "Enchanted Beach with Three Fluid Graces", "Mother of Turfan", "Untitled", "Vase with Red and White Carnations on a Yellow Background", "Copy of Sea mist and Pastures", "Landscape", "Female Torso", "The Langlois Bridge at Arles with Women Washing", "Untitled", "Frost in Louveciennes", "Ladakh. Kashmir.", "Untitled", "Night rider", "Triple generation", "Untitled", "Venice", "Temple in Naggar", "Child with a Dove", "Untitled"], "Post-Impressionism": 0.003641656290185379, "style": ["Realism", "Surrealism", "Symbolism", "Surrealism", "Post-Impressionism", "Magic Realism", "Realism", "Neo-Suprematism", "Japonism", "Color Field Painting", "Impressionism", "Symbolism", "Surrealism", "Symbolism", "Romanticism", "Surrealism", "Romanticism", "Symbolism", "Surrealism", "Surrealism"], "Realism": 0.0033505314271090212, "style_counts": [6.820785440730948e-05, 0.00017864232400199853, 0.0004155350107762912, 0.0, 0.0001295708057766909, 0.00025130905216363963, 8.371706636045584e-05, 0.00026639791040250493, 0.00029310565154250234, 0.0005842305146188664]}