{"style_counts": [0.0002980729265741333, 0.0, 0.00033329063839615536, 0.0003508161914708152, 0.0006790990084830639, 0.0006739960346824336, 0.0007719031888202554, 0.0007002558571875817, 0.00023177523197925876, 0.001220178630269242, 0.0010951098685300087, 0.00038983712844742335], "Social Realism": 0.004073016743097581, "style_labels": ["Social Realism", "Op Art", "Orientalism", "Realism", "High Renaissance", "Symbolism", "Na\u00efve Art (Primitivism)", "Expressionism", "Minimalism", "Academicism", "Baroque", "Neoclassicism"], "artist": ["Munch Edvard ", "Gerome Jean-Leon", "Roerich Nicholas", "Rubens Peter Paul", "Rousseau Henri", "Perugino Pietro ", "Botero Fernando", "B\u00f6cklin Arnold", "Ingres Jean Auguste Dominique ", "Serebriakova Zinaida", "Courbet Gustave", "Gerome Jean-Leon", "Roerich Nicholas", "Hopper Edward", "Twombly Cy", "Kustodiev Boris", "Serebriakova Zinaida", "Roerich Nicholas", "Freud Lucian", "Escher M.C."], "Op Art": 0.004371089669671756, "contentId": ["185498.jpg", "279466.jpg", "225940.jpg", "216417.jpg", "191407.jpg", "199050.jpg", "281238.jpg", "260614.jpg", "193312.jpg", "227471.jpg", "191792.jpg", "279417.jpg", "226250.jpg", "235598.jpg", "231563.jpg", "229764.jpg", "227166.jpg", "226704.jpg", "232135.jpg", "204607.jpg"], "Orientalism": 0.004037799031275523, "title": ["Woman on the Verandah", "The End of the Corrida", "Kangchenjunga", "Descent from the Cross", "The Muse Inspiring the Poet", "Madonna and Child", "Still Life with Watermelon", "Lament of the shepherd", "Caroline Murat, Queen of Naples", "Sandra Loris Melikov", "Portrait of a Young Girl", "Prayer in Cairo", "Mstislav's duel with Rededia", "New York Movie", "Untitled", "Church Parade of the Finlandsky Guard Regiment, December 12, 1905", "Annecy", "Steps of the Himalayas", "The Painter's Daughter Ib", "Metamorphosis III excerpt 6"], "Realism": 0.0040202734782009255, "style": ["Expressionism", "Academicism", "Symbolism", "Baroque", "Na\u00efve Art (Primitivism)", "High Renaissance", "Na\u00efve Art (Primitivism)", "Symbolism", "Neoclassicism", "Expressionism", "Realism", "Orientalism", "Symbolism", "Social Realism", "Minimalism", "Realism", "Expressionism", "Symbolism", "Expressionism", "Op Art"], "High Renaissance": 0.0036919906611886603, "scores": [0.008454906806984287, 0.009107304279932015, 0.009444286409804954, 0.009468799496658095, 0.010491654764569633, 0.01067122553751609, 0.010703515170445883, 0.011357494903943758, 0.011507299906207089, 0.011557628745387705, 0.011642798849232333, 0.011670740284059263, 0.011729334409737686, 0.011772532563687467, 0.011964157547758161, 0.01203210102301536, 0.012128861200928927, 0.012492422380870796, 0.012562346875746378, 0.01263407413245092], "Symbolism": 0.003697093634989275, "Na\u00efve Art (Primitivism)": 0.0035991864808514033, "Expressionism": 0.003670833812484155, "year": [1924.0, 1870.0, 1924.0, 1614.0, 1909.0, 1495.0, "unknown", 1866.0, 1814.0, 1925.0, 1857.0, 1865.0, 1943.0, 1939.0, 1953.0, 1906.0, 1933.0, 1924.0, 1978.0, 1968.0], "Minimalism": 0.004139314437692471, "Academicism": 0.003150911039402424, "Baroque": 0.003275979801141642, "style_dict": {"Social Realism": 1, "Op Art": 1, "Orientalism": 1, "Realism": 2, "High Renaissance": 1, "Minimalism": 1, "Na\u00efve Art (Primitivism)": 2, "Expressionism": 4, "Symbolism": 4, "Academicism": 1, "Baroque": 1, "Neoclassicism": 1}, "Neoclassicism": 0.003981252541224313}