{"Fauvism": 0.003220591674107832, "Impressionism": 0.003722466031257012, "style": ["Realism", "Neo-Romanticism", "Symbolism", "Fauvism", "Romanticism", "Expressionism", "Surrealism", "Romanticism", "Realism", "Romanticism", "Realism", "Surrealism", "Realism", "Impressionism", "Realism", "Impressionism", "Baroque", "Surrealism", "Impressionism", "Impressionism"], "style_labels": ["Fauvism", "Impressionism", "Neo-Romanticism", "Romanticism", "Surrealism", "Expressionism", "Symbolism", "Baroque", "Realism"], "Neo-Romanticism": 0.002782872865340669, "artist": ["Zorn Anders", "Kittelsen Theodor Severin", "Roerich Nicholas", "Mondrian Piet", "Aivazovsky Ivan ", "Modigliani Amedeo ", "Beksinski Zdislav", "Goya Francisco", "Renoir Pierre-Auguste", "Turner William", "Corot Camille ", "Beksinski Zdislav", "Shishkin Ivan", "Renoir Pierre-Auguste", "Corot Camille ", "Renoir Pierre-Auguste", "Rembrandt", "Dali Salvador", "Pissarro Camille ", "Churchill Winston"], "contentId": ["277361.jpg", "321968.jpg", "225465.jpg", "186066.jpg", "196994.jpg", "189779.jpg", "258739.jpg", "193979.jpg", "218918.jpg", "238727.jpg", "199633.jpg", "258681.jpg", "229008.jpg", "218848.jpg", "199803.jpg", "218886.jpg", "220554.jpg", "221761.jpg", "208559.jpg", "313772.jpg"], "title": ["A Fisherman", "Ormen Risler Under Lying", "Castles of King Gesar", "Trees by the Gein at Moonrise", "View of the Sea from the Mountains at Sunset. Crimea", "Viking Eggeling", "Untitled", "Men reading", "Portrait of Henry Bernstein", "Hafod", "Mount Soracte", "Untitled", "View of Valaam Island. Kukko", "Pensive", "The Italian Goatherd", "Portrait of a woman (Mme. Georges Hartmann)", "The Anatomy Lesson of Dr. Nicolaes Tulp", "Untitled - for the campaign against venereal disease", "St. Stephen's Church, Lower Norwood", "Mountain near Lochmore"], "Romanticism": 0.003271269055819183, "scores": [0.007617021512543345, 0.008043537135796246, 0.009220883116402971, 0.009308707218556806, 0.009542912898859687, 0.009681280076238506, 0.009684222277566924, 0.009749960654200867, 0.009972534237462001, 0.0101066653049275, 0.010547063946927119, 0.010573375828502849, 0.010660370445437077, 0.01073371970827488, 0.011034419865640455, 0.011474688251758559, 0.011496699933306397, 0.01153266462266559, 0.011538126142677074, 0.011585991320590421], "Surrealism": 0.003537283467037031, "Expressionism": 0.003349493036593081, "year": [1888.0, "unknown", 1929.0, 1908.0, 1864.0, 1916.0, "unknown", 1823.0, "unknown", 1841.0, 1827.0, "unknown", 1860.0, 1875.0, 1847.0, 1874.0, 1632.0, 1942.0, 1870.0, "unknown"], "Symbolism": 0.003190206620035148, "Baroque": 0.003977585202283661, "style_dict": {"Fauvism": 1, "Impressionism": 4, "Neo-Romanticism": 1, "Romanticism": 3, "Surrealism": 3, "Expressionism": 1, "Symbolism": 1, "Baroque": 1, "Realism": 5}, "Realism": 0.00322424623795573, "style_counts": [0.00075699352817582, 0.00025511917102660764, 0.0011947123369430157, 0.0007063161464644363, 0.00044030173524656213, 0.0006280921656905969, 0.0007873785822485324, 0.0, 0.0007533389643279431]}