{"Suprematism": 0.0032387181884850403, "year": [1913.0, 1912.0, 1943.0, 1894.0, 1965.0, 1919.0, 1956.0, 1916.0, 1635.0, 1912.0, 1923.0, 1923.0, 1914.0, "unknown", 1913.0, 1957.0, 1944.0, 1659.0, 1913.0, 1913.0], "style": ["Suprematism", "Art Nouveau (Modern)", "Metaphysical art", "Expressionism", "Abstract Expressionism", "Art Nouveau (Modern)", "Realism, Surrealism", "Abstract Art", "Baroque", "Art Nouveau (Modern)", "Na\u00efve Art (Primitivism)", "Na\u00efve Art (Primitivism)", "Expressionism", "Cubism", "Cubism", "Surrealism", "Purism", "Baroque", "Constructivism", "Constructivism"], "title": ["Costume for Victory over the Sun. Many and One", "Buttoner", "Echo", "Girl and Death", "Night in the Hotel (Abstract in Black and White)", "Warrior", "The Infant Jesus", "Blue-03", "Saskia looking out of a window", "Shepherd", "Sobakevich's house", "Tchitchikov and Sobakevich after dinner", "The house on the forest edge", "Portrait of Juliet", "Traveler", "The birds", "New York", "Self-portrait", "Singer", "Fat Man"], "Art Nouveau (Modern)": 0.004150448038021678, "Expressionism": 0.004298908740295005, "style_dict": {"Suprematism": 1, "Art Nouveau (Modern)": 3, "Cubism": 2, "Purism": 1, "Surrealism": 1, "Abstract Expressionism": 1, "Na\u00efve Art (Primitivism)": 2, "Expressionism": 2, "Metaphysical art": 1, "Abstract Art": 1, "Baroque": 2, "Constructivism": 2, "Realism, Surrealism": 1}, "Realism, Surrealism": 0.004404434194123715, "Purism": 0.0048221930417388596, "scores": [0.009361099583781788, 0.01185365206624402, 0.011936965824167683, 0.012136982082233932, 0.012140385816393887, 0.01239844714858837, 0.012730452204207338, 0.012777540183407099, 0.012910912988949266, 0.013048794196798753, 0.013071560594928875, 0.0131530540749695, 0.01317876684337389, 0.013535706647266934, 0.013612402024605105, 0.013837823152693204, 0.013937930578965401, 0.014004893393406099, 0.014198752847967861, 0.014311773470017303], "Constructivism": 0.004841419115782863, "Baroque": 0.004570617114635388, "style_counts": [0.0006411338814603651, 0.0006909710777611711, 0.0007115123688195002, 0.0004369849216591115, 1.9226074044031982e-05, 5.386086660963407e-05, 0.001602700927297751, 0.0003881743965932216, 0.0005425103754878036, 0.0, 0.0004206935989007343, 0.00027080200114748543, 0.0002313543693303055], "Abstract Expressionism": 0.004200285234322451, "artist": ["Malevich Kazimir", "Roerich Nicholas", "Delvaux Paul", "Munch Edvard ", "Dali Salvador", "Roerich Nicholas", "Dali Salvador", "O'Keeffe Georgia", "Rembrandt", "Roerich Nicholas", "Chagall Marc", "Chagall Marc", "Chagall Marc", "Ray Man", "Malevich Kazimir", "Chagall Marc", "Leger Fernand ", "Rembrandt", "Malevich Kazimir", "Malevich Kazimir"], "contentId": ["361384.jpg", "225439.jpg", "243042.jpg", "185364.jpg", "221186.jpg", "227065.jpg", "221615.jpg", "231647.jpg", "220416.jpg", "226567.jpg", "203000.jpg", "203113.jpg", "203195.jpg", "210860.jpg", "219895.jpg", "203132.jpg", "196050.jpg", "220445.jpg", "219805.jpg", "219655.jpg"], "style_labels": ["Abstract Expressionism", "Art Nouveau (Modern)", "Metaphysical art", "Realism, Surrealism", "Purism", "Surrealism", "Suprematism", "Na\u00efve Art (Primitivism)", "Expressionism", "Constructivism", "Abstract Art", "Baroque", "Cubism"], "Surrealism": 0.004787558249173262, "Na\u00efve Art (Primitivism)": 0.004453244719189674, "Metaphysical art": 0.004129906746963348, "Abstract Art": 0.004420725516882153, "Cubism": 0.004610064746452577}