{"Northern Renaissance": 0.003276757900062497, "year": [1941.0, 1960.0, 1913.0, 1893.0, 1893.0, 1885.0, "unknown", 1967.0, 1963.0, 1918.0, "unknown", 1969.0, 1914.0, 1984.0, 1918.0, "unknown", "unknown", 1935.0, 1920.0, "unknown"], "style": ["Abstract Expressionism", "Na\u00efve Art (Primitivism)", "Cubo-Futurism", "Realism", "Realism", "Neo-Romanticism", "Regionalism", "Pop Art", "Na\u00efve Art (Primitivism)", "Realism", "Surrealism", "Pop Art", "Synthetic Cubism", "Surrealism", "Art Nouveau (Modern)", "Surrealism", "Northern Renaissance", "Purism", "Post-Impressionism", "Na\u00efve Art (Primitivism)"], "Neo-Romanticism": 0.002903019859784589, "title": ["Untitled", "Ahasuerus sends Vasthi away", "Death of the Man on the Airplane and on the Train at the Same Time. Illustration for", "Drying House in Tarakanovka", "Izvarka", "Krigen Mellom Froskene Og Musene 11", "Clown Training Dogs", "Paris Review Poster", "Clown in Love", "Two studies for soldiers of Gassed", "Untitled", "Brillo Soap Pads", "The Green Jug", "Equilibrists", "Vignette for book \"N. K. Roerich\"", "Untitled", "Noble woman at horses and Lansquenet", "Project design stage for a fitness", "Study for Self-Portrait", "Red maternity"], "Art Nouveau (Modern)": 0.0031956010159194374, "Synthetic Cubism": 0.0031202230147219477, "style_dict": {"Abstract Expressionism": 1, "Neo-Romanticism": 1, "Cubo-Futurism": 1, "Art Nouveau (Modern)": 1, "Northern Renaissance": 1, "Purism": 1, "Surrealism": 3, "Na\u00efve Art (Primitivism)": 3, "Pop Art": 2, "Post-Impressionism": 1, "Synthetic Cubism": 1, "Realism": 3, "Regionalism": 1}, "Regionalism": 0.0029190692957245354, "Cubo-Futurism": 0.002738870381774281, "Purism": 0.0032934211731872483, "scores": [0.006361646959601463, 0.006780062690182129, 0.007916353600018668, 0.008235675796285737, 0.008247117264018743, 0.00839080661533306, 0.008437195451704044, 0.008635807392600506, 0.008665586700347878, 0.00874521922392266, 0.008756782216228252, 0.00890561484586789, 0.009018604480089946, 0.009077637694194849, 0.009236474925917833, 0.009294634823706786, 0.009471048491803784, 0.009519211545837675, 0.009777620149887546, 0.009785635829524422], "Post-Impressionism": 0.0033828244146021035, "Realism": 0.0028071057959058823, "style_counts": [0.0011818456158637636, 0.00047980455481755335, 0.0006439540328279092, 0.0001872233986827121, 0.00010606651453959337, 8.94032414149315e-05, 0.00036419076548044327, 0.0005753544410898037, 0.00040408680744097314, 0.0, 0.00026260139988021347, 0.0005757186186962082, 0.0004637551188776401], "Abstract Expressionism": 0.0022009787987383187, "artist": ["Pollock Jackson ", "Chagall Marc", "Malevich Kazimir", "Roerich Nicholas", "Roerich Nicholas", "Kittelsen Theodor Severin", "Rockwell Norman", "Warhol Andy", "Chagall Marc", "Sargent John Singer", "Beksinski Zdislav", "Warhol Andy", "Braque Georges ", "Chagall Marc", "Roerich Nicholas", "Beksinski Zdislav", "Durer Albrecht", "Leger Fernand ", "Dali Salvador", "Chagall Marc"], "contentId": ["185288.jpg", "202413.jpg", "219647.jpg", "225554.jpg", "225925.jpg", "321820.jpg", "247639.jpg", "300219.jpg", "202495.jpg", "266367.jpg", "258976.jpg", "300238.jpg", "193755.jpg", "202562.jpg", "227032.jpg", "258722.jpg", "200871.jpg", "196125.jpg", "221511.jpg", "202960.jpg"], "style_labels": ["Abstract Expressionism", "Neo-Romanticism", "Cubo-Futurism", "Art Nouveau (Modern)", "Northern Renaissance", "Purism", "Surrealism", "Na\u00efve Art (Primitivism)", "Pop Art", "Post-Impressionism", "Synthetic Cubism", "Realism", "Regionalism"], "Surrealism": 0.0030186336491217105, "Na\u00efve Art (Primitivism)": 0.0028074699735123818, "Pop Art": 0.002978737607161129}