{"Synthetic Cubism": 0.007584143315936254, "year": ["unknown", "unknown", "unknown", "unknown", 1917.0, 1976.0, 1951.0, 1936.0, "unknown", 1914.0, 1996.0, 1928.0, 1913.0, 1935.0, 1914.0, "unknown", 1978.0, 1926.0, "unknown", 1920.0], "Abstract Expressionism, Surrealism": 0.008993843472867215, "style": ["Romanticism", "Orphism", "Regionalism", "Pop Art", "Realism", "Pop Art", "Na\u00efve Art (Primitivism)", "Surrealism", "Na\u00efve Art (Primitivism)", "Synthetic Cubism", "Expressionism", "Abstract Art, Na\u00efve Art (Primitivism)", "Constructivism", "Abstract Art", "Cubism", "Na\u00efve Art (Primitivism)", "Abstract Expressionism, Surrealism", "Surrealism", "Regionalism", "Cubism"], "title": ["The Swing", "Model, setting for the opera by Darius Milhaud Bolivar, L pass Andes", "Chello OldMan LittleGirl", "Hammer And Sickle", "Portrait of the Artist Georgi Vereisky", "Portrait of Maurice", "The Dove (Still Life with Bird)", "Still life with lemon and jug", "Women in compact", "Pipe and card", "Woman with an Arm Tattoo", "Four Fishermen's Wives of Cadaqu\u00e9s", "Cover of the Book", "Brown with supplement", "Glass", "The dancer", "Eschantos 31", "Untitled", "Cowboy", "Guitar on pedestal"], "Expressionism": 0.007817704181679243, "style_dict": {"Abstract Expressionism, Surrealism": 1, "Constructivism": 1, "Abstract Art, Na\u00efve Art (Primitivism)": 1, "Romanticism": 1, "Surrealism": 2, "Na\u00efve Art (Primitivism)": 3, "Expressionism": 1, "Orphism": 1, "Pop Art": 2, "Abstract Art": 1, "Synthetic Cubism": 1, "Cubism": 2, "Realism": 1, "Regionalism": 2}, "Regionalism": 0.0073010246456267835, "scores": [0.012587310388534678, 0.015577571507303503, 0.016005839540401738, 0.01741826275097257, 0.018430020775190653, 0.020039655961117772, 0.02027988153125032, 0.021296905153172715, 0.021673141087405166, 0.021920993648219117, 0.02259607137831243, 0.022673879909190828, 0.0233864229165473, 0.02365359953878212, 0.023739205573261517, 0.02461310004230013, 0.02599555116891416, 0.0266364179856137, 0.02698900356847496, 0.02708505907530407], "Constructivism": 0.00809114704800802, "Realism": 0.006376349590616483, "style_counts": [0.0, 0.003604373601129307, 0.0011492193869695466, 0.004638932948244356, 0.0008542074542671196, 0.001587070928627754, 0.001176139291187983, 0.000902696424859184, 0.0008102596573379417, 0.0016928188272404832, 0.001409700156930982, 0.0003632919470628604, 0.002617493882250743, 0.0026330530171766453], "artist": ["Goya Francisco", "Leger Fernand ", "Rockwell Norman", "Warhol Andy", "Kustodiev Boris", "Warhol Andy", "Leger Fernand ", "Picasso Pablo", "Leger Fernand ", "Picasso Pablo", "Freud Lucian", "Dali Salvador", "Malevich Kazimir", "Kandinsky Wassily", "Picasso Pablo", "Leger Fernand ", "Holbrook Carter Clarence", "Magritte Rene", "Rockwell Norman", "Picasso Pablo"], "contentId": ["194162.jpg", "196036.jpg", "247632.jpg", "229314.jpg", "230105.jpg", "229369.jpg", "196254.jpg", "224485.jpg", "196422.jpg", "224248.jpg", "232170.jpg", "220999.jpg", "219643.jpg", "189275.jpg", "223942.jpg", "196252.jpg", "345389.jpg", "211655.jpg", "247644.jpg", "223969.jpg"], "style_labels": ["Abstract Expressionism, Surrealism", "Orphism", "Abstract Art, Na\u00efve Art (Primitivism)", "Romanticism", "Surrealism", "Na\u00efve Art (Primitivism)", "Expressionism", "Constructivism", "Abstract Art", "Regionalism", "Synthetic Cubism", "Cubism", "Realism", "Pop Art"], "Abstract Art, Na\u00efve Art (Primitivism)": 0.007844624085897735, "Romanticism": 0.004354910524622858, "Surrealism": 0.00813963601860008, "Na\u00efve Art (Primitivism)": 0.0074067725442395, "Orphism": 0.005389469871737904, "Pop Art": 0.006360790455690567, "Abstract Art": 0.008183583815529333, "Cubism": 0.008630551525804372}