{"style": ["Post-Impressionism", "Realism", "Surrealism", "Expressionism", "Neoclassicism", "Northern Renaissance", "Expressionism", "Realism", "Neoclassicism", "Neoclassicism", "Post-Impressionism", "Surrealism", "Neo-Expressionism", "Neoclassicism", "Baroque", "Post-Impressionism", "Expressionism", "Neoclassicism", "Neoclassicism", "Realism"], "style_labels": ["Neo-Expressionism", "Northern Renaissance", "Surrealism", "Realism", "Expressionism", "Baroque", "Post-Impressionism", "Neoclassicism"], "Neo-Expressionism": 0.0036098976586682926, "contentId": ["206992.jpg", "206287.jpg", "258769.jpg", "222130.jpg", "193326.jpg", "201195.jpg", "189739.jpg", "206360.jpg", "193359.jpg", "193386.jpg", "206279.jpg", "259105.jpg", "203848.jpg", "193371.jpg", "220732.jpg", "222059.jpg", "252198.jpg", "193430.jpg", "193316.jpg", "206622.jpg"], "artist": ["van Gogh Vincent ", "van Gogh Vincent ", "Beksinski Zdislav", "Klee Paul", "Ingres Jean Auguste Dominique ", "Durer Albrecht", "Modigliani Amedeo ", "van Gogh Vincent ", "Ingres Jean Auguste Dominique ", "Ingres Jean Auguste Dominique ", "van Gogh Vincent ", "Beksinski Zdislav", "Basquiat Jean-Michel ", "Ingres Jean Auguste Dominique ", "Rembrandt", "Bonnard Pierre", "Kirchner Ernst Ludwig", "Ingres Jean Auguste Dominique ", "Ingres Jean Auguste Dominique ", "van Gogh Vincent "], "Northern Renaissance": 0.0032189268562242013, "style_counts": [7.85174855799653e-05, 0.00046948828802406695, 0.0005749810715492965, 0.0004906665454967873, 0.0004648129185845784, 0.0, 0.000506115026604248, 0.00039066020816591607], "Surrealism": 0.0031134340726988933, "Realism": 0.0031977485987514133, "Expressionism": 0.003223602225663596, "year": [1887.0, 1881.0, "unknown", 1915.0, "unknown", "unknown", 1911.0, 1882.0, "unknown", "unknown", 1886.0, "unknown", 1983.0, "unknown", "unknown", 1945.0, 1904.0, "unknown", "unknown", 1885.0], "scores": [0.007528418997838725, 0.007591102150720472, 0.008085297778990568, 0.008150002370221475, 0.009303867664162012, 0.00930389527596392, 0.009798777173270868, 0.009849130087420926, 0.00985837244369838, 0.009987921671215623, 0.010239080946816586, 0.010249335506448519, 0.010433946241510322, 0.010631611385689986, 0.010660890964331683, 0.010832457555027316, 0.011022368130070388, 0.011034577060614767, 0.01122419894044714, 0.011298563801833581], "title": ["Still Life with Grapes, Pears and Lemons", "Man with a Sack of Wood", "Untitled", "Death for the Idea", "Dr. Fran\u00e7ois Melier", "The dead Christ with the crown of thorns", "Standing Nude", "Old Woman Seen from Behind", "Jean Pierre Cortot", "Madame Frederic Reiset, born Augustine Modest Hortense Reiset, and her daughter, Theres Hortense Marie", "Man on a Bench", "Untitled", "Large Body of Water", "Lord Graham, Thomas Philip Robinson", "Woman Standing with Raised Hands", "The Last Self Portrait", "The Caf\u00e9", "Otto Magnus von Stackelberg and, possibly, Jackob Linckh", "Charles Thevenin", "Plate with Cutlery and a Kettle"], "Baroque": 0.0036884151442482618, "Post-Impressionism": 0.003182300117644028, "style_dict": {"Neo-Expressionism": 1, "Northern Renaissance": 1, "Surrealism": 2, "Neoclassicism": 6, "Expressionism": 3, "Baroque": 1, "Post-Impressionism": 3, "Realism": 3}, "Neoclassicism": 0.0032977549360823414}