{"Impressionism": 0.009289452663284885, "style": ["Color Field Painting", "Abstract Art", "Surrealism", "Realism", "Art Nouveau (Modern)", "Color Field Painting", "Romanticism", "Regionalism", "Abstract Art", "Impressionism", "Color Field Painting", "Regionalism", "Surrealism", "Regionalism", "Suprematism", "Impressionism", "Baroque", "Realism", "Realism, Surrealism", "Surrealism"], "Suprematism": 0.009525560641820969, "artist": ["Rothko Mark", "Kandinsky Wassily", "Magritte Rene", "Roerich Nicholas", "Vallotton  Felix", "Rothko Mark", "Goya Francisco", "Rockwell Norman", "Klee Paul", "Sargent John Singer", "Rothko Mark", "Rockwell Norman", "Miro Joan", "Rockwell Norman", "Malevich Kazimir", "Degas Edgar", "Caravaggio", "Kustodiev Boris", "Dali Salvador", "Magritte Rene"], "contentId": ["242107.jpg", "189316.jpg", "211646.jpg", "225682.jpg", "271376.jpg", "242149.jpg", "193895.jpg", "247668.jpg", "282738.jpg", "266123.jpg", "242080.jpg", "247709.jpg", "227923.jpg", "247680.jpg", "361378.jpg", "213467.jpg", "186634.jpg", "230077.jpg", "221114.jpg", "211501.jpg"], "Art Nouveau (Modern)": 0.006366480926130311, "title": ["No.301", "Gravitation", "The white race", "Head of a dog", "Universal suffrage", "Red and Brown", "Diligent Blind Man", "Fondly Do We Remember", "Abstract Colour Harmony in Squares with Vermillion Accents", "Girgenti", "Black on Maroon", "Lost Girl", "Metamorphose", "Ghostly gourds", "Costume for Victory over the Sun. Cockerel", "Little Dancer, Fourteen Year Old", "Beheading of Saint John the Baptist", "Portrait of Nikolay Lazarevich Bublichenko", "L'Etoile", "The Empire of Lights (unfinished)"], "Romanticism": 0.008169297390137092, "Surrealism": 0.008067300888497386, "Color Field Painting": 0.005696483995357012, "style_counts": [0.0017406737801836103, 0.0015045658016474839, 0.004663645517338111, 0.002860829053331404, 0.0029628255549710714, 0.005333642448111409, 0.004940991905196257, 0.0007726246452820495, 0.0, 0.002792597100058747, 0.002180392500941597], "scores": [0.004001516522143564, 0.010214260531411945, 0.012366497055306989, 0.01836818425946774, 0.01840149666607167, 0.0210641775443204, 0.023612306458307097, 0.02508492235838184, 0.025643909636342714, 0.025710135200918624, 0.02612972878556038, 0.027006774041708724, 0.02730716776648183, 0.027442604351891192, 0.027532411457246588, 0.02899431783287641, 0.029647993504047097, 0.0301416207220583, 0.031881165958224954, 0.032828756074638414], "year": [1959.0, 1935.0, 1967.0, 1893.0, 1902.0, 1957.0, "unknown", "unknown", 1924.0, 1901.0, 1959.0, "unknown", 1936.0, "unknown", 1913.0, 1881.0, 1608.0, 1924.0, "unknown", 1967.0], "style_labels": ["Impressionism", "Suprematism", "Art Nouveau (Modern)", "Romanticism", "Surrealism", "Color Field Painting", "Abstract Art", "Baroque", "Realism, Surrealism", "Realism", "Regionalism"], "Abstract Art": 0.006089134538272207, "Baroque": 0.010257501798186401, "style_dict": {"Impressionism": 2, "Suprematism": 1, "Art Nouveau (Modern)": 1, "Romanticism": 1, "Surrealism": 3, "Color Field Painting": 3, "Abstract Art": 2, "Baroque": 1, "Realism, Surrealism": 1, "Realism": 2, "Regionalism": 3}, "Realism, Surrealism": 0.011030126443468478, "Realism": 0.008237529343409758, "Regionalism": 0.008849733942526862}