{"Impressionism": 0.002522804852072461, "style": ["Romanticism", "Symbolism", "Impressionism", "Symbolism", "Symbolism", "Impressionism", "Romanticism", "Northern Renaissance", "Symbolism", "Impressionism", "Surrealism", "Impressionism", "Regionalism", "Realism", "Post-Impressionism", "Symbolism", "Realism", "Symbolism", "Baroque", "Surrealism"], "style_labels": ["Impressionism", "Northern Renaissance", "Romanticism", "Surrealism", "Symbolism", "Baroque", "Post-Impressionism", "Realism", "Regionalism"], "artist": ["Gerome Jean-Leon", "Roerich Nicholas", "Renoir Pierre-Auguste", "Roerich Nicholas", "Roerich Nicholas", "Sisley Alfred", "Aivazovsky Ivan ", "Bruegel the Elder Pieter", "Roerich Nicholas", "Churchill Winston", "Beksinski Zdislav", "Hassam Childe", "Rockwell Norman", "Levitan Isaac", "Dali Salvador", "Roerich Nicholas", "Repin Ilya", "Roerich Nicholas", "Rubens Peter Paul", "Dali Salvador"], "contentId": ["279352.jpg", "225391.jpg", "219389.jpg", "226115.jpg", "225945.jpg", "238036.jpg", "196920.jpg", "9223372032559808852.jpg", "226167.jpg", "313764.jpg", "258748.jpg", "243970.jpg", "247803.jpg", "210354.jpg", "220845.jpg", "226906.jpg", "215440.jpg", "225940.jpg", "216505.jpg", "221532.jpg"], "title": ["Entry of the Christ in Jerusalem", "Black Gobi", "Villa de la poste at cagnes", "Maitreya", "Kangchenjunga", "Hill Path", "The Shipwreck", "Parable of the Sower", "Mongolia (Campaign of Genghis Khan)", "Marlborough Tapestries at Blenheim", "Untitled", "Country fair, New England", "Solitaire", "Road", "Cadaques", "Tibet", "Wedding of Nicholas II and Grand Princess Alexandra Fyodorovna", "Kangchenjunga", "Mercury and Argus", "Surrealist Composition with Invisible Figures"], "Northern Renaissance": 0.002619391131755178, "Romanticism": 0.0023138556990073347, "Surrealism": 0.002909646650155926, "style_counts": [0.0005202444383745064, 0.0004236581586918309, 0.0007291935914396364, 0.0001334026402910471, 0.0005742863823908761, 0.0, 0.00012522783732016318, 0.00016704446502702197, 0.00019419560783462408], "scores": [0.006236831268942918, 0.0066722200355217535, 0.007134997389006107, 0.0071856215008225055, 0.007194667492533387, 0.007317229445694387, 0.007389182555704296, 0.007571014150108838, 0.008061334597056328, 0.00810081495168747, 0.008111666909115557, 0.00816990212614055, 0.008234246226601061, 0.008291993857760149, 0.008433588722701134, 0.008538826786705398, 0.008644447566714392, 0.008792080499621838, 0.00879554372699385, 0.009022887115524778], "year": [1897.0, 1928.0, 1903.0, 1933.0, "unknown", 1876.0, 1884.0, 1557.0, 1937.0, "unknown", "unknown", 1890.0, 1950.0, 1898.0, 1923.0, 1933.0, 1894.0, 1924.0, 1638.0, 1936.0], "Symbolism": 0.0024687629080560594, "Baroque": 0.003043049290446958, "Post-Impressionism": 0.0029178214531267598, "style_dict": {"Impressionism": 4, "Northern Renaissance": 1, "Romanticism": 2, "Surrealism": 2, "Symbolism": 6, "Baroque": 1, "Post-Impressionism": 1, "Realism": 2, "Regionalism": 1}, "Realism": 0.002876004825419949, "Regionalism": 0.002848853682612295}