{"Fauvism": 0.0035098637948778513, "style_counts": [1.978300787397469e-05, 0.00021419539894351747, 0.00013739217135677606, 0.00017186516091116655, 0.0001220479148272835, 0.0007862980103464645, 0.0005239233356170159, 9.585957304680814e-05, 0.0005453423280085135, 0.00011555356279946416, 0.0], "style": ["Realism", "Surrealism", "Baroque", "Baroque", "High Renaissance", "Abstract Expressionism", "Romanticism", "Realism", "Op Art", "Cubism", "Romanticism", "Romanticism", "Expressionism", "Fauvism", "Expressionism", "Neoclassicism", "High Renaissance", "Romanticism", "Romanticism", "Realism"], "Abstract Expressionism": 0.003315451403808299, "artist": ["Repin Ilya", "Beksinski Zdislav", "Rembrandt", "Rubens Peter Paul", "Raphael", "Holbrook Carter Clarence", "Goya Francisco", "van Gogh Vincent ", "Escher M.C.", "Braque Georges ", "Goya Francisco", "Goya Francisco", "Serebriakova Zinaida", "Malevich Kazimir", "Freud Lucian", "Bouguereau William-Adolphe", "Titian", "Aivazovsky Ivan ", "Goya Francisco", "Sargent John Singer"], "Op Art": 0.0033922546313950846, "contentId": ["214946.jpg", "258945.jpg", "220246.jpg", "216607.jpg", "210610.jpg", "345404.jpg", "194057.jpg", "207406.jpg", "204784.jpg", "193587.jpg", "194091.jpg", "193956.jpg", "227491.jpg", "219800.jpg", "232059.jpg", "232469.jpg", "224959.jpg", "196927.jpg", "194102.jpg", "266261.jpg"], "title": ["Ceremonial Meeting of the State Council on May 7, 1901", "Untitled", "Musical Allegory", "St. Gregory the Great with Saints", "The Grand Duke's Madonna", "Tulip", "Self Portrait", "Weaver near an Open Window", "Prelim Drawing Ceiling Decoration for Philips_", "A House at Estaque", "The Arrest of Christ", "Judith and Holovernes", "Shopping cart with sardines", "Self Portrait", "Naked Girl Perched on a Chair", "Portrait of the Artist", "Portrait of Alfonso d`Avalos , in Armor with a Page", "The Shipwreck on Northern sea", "The Count of Floridablanca", "Mrs. John William Crombie (Minna Watson)"], "Romanticism": 0.003357781641840587, "High Renaissance": 0.0034075988879245355, "Surrealism": 0.002743348792405345, "style_labels": ["Fauvism", "Abstract Expressionism", "Op Art", "Romanticism", "High Renaissance", "Surrealism", "Realism", "Expressionism", "Baroque", "Cubism", "Neoclassicism"], "Realism": 0.003005723467134746, "Expressionism": 0.003433787229705029, "year": [1903.0, "unknown", 1626.0, 1606.0, 1505.0, 1978.0, 1815.0, 1884.0, 1951.0, 1908.0, 1788.0, 1823.0, 1930.0, 1911.0, 1994.0, 1879.0, 1533.0, 1865.0, 1783.0, 1898.0], "scores": [0.006117847806511982, 0.007929297871626956, 0.008589267510200956, 0.00898493733206884, 0.009523068454742462, 0.009582887102244699, 0.009726349783486427, 0.009762872457278079, 0.009804876982176816, 0.009867998679582341, 0.009914042996511375, 0.010055490380456951, 0.01006036748206384, 0.010144811186777198, 0.010160786448551028, 0.010201991434022388, 0.01054386552719597, 0.011071767470684708, 0.011127577389042747, 0.01113230812383241], "Baroque": 0.0029843044747432644, "style_dict": {"Fauvism": 1, "Abstract Expressionism": 1, "Op Art": 1, "Romanticism": 5, "High Renaissance": 2, "Surrealism": 1, "Neoclassicism": 1, "Expressionism": 2, "Baroque": 2, "Cubism": 1, "Realism": 3}, "Cubism": 0.0034140932399523, "Neoclassicism": 0.0035296468027518316}