{"Synthetic Cubism": 0.002300705357637867, "Northern Renaissance": 0.002308279374293281, "year": ["unknown", 1909.0, 1920.0, 1937.0, 1914.0, 1495.0, 1930.0, 1884.0, 1793.0, 1923.0, 1503.0, 1913.0, 1923.0, 1912.0, 1886.0, 1906.0, 1917.0, 1934.0, "unknown", 1865.0], "style": ["Realism", "Expressionism", "Art Nouveau (Modern)", "Surrealism", "Synthetic Cubism", "Northern Renaissance", "Realism", "Realism", "Romanticism", "Na\u00efve Art (Primitivism)", "Northern Renaissance", "Expressionism", "Na\u00efve Art (Primitivism)", "Analytical Cubism", "Impressionism", "Post-Impressionism", "Symbolism", "Na\u00efve Art (Primitivism)", "Impressionism", "Neoclassicism"], "title": ["Fra Lofoten", "Railway in Dresden", "Sketch of costumes for \"Snow Maiden\"", "Barbarians", "The Green Jug", "The Great Courier", "Fiumara, Calabria", "Path in the forest", "Picador Caught by the Bull", "Manilov and Chichikov on the threshold", "Madonna On A Grassy Bench", "Double Portrait (Chief Inspector Heinrich Benesch and His Son Otto)", "Proshka", "Violin Mozart Kubelick", "Rocky Coast and the Lion Rock, Belle-Ile", "Seated nude and standing nude", "Famagusta", "The Hebrews adore the golden calf (Exodus XXXII, 7, 10)", "Essoyes Landscape", "Scene of War in the Middle Ages"], "Art Nouveau (Modern)": 0.002209291637134452, "Expressionism": 0.002127458327355786, "Symbolism": 0.002521262376427587, "style_dict": {"Impressionism": 2, "Analytical Cubism": 1, "Art Nouveau (Modern)": 1, "Northern Renaissance": 2, "Romanticism": 1, "Neoclassicism": 1, "Surrealism": 1, "Na\u00efve Art (Primitivism)": 3, "Expressionism": 2, "Symbolism": 1, "Post-Impressionism": 1, "Synthetic Cubism": 1, "Realism": 3}, "Neoclassicism": 0.002579732471668418, "Impressionism": 0.002478071374179812, "scores": [0.004288514301445867, 0.005357527229948721, 0.0063856741529296004, 0.006550820465238536, 0.0066498937889568855, 0.00665661519141174, 0.006727476428710492, 0.0067591871952180005, 0.006800566093326073, 0.00686324509388055, 0.0069365603375383745, 0.007170815221288507, 0.007176635662853558, 0.007260998619085319, 0.007273551957219446, 0.00728298225979195, 0.007287385567072465, 0.007305989493918134, 0.007319507937363719, 0.007456385879038062], "Post-Impressionism": 0.002519738936659506, "Realism": 0.0019778333867695452, "style_counts": [0.00010166109748865892, 6.759935271960504e-05, 0.00037044083453396937, 0.0002714530973751961, 0.00022689807424269848, 0.0006018990848989381, 0.00031330413166597015, 0.00020459029145303287, 0.00045227414431259216, 5.84700952408479e-05, 5.9993535008961985e-05, 0.00027902711403060554, 0.0], "Analytical Cubism": 0.002512133118948835, "artist": ["Kittelsen Theodor Severin", "Kirchner Ernst Ludwig", "Roerich Nicholas", "Ernst Max", "Braque Georges ", "Durer Albrecht", "Escher M.C.", "Levitan Isaac", "Goya Francisco", "Chagall Marc", "Durer Albrecht", "Schiele Egon", "Chagall Marc", "Braque Georges ", "Monet Claude", "Picasso Pablo", "Roerich Nicholas", "Chagall Marc", "Renoir Pierre-Auguste", "Degas Edgar"], "contentId": ["321881.jpg", "252105.jpg", "226603.jpg", "234133.jpg", "193755.jpg", "201218.jpg", "204530.jpg", "210330.jpg", "194005.jpg", "202750.jpg", "200828.jpg", "232616.jpg", "202946.jpg", "193818.jpg", "212280.jpg", "224378.jpg", "295497.jpg", "203192.jpg", "218415.jpg", "213648.jpg"], "style_labels": ["Impressionism", "Analytical Cubism", "Art Nouveau (Modern)", "Northern Renaissance", "Romanticism", "Realism", "Surrealism", "Na\u00efve Art (Primitivism)", "Expressionism", "Symbolism", "Post-Impressionism", "Synthetic Cubism", "Neoclassicism"], "Romanticism": 0.0023528343974257653, "Surrealism": 0.002266428340002439, "Na\u00efve Art (Primitivism)": 0.002375142180215428}