{"Impressionism": 0.003976818406340202, "style": ["Impressionism", "Surrealism", "Art Nouveau (Modern)", "Expressionism", "Na\u00efve Art (Primitivism)", "Realism", "Realism, Surrealism", "Surrealism", "Realism", "Neo-Romanticism", "Expressionism", "Surrealism", "Impressionism", "Post-Impressionism", "Surrealism", "Surrealism", "Expressionism", "Na\u00efve Art (Primitivism)", "Neo-Expressionism", "Symbolism"], "style_labels": ["Impressionism", "Neo-Romanticism", "Neo-Expressionism", "Art Nouveau (Modern)", "Surrealism", "Na\u00efve Art (Primitivism)", "Expressionism", "Symbolism", "Post-Impressionism", "Realism, Surrealism", "Realism"], "Neo-Romanticism": 0.004543033806268989, "Neo-Expressionism": 0.004925578872177692, "contentId": ["212314.jpg", "221126.jpg", "191584.jpg", "185364.jpg", "202852.jpg", "192068.jpg", "221765.jpg", "220743.jpg", "230142.jpg", "298661.jpg", "202344.jpg", "221145.jpg", "190233.jpg", "207477.jpg", "259159.jpg", "220983.jpg", "251828.jpg", "202549.jpg", "203785.jpg", "225355.jpg"], "Art Nouveau (Modern)": 0.0041967853497725995, "artist": ["Monet Claude", "Dali Salvador", "Klimt Gustav", "Munch Edvard ", "Chagall Marc", "Manet Edouard", "Dali Salvador", "Dali Salvador", "Kustodiev Boris", "Spencer Stanley", "Klee Paul", "Dali Salvador", "Cassatt Mary", "van Gogh Vincent ", "Beksinski Zdislav", "Dali Salvador", "Kirchner Ernst Ludwig", "Chagall Marc", "Basquiat Jean-Michel ", "Roerich Nicholas"], "style_counts": [0.0009705550240414196, 0.00040433962411268176, 2.1794558203946934e-05, 0.0007505880806090159, 0.0006998381684854005, 0.00040642399409218655, 0.0005379362805251198, 0.0, 0.0002793432575175503, 0.0004731471751932004, 0.0005805638369579258], "scores": [0.01011004180280587, 0.012107924754304515, 0.012130269848935098, 0.012485587096666969, 0.012544802822869162, 0.012697417354963325, 0.012932177206434267, 0.013002773498846588, 0.013018191407986109, 0.013131056608807402, 0.013155681786097053, 0.013293274802113127, 0.013308956454583439, 0.013492342576653412, 0.013555252316383739, 0.013687333711640898, 0.013987210651335506, 0.01419629422240009, 0.014236754063432444, 0.014299748438940994], "Surrealism": 0.00424753526189626, "Na\u00efve Art (Primitivism)": 0.004540949436289483, "Expressionism": 0.004409437149856544, "year": [1869.0, 1943.0, 1896.0, 1894.0, 1931.0, 1863.0, 1945.0, 1936.0, 1923.0, 1944.0, 1920.0, 1934.0, 1897.0, "unknown", "unknown", 1934.0, 1937.0, 1963.0, 1981.0, 1935.0], "Symbolism": 0.004947373430381652, "title": ["Rough Sea at Etretat", "Madonna", "Sculpture", "Girl and Death", "Noah lets go the dove through the window of the Ark (Genesis VIII, 6 9)", "Olympia", "Untitled - Portrait of a Woman", "A Chemist Lifting with Extreme Precaution the Cuticle of a Grand Piano", "Portrait of Yevgeny Zamyatin", "Garden Scene. Port Glasgow.", "Veil Dance", "Melancholy - to Marcel Remy in Friendship", "Matertiny", "Woman near a Window twice, Man with Winnow, Sower, and Woman with Broom", "Untitled", "Figure with Drawers for a Four-part Screen", "Archer at Wildboden", "Drawing by Marc Chagall for Vladimir Mayakovsky's 70th birthday", "Ashes", "Armageddon"], "Post-Impressionism": 0.004668030172864054, "style_dict": {"Impressionism": 2, "Neo-Romanticism": 1, "Neo-Expressionism": 1, "Art Nouveau (Modern)": 1, "Surrealism": 5, "Na\u00efve Art (Primitivism)": 2, "Expressionism": 3, "Symbolism": 1, "Post-Impressionism": 1, "Realism, Surrealism": 1, "Realism": 2}, "Realism, Surrealism": 0.004474226255188469, "Realism": 0.004366809593423707}