{"style_counts": [0.0, 0.000456181245138354, 0.0018480989835033546, 0.0003008702606723812, 0.0005772205667147201, 3.595898395225561e-05, 0.00035482561379351907, 0.0007045062840875804, 0.0002962887876036824, 0.00045219263434248536, 0.0006861377954916481], "style": ["Post-Impressionism, Symbolism", "Realism", "Surrealism", "Symbolism", "New Realism", "Realism", "Realism", "Post-Impressionism", "Synthetic Cubism", "Realism", "Expressionism", "Romanticism", "Surrealism", "Realism", "Realism", "Post-Impressionism", "Symbolism", "Na\u00efve Art (Primitivism)", "Post-Impressionism", "Neo-baroque, Surrealism"], "artist": ["Dali Salvador", "Levitan Isaac", "Beksinski Zdislav", "Roerich Nicholas", "Hopper Edward", "Corot Camille ", "Courbet Gustave", "Cezanne Paul", "Braque Georges ", "Levitan Isaac", "Freud Lucian", "Aivazovsky Ivan ", "Chagall Marc", "Sargent John Singer", "van Gogh Vincent ", "van Gogh Vincent ", "Roerich Nicholas", "Chagall Marc", "van Gogh Vincent ", "Dali Salvador"], "Neo-baroque, Surrealism": 0.003557103469971927, "Symbolism": 0.0031009222248335913, "contentId": ["221257.jpg", "210251.jpg", "258722.jpg", "225493.jpg", "235527.jpg", "199706.jpg", "191723.jpg", "215626.jpg", "193619.jpg", "210308.jpg", "231987.jpg", "196836.jpg", "203039.jpg", "266152.jpg", "206082.jpg", "206491.jpg", "226047.jpg", "202716.jpg", "207199.jpg", "221405.jpg"], "Post-Impressionism, Symbolism": 0.0017090044864685996, "Romanticism": 0.0032562332092995415, "style_dict": {"New Realism": 1, "Neo-baroque, Surrealism": 1, "Post-Impressionism, Symbolism": 1, "Romanticism": 1, "Surrealism": 2, "Na\u00efve Art (Primitivism)": 1, "Expressionism": 1, "Symbolism": 2, "Post-Impressionism": 3, "Synthetic Cubism": 1, "Realism": 6}, "scores": [0.004939658301806678, 0.007275217262971259, 0.007680106052718505, 0.00813519789590487, 0.00824506634273439, 0.008654134363183682, 0.008750346164548386, 0.008956340626366889, 0.008974346590089069, 0.009227876353552563, 0.009255773476434467, 0.009411724505282985, 0.009868060694685776, 0.010026678402650197, 0.01007712505187833, 0.01010081174081895, 0.010125754644422221, 0.010177416577863013, 0.010248430978962369, 0.010281351409521305], "Surrealism": 0.002979882903257194, "style_labels": ["Neo-baroque, Surrealism", "Symbolism", "Post-Impressionism, Symbolism", "Romanticism", "Surrealism", "Na\u00efve Art (Primitivism)", "Expressionism", "New Realism", "Post-Impressionism", "Synthetic Cubism", "Realism"], "Na\u00efve Art (Primitivism)": 0.0035211444860196537, "Expressionism": 0.0032022778561784497, "year": [1921.0, 1890.0, "unknown", 1917.0, 1927.0, 1826.0, 1873.0, 1892.0, 1918.0, 1885.0, 1944.0, 1895.0, 1960.0, 1908.0, 1884.0, 1889.0, 1925.0, 1965.0, 1888.0, 1947.0], "New Realism": 0.0028525971858844156, "title": ["Nymphs in a Romantic, Garden", "Italian landscape", "Untitled", "Cliff", "Automat", "Rocks at Civita Castellana", "Calm Seas", "Jacket on a Chair", "Clarinet, Guitar and Compotier", "Moonlit night at park", "Girl with her Eyes Closed", "Surf", "Song of Songs III", "Ilex Wood, Majorca", "Head of a Peasant Woman", "Peasant Woman Binding Sheaves after Millet", "Lake Dal", "King Solomon with harp", "The Trinquetaille Bridge", "Rock and Infuriated Horse Sleeping Under the Sea"], "Post-Impressionism": 0.0032608146823682933, "Synthetic Cubism": 0.0031049108356294244, "Realism": 0.0028709656744802872}