{"High Renaissance": 0.00620086002592488, "Color Field Painting": 0.006507380873410684, "year": ["unknown", 1948.0, 1943.0, 1918.0, 1933.0, 1979.0, 1932.0, "unknown", 1917.0, 1515.0, 1923.0, 1888.0, "unknown", 1919.0, 1949.0, 1958.0, 1949.0, 1950.0, 1948.0, 1964.0], "style": ["Symbolism", "Surrealism", "Abstract Expressionism", "Art Nouveau (Modern)", "Symbolism", "Magic Realism", "Expressionism", "Neo-Romanticism, Symbolism", "Expressionism", "High Renaissance", "Symbolism", "Post-Impressionism", "Na\u00efve Art (Primitivism)", "Art Nouveau (Modern)", "Surrealism", "Color Field Painting", "Op Art", "Regionalism", "Surrealism", "Minimalism"], "Neo-Romanticism, Symbolism": 0.005958574156771729, "title": ["Conversation with God", "Muros Biombos", "The Circus", "Vignette for book \"N. K. Roerich\"", "Sunset", "Untitled - Country Road", "Mumified Priests in Gangi", "Lysalver Fanger Skyggetussen", "Marcelle", "Portrait of a Man", "Three arrows", "Field with Flowers", "Lovers", "Sketches of costumes for \"Tale of Tsar Saltan\"", "Pa\u00eds Rojo Teti", "No. 37/No. 19 (Slate Blue and Brown on Plum)", "Horses and Birds", "Solitaire", "Barreras Mel\u00f3dicas", "No. 4"], "Art Nouveau (Modern)": 0.005715566114471373, "Expressionism": 0.005900261570897237, "Symbolism": 0.005083436567873391, "style_dict": {"Abstract Expressionism": 1, "Neo-Romanticism, Symbolism": 1, "Magic Realism": 1, "Op Art": 1, "Art Nouveau (Modern)": 2, "High Renaissance": 1, "Surrealism": 3, "Color Field Painting": 1, "Na\u00efve Art (Primitivism)": 1, "Expressionism": 2, "Symbolism": 3, "Post-Impressionism": 1, "Minimalism": 1, "Regionalism": 1}, "Regionalism": 0.006526368173273716, "Magic Realism": 0.005773935941399112, "scores": [0.011975397293154113, 0.014388525587119238, 0.014486305067675703, 0.015289642627607042, 0.015746415429231445, 0.016688821376921598, 0.017098593408258894, 0.017222494460062958, 0.01764732690499638, 0.017922790693600553, 0.017964032238442985, 0.017969399704402395, 0.018007949587921818, 0.018368628683297732, 0.018617033516879232, 0.018808749894379917, 0.01883950741748678, 0.01886363024966273, 0.019020583646427967, 0.01911388479920849], "Minimalism": 0.006612950305437889, "Post-Impressionism": 0.006216985636990139, "style_counts": [0.0016010327110658196, 0.000654376148666147, 0.0008240326052250113, 9.492805933075665e-05, 0.0008973841909665214, 0.0004120902795129444, 0.0008390143640387704, 0.00010556943202721936, 0.000382627324068352, 0.0007126887345405564, 0.0, 0.0003959646684477125, 0.0015295137375644918, 8.658213216417021e-05], "Abstract Expressionism": 0.005011917594371996, "artist": ["Roerich Nicholas", "Solar Xul", "Matisse Henri", "Roerich Nicholas", "Roerich Nicholas", "Holbrook Carter Clarence", "Escher M.C.", "Kittelsen Theodor Severin", "Modigliani Amedeo ", "Titian", "Roerich Nicholas", "van Gogh Vincent ", "Chagall Marc", "Roerich Nicholas", "Solar Xul", "Rothko Mark", "Escher M.C.", "Rockwell Norman", "Solar Xul", "Rothko Mark"], "Op Art": 0.006518022246107064, "contentId": ["225510.jpg", "345165.jpg", "290269.jpg", "227025.jpg", "226783.jpg", "345421.jpg", "204616.jpg", "321955.jpg", "189572.jpg", "224948.jpg", "226894.jpg", "205938.jpg", "202729.jpg", "226633.jpg", "345166.jpg", "290281.jpg", "204734.jpg", "247803.jpg", "345160.jpg", "290286.jpg"], "style_labels": ["Abstract Expressionism", "Neo-Romanticism, Symbolism", "Surrealism", "Op Art", "Art Nouveau (Modern)", "High Renaissance", "Magic Realism", "Color Field Painting", "Na\u00efve Art (Primitivism)", "Expressionism", "Minimalism", "Post-Impressionism", "Symbolism", "Regionalism"], "Surrealism": 0.005788917700212816, "Na\u00efve Art (Primitivism)": 0.006230322981369494}