{"year": [1942.0, 1951.0, 1884.0, 1918.0, 1929.0, 1907.0, 1951.0, 1933.0, 1958.0, 1982.0, 1951.0, 1927.0, 1928.0, 1912.0, 1947.0, "unknown", 1980.0, 1972.0, 1944.0, 1929.0], "style": ["Symbolism", "Purism", "Realism", "Abstract Art", "Art Nouveau (Modern), Symbolism", "Art Nouveau (Modern)", "Realism, Surrealism", "Symbolism", "Surrealism", "Neo-Expressionism", "Purism", "Cubism", "Symbolism", "Art Nouveau (Modern)", "Symbolism", "Symbolism", "Magic Realism", "Op Art, Surrealism", "Symbolism", "Na\u00efve Art (Primitivism)"], "Neo-Expressionism": 0.0067801341977197106, "Art Nouveau (Modern)": 0.006856561508978645, "Symbolism": 0.006368269189819296, "style_dict": {"Art Nouveau (Modern), Symbolism": 1, "Neo-Expressionism": 1, "Art Nouveau (Modern)": 2, "Op Art, Surrealism": 1, "Magic Realism": 1, "Cubism": 1, "Purism": 2, "Surrealism": 1, "Na\u00efve Art (Primitivism)": 1, "Symbolism": 6, "Abstract Art": 1, "Realism, Surrealism": 1, "Realism": 1}, "Realism, Surrealism": 0.006621807268601894, "Op Art, Surrealism": 0.007691986025810887, "Purism": 0.006197188850486632, "Magic Realism": 0.00763064690580383, "scores": [0.012808258489376223, 0.016890996392623998, 0.0174027820401366, 0.018283785401038727, 0.018333579155422955, 0.01875345053869632, 0.019139484715398454, 0.01945648092644258, 0.019564943515080802, 0.01959710839983502, 0.019603492432633006, 0.021508482440138144, 0.021580579884299383, 0.021624003401481656, 0.021753557380914303, 0.021833945619141475, 0.022055406311013145, 0.022232699171135746, 0.022373204960775293, 0.023012949991536302], "Abstract Art": 0.006325755623334445, "Realism": 0.006020949378775998, "Art Nouveau (Modern), Symbolism": 0.0063429830800614895, "style_counts": [0.0016189512035362785, 0.001181800085878093, 0.0011053727746191955, 0.0002699482577869228, 0.0013401270149959732, 0.0017647454331112256, 0.0003312873777939762, 0.0, 0.0011929283722884598, 0.0015936650937785624, 0.0016361786602633321, 0.00052051005109921, 0.001940984904821863], "artist": ["Roerich Nicholas", "Leger Fernand ", "Zorn Anders", "O'Keeffe Georgia", "Roerich Nicholas", "Roerich Nicholas", "Dali Salvador", "Roerich Nicholas", "Dali Salvador", "Basquiat Jean-Michel ", "Leger Fernand ", "Leger Fernand ", "Roerich Nicholas", "Serebriakova Zinaida", "Roerich Nicholas", "Roerich Nicholas", "Holbrook Carter Clarence", "Dali Salvador", "Roerich Nicholas", "Kahlo Frida "], "contentId": ["225317.jpg", "196139.jpg", "277376.jpg", "231852.jpg", "227048.jpg", "226157.jpg", "221319.jpg", "226809.jpg", "221094.jpg", "203896.jpg", "196140.jpg", "196400.jpg", "226518.jpg", "227527.jpg", "226541.jpg", "226537.jpg", "345392.jpg", "221137.jpg", "226562.jpg", "185015.jpg"], "style_labels": ["Art Nouveau (Modern), Symbolism", "Neo-Expressionism", "Art Nouveau (Modern)", "Op Art, Surrealism", "Realism, Surrealism", "Purism", "Magic Realism", "Na\u00efve Art (Primitivism)", "Surrealism", "Symbolism", "Abstract Art", "Cubism", "Realism"], "Surrealism": 0.006769005911309373, "Na\u00efve Art (Primitivism)": 0.007961934283597797, "title": ["Alexander Nevsky", "Sacred Heart of Audincourt", "Lucky with the ladies", "Series I, No. 8", "Vitrage", "Mist in the forest", "Portrait of Colonel Jack Warner", "Temptation of Christ", "Landscape Near Port Lligat", "Philistines", "Sacred Heart of Audincourt", "Three girls on red background (composition with three women)", "Santana", "The Bathhouse", "Shadow of the Teacher", "Sentinels", "Factory", "Marilyn Monroe", "She who leads", "Two Women"], "Cubism": 0.007441424232498617}