{"Fauvism": 0.0038291038168604395, "style_counts": [0.002190897478525411, 0.0006897377653993786, 0.0, 0.00047581722001766025, 0.0014587329907702618, 0.00040035404819915854, 0.0016774776129622193, 0.0008557656438455963, 0.0009785456835716966, 0.0009710364516515302, 0.00026577742892130996], "Neo-Suprematism": 0.005330263529986449, "style_labels": ["Fauvism", "Neo-Suprematism", "Neo-Romanticism", "Neo-Expressionism", "High Renaissance", "Surrealism", "Na\u00efve Art (Primitivism)", "Symbolism", "Academicism", "Baroque", "Realism"], "Neo-Romanticism": 0.006020001295385843, "Neo-Expressionism": 0.005544184075368158, "contentId": ["186054.jpg", "210573.jpg", "279438.jpg", "216703.jpg", "224018.jpg", "226060.jpg", "226809.jpg", "210616.jpg", "219677.jpg", "203890.jpg", "221175.jpg", "226824.jpg", "215331.jpg", "203792.jpg", "221094.jpg", "216650.jpg", "279391.jpg", "226667.jpg", "321766.jpg", "225780.jpg"], "artist": ["Mondrian Piet", "Raphael", "Gerome Jean-Leon", "Rubens Peter Paul", "Picasso Pablo", "Roerich Nicholas", "Roerich Nicholas", "Raphael", "Malevich Kazimir", "Basquiat Jean-Michel ", "Dali Salvador", "Roerich Nicholas", "Repin Ilya", "Basquiat Jean-Michel ", "Dali Salvador", "Rubens Peter Paul", "Gerome Jean-Leon", "Roerich Nicholas", "Kittelsen Theodor Severin", "Roerich Nicholas"], "style": ["Fauvism", "High Renaissance", "Academicism", "Baroque", "Na\u00efve Art (Primitivism)", "Symbolism", "Symbolism", "High Renaissance", "Neo-Suprematism", "Neo-Expressionism", "Surrealism", "Symbolism", "Realism", "Neo-Expressionism", "Surrealism", "Baroque", "Academicism", "Symbolism", "Neo-Romanticism", "Symbolism"], "High Renaissance": 0.004561268304615534, "Surrealism": 0.0056196472471866776, "title": ["Evolution", "St. Margaret", "Socrates seeking Alcibiades in the House of Aspasia", "The Three Graces", "Head of Faun", "Lake Sheshnag", "Temptation of Christ", "The Holy Family with Saints Elizabeth and John", "Harvesting", "Obnoxious Liberals", "Music - The Red Orchestra", "The Church in the name of St. Sergius in America", "Preparation for the Examination", "Black Tar and Feathers", "Landscape Near Port Lligat", "The Feast of Herod", "Nude Girl", "Song of Shambhala", "Me, me, me, me they will lead far away from the country", "Himalayas"], "Na\u00efve Art (Primitivism)": 0.004342523682423605, "scores": [0.011067533530305821, 0.012161343613660855, 0.012404599579198762, 0.01253495578167393, 0.01255150780967244, 0.014452682037672452, 0.014539666781318208, 0.014699408767431948, 0.015406443169216747, 0.015843179544617076, 0.015910210265538918, 0.01597708442773199, 0.016631846152241003, 0.01680584385375863, 0.017183206542024758, 0.01719778199899085, 0.0172839172511271, 0.017343707342878666, 0.017400041726681567, 0.017501217600686077], "year": [1911.0, 1518.0, "unknown", 1639.0, 1949.0, 1939.0, 1933.0, 1506.0, 1929.0, 1982.0, 1957.0, 1931.0, 1864.0, 1982.0, 1958.0, 1633.0, 1886.0, 1943.0, 1900.0, "unknown"], "Symbolism": 0.005164235651540257, "Academicism": 0.005041455611814134, "Baroque": 0.0050489648437343415, "style_dict": {"Fauvism": 1, "Neo-Suprematism": 1, "Neo-Romanticism": 1, "Neo-Expressionism": 2, "High Renaissance": 2, "Surrealism": 2, "Na\u00efve Art (Primitivism)": 1, "Symbolism": 5, "Academicism": 2, "Baroque": 2, "Realism": 1}, "Realism": 0.00575422386646448}