{"Impressionism": 0.00626533891076499, "Neo-Suprematism": 0.005894428792757108, "Suprematism": 0.0053261384337607255, "Neo-Romanticism": 0.004535739286977244, "artist": ["Mondrian Piet", "Vallotton  Felix", "Malevich Kazimir", "Kittelsen Theodor Severin", "Kittelsen Theodor Severin", "Malevich Kazimir", "Malevich Kazimir", "Vallotton  Felix", "Kittelsen Theodor Severin", "Escher M.C.", "Rockwell Norman", "Michelangelo", "Vallotton  Felix", "Malevich Kazimir", "Kittelsen Theodor Severin", "Warhol Andy", "Malevich Kazimir", "Warhol Andy", "Malevich Kazimir", "Degas Edgar"], "contentId": ["185977.jpg", "271203.jpg", "219726.jpg", "322019.jpg", "322041.jpg", "219793.jpg", "219925.jpg", "271260.jpg", "322020.jpg", "204825.jpg", "247652.jpg", "193274.jpg", "271223.jpg", "219721.jpg", "322053.jpg", "300217.jpg", "219840.jpg", "229396.jpg", "219888.jpg", "213674.jpg"], "Art Nouveau (Modern)": 0.004694636699661622, "title": ["Victory Boogie Woogie", "Portrait of Fortun\u00e9 Henry", "New man", "Unknown title", "Gratuulerer", "Renewal Suprematist square", "Woman", "Portrait of Jean Ajalbert", "Unknown title", "Seated Female Nude", "Downhill Daring", "The Rape of Ganymede", "Portrait of French writer Alfred Vallette", "Mystic", "Lars lia", "Suicide", "Suprematic group using the triangle", "Untitled (red Boot Wit Holly)", "Three heads", "Sitting woman drying herself"], "year": [1944.0, 1897.0, 1913.0, "unknown", "unknown", 1920.0, 1916.0, 1899.0, "unknown", 1921.0, "unknown", 1533.0, 1898.0, "unknown", "unknown", 1964.0, 1920.0, "unknown", "unknown", "unknown"], "style": ["Neoplasticism", "Art Nouveau (Modern)", "Constructivism", "Neo-Romanticism", "Realism", "Suprematism", "Cubism", "Art Nouveau (Modern)", "Realism", "Cubism", "Regionalism", "High Renaissance", "Art Nouveau (Modern)", "Neo-Suprematism", "Realism", "Pop Art", "Suprematism", "Pop Art", "Neo-Suprematism", "Impressionism"], "High Renaissance": 0.0054920033253947655, "style_counts": [0.0, 0.0003709101180078278, 0.0009392004770042428, 0.0017295996237877143, 0.0015707022111033364, 0.0007733355853701829, 0.002827830267186471, 0.0002410298586074111, 0.0020197322928473538, 0.0012933224932381027, 0.0012095613620580759, 0.0008687090357587524], "Neoplasticism": 0.0034375086435784823, "scores": [0.009935677900923198, 0.012155229657268224, 0.01227138146356608, 0.013109972736259112, 0.013238473849526766, 0.013522460265430082, 0.013720234155969962, 0.013721879497442486, 0.015348482357401095, 0.015559363733673122, 0.015598266578536815, 0.01587393130599285, 0.016314514866651243, 0.0166346837442505, 0.016850311704785438, 0.017531099343567155, 0.017842518960173068, 0.01794532144786865, 0.01807688805037953, 0.018109158641323043], "Pop Art": 0.0060243090521575424, "style_labels": ["Impressionism", "Neo-Suprematism", "Suprematism", "Neo-Romanticism", "Art Nouveau (Modern)", "High Renaissance", "Neoplasticism", "Pop Art", "Constructivism", "Cubism", "Realism", "Regionalism"], "Constructivism": 0.004245606617917599, "style_dict": {"Impressionism": 1, "Neo-Suprematism": 2, "Suprematism": 2, "Neo-Romanticism": 1, "Art Nouveau (Modern)": 3, "Neoplasticism": 1, "High Renaissance": 1, "Pop Art": 2, "Constructivism": 1, "Cubism": 2, "Realism": 3, "Regionalism": 1}, "Cubism": 0.004972016417526851, "Realism": 0.005055777548706951, "Regionalism": 0.0053966298750062645}