{"Impressionism": 0.0034699257751434277, "style": ["Symbolism", "Art Nouveau (Modern)", "Realism", "Na\u00efve Art (Primitivism)", "Romanticism", "High Renaissance", "Post-Impressionism", "Realism", "Realism", "Symbolism", "Symbolism", "Neoclassicism", "Symbolism", "Realism", "Symbolism", "Art Nouveau (Modern)", "Realism", "Art Nouveau (Modern)", "Art Deco", "Impressionism"], "style_labels": ["Impressionism", "Art Nouveau (Modern)", "Realism", "Romanticism", "High Renaissance", "Na\u00efve Art (Primitivism)", "Symbolism", "Art Deco", "Post-Impressionism", "Neoclassicism"], "artist": ["Roerich Nicholas", "Roerich Nicholas", "Corot Camille ", "Chagall Marc", "Corot Camille ", "Perugino Pietro ", "Sisley Alfred", "Sargent John Singer", "van Gogh Vincent ", "Roerich Nicholas", "B\u00f6cklin Arnold", "Bouguereau William-Adolphe", "Roerich Nicholas", "Levitan Isaac", "Roerich Nicholas", "Serebriakova Zinaida", "Levitan Isaac", "Roerich Nicholas", "Serebriakova Zinaida", "Sisley Alfred"], "contentId": ["226115.jpg", "226414.jpg", "199516.jpg", "202516.jpg", "199835.jpg", "199027.jpg", "238362.jpg", "265687.jpg", "207110.jpg", "225717.jpg", "260619.jpg", "232575.jpg", "225634.jpg", "210060.jpg", "225704.jpg", "227257.jpg", "210236.jpg", "227096.jpg", "227338.jpg", "238034.jpg"], "Art Nouveau (Modern)": 0.0029809368476927255, "title": ["Maitreya", "Queen Anna's tower", "First Leaves, near Nantes", "Creation of Eve", "The Roman Campagna (La Cervara)", "Bender\u00a0St .Jerome", "Village of Saint Mamm\u00e8s", "Mrs Edward Goetz", "The Heath with a Wheelbarrow", "Himalayas", "Melancholia", "Young Shepherdess", "Giant's tomb", "Apple trees in blossom", "Himalayas", "Harvesting", "In Alps", "Yard", "Nymph Justice", "Flood at Port Marly"], "Realism": 0.00284126418917615, "Romanticism": 0.0026759064758572217, "High Renaissance": 0.002682639166862336, "Na\u00efve Art (Primitivism)": 0.002507958835642216, "scores": [0.006432598798135377, 0.007020302605527049, 0.007101907750580358, 0.007248933388506409, 0.007734364504589168, 0.0077538244845249925, 0.008035363129809472, 0.008404726474641099, 0.008792646351007197, 0.008955167500478842, 0.009125877121333071, 0.009451067148340951, 0.00947346284843455, 0.00972739009586588, 0.009742423262314753, 0.009820160701671674, 0.009885670477656332, 0.009949802852979464, 0.01001621262044238, 0.01002937546247052], "year": [1933.0, 1913.0, 1855.0, 1931.0, 1827.0, 1502.0, 1898.0, 1901.0, 1883.0, 1939.0, "unknown", 1868.0, 1915.0, 1896.0, 1924.0, 1915.0, 1897.0, 1913.0, 1935.0, 1876.0], "Symbolism": 0.002829435712420313, "Art Deco": 0.003465371744336774, "Post-Impressionism": 0.0027800448533507084, "style_dict": {"Impressionism": 1, "Art Nouveau (Modern)": 3, "Romanticism": 1, "High Renaissance": 1, "Neoclassicism": 1, "Na\u00efve Art (Primitivism)": 1, "Symbolism": 5, "Art Deco": 1, "Post-Impressionism": 1, "Realism": 5}, "Neoclassicism": 0.003269844829656157, "style_counts": [0.0, 0.0004889889274506398, 0.000628661585967194, 0.0007940192992861306, 0.0007872866082810903, 0.0009619669395011243, 0.0006404900627230425, 4.5540308065694646e-06, 0.0006898809217926738, 0.00020008094548717992]}