{"Hard Edge Painting": 0.003537027334830873, "style": ["Hard Edge Painting", "Art Nouveau (Modern)", "Expressionism", "Op Art, Surrealism", "Expressionism", "Abstract Art", "Op Art", "Expressionism", "Expressionism", "Neoplasticism", "Na\u00efve Art (Primitivism)", "Art Nouveau (Modern)", "Expressionism", "Abstract Art", "Expressionism", "Northern Renaissance", "Northern Renaissance", "Realism", "Pop Art", "Orientalism"], "style_labels": ["Hard Edge Painting", "Op Art, Surrealism", "Op Art", "Art Nouveau (Modern)", "Northern Renaissance", "Neoplasticism", "Na\u00efve Art (Primitivism)", "Expressionism", "Pop Art", "Abstract Art", "Orientalism", "Realism"], "Op Art, Surrealism": 0.005798865780191186, "Op Art": 0.007109391360953305, "contentId": ["283524.jpg", "326987.jpg", "204676.jpg", "345383.jpg", "204674.jpg", "283534.jpg", "204824.jpg", "232126.jpg", "204725.jpg", "186063.jpg", "229772.jpg", "227023.jpg", "204826.jpg", "283533.jpg", "204633.jpg", "200906.jpg", "201281.jpg", "266429.jpg", "229322.jpg", "187789.jpg"], "Art Nouveau (Modern)": 0.006210476230056524, "artist": ["Reinhardt Ad", "Kandinsky Wassily", "Escher M.C.", "Holbrook Carter Clarence", "Escher M.C.", "Reinhardt Ad", "Escher M.C.", "Freud Lucian", "Escher M.C.", "Mondrian Piet", "Kustodiev Boris", "Roerich Nicholas", "Escher M.C.", "Reinhardt Ad", "Escher M.C.", "Durer Albrecht", "Durer Albrecht", "Sargent John Singer", "Warhol Andy", "Delacroix Eugene "], "Northern Renaissance": 0.008207055567666682, "style_counts": [0.005365142046659721, 0.003103303601299401, 0.0017927780205372335, 0.002691693151434027, 0.0006951138138239221, 0.0010063780051396964, 0.0009318006519349886, 0.002333032716862915, 0.00016697189415171287, 0.0019651559275691843, 0.0, 0.0002242697688338291], "Neoplasticism": 0.007895791376350835, "scores": [0.010223323915501896, 0.013343698316706065, 0.015339354599163895, 0.016760877878895113, 0.01694015612283954, 0.017426782240762634, 0.02054878400553041, 0.02181508423218259, 0.022305913134442513, 0.02282177240044454, 0.02303732867592625, 0.02322903826522408, 0.02328895793699664, 0.023424443384693586, 0.02389547406790387, 0.024103364368431912, 0.02422698426681356, 0.02508235595828128, 0.025247968117049813, 0.025730578964268197], "title": ["Number 88 (Blue)", "Walled City in Autumn Landscape", "NOT DETECTED", "Untitled - Faces in a Grid (Red and Blue)", "NOT DETECTED", "Collage", "Sea Shells", "Susanna", "NOT DETECTED", "Tableau I", "Cover for the book \"Russia\"", "Vignette for book \"N. K. Roerich\"", "Seated Female Nude", "Untitled", "NOT DETECTED", "Peasant Couple Dancing", "The Southern Hemisphere of the Celestial Globe", "Drawing 9", "Jackie", "Lion Devouring a Horse"], "Na\u00efve Art (Primitivism)": 0.007970368729555604, "Expressionism": 0.006569136664627673, "Pop Art": 0.00873519748733887, "year": [1950.0, 1902.0, 1931.0, 1973.0, 1931.0, 1938.0, 1919.0, 1996.0, 1943.0, 1921.0, 1923.0, 1918.0, 1921.0, 1940.0, "unknown", 1514.0, 1515.0, "unknown", "unknown", "unknown"], "Abstract Art": 0.006937013453921373, "style_dict": {"Hard Edge Painting": 1, "Op Art, Surrealism": 1, "Op Art": 1, "Art Nouveau (Modern)": 2, "Northern Renaissance": 2, "Neoplasticism": 1, "Na\u00efve Art (Primitivism)": 1, "Expressionism": 6, "Pop Art": 1, "Abstract Art": 2, "Orientalism": 1, "Realism": 1}, "Orientalism": 0.008902169381490532, "Realism": 0.0086778996126568}