{"Impressionism": 0.003869418749819323, "style": ["Realism", "Realism", "Post-Impressionism", "Romanticism", "Realism", "Romanticism", "Symbolism", "Expressionism", "Cubism", "Realism", "Neoclassicism", "Romanticism", "Realism", "Romanticism", "High Renaissance", "Impressionism", "Na\u00efve Art (Primitivism)", "Romanticism", "Surrealism", "Realism"], "style_labels": ["Impressionism", "Realism", "Romanticism", "High Renaissance", "Surrealism", "Na\u00efve Art (Primitivism)", "Expressionism", "Symbolism", "Post-Impressionism", "Cubism", "Neoclassicism"], "artist": ["Corot Camille ", "Corot Camille ", "Cezanne Paul", "Goya Francisco", "Corot Camille ", "Goya Francisco", "B\u00f6cklin Arnold", "Freud Lucian", "Ray Man", "Shishkin Ivan", "Bouguereau William-Adolphe", "Delacroix Eugene ", "van Gogh Vincent ", "Delacroix Eugene ", "Raphael", "Degas Edgar", "Chagall Marc", "Turner William", "Beksinski Zdislav", "Courbet Gustave"], "contentId": ["199543.jpg", "199542.jpg", "215620.jpg", "194022.jpg", "199444.jpg", "193856.jpg", "260598.jpg", "231951.jpg", "210871.jpg", "229008.jpg", "232527.jpg", "187888.jpg", "207155.jpg", "187829.jpg", "210512.jpg", "213723.jpg", "203192.jpg", "238685.jpg", "258672.jpg", "191943.jpg"], "title": ["Goatherd Standing, Playing the Flute under the Trees", "Goatherd Charming His Goat with a Flute", "In the Woods", "Portrait of Maria Teresa de Vallabriga on horseback", "An Artist Painting in the Forest of Fountainebleau", "Atropos (The Fates)", "Dragon walking between rocks", "Evening in the Studio", "Still Life with Red Tea Kettle", "View of Valaam Island. Kukko", "The Proposal", "The Disciples at Emmaus", "The Potato Eaters (preliminary oil sketch)", "Piet\u00e0", "Madonna and Child", "The Fallen Jockey", "The Hebrews adore the golden calf (Exodus XXXII, 7, 10)", "Ariccia Sunset", "Untitled", "The Village Maidens"], "Realism": 0.002883141914348738, "Romanticism": 0.003327470829065537, "High Renaissance": 0.003836254228805212, "scores": [0.005578575688484538, 0.007138611258379176, 0.00850052443270631, 0.008935021117449255, 0.009011888209850357, 0.009387674267275513, 0.009426629532369602, 0.009505521944507744, 0.010115013340874427, 0.010133142091303364, 0.01061023562671971, 0.010789762608773798, 0.011010642894235083, 0.011024187952553737, 0.011088200879048316, 0.011184058673951655, 0.011244596019800898, 0.011290122028712535, 0.011351588159483427, 0.011367588634607656], "Surrealism": 0.003927379974036969, "Na\u00efve Art (Primitivism)": 0.0038903632341002327, "Expressionism": 0.0032886848961694104, "year": [1855.0, 1870.0, 1885.0, 1783.0, 1855.0, 1823.0, "unknown", 1993.0, 1913.0, 1860.0, 1872.0, 1853.0, 1885.0, 1850.0, 1503.0, 1898.0, 1934.0, 1828.0, "unknown", 1852.0], "Symbolism": 0.003261389994770441, "Post-Impressionism": 0.002940979619484536, "style_dict": {"Impressionism": 1, "Romanticism": 5, "High Renaissance": 1, "Surrealism": 1, "Neoclassicism": 1, "Expressionism": 1, "Symbolism": 1, "Post-Impressionism": 1, "Cubism": 1, "Realism": 6, "Na\u00efve Art (Primitivism)": 1}, "Cubism": 0.0034995544477077626, "Neoclassicism": 0.003670889600181624, "style_counts": [5.796122421763972e-05, 0.0010442380596882295, 0.0005999091449714333, 9.112574523173489e-05, 0.0, 3.701673993672383e-05, 0.0006386950778675127, 0.0006659899792664792, 0.0009864003545523303, 0.0004278255263291397, 0.0002564903738553337]}