{"style_counts": [0.0002727432926015183, 0.0, 1.97610970530393e-05, 0.00016141260647983824, 0.0009629624417030191, 0.0005583352277246378, 0.0012032930043737178, 4.3056571423560897e-05, 0.00015972725380863917, 0.001065881519561107, 0.00030743499446483913, 0.0002394914522380054], "style": ["Orientalism", "Symbolism", "Symbolism", "Na\u00efve Art (Primitivism)", "Expressionism", "Symbolism", "Abstract Expressionism", "Regionalism", "Orientalism", "Realism", "Baroque", "Romanticism", "Realism", "Realism", "Academicism", "Ukiyo-e", "Realism", "Realism", "Baroque", "Art Nouveau (Modern)"], "Abstract Expressionism": 0.0033325621834032052, "artist": ["Gerome Jean-Leon", "Roerich Nicholas", "Roerich Nicholas", "Rousseau Henri", "Munch Edvard ", "B\u00f6cklin Arnold", "Holbrook Carter Clarence", "Rockwell Norman", "Gerome Jean-Leon", "Kustodiev Boris", "Rembrandt", "Dore Gustave ", "Levitan Isaac", "Sargent John Singer", "Gerome Jean-Leon", "Hokusai Katsushika", "van Gogh Vincent ", "Corot Camille ", "Rembrandt", "Toulouse-Lautrec Henri de"], "contentId": ["279295.jpg", "225510.jpg", "227054.jpg", "191364.jpg", "185343.jpg", "260619.jpg", "345401.jpg", "247594.jpg", "279482.jpg", "230038.jpg", "220533.jpg", "201728.jpg", "210436.jpg", "265660.jpg", "279393.jpg", "223534.jpg", "206829.jpg", "199821.jpg", "219997.jpg", "230380.jpg"], "Art Nouveau (Modern)": 0.003605305476004663, "title": ["A Muezzin Calling from the Top of a Minaret the Faithful to Prayer", "Conversation with God", "Vyas Kund", "Nude and Bear", "By the Window", "Melancholia", "Mandala No. 2", "A Drum for Tommy", "The Prisoner", "Portrait of Isaak Izrailevich Brodsky", "St. Paul in meditation", "Jeremiah Preaching to His Followers", "Vesper chimes", "Portrait of Mrs Harold Wilson", "Old Woman with a Pipe (sketch)", "Old Fisherman Smoking his Pipe", "Shepherd with Flock near a Little Church at Zweeloo", "The Ponds of Ville d'Avray", "A Young Man at a Table (possibly Govaert Flinck)", "Babylon German by Victor Joze"], "Ukiyo-e": 0.003585544378951606, "Romanticism": 0.0034438928695248255, "scores": [0.005148462684731722, 0.005636153652071766, 0.007054262149537969, 0.007637353681019236, 0.008806876752778569, 0.00889694304662222, 0.009632343616341403, 0.009728453796626148, 0.009805895079231377, 0.009807960761677165, 0.00989173063860271, 0.009954130687294536, 0.010200400767695583, 0.010201455230109895, 0.010296223628397716, 0.010363556209605065, 0.01037280811341643, 0.010386663447684838, 0.01039885900779965, 0.010420673126432266], "style_labels": ["Abstract Expressionism", "Art Nouveau (Modern)", "Ukiyo-e", "Romanticism", "Na\u00efve Art (Primitivism)", "Expressionism", "Symbolism", "Academicism", "Baroque", "Orientalism", "Realism", "Regionalism"], "Na\u00efve Art (Primitivism)": 0.0026423430343016814, "Expressionism": 0.0030469702482800666, "year": [1879.0, "unknown", 1932.0, 1901.0, 1940.0, "unknown", 1968.0, 1921.0, 1861.0, 1920.0, 1629.0, "unknown", 1892.0, 1897.0, 1858.0, 1835.0, 1883.0, 1867.0, 1660.0, 1894.0], "Symbolism": 0.002402012471630936, "Academicism": 0.0035622489045810846, "Baroque": 0.003445578222196092, "style_dict": {"Abstract Expressionism": 1, "Orientalism": 2, "Ukiyo-e": 1, "Romanticism": 1, "Na\u00efve Art (Primitivism)": 1, "Expressionism": 1, "Symbolism": 3, "Academicism": 1, "Baroque": 2, "Art Nouveau (Modern)": 1, "Realism": 5, "Regionalism": 1}, "Orientalism": 0.002539423956443584, "Realism": 0.0032978704815398085, "Regionalism": 0.00336581402376671}