{"Suprematism": 0.004294695113367976, "year": [1914.0, 1906.0, "unknown", 1917.0, 1972.0, 1914.0, "unknown", 1950.0, 1927.0, 1968.0, 1936.0, 1918.0, 1908.0, 1914.0, 1913.0, 1968.0, 1924.0, "unknown", 1955.0, 1818.0], "New Realism": 0.003861109813414761, "style": ["Expressionism", "Fauvism", "Neo-Romanticism", "Expressionism", "Expressionism", "Expressionism", "Realism", "Cubism", "New Realism", "Op Art", "Expressionism", "Art Nouveau (Modern)", "Art Nouveau (Modern)", "Na\u00efve Art (Primitivism)", "Suprematism", "Op Art", "Symbolism", "Surrealism", "Op Art", "Neoclassicism"], "Neo-Romanticism": 0.0029300068996959182, "title": ["Street in Vitebsk", "Figures from a Carnival", "Paa Kirsebaergrenen", "Young Thrush", "Niko Pirosmani", "Station in Vitebsk", "Reclining nude", "Head constructor", "Automat", "Metamorphosis III excerpt 7", "NOT DETECTED", "Vignette for book \"N. K. Roerich\"", "Prologue. Forest.", "A jew", "Costume for Victory over the Sun. Man of Muscle", "Metamorphosis III excerpt 5", "Steps of the Himalayas", "Untitled", "Three Worlds", "Death of Leonardo da Vinci"], "Art Nouveau (Modern)": 0.00399900646361167, "Expressionism": 0.0028545688984633584, "Symbolism": 0.004331458929197833, "style_dict": {"Fauvism": 1, "Suprematism": 1, "Neo-Romanticism": 1, "Surrealism": 1, "Op Art": 3, "Art Nouveau (Modern)": 2, "Neoclassicism": 1, "Symbolism": 1, "Na\u00efve Art (Primitivism)": 1, "Expressionism": 5, "New Realism": 1, "Cubism": 1, "Realism": 1}, "Neoclassicism": 0.004388092122439421, "Fauvism": 0.002653553395052964, "scores": [0.006071593895343185, 0.007669755791130571, 0.008468809193321982, 0.008568571889975904, 0.008846467857989745, 0.009142933776852068, 0.010442065261259901, 0.010923034603419693, 0.011160042758829754, 0.011280855374794627, 0.011488400835771725, 0.011739450438536646, 0.011810210580256839, 0.012171932279699552, 0.012413265464453465, 0.012436749596303823, 0.01251952655944058, 0.01257982049417604, 0.012626003690129221, 0.012683217541745541], "Realism": 0.003612706646725763, "style_counts": [0.001734538727386492, 9.339700907140536e-05, 0.0014580852227434882, 5.663319324156202e-05, 0.0003441605844461959, 0.00038908565882778134, 0.0007753854757136525, 3.577292342649141e-05, 0.00017689256084418847, 0.001533523223976041, 0.0005269823090245929, 0.0006089815033367696, 0.0], "artist": ["Chagall Marc", "Derain Andre", "Kittelsen Theodor Severin", "Escher M.C.", "Picasso Pablo", "Chagall Marc", "Courbet Gustave", "Leger Fernand ", "Hopper Edward", "Escher M.C.", "Escher M.C.", "Roerich Nicholas", "Roerich Nicholas", "Chagall Marc", "Malevich Kazimir", "Escher M.C.", "Roerich Nicholas", "Beksinski Zdislav", "Escher M.C.", "Ingres Jean Auguste Dominique "], "Op Art": 0.004043931537993256, "contentId": ["203328.jpg", "256123.jpg", "321970.jpg", "204914.jpg", "297980.jpg", "203329.jpg", "191816.jpg", "196004.jpg", "235527.jpg", "204608.jpg", "204709.jpg", "227032.jpg", "226401.jpg", "202368.jpg", "361383.jpg", "204606.jpg", "226704.jpg", "259002.jpg", "204894.jpg", "193322.jpg"], "style_labels": ["Fauvism", "Suprematism", "Neo-Romanticism", "Symbolism", "Op Art", "Art Nouveau (Modern)", "Realism", "Surrealism", "Na\u00efve Art (Primitivism)", "Expressionism", "New Realism", "Cubism", "Neoclassicism"], "Surrealism": 0.004352319199012865, "Na\u00efve Art (Primitivism)": 0.004211199561595227, "Cubism": 0.0037791106191026164}