{"Impressionism": 0.004102012332492037, "style": ["Romanticism", "Na\u00efve Art (Primitivism)", "Symbolism", "Symbolism", "Orientalism", "Surrealism", "Symbolism", "Expressionism", "Impressionism", "Realism", "Romanticism", "Impressionism", "Realism", "Surrealism", "Romanticism", "Symbolism", "Art Nouveau (Modern)", "Baroque", "Impressionism", "Orientalism"], "style_labels": ["Impressionism", "Art Nouveau (Modern)", "Romanticism", "Surrealism", "Na\u00efve Art (Primitivism)", "Expressionism", "Symbolism", "Baroque", "Orientalism", "Realism"], "artist": ["B\u00f6cklin Arnold", "Rousseau Henri", "Roerich Nicholas", "B\u00f6cklin Arnold", "Delacroix Eugene ", "Escher M.C.", "Roerich Nicholas", "Pollock Jackson ", "Monet Claude", "Corot Camille ", "Goya Francisco", "Churchill Winston", "Levitan Isaac", "Ernst Max", "Dore Gustave ", "Roerich Nicholas", "Roerich Nicholas", "Rembrandt", "Sorolla Joaqu\u00edn", "Gerome Jean-Leon"], "contentId": ["260649.jpg", "191407.jpg", "226499.jpg", "260630.jpg", "187923.jpg", "204883.jpg", "225446.jpg", "185292.jpg", "212373.jpg", "199633.jpg", "193856.jpg", "313772.jpg", "210324.jpg", "234168.jpg", "201362.jpg", "225422.jpg", "225433.jpg", "220569.jpg", "251392.jpg", "279295.jpg"], "Art Nouveau (Modern)": 0.004503958683869507, "title": ["Roman Landscape", "The Muse Inspiring the Poet", "Saint Sergius (Employees)", "Pan among the reeds", "Two Views of a Standing Indian from Calcutta", "The Bridge", "Calling", "Mask", "Spring", "Mount Soracte", "Atropos (The Fates)", "Mountain near Lochmore", "Overgrown Pond", "Everyone Here Speaks Latin", "A Canyon", "Brahmaputra", "Building a City", "The Ascension Of Christ", "Types of the Roncal", "A Muezzin Calling from the Top of a Minaret the Faithful to Prayer"], "Romanticism": 0.0038262255967509056, "scores": [0.009436301581964793, 0.009485060794965904, 0.009838046041961077, 0.010286253895995776, 0.010723133293079702, 0.011272486501404975, 0.011409531887504449, 0.011449093645899015, 0.0116425320494397, 0.01194109250916091, 0.011989572771768351, 0.012109382144022879, 0.012423309052985528, 0.012549973553978853, 0.012961168164522054, 0.013007826057382713, 0.0130181149785876, 0.013090431746245558, 0.013113677999426062, 0.013146400201536533], "Surrealism": 0.004045330914299993, "Na\u00efve Art (Primitivism)": 0.003281605824252124, "Expressionism": 0.003961114557191961, "year": [1852.0, 1909.0, 1940.0, 1858.0, 1824.0, 1930.0, 1944.0, 1941.0, 1875.0, 1827.0, 1823.0, "unknown", 1887.0, 1943.0, 1878.0, 1932.0, 1902.0, 1636.0, "unknown", 1879.0], "Symbolism": 0.00365752419254221, "Baroque": 0.004528978568408717, "style_dict": {"Impressionism": 3, "Orientalism": 2, "Romanticism": 3, "Surrealism": 2, "Na\u00efve Art (Primitivism)": 1, "Expressionism": 1, "Symbolism": 4, "Baroque": 1, "Art Nouveau (Modern)": 1, "Realism": 2}, "Orientalism": 0.004053324532025726, "Realism": 0.004137358888151235, "style_counts": [0.0004269662359166482, 2.5019884539179138e-05, 0.0007027529716577829, 0.0004836476541086876, 0.0012473727441566496, 0.0005678640112167788, 0.0008714543758665538, 0.0, 0.00047565403638294423, 0.0003916196802574712]}