{"style_counts": [0.0004496608096331567, 0.0006514091460367855, 0.0002897221321975785, 0.0013063691913453024, 0.00018348642671017767, 0.0006335600981109968, 0.0003267218931126692, 3.41696232855071e-05, 0.00040839757908051055, 0.0, 0.00042354499623109554], "style": ["High Renaissance", "Op Art", "Realism", "Northern Renaissance", "Na\u00efve Art (Primitivism)", "Pop Art", "Realism", "Expressionism", "Romanticism", "Expressionism", "Surrealism", "Realism", "Expressionism", "Op Art", "Surrealism", "Symbolism", "Cubism", "Realism", "Op Art", "Realism"], "style_labels": ["Op Art", "Northern Renaissance", "Romanticism", "High Renaissance", "Surrealism", "Na\u00efve Art (Primitivism)", "Expressionism", "Symbolism", "Pop Art", "Cubism", "Realism"], "artist": ["da Vinci Leonardo", "Escher M.C.", "Kustodiev Boris", "Bosch Hieronymus", "Chagall Marc", "Warhol Andy", "van Gogh Vincent ", "Dali Salvador", "Delacroix Eugene ", "Kirchner Ernst Ludwig", "Dali Salvador", "van Gogh Vincent ", "Kirchner Ernst Ludwig", "Escher M.C.", "Beksinski Zdislav", "Roerich Nicholas", "Malevich Kazimir", "van Gogh Vincent ", "Escher M.C.", "Kustodiev Boris"], "Op Art": 0.0028325269148841876, "contentId": ["225128.jpg", "204607.jpg", "229931.jpg", "195316.jpg", "203136.jpg", "229264.jpg", "207267.jpg", "221493.jpg", "187860.jpg", "251880.jpg", "221283.jpg", "207408.jpg", "251878.jpg", "204608.jpg", "259159.jpg", "225510.jpg", "219603.jpg", "206016.jpg", "204894.jpg", "230038.jpg"], "title": ["Design for a helicopter", "Metamorphosis III excerpt 6", "On the bridge (the wife and daughter of the artist)", "Group of Male Figures", "The Blue Face", "Big electric chair", "Two Hands with a Stick", "Still Life (Pulpo y scorpa)", "Study for Marphisa", "Dancer and Audience", "Pentagonal Sardana", "Weaver with Other Figures in Front of Loom", "Dancer", "Metamorphosis III excerpt 7", "Untitled", "Conversation with God", "Arithmetics", "Girl near the Stove, Grinding Coffee", "Three Worlds", "Portrait of Isaak Izrailevich Brodsky"], "Northern Renaissance": 0.002630778578480649, "Romanticism": 0.002992465592319769, "High Renaissance": 0.0019758185331720996, "scores": [0.005710850087008463, 0.006337947646216633, 0.007405948507074763, 0.0076039281045186865, 0.0076555184885484535, 0.00830632187449113, 0.00835418305724386, 0.008467088795591483, 0.008649338034517078, 0.0088245729130081, 0.008889006461530815, 0.009044306485671717, 0.009269691414976258, 0.009357660134938604, 0.00935886731058376, 0.009387979788936006, 0.009486742703058406, 0.009592925676222594, 0.009760869102731402, 0.009783566434372535], "Surrealism": 0.0030987012978072447, "Na\u00efve Art (Primitivism)": 0.002648627626406345, "Expressionism": 0.0029554658314047476, "year": [1500.0, 1968.0, 1917.0, "unknown", 1967.0, 1967.0, "unknown", 1922.0, 1850.0, 1917.0, 1979.0, 1884.0, 1912.0, 1968.0, "unknown", "unknown", 1913.0, 1882.0, 1955.0, 1920.0], "Symbolism": 0.00324801810123183, "Pop Art": 0.0028737901454369014, "style_dict": {"Op Art": 3, "Northern Renaissance": 1, "Romanticism": 1, "High Renaissance": 1, "Surrealism": 2, "Na\u00efve Art (Primitivism)": 1, "Expressionism": 3, "Symbolism": 1, "Pop Art": 1, "Cubism": 1, "Realism": 5}, "Cubism": 0.0032821877245173435, "Realism": 0.0028586427282863316}