{"Fauvism": 0.00417337797647842, "style": ["Surrealism", "Symbolism", "Symbolism", "Symbolism", "Na\u00efve Art (Primitivism)", "Symbolism", "Symbolism", "Symbolism", "Realism", "Realism", "Realism", "Art Nouveau (Modern)", "Neo-Romanticism", "Symbolism", "Symbolism", "Fauvism", "Art Nouveau (Modern)", "Cubism", "Realism", "Baroque"], "style_labels": ["Fauvism", "Neo-Romanticism", "Art Nouveau (Modern)", "Surrealism", "Na\u00efve Art (Primitivism)", "Symbolism", "Baroque", "Cubism", "Realism"], "Neo-Romanticism": 0.004025921853848396, "artist": ["Beksinski Zdislav", "B\u00f6cklin Arnold", "Roerich Nicholas", "Roerich Nicholas", "Chagall Marc", "Roerich Nicholas", "B\u00f6cklin Arnold", "Roerich Nicholas", "Levitan Isaac", "Levitan Isaac", "Courbet Gustave", "Roerich Nicholas", "Kittelsen Theodor Severin", "Roerich Nicholas", "Roerich Nicholas", "Mondrian Piet", "Roerich Nicholas", "Cezanne Paul", "van Gogh Vincent ", "Rubens Peter Paul"], "contentId": ["259134.jpg", "260630.jpg", "226117.jpg", "226448.jpg", "203319.jpg", "227083.jpg", "260650.jpg", "225493.jpg", "210398.jpg", "210229.jpg", "191803.jpg", "225699.jpg", "321719.jpg", "225597.jpg", "225422.jpg", "186053.jpg", "226454.jpg", "215619.jpg", "206413.jpg", "216631.jpg"], "Art Nouveau (Modern)": 0.0039853216411345595, "title": ["Untitled", "Pan among the reeds", "Maitreya on the way", "Rond rocks", "Untitled", "White horses", "Ruins by the Sea", "Cliff", "Sunny day", "High waters", "Portrait of Jules Valles", "Hills", "Summer", "Final journey", "Brahmaputra", "Dune IV", "Rostov the Great", "In the Park of the Chateau Noir", "Orphan Man with Long Overcoat Cleaning Boots", "The Cardinal Infante"], "style_counts": [7.281067314302003e-05, 0.00022026679577302755, 0.00026086700848693134, 0.0024883131094124433, 0.0008220435347552346, 0.0012010692560233682, 0.0, 3.0347740082481423e-05, 0.0005030720888086204], "Surrealism": 0.00175787554020898, "Na\u00efve Art (Primitivism)": 0.00342414511486627, "scores": [0.0050809138153164995, 0.007091183314627659, 0.007199273020620839, 0.009069269676755885, 0.009897052334947585, 0.010373140427467988, 0.010397214986639144, 0.010505925017916539, 0.010797611689010628, 0.011240020674515759, 0.01129261306356225, 0.011322732214806223, 0.011636410825860373, 0.011732155642648146, 0.012046727512444321, 0.012062613838239068, 0.01214634055453811, 0.012185347500714754, 0.01225376399854722, 0.01227306375156505], "year": ["unknown", 1858.0, 1928.0, 1911.0, "unknown", 1925.0, 1880.0, 1917.0, 1898.0, 1895.0, 1865.0, 1915.0, 1891.0, 1922.0, 1932.0, 1910.0, 1903.0, 1900.0, 1882.0, 1634.0], "Symbolism": 0.0030451193935980463, "Baroque": 0.004246188649621436, "style_dict": {"Fauvism": 1, "Neo-Romanticism": 1, "Art Nouveau (Modern)": 2, "Surrealism": 1, "Na\u00efve Art (Primitivism)": 1, "Symbolism": 8, "Baroque": 1, "Cubism": 1, "Realism": 4}, "Cubism": 0.0042158409095389825, "Realism": 0.003743116560812886}