{"Northern Renaissance": 0.00772734543491692, "High Renaissance": 0.009710096162768791, "Mannerism (Late Renaissance)": 0.008499096446940866, "year": ["unknown", 1982.0, 1302.0, "unknown", "unknown", 1526.0, 1992.0, 1897.0, "unknown", 1512.0, 1550.0, 1900.0, 1852.0, 1526.0, 1972.0, 1890.0, 1992.0, "unknown", 1990.0, "unknown"], "Proto Renaissance": 0.0062608215673102905, "style": ["Surrealism", "Neo-Expressionism", "Proto Renaissance", "Neo-Romanticism", "Baroque", "Northern Renaissance", "Magic Realism", "Art Nouveau (Modern)", "Baroque", "Northern Renaissance", "Mannerism (Late Renaissance)", "Neo-Romanticism", "Romanticism", "Northern Renaissance", "Pop Art", "Realism", "Magic Realism", "High Renaissance", "Magic Realism", "Magic Realism"], "Neo-Romanticism": 0.007555592495464868, "Neo-Expressionism": 0.003711330178564598, "Art Nouveau (Modern)": 0.007944235997784118, "style_dict": {"Neo-Romanticism": 2, "Neo-Expressionism": 1, "Art Nouveau (Modern)": 1, "Northern Renaissance": 3, "Romanticism": 1, "Magic Realism": 4, "Surrealism": 1, "Mannerism (Late Renaissance)": 1, "High Renaissance": 1, "Pop Art": 1, "Baroque": 2, "Proto Renaissance": 1, "Realism": 1}, "Magic Realism": 0.008597442546370224, "scores": [0.00995404921144871, 0.010727123932350844, 0.018096101839380863, 0.019695843055541888, 0.020197200044729004, 0.020594360110129398, 0.020714786149118185, 0.022961795366057275, 0.023257942985685592, 0.02344549544184165, 0.024565548337873513, 0.024798119053146495, 0.024883086625972103, 0.025407318772871113, 0.025786126622935866, 0.025955492479100187, 0.02746896548990532, 0.02806578771532283, 0.028240201900898557, 0.028276473417926516], "Baroque": 0.007379188928329665, "Realism": 0.008979984117334649, "Pop Art": 0.008921387552480446, "style_counts": [0.002154503667303853, 0.005998765984204124, 0.0017658601649845895, 0.001982750727851812, 0.0011011390076919314, 0.0, 0.0011126536163985623, 0.0012109997158278318, 0.006266231481952045, 0.0007887086102883467, 0.0023309072344390724, 0.003449274595458407, 0.0007301120454340504], "artist": ["Varo Remedios", "Basquiat Jean-Michel ", "Giotto", "Kittelsen Theodor Severin", "Rembrandt", "Durer Albrecht", "Earle Eyvind", "Mucha Alphonse", "Rembrandt", "Durer Albrecht", "Titian", "Kittelsen Theodor Severin", "Delacroix Eugene ", "Durer Albrecht", "Warhol Andy", "Zorn Anders", "Earle Eyvind", "Titian", "Earle Eyvind", "Earle Eyvind"], "contentId": ["276557.jpg", "203839.jpg", "192711.jpg", "321898.jpg", "220314.jpg", "200909.jpg", "278121.jpg", "227619.jpg", "220322.jpg", "200905.jpg", "225060.jpg", "321746.jpg", "187850.jpg", "201316.jpg", "229343.jpg", "277389.jpg", "278110.jpg", "225016.jpg", "278055.jpg", "278128.jpg"], "style_labels": ["Neo-Romanticism", "Neo-Expressionism", "Art Nouveau (Modern)", "Northern Renaissance", "Romanticism", "High Renaissance", "Magic Realism", "Mannerism (Late Renaissance)", "Surrealism", "Pop Art", "Baroque", "Proto Renaissance", "Realism"], "Romanticism": 0.008608957155076803, "Surrealism": 0.003443864680816711, "title": ["Amoebiasis or vegetables", "Jawbone of an Ass", "Badia Polyptych", "Haa Var Detta For Nokko", "Portrait of a Man Wearing a Black Hat", "Philip", "Quiet Solitude", "Byzantine Head. The Brunette", "Portrait of a Woman Wearing a Gold Chain", "Peasans at the market", "The Red Sultana", "Mor Der Kommer En Kjerring", "Sketch for Peace Descends to Earth", "Triumphal Arch", "Mao", "The Little Brewery", "Ocean Cliffs", "St Ambrose", "Fog Draped hills", "Red Wagon & Foliage"]}