{"style_counts": [0.0002448825038658953, 0.0003621487530052203, 0.0009197496752118006, 0.0004022364180619187, 0.0002158567665538902, 0.0003015142801943149, 0.0006547776883690792, 0.00041974224987617603, 0.00038810843111147797, 9.090043099380107e-05, 0.0006853508727485691, 0.0], "style": ["Romanticism", "Symbolism", "Proto Renaissance", "Symbolism", "Proto Renaissance", "Symbolism", "Surrealism", "Abstract Art", "Art Nouveau (Modern)", "Baroque", "Surrealism, Symbolism", "Baroque", "Contemporary Realism", "Expressionism", "Surrealism", "Post-Impressionism", "Neoclassicism", "Symbolism", "Symbolism", "Romanticism"], "style_labels": ["Contemporary Realism", "Art Nouveau (Modern)", "Romanticism", "Surrealism", "Expressionism", "Surrealism, Symbolism", "Symbolism", "Abstract Art", "Baroque", "Post-Impressionism", "Proto Renaissance", "Neoclassicism"], "artist": ["Delacroix Eugene ", "Roerich Nicholas", "Giotto", "Roerich Nicholas", "Giotto", "Roerich Nicholas", "Beksinski Zdislav", "Kandinsky Wassily", "Roerich Nicholas", "Rubens Peter Paul", "Dali Salvador", "Rubens Peter Paul", "Freud Lucian", "Freud Lucian", "Dali Salvador", "Derain Andre", "Bouguereau William-Adolphe", "Roerich Nicholas", "Roerich Nicholas", "Dore Gustave "], "Contemporary Realism": 0.004887634432528009, "contentId": ["187736.jpg", "225494.jpg", "192708.jpg", "225774.jpg", "192724.jpg", "227054.jpg", "258934.jpg", "189438.jpg", "226471.jpg", "216638.jpg", "221471.jpg", "216473.jpg", "232024.jpg", "232149.jpg", "221106.jpg", "344302.jpg", "232566.jpg", "227046.jpg", "226327.jpg", "202111.jpg"], "Art Nouveau (Modern)": 0.0047703681833886746, "title": ["Christopher Columbus and His Son at La R\u00e1bida", "Cliff dwellings (Arizona)", "Apparition to Fra Agostino and to Bishop Guido of Arezzo", "Himalayas", "Death and Ascension of St. Francis", "Vyas Kund", "Untitled", "White oval", "Russian hut", "The Death of Achilles", "Space Eve", "King James I of England", "Kingcups Souvenir of Glen Artney", "The Pearce Family", "Las Galas of Port Lligat", "The Seine at Chatou", "Virgin and Child", "Vision", "Partisans", "Two Owls"], "year": [1838.0, 1921.0, 1300.0, "unknown", 1300.0, 1932.0, "unknown", 1919.0, 1919.0, 1630.0, 1972.0, 1633.0, "unknown", 1998.0, 1973.0, 1906.0, 1888.0, 1923.0, 1942.0, "unknown"], "Romanticism": 0.004212767261182093, "scores": [0.009664761486949442, 0.012701080599696817, 0.013081221136656173, 0.01309600466667887, 0.013107597072591117, 0.013504661018353414, 0.01361372830555483, 0.013621670855238863, 0.013788137472033056, 0.013945602422412558, 0.013963393639800745, 0.01399364024967207, 0.014127080526699805, 0.014210975698078516, 0.014242316375582188, 0.014572145961351606, 0.014834881999876877, 0.014874954271767812, 0.015027709997071842, 0.01514371078101217], "Surrealism": 0.004730280518332046, "Expressionism": 0.004916660169840007, "Surrealism, Symbolism": 0.004831002656199623, "Symbolism": 0.004477739248024914, "Abstract Art": 0.004712774686517753, "Baroque": 0.004744408505282409, "Post-Impressionism": 0.005041616505400101, "style_dict": {"Contemporary Realism": 1, "Art Nouveau (Modern)": 1, "Romanticism": 2, "Surrealism": 2, "Expressionism": 1, "Surrealism, Symbolism": 1, "Symbolism": 5, "Abstract Art": 1, "Baroque": 2, "Post-Impressionism": 1, "Proto Renaissance": 2, "Neoclassicism": 1}, "Proto Renaissance": 0.004447166063645382, "Neoclassicism": 0.00513251693639397}