{"Northern Renaissance": 0.002910101381983919, "year": [1959.0, "unknown", 1625.0, "unknown", 1946.0, "unknown", 1962.0, "unknown", 1896.0, 1635.0, "unknown", 1893.0, 1841.0, "unknown", 1825.0, 1820.0, "unknown", "unknown", 1300.0, 1883.0], "Proto Renaissance": 0.002912408098921677, "style": ["Magic Realism", "Symbolism", "Baroque", "Ukiyo-e", "Surrealism", "Surrealism", "Expressionism, Surrealism", "Impressionism", "Realism", "Baroque", "Na\u00efve Art (Primitivism)", "Romanticism", "Romanticism", "Cubism", "Romanticism", "Symbolism", "Northern Renaissance", "Surrealism", "Proto Renaissance", "Impressionism"], "title": ["Rhapsody of Steel", "Himalayas", "The Triumph of Juliers, 1st September 1610", "Manga", "Flower in the Desert", "Untitled", "St. George and the Dragon", "NOT DETECTED", "Sea. Finland.", "An Old Woman, Sleeping", "Untitled", "In My Studio", "View on lagoon of Venice", "Sketch for a Portrait of Ivan Klyun", "A Mortally Wounded Brigand Quenches his Thirst", "The Descent Of Christ", "Portrait Melchior Pfinzing", "Untitled", "Ascension of Christ", "Nude in a landscape"], "Ukiyo-e": 0.0021310322826485944, "Symbolism": 0.002421520354579691, "style_dict": {"Impressionism": 2, "Northern Renaissance": 1, "Surrealism": 3, "Expressionism, Surrealism": 1, "Ukiyo-e": 1, "Romanticism": 3, "Proto Renaissance": 1, "Magic Realism": 1, "Na\u00efve Art (Primitivism)": 1, "Symbolism": 2, "Baroque": 2, "Cubism": 1, "Realism": 1}, "Impressionism": 0.002703345990436626, "Magic Realism": 0.00201479385585066, "scores": [0.005823503258933463, 0.005892540241977373, 0.006065308011931365, 0.006159475524932494, 0.006213499581712859, 0.007152226930928167, 0.007199665038503355, 0.007491879950085667, 0.007664986163585441, 0.007776745487442605, 0.007841513833080538, 0.007853417907510523, 0.0079777124498609, 0.008220582551240183, 0.008318939683066105, 0.008367497599761391, 0.008411274847100917, 0.008411446691632903, 0.008417942116591274, 0.008427794666744152], "Baroque": 0.0023505417496022625, "Realism": 0.0026519032171711397, "style_counts": [0.00020906210848503637, 0.0004892750977385507, 0.0004214949425657144, 2.306716937794384e-06, 0.00022524428996673063, 0.0, 0.0008976142430709988, 0.0001994304995320828, 0.0004908877443420279, 0.0005618663493194287, 0.0007813758162731332, 6.828172355755058e-05, 0.0002605048817505562], "artist": ["Earle Eyvind", "Roerich Nicholas", "Rubens Peter Paul", "Hokusai Katsushika", "Dali Salvador", "Beksinski Zdislav", "Dali Salvador", "Monet Claude", "Levitan Isaac", "Rembrandt", "Chagall Marc", "Alma-Tadema Lawrence ", "Aivazovsky Ivan ", "Malevich Kazimir", "Delacroix Eugene ", "Blake William ", "Durer Albrecht", "Beksinski Zdislav", "Giotto", "Renoir Pierre-Auguste"], "Expressionism, Surrealism": 0.002490913156355993, "style_labels": ["Impressionism", "Surrealism", "Expressionism, Surrealism", "Northern Renaissance", "Romanticism", "Proto Renaissance", "Magic Realism", "Na\u00efve Art (Primitivism)", "Symbolism", "Baroque", "Ukiyo-e", "Cubism", "Realism"], "Romanticism": 0.002687163808954915, "Surrealism": 0.0024231330011831075, "Na\u00efve Art (Primitivism)": 0.0027129775993895667, "contentId": ["278129.jpg", "225809.jpg", "216705.jpg", "222230.jpg", "220994.jpg", "258691.jpg", "221477.jpg", "212140.jpg", "210362.jpg", "220032.jpg", "203319.jpg", "214534.jpg", "197002.jpg", "219807.jpg", "187699.jpg", "192946.jpg", "200918.jpg", "258625.jpg", "192709.jpg", "218801.jpg"], "Cubism": 0.00284412637536417}