{"style_labels": ["Impressionism", "Abstract Expressionism", "Neo-Romanticism", "Neo-Expressionism", "Ukiyo-e", "Realism", "Purism", "Surrealism", "Color Field Painting", "Na\u00efve Art (Primitivism)", "Orphism", "Symbolism", "Pop Art", "Neoclassicism", "Regionalism"], "Color Field Painting": 0.003503996103047939, "year": [1949.0, 1926.0, 1941.0, "unknown", 2009.0, "unknown", 1964.0, 1907.0, 1883.0, "unknown", "unknown", 1950.0, "unknown", 1966.0, "unknown", 2009.0, "unknown", 1953.0, 1885.0, "unknown"], "style": ["Color Field Painting", "Symbolism", "Na\u00efve Art (Primitivism)", "Regionalism", "Neo-Expressionism", "Surrealism", "Color Field Painting", "Impressionism", "Realism", "Ukiyo-e", "Purism", "Purism", "Neoclassicism", "Color Field Painting", "Neo-Romanticism", "Neo-Expressionism", "Orphism", "Abstract Expressionism", "Neo-Romanticism", "Pop Art"], "Neo-Romanticism": 0.004033785606502676, "Neo-Expressionism": 0.003904726449502672, "Ukiyo-e": 0.00393621849668389, "Symbolism": 0.0031843068567836844, "style_dict": {"Impressionism": 1, "Abstract Expressionism": 1, "Neo-Romanticism": 2, "Neo-Expressionism": 2, "Ukiyo-e": 1, "Neoclassicism": 1, "Purism": 2, "Surrealism": 1, "Color Field Painting": 3, "Na\u00efve Art (Primitivism)": 1, "Orphism": 1, "Symbolism": 1, "Pop Art": 1, "Realism": 1, "Regionalism": 1}, "Neoclassicism": 0.004020530182601146, "Regionalism": 0.0037804480089500443, "Impressionism": 0.003906556346421375, "Purism": 0.003916403118636881, "scores": [0.008571327156159474, 0.009203830607322668, 0.010799307323272856, 0.010926900157263995, 0.011254318771581869, 0.011262506014823776, 0.011271720222514322, 0.01129140013432637, 0.011358647123589746, 0.011377134775723613, 0.011447411324509868, 0.011615808676777016, 0.01162082689155946, 0.011648055258250585, 0.011723622248026679, 0.011740138750213824, 0.011867297820017202, 0.01191234319023646, 0.012030848898747361, 0.01211441116295698], "Realism": 0.003929822208011555, "style_counts": [0.0002847422745473338, 6.991072071216298e-05, 0.00015751301446598198, 0.000286572171465993, 0.0002550801242847678, 0.0002614764129571512, 0.00027489550233184, 0.00029473895384080073, 0.0006873025179207071, 0.0004549947030486612, 8.54953492624988e-05, 0.0010069917641849502, 0.0, 0.00017076843836749678, 0.0004108506120186206], "Abstract Expressionism": 0.004121387900256534, "artist": ["Rothko Mark", "Roerich Nicholas", "Leger Fernand ", "Rockwell Norman", "Twombly Cy", "Ray Man", "Reinhardt Ad", "Mondrian Piet", "van Gogh Vincent ", "Hokusai Katsushika", "Leger Fernand ", "Leger Fernand ", "Ingres Jean Auguste Dominique ", "Reinhardt Ad", "Kittelsen Theodor Severin", "Twombly Cy", "Leger Fernand ", "Pollock Jackson ", "Kittelsen Theodor Severin", "Warhol Andy"], "contentId": ["242187.jpg", "226301.jpg", "282744.jpg", "247718.jpg", "231509.jpg", "290397.jpg", "283530.jpg", "186007.jpg", "207020.jpg", "223649.jpg", "195928.jpg", "196331.jpg", "193404.jpg", "283531.jpg", "321970.jpg", "231508.jpg", "195942.jpg", "282190.jpg", "321817.jpg", "229325.jpg"], "title": ["Violet, Black, Orange, Yellow on White and Red", "Order of Buddha all-conquering", "Woman with Parrot", "Merrie Christmas Couple Dancing Under the Mistletoe", "Leaving Paphos Ringed With Waves V", "Observatory Time: The Lovers", "Untitled (from the Portfolio \"Ten Works X Ten Painters\")", "Lonely tree at the Gein", "Stooping Woman with Net", "Volubilism\u00a0and\u00a0Pippin", "Both birds", "The\u00a0album\u00a0\"Circus\"", "Mademoiselle Mary de Borderieux", "Untitled #6", "Paa Kirsebaergrenen", "Leaving Paphos Ringed With Waves IV", "Clouds", "The Deep", "Krigen Mellom Froskene Og Musene 08", "James Dean"], "Surrealism": 0.003896559667127905, "Na\u00efve Art (Primitivism)": 0.003736303917920034, "Orphism": 0.004105803271706176, "Pop Art": 0.004191298620968668}