{"Fauvism": 0.002279904458901676, "style": ["Realism", "Post-Impressionism", "Fauvism", "Surrealism", "Post-Impressionism", "Surrealism", "Realism", "Baroque", "Surrealism, Symbolism", "Color Field Painting", "Expressionism, Symbolism", "Post-Impressionism", "Surrealism", "Surrealism", "Realism", "Post-Impressionism", "Art Nouveau (Modern), Post-Impressionism", "Realism", "Surrealism", "Surrealism"], "Post-Impressionism": 0.0023448404693025603, "artist": ["Corot Camille ", "van Gogh Vincent ", "Mondrian Piet", "Beksinski Zdislav", "van Gogh Vincent ", "Dali Salvador", "Bouguereau William-Adolphe", "Rubens Peter Paul", "Dali Salvador", "Rothko Mark", "Dali Salvador", "van Gogh Vincent ", "Dali Salvador", "Dali Salvador", "Corot Camille ", "Cezanne Paul", "Toulouse-Lautrec Henri de", "Corot Camille ", "Beksinski Zdislav", "Dali Salvador"], "contentId": ["199553.jpg", "207245.jpg", "185974.jpg", "258969.jpg", "206677.jpg", "220792.jpg", "232473.jpg", "216428.jpg", "220873.jpg", "290297.jpg", "221389.jpg", "205660.jpg", "221417.jpg", "220956.jpg", "199860.jpg", "215838.jpg", "230650.jpg", "199765.jpg", "258770.jpg", "221791.jpg"], "title": ["Honfleur Calvary on the Cote de Grace", "Trees and Shrubs", "Church tower at Domburg", "Untitled", "Portrait of the Postman Joseph Roulin", "Argus", "Priestess", "Diana Presentig the Catch to Pan", "Clown for 'The Amazing Adventure of the Lacemaker and the Rhinoceros'", "Untitled", "Quantification of Leonardo de Vinci's 'Last Supper'", "A Pair of Shoes", "Saint George and the Dragon", "Exploded Head", "Three Trees with a View of the Lake", "Self-Portrait in a Felt Hat", "The Salon de la Rue des Moulins", "The Boatman Left the Bank with a Woman and a Child Sitting in his Boat, Sunset", "Untitled", "Untitled (St. John)"], "style_counts": [0.0005093404567464432, 0.00044440444634552545, 0.00035862766757366327, 0.00012076560275064985, 0.00010060472190021041, 0.0001865667550146055, 0.00020792459872243096, 0.0, 0.0005994493260672584], "Surrealism": 0.0024306172480744364, "Color Field Painting": 0.002668479312897503, "Expressionism, Symbolism": 0.0026886401937479105, "scores": [0.0034472301862579742, 0.006041214341742927, 0.006589771458710941, 0.006648695310735002, 0.006748459058271282, 0.006998316831932007, 0.007159160917828198, 0.007460975342125742, 0.007522707450388242, 0.007712897242529105, 0.007771169683153433, 0.007771247280787265, 0.007833707045922116, 0.007845066917658333, 0.007901315896863662, 0.007994757005892793, 0.008061954730045003, 0.008159820225077443, 0.008164582833667673, 0.008236748994935006], "year": [1830.0, 1889.0, 1911.0, "unknown", 1889.0, 1981.0, 1902.0, 1615.0, 1958.0, 1967.0, 1972.0, 1888.0, 1942.0, 1982.0, "unknown", 1894.0, 1894.0, "unknown", "unknown", 1964.0], "style_labels": ["Fauvism", "Post-Impressionism", "Surrealism", "Color Field Painting", "Expressionism, Symbolism", "Surrealism, Symbolism", "Baroque", "Art Nouveau (Modern), Post-Impressionism", "Realism"], "Surrealism, Symbolism": 0.0026026781606335128, "Baroque": 0.002581320316925742, "Art Nouveau (Modern), Post-Impressionism": 0.002789244915648192, "style_dict": {"Fauvism": 1, "Art Nouveau (Modern), Post-Impressionism": 1, "Surrealism": 6, "Color Field Painting": 1, "Expressionism, Symbolism": 1, "Surrealism, Symbolism": 1, "Baroque": 1, "Post-Impressionism": 4, "Realism": 4}, "Realism": 0.0021897955895808924}