{"style_counts": [0.004391951040683573, 0.0005103590382814494, 0.00239556112171202, 0.0025379630113953056, 0.0, 0.0010855705420687034, 0.0015598847541977712, 0.0025646166494524003, 0.0011599736302432273, 0.0007911854117497175, 0.000614305848698149], "style": ["Art Nouveau (Modern)", "Romanticism", "Early Renaissance", "Symbolism", "High Renaissance", "Post-Impressionism", "Early Renaissance", "Realism", "Realism", "Abstract Art, Precisionism", "Post-Impressionism", "Neoclassicism", "Symbolism", "Romanticism", "Symbolism", "Symbolism", "Northern Renaissance", "Northern Renaissance", "Northern Renaissance", "Surrealism"], "style_labels": ["Art Nouveau (Modern)", "Northern Renaissance", "Romanticism", "High Renaissance", "Surrealism", "Realism", "Symbolism", "Early Renaissance", "Post-Impressionism", "Abstract Art, Precisionism", "Neoclassicism"], "artist": ["Klimt Gustav", "Aivazovsky Ivan ", "da Vinci Leonardo", "Roerich Nicholas", "Raphael", "van Gogh Vincent ", "Perugino Pietro ", "Bouguereau William-Adolphe", "Levitan Isaac", "O'Keeffe Georgia", "Cezanne Paul", "Bouguereau William-Adolphe", "Roerich Nicholas", "Alma-Tadema Lawrence ", "Roerich Nicholas", "Roerich Nicholas", "Durer Albrecht", "Durer Albrecht", "Durer Albrecht", "Magritte Rene"], "contentId": ["191507.jpg", "196751.jpg", "225207.jpg", "225353.jpg", "210592.jpg", "205856.jpg", "199112.jpg", "232401.jpg", "210334.jpg", "231737.jpg", "215910.jpg", "232362.jpg", "226046.jpg", "214472.jpg", "226222.jpg", "225709.jpg", "200650.jpg", "201088.jpg", "201097.jpg", "211560.jpg"], "Art Nouveau (Modern)": 0.006127925499260505, "title": ["Judith II (Salome)", "Seascape", "Self portrait Leonardo discovered a 2009 in Leonardo's Codex on the Flight of Birds", "Armageddon", "The Aldobrandini Madonna or The Garvagh Madonna", "Death's Head Moth", "Polyptych Annunziata (St. Illuminata)", "Head Study of Female Face Blonde", "Peonies", "Music Pink and Blue", "Still Life, Vase with Flowers", "Charity", "Lake", "A Sculptor s Model (Venus Esquilina)", "Morning rider", "Himalayas", "Death and wife", "St. Jerome in His Study", "St. Martin", "The liberator"], "Northern Renaissance": 0.010009517501662669, "Romanticism": 0.008124315418232136, "High Renaissance": 0.007981913528548854, "Surrealism": 0.010519876539944106, "Realism": 0.009434305997875463, "scores": [0.017711982797554315, 0.018994854281238784, 0.0196733632433561, 0.021959311670283643, 0.02307069743688693, 0.026572088413213863, 0.027174191378570287, 0.027503796525583685, 0.028053680117472817, 0.028119534078228127, 0.028547237523859823, 0.028630781771821413, 0.028721680299233936, 0.028848247711732417, 0.02919708890112971, 0.02923750326344262, 0.02948399168895461, 0.030130870901967415, 0.03034264127638107, 0.030406354047608865], "year": [1909.0, 1871.0, 1485.0, 1940.0, 1510.0, 1889.0, "unknown", 1898.0, 1895.0, 1918.0, 1903.0, "unknown", 1915.0, 1877.0, 1918.0, 1937.0, "unknown", 1511.0, "unknown", 1947.0], "Symbolism": 0.0089599917857464, "Early Renaissance": 0.007955259890491728, "Post-Impressionism": 0.009359902909700945, "style_dict": {"Art Nouveau (Modern)": 1, "Northern Renaissance": 3, "Romanticism": 2, "High Renaissance": 1, "Surrealism": 1, "Neoclassicism": 1, "Symbolism": 4, "Early Renaissance": 2, "Post-Impressionism": 2, "Abstract Art, Precisionism": 1, "Realism": 2}, "Abstract Art, Precisionism": 0.00972869112819442, "Neoclassicism": 0.009905570691245995}