{"Impressionism": 0.004746686994860489, "style": ["Symbolism", "Northern Renaissance", "Baroque", "Post-Impressionism", "Abstract Expressionism", "Realism", "High Renaissance", "Magic Realism", "Magic Realism", "Post-Impressionism", "Realism", "Realism", "Surrealism", "Symbolism", "High Renaissance", "Realism", "Na\u00efve Art (Primitivism)", "Impressionism", "Symbolism", "Symbolism"], "Abstract Expressionism": 0.00412322732418717, "Surrealism": 0.004621421747755188, "contentId": ["226880.jpg", "9223372032559808852.jpg", "219997.jpg", "205938.jpg", "345402.jpg", "210235.jpg", "224843.jpg", "278011.jpg", "278321.jpg", "220845.jpg", "229970.jpg", "210350.jpg", "220770.jpg", "226166.jpg", "224908.jpg", "219757.jpg", "191407.jpg", "212373.jpg", "227054.jpg", "226704.jpg"], "artist": ["Roerich Nicholas", "Bruegel the Elder Pieter", "Rembrandt", "van Gogh Vincent ", "Holbrook Carter Clarence", "Levitan Isaac", "Titian", "Earle Eyvind", "Earle Eyvind", "Dali Salvador", "Kustodiev Boris", "Levitan Isaac", "Dali Salvador", "Roerich Nicholas", "Titian", "Malevich Kazimir", "Rousseau Henri", "Monet Claude", "Roerich Nicholas", "Roerich Nicholas"], "Northern Renaissance": 0.004021371165471813, "style_counts": [0.0, 0.0006234596706733431, 0.00012526524710532172, 0.0007253158293886175, 0.00036356747642551923, 0.00048784995224160355, 2.008298620992388e-05, 0.0005295907631623908, 0.0007103266997130486, 0.0005639329948025074, 0.0004971126878619003], "High Renaissance": 0.004383119518434985, "Magic Realism": 0.0042588370426188595, "style_labels": ["Impressionism", "Abstract Expressionism", "Surrealism", "Northern Renaissance", "High Renaissance", "Magic Realism", "Na\u00efve Art (Primitivism)", "Symbolism", "Baroque", "Post-Impressionism", "Realism"], "Na\u00efve Art (Primitivism)": 0.004726604008650584, "scores": [0.010188556795167518, 0.01162325764469771, 0.011666581801787404, 0.011910588355459772, 0.01191765980921637, 0.01205084420658762, 0.012320601920809051, 0.012456950707482192, 0.0126228208809276, 0.012721139480610552, 0.012954595422630803, 0.013230970049787648, 0.013357626901038727, 0.013403221864692418, 0.013491054000041358, 0.013515287634714011, 0.013661642737362447, 0.013719690033517775, 0.013861226087927567, 0.013903171649986711], "year": [1927.0, 1557.0, 1660.0, 1888.0, 1967.0, 1899.0, 1535.0, 1991.0, "unknown", 1923.0, 1907.0, 1889.0, 1932.0, 1927.0, 1516.0, 1930.0, 1909.0, 1875.0, 1932.0, 1924.0], "Symbolism": 0.004217096231698032, "title": ["The unspilling vessel", "Parable of the Sower", "A Young Man at a Table (possibly Govaert Flinck)", "Field with Flowers", "Red Mandala", "Huts after sunset", "Annunciation", "California Miniature", "Sunset Magic", "Cadaques", "Portrait of a priest and a deacon", "Reeds and water lilies", "Angelus", "Mongolia", "Madonna and Child with Sts Catherine and Dominic and a Donor", "Portrait of a Man", "The Muse Inspiring the Poet", "Spring", "Vyas Kund", "Steps of the Himalayas"], "Baroque": 0.004036360295147376, "Post-Impressionism": 0.004182754000058014, "style_dict": {"Impressionism": 1, "Abstract Expressionism": 1, "Surrealism": 1, "Northern Renaissance": 1, "High Renaissance": 2, "Magic Realism": 2, "Na\u00efve Art (Primitivism)": 1, "Symbolism": 4, "Baroque": 1, "Post-Impressionism": 2, "Realism": 4}, "Realism": 0.00424957430699854}