{"Northern Renaissance": 0.003819979823312048, "High Renaissance": 0.004026178773227596, "Color Field Painting": 0.003558009090455032, "year": [1888.0, "unknown", 1932.0, 1922.0, 1888.0, 1949.0, "unknown", 1954.0, 1912.0, "unknown", "unknown", 1927.0, 1914.0, 1899.0, 1964.0, "unknown", 1913.0, 1963.0, "unknown", 1536.0], "style": ["Post-Impressionism", "Regionalism", "Symbolism", "Symbolism", "Post-Impressionism", "Color Field Painting", "Purism", "Na\u00efve Art (Primitivism)", "Art Nouveau (Modern)", "Symbolism", "Regionalism", "Symbolism", "Expressionism", "Realism", "Na\u00efve Art (Primitivism)", "Northern Renaissance", "Constructivism", "Surrealism", "Surrealism", "High Renaissance"], "title": ["Farmers Working in the Field", "Doctor and Doll", "Sharugen Monastery", "Monhegan (Vagueness)", "Field with Flowers", "Violet, Black, Orange, Yellow on White and Red", "Birds on a yellow background", "The dancers (yellow background)", "Entourage", "Castle of King Gesar", "Clown Training Dogs", "The unspilling vessel", "Station in Vitebsk", "Tomb near village Podlipie", "Musicians on a green background", "Noble woman at horses and Lansquenet", "Neron", "The Jacob's Dream", "Untitled", "Study for the Duke of Urbino"], "Art Nouveau (Modern)": 0.0036405454011290456, "Expressionism": 0.003740967399816443, "Symbolism": 0.003319052042537837, "style_dict": {"Art Nouveau (Modern)": 1, "Northern Renaissance": 1, "High Renaissance": 1, "Purism": 1, "Surrealism": 2, "Color Field Painting": 1, "Na\u00efve Art (Primitivism)": 2, "Expressionism": 1, "Symbolism": 4, "Constructivism": 1, "Post-Impressionism": 2, "Realism": 1, "Regionalism": 2}, "Regionalism": 0.0032171737013252464, "Purism": 0.003569480661672707, "scores": [0.007939344489911897, 0.008300761554773481, 0.009503452074116701, 0.009626260328859427, 0.009972674575160776, 0.010283968989389044, 0.010317126094855307, 0.010401277445972818, 0.010522529610762157, 0.010627687211355322, 0.010644781743088973, 0.010662314047581355, 0.010812786519639695, 0.010825381573332547, 0.0109793611689398, 0.011041161797034325, 0.01108941533383248, 0.011463044823667827, 0.011570142414065078, 0.011637153418378069], "Constructivism": 0.003836674401324836, "Post-Impressionism": 0.0030416692605637723, "Realism": 0.003745324989340504, "style_counts": [0.000385633372098626, 0.0002061989499155814, 0.0, 0.0004566981115549096, 0.0001148755673018309, 0.0004681696827726345, 0.0003954975524258497, 0.0002852113734111983, 0.0007071267306898443, 0.00018950437190279334, 0.0009845095126638226, 0.0002808537838870917, 0.0008090050719024022], "artist": ["van Gogh Vincent ", "Rockwell Norman", "Roerich Nicholas", "Roerich Nicholas", "van Gogh Vincent ", "Rothko Mark", "Leger Fernand ", "Leger Fernand ", "Roerich Nicholas", "Roerich Nicholas", "Rockwell Norman", "Roerich Nicholas", "Chagall Marc", "Roerich Nicholas", "Chagall Marc", "Durer Albrecht", "Malevich Kazimir", "Chagall Marc", "Beksinski Zdislav", "Titian"], "contentId": ["205913.jpg", "247651.jpg", "226548.jpg", "226216.jpg", "205938.jpg", "242187.jpg", "195924.jpg", "196253.jpg", "225572.jpg", "225458.jpg", "247639.jpg", "226880.jpg", "203329.jpg", "226945.jpg", "202826.jpg", "200871.jpg", "219724.jpg", "203211.jpg", "258975.jpg", "225035.jpg"], "style_labels": ["Art Nouveau (Modern)", "Northern Renaissance", "High Renaissance", "Purism", "Surrealism", "Color Field Painting", "Na\u00efve Art (Primitivism)", "Expressionism", "Symbolism", "Constructivism", "Post-Impressionism", "Realism", "Regionalism"], "Surrealism": 0.003911303205925754, "Na\u00efve Art (Primitivism)": 0.0036306812208017633}