{"Impressionism": 0.0026594421181507085, "style": ["Magic Realism", "Symbolism", "Realism", "Symbolism", "Na\u00efve Art (Primitivism)", "Impressionism", "Realism", "Early Renaissance", "Art Nouveau (Modern)", "Realism, Surrealism", "Expressionism", "Realism", "Surrealism", "Impressionism", "Pop Art", "Impressionism", "Art Nouveau (Modern)", "Symbolism", "New Realism", "Realism"], "style_labels": ["Impressionism", "Surrealism", "Art Nouveau (Modern)", "Magic Realism", "Na\u00efve Art (Primitivism)", "Expressionism", "New Realism", "Pop Art", "Early Renaissance", "Symbolism", "Realism, Surrealism", "Realism"], "Surrealism": 0.002923785546513242, "contentId": ["278292.jpg", "226241.jpg", "266359.jpg", "225677.jpg", "191378.jpg", "244116.jpg", "192068.jpg", "199019.jpg", "226401.jpg", "221181.jpg", "193682.jpg", "210161.jpg", "202604.jpg", "190395.jpg", "300207.jpg", "243926.jpg", "227621.jpg", "225473.jpg", "235527.jpg", "191938.jpg"], "Art Nouveau (Modern)": 0.0027124585353581945, "artist": ["Earle Eyvind", "Roerich Nicholas", "Sargent John Singer", "Roerich Nicholas", "Rousseau Henri", "Hassam Childe", "Manet Edouard", "Perugino Pietro ", "Roerich Nicholas", "Dali Salvador", "Braque Georges ", "Levitan Isaac", "Chagall Marc", "Cassatt Mary", "Warhol Andy", "Hassam Childe", "Mucha Alphonse", "Roerich Nicholas", "Hopper Edward", "Courbet Gustave"], "style_counts": [0.0006090569356771436, 0.00034471350731457573, 0.0005560405184696915, 0.0017122647344268715, 0.001085265940954816, 0.0005513079490654382, 0.0, 0.0002633607907546187, 0.0009151335142486561, 0.001001963108896664, 0.0007397660857508814, 0.0008188485181540583], "style_dict": {"Impressionism": 3, "New Realism": 1, "Surrealism": 1, "Art Nouveau (Modern)": 2, "Magic Realism": 1, "Na\u00efve Art (Primitivism)": 1, "Expressionism": 1, "Symbolism": 3, "Pop Art": 1, "Early Renaissance": 1, "Realism, Surrealism": 1, "Realism": 4}, "scores": [0.004498095725465364, 0.0054957313135355805, 0.005517839960203933, 0.005855432646889173, 0.006310355330352141, 0.006347335285046571, 0.0067272325814165725, 0.006802101291605777, 0.007006075162350646, 0.007308978354190774, 0.007853692430011973, 0.008036545469905159, 0.008450827169786878, 0.008648882732824702, 0.008685966764159976, 0.008904711731107316, 0.008967262119412114, 0.00901864067777745, 0.009447177355894456, 0.009550446070234614], "Magic Realism": 0.001556234319400984, "title": ["Snow White", "Mountain Eagles (Tibetan stupa)", "The Wyndham Sisters", "Guru Kambala", "Rabbit", "Messenger Boy", "Olympia", "Angels (detail)", "Prologue. Forest.", "Mystical Carnation", "Oysters", "Early march", "Holy Family", "The Sisters", "The Last Supper", "Cab Stand at Night, Madison Square, New York", "Calendar of cherry blossom", "Chan-Thang. Northern Tibet.", "Automat", "The Trout"], "Na\u00efve Art (Primitivism)": 0.002183233112873101, "Expressionism": 0.0027171911047624187, "year": [1992.0, 1931.0, 1899.0, 1925.0, 1908.0, 1902.0, 1863.0, 1470.0, 1908.0, 1951.0, 1950.0, 1900.0, 1976.0, "unknown", 1986.0, 1891.0, 1898.0, 1939.0, 1927.0, 1873.0], "New Realism": 0.0032684990538278855, "Pop Art": 0.0030051382630732226, "Early Renaissance": 0.0023533655395791965, "Symbolism": 0.002266535944931249, "Realism, Surrealism": 0.002528732968077024, "Realism": 0.002449650535673794}