{"Impressionism": 0.0026592873804018842, "style": ["Baroque", "Art Nouveau (Modern)", "Expressionism", "Baroque", "Romanticism", "Surrealism", "Realism", "Academicism", "Romanticism", "Baroque", "Surrealism", "Neoclassicism", "Realism", "Japonism", "Academicism", "Surrealism", "Symbolism", "Neo-Romanticism", "Impressionism", "Surrealism"], "style_labels": ["Impressionism", "Neo-Romanticism", "Art Nouveau (Modern)", "Romanticism", "Surrealism", "Japonism", "Realism", "Expressionism", "Symbolism", "Academicism", "Baroque", "Neoclassicism"], "Neo-Romanticism": 0.0026565180963715796, "artist": ["Rubens Peter Paul", "Zorn Anders", "Modigliani Amedeo ", "Rembrandt", "Goya Francisco", "Beksinski Zdislav", "Sargent John Singer", "Gerome Jean-Leon", "Alma-Tadema Lawrence ", "Rubens Peter Paul", "Beksinski Zdislav", "Bouguereau William-Adolphe", "Zorn Anders", "van Gogh Vincent ", "Gerome Jean-Leon", "Beksinski Zdislav", "Roerich Nicholas", "Spencer Stanley", "Degas Edgar", "Beksinski Zdislav"], "contentId": ["216638.jpg", "277305.jpg", "189484.jpg", "220277.jpg", "193915.jpg", "258670.jpg", "266304.jpg", "279393.jpg", "214474.jpg", "216653.jpg", "259069.jpg", "232552.jpg", "277306.jpg", "205656.jpg", "279433.jpg", "258729.jpg", "227046.jpg", "298627.jpg", "213533.jpg", "259103.jpg"], "Art Nouveau (Modern)": 0.001405790910348265, "title": ["The Death of Achilles", "Oscar II", "Cafe Singer", "Old man with turban", "Equestrian portrait of Maria Luisa of Parma", "Untitled", "Richard Morris Hunt", "Old Woman with a Pipe (sketch)", "A Sculpture Gallery in Rome at the Time of Agrippa", "The Four Evangelists", "Untitled", "The\u00a0Holy\u00a0Women\u00a0at\u00a0the Tomb", "Our daily bread", "A mousm\u00e9, sitting", "Selene", "Untitled", "Vision", "The last day", "M. and Mme Edouard Manet", "Untitled"], "Romanticism": 0.0021092705267286406, "scores": [0.00377755307496179, 0.004063258344777764, 0.004595374745675297, 0.004861546270843153, 0.005663556211047837, 0.005698809589706862, 0.005894195325956665, 0.006165754535440627, 0.00675768050196564, 0.006863058113935995, 0.006879975376430179, 0.007077172566058004, 0.0074216826411841585, 0.007444024425587576, 0.007532400684549315, 0.007635120618157954, 0.007676526957951249, 0.007678324880092496, 0.007686329140443281, 0.007812527024575387], "Surrealism": 0.002301381676614237, "Japonism": 0.0025754557022816716, "Realism": 0.0022611910216781767, "Expressionism": 0.001589890550625974, "year": [1630.0, "unknown", 1917.0, 1625.0, 1788.0, "unknown", 1895.0, 1858.0, 1867.0, 1614.0, "unknown", "unknown", 1886.0, 1888.0, "unknown", "unknown", 1923.0, "unknown", 1869.0, "unknown"], "Symbolism": 0.002655896058000102, "Academicism": 0.0023261061473700225, "Baroque": 0.001724915762843958, "style_dict": {"Impressionism": 1, "Neo-Romanticism": 1, "Art Nouveau (Modern)": 1, "Romanticism": 2, "Surrealism": 4, "Japonism": 1, "Neoclassicism": 1, "Expressionism": 1, "Symbolism": 1, "Academicism": 2, "Baroque": 3, "Realism": 2}, "Neoclassicism": 0.002448533669319173, "style_counts": [0.0, 2.7692840303128463e-06, 0.0012534964700535722, 0.0005500168536732852, 0.0003579057037876865, 8.383167812020531e-05, 0.0003980963587236763, 0.0010693968297759149, 3.391322401791186e-06, 0.0003331812330318318, 0.0009343716175579386, 0.0002107537110827007]}