{"style_counts": [0.0008082556561391785, 0.0012707695211757741, 8.367333398073828e-05, 0.0013917495384189182, 0.000836025139549168, 0.0, 0.0007334267828843499, 0.0007417938881942865, 8.437136309835669e-05, 0.00048671531852884087, 0.0014327687634949626], "style": ["Neoclassicism", "Neoclassicism", "Romanticism", "Realism", "Surrealism", "High Renaissance", "Neoclassicism", "Surrealism, Automatic Painting", "Neoclassicism", "Expressionism", "High Renaissance", "Baroque", "Baroque", "Realism", "Orientalism", "Realism", "Symbolism", "Magic Realism", "Baroque", "Symbolism"], "style_labels": ["Surrealism, Automatic Painting", "Surrealism", "Orientalism", "Romanticism", "High Renaissance", "Magic Realism", "Realism", "Expressionism", "Symbolism", "Baroque", "Neoclassicism"], "Surrealism, Automatic Painting": 0.004733734154637131, "Surrealism": 0.004271220289600596, "contentId": ["232471.jpg", "232459.jpg", "187893.jpg", "266137.jpg", "243186.jpg", "224909.jpg", "232453.jpg", "227912.jpg", "193566.jpg", "214317.jpg", "224991.jpg", "216658.jpg", "216496.jpg", "206343.jpg", "279447.jpg", "265991.jpg", "226694.jpg", "345397.jpg", "216656.jpg", "225476.jpg"], "Orientalism": 0.005458316476795676, "artist": ["Bouguereau William-Adolphe", "Bouguereau William-Adolphe", "Delacroix Eugene ", "Sargent John Singer", "Delvaux Paul", "Titian", "Bouguereau William-Adolphe", "Miro Joan", "Ingres Jean Auguste Dominique ", "Matisse Henri", "Titian", "Rubens Peter Paul", "Rubens Peter Paul", "van Gogh Vincent ", "Gerome Jean-Leon", "Sargent John Singer", "Roerich Nicholas", "Holbrook Carter Clarence", "Rubens Peter Paul", "Roerich Nicholas"], "Romanticism": 0.004150240272357386, "High Renaissance": 0.0047059646712272335, "scores": [0.010926312372682368, 0.011807899893077376, 0.011995737271705074, 0.012072028975879319, 0.012345414496814639, 0.013338783155863265, 0.013619976612134859, 0.01368225150995164, 0.013688273842159043, 0.01387435072699944, 0.014374068469220033, 0.014625856924699922, 0.014733923372850252, 0.015325179124382844, 0.01577656379018952, 0.015818294255961443, 0.01594970856820617, 0.016018410831616193, 0.0160729665467505, 0.016189540413315634], "Magic Realism": 0.005541989810776323, "Realism": 0.004808563027891991, "Expressionism": 0.004800195922582036, "year": [1878.0, "unknown", 1848.0, 1892.0, 1952.0, 1520.0, "unknown", 1924.0, 1866.0, 1912.0, 1540.0, 1615.0, 1606.0, 1884.0, 1872.0, 1882.0, 1935.0, 1977.0, 1630.0, 1932.0], "Symbolism": 0.005457618447677986, "title": ["Prayer", "Portrait of a Young Girl", "The Entombment of Christ", "Helen Dunham", "The Lustre", "Madonna and Child with Sts Dorothy and George", "Pandora", "Hermitage", "The Virgin of the Host", "Vase of Irises", "Portrait of Pietro Bembo", "The Holy Family with St. Elizabeth", "Marchesa Brigida Spinola Doria", "New-Born Calf Lying on Straw", "The Arab and his Steed", "Study for Two Heads for Boston Mural \"The Prophets\"", "St. Sergius Hermitage", "Pilgrimage #6", "The Holy Family with St. Anne", "Charaka"], "Baroque": 0.0050552744922475416, "style_dict": {"Expressionism": 1, "Magic Realism": 1, "Orientalism": 1, "Romanticism": 1, "High Renaissance": 2, "Surrealism": 1, "Neoclassicism": 4, "Surrealism, Automatic Painting": 1, "Symbolism": 2, "Baroque": 3, "Realism": 3}, "Neoclassicism": 0.0041092210472813495}