{"Impressionism": 0.0024156115667621158, "Neo-Suprematism": 0.0024762759030754126, "style_labels": ["Impressionism", "Neo-Suprematism", "Neo-Romanticism", "Northern Renaissance", "Romanticism", "Surrealism", "Na\u00efve Art (Primitivism), Surrealism", "Na\u00efve Art (Primitivism)", "Expressionism", "Symbolism", "Baroque", "Realism"], "Neo-Romanticism": 0.002601321234094334, "artist": ["Schiele Egon", "Magritte Rene", "Sargent John Singer", "Goya Francisco", "Sargent John Singer", "Levitan Isaac", "van Gogh Vincent ", "Rubens Peter Paul", "Sargent John Singer", "Dali Salvador", "Hassam Childe", "Malevich Kazimir", "Hassam Childe", "Rembrandt", "Dali Salvador", "Blake William ", "Cassatt Mary", "Rousseau Henri", "Spencer Stanley", "Durer Albrecht"], "contentId": ["232871.jpg", "211592.jpg", "266096.jpg", "194008.jpg", "266236.jpg", "210357.jpg", "206085.jpg", "216651.jpg", "265651.jpg", "220958.jpg", "243894.jpg", "219680.jpg", "244022.jpg", "220158.jpg", "221508.jpg", "192865.jpg", "190305.jpg", "191375.jpg", "298488.jpg", "200903.jpg"], "title": ["Young Mother", "The Pleasure Principle (Portrait of Edward James)", "Edmond Gosse", "Plague Hospital", "Mrs. Daniel Sargent Curtis", "Road in a Wood", "Head of a Peasant Woman with Brownish Cap", "The Flagellation of Christ", "Portrait of Mademoiselle Suzanne Poirson", "Exquisite Cadaver", "At the Piano", "Head", "Geraniums", "Hendrickje Stoffels in velvet beret", "Study for Deoxyribonucleic Acid Arabs", "Glad Day or The Dance of Albion", "Portrait of Madame Cordier", "Portrait of Monsieur S", "Silent Prayer", "Paul the Apostle"], "Northern Renaissance": 0.0026450242295449717, "Romanticism": 0.0014815004586977733, "scores": [0.002590238610097374, 0.003734417687381501, 0.003952227357383847, 0.004282087085130257, 0.005799564139687076, 0.005900577621723193, 0.0059430663097232335, 0.006582810088929523, 0.006733035639720361, 0.006761970816663599, 0.006975124376472895, 0.0071573579350079925, 0.007250117334926485, 0.007293076664853313, 0.007301192792060483, 0.007316480229216312, 0.007392543877384807, 0.0074772069840724036, 0.00751878542824186, 0.007645103332027848], "Surrealism": 0.0018739750691940174, "Na\u00efve Art (Primitivism), Surrealism": 0.0023394813480967177, "style": ["Expressionism", "Surrealism", "Realism", "Romanticism", "Realism", "Realism", "Realism", "Baroque", "Realism", "Na\u00efve Art (Primitivism), Surrealism", "Impressionism", "Neo-Suprematism", "Impressionism", "Baroque", "Surrealism", "Symbolism", "Realism", "Na\u00efve Art (Primitivism)", "Neo-Romanticism", "Northern Renaissance"], "Na\u00efve Art (Primitivism)": 0.0025869360796394202, "Expressionism": 0.000896161057144687, "year": [1914.0, 1937.0, 1886.0, 1800.0, 1882.0, 1881.0, 1885.0, "unknown", 1884.0, 1935.0, 1908.0, "unknown", 1888.0, "unknown", 1963.0, 1794.0, 1874.0, 1898.0, "unknown", "unknown"], "Symbolism": 0.002531328438713299, "Baroque": 0.002356287029882862, "style_dict": {"Impressionism": 2, "Neo-Suprematism": 1, "Neo-Romanticism": 1, "Northern Renaissance": 1, "Romanticism": 1, "Surrealism": 2, "Na\u00efve Art (Primitivism), Surrealism": 1, "Na\u00efve Art (Primitivism)": 1, "Expressionism": 1, "Symbolism": 1, "Baroque": 2, "Realism": 6}, "Realism": 0.0018987445298708256, "style_counts": [0.00022941266278286854, 0.00016874832646951443, 4.3702995450645155e-05, 0.0, 0.0011635237708471635, 0.0007710491603508673, 0.0003055428814482397, 5.8088149905488606e-05, 0.0017488631724001946, 0.00011369579083164716, 0.00028873719966204803, 0.0007462796996741128]}