{"Fauvism": 0.0029533929168494197, "Impressionism": 0.0026082704873574758, "style": ["Realism", "Realism", "Orientalism", "Realism", "Impressionism", "Early Renaissance", "Realism", "Impressionism", "Post-Impressionism", "Post-Impressionism", "Realism", "Post-Impressionism", "Romanticism", "Symbolism", "Post-Impressionism", "Romanticism", "Impressionism", "Realism", "Post-Impressionism", "Fauvism"], "style_labels": ["Fauvism", "Impressionism", "Orientalism", "Romanticism", "Symbolism", "Early Renaissance", "Post-Impressionism", "Realism"], "artist": ["van Gogh Vincent ", "van Gogh Vincent ", "Delacroix Eugene ", "Manet Edouard", "Manet Edouard", "da Vinci Leonardo", "van Gogh Vincent ", "Hassam Childe", "van Gogh Vincent ", "van Gogh Vincent ", "van Gogh Vincent ", "van Gogh Vincent ", "Delacroix Eugene ", "Roerich Nicholas", "van Gogh Vincent ", "Mucha Alphonse", "Monet Claude", "Sargent John Singer", "Kandinsky Wassily", "Derain Andre"], "contentId": ["206322.jpg", "205932.jpg", "187790.jpg", "192000.jpg", "192082.jpg", "225162.jpg", "207069.jpg", "244039.jpg", "206541.jpg", "205661.jpg", "207029.jpg", "206824.jpg", "187772.jpg", "226654.jpg", "207477.jpg", "227657.jpg", "212616.jpg", "266419.jpg", "189308.jpg", "256140.jpg"], "Orientalism": 0.002514345271960005, "title": ["Miners in the Snow at Dawn", "Field in a Thunderstorm", "Lion Devouring a Rabbit", "Artist's atelier", "Portrait of a lady with a black fichu", "Head of an Old Man", "The Bench", "Hassam Childe Fifth avenue at Washington square Sun", "Peasant Woman, Head", "A Pair of Shoes", "Studies of a Dead Sparrow", "Sheet with Sketches of Working People", "Horse Attacked by Lioness", "Snow Maiden", "Woman near a Window twice, Man with Winnow, Sower, and Woman with Broom", "Heraldic Chivalry", "The Pond with Ducks in Autumn", "Naked boy on the beach", "Forest edge", "Music"], "Romanticism": 0.0027942670881927712, "scores": [0.005396452640577252, 0.006682862268789874, 0.0072673925636729505, 0.007336160931919848, 0.007363306544245598, 0.007394050504535356, 0.007597715420308293, 0.007602912190101048, 0.007764989706619356, 0.007897789330148196, 0.007903211748666412, 0.007957429853828907, 0.00801300438028404, 0.008020010009245708, 0.00839066377815836, 0.008442093485069371, 0.008474821497058915, 0.008481094238008462, 0.008534373283190162, 0.008536403476832138], "year": [1880.0, 1881.0, 1856.0, "unknown", 1878.0, 1488.0, 1882.0, "unknown", "unknown", 1887.0, 1885.0, 1890.0, 1842.0, 1920.0, "unknown", "unknown", 1873.0, "unknown", 1903.0, 1904.0], "Symbolism": 0.0027747330381761304, "Early Renaissance": 0.0025581659121653322, "Post-Impressionism": 0.0026234027234335725, "style_dict": {"Fauvism": 1, "Impressionism": 3, "Orientalism": 1, "Romanticism": 2, "Symbolism": 1, "Early Renaissance": 1, "Post-Impressionism": 5, "Realism": 6}, "Realism": 0.0023067866530577137, "style_counts": [0.0, 0.0003451224294919175, 0.00043904764488933434, 0.0001591258286566255, 0.0001786598786732707, 0.00039522700468408445, 0.0003299901934158411, 0.0006466062637916492]}