{"style_counts": [0.0006038246126169877, 3.5923755553946e-05, 0.000889114715391548, 0.0, 0.0005259249440575653, 0.0005862487426124829, 4.185163520642465e-05, 0.0005793514041511072, 0.0005162857178829805], "style": ["Surrealism", "Romanticism", "Magic Realism", "Na\u00efve Art (Primitivism)", "Baroque", "Na\u00efve Art (Primitivism)", "Baroque", "Realism", "Realism", "Magic Realism", "Surrealism", "Surrealism", "Realism", "Magic Realism", "Baroque", "Na\u00efve Art (Primitivism)", "Symbolism", "Art Nouveau (Modern)", "Magic Realism", "High Renaissance"], "style_labels": ["Surrealism", "Art Nouveau (Modern)", "Romanticism", "High Renaissance", "Magic Realism", "Na\u00efve Art (Primitivism)", "Symbolism", "Baroque", "Realism"], "Surrealism": 0.004877981546026787, "contentId": ["224534.jpg", "194188.jpg", "278015.jpg", "191407.jpg", "216580.jpg", "203117.jpg", "186685.jpg", "229970.jpg", "266149.jpg", "277999.jpg", "221769.jpg", "258747.jpg", "221372.jpg", "278113.jpg", "216610.jpg", "202926.jpg", "226514.jpg", "227096.jpg", "278036.jpg", "224845.jpg"], "Art Nouveau (Modern)": 0.005445882403089908, "artist": ["Picasso Pablo", "Goya Francisco", "Earle Eyvind", "Rousseau Henri", "Rubens Peter Paul", "Chagall Marc", "Caravaggio", "Kustodiev Boris", "Sargent John Singer", "Earle Eyvind", "Dali Salvador", "Beksinski Zdislav", "Dali Salvador", "Earle Eyvind", "Rubens Peter Paul", "Chagall Marc", "Roerich Nicholas", "Roerich Nicholas", "Earle Eyvind", "Titian"], "Romanticism": 0.004592691443252218, "High Renaissance": 0.005481806158643852, "Magic Realism": 0.004955881214586203, "Na\u00efve Art (Primitivism)": 0.0048955574160312945, "scores": [0.013130852909865468, 0.013274585640307587, 0.013846676005343303, 0.014078313451006758, 0.014136677858960278, 0.014288047810450134, 0.014355718888365438, 0.014530376553294297, 0.014584670771034237, 0.015189624746024777, 0.0153139983969855, 0.015394528934848745, 0.015511062193809575, 0.015520400568764423, 0.015566929035690309, 0.015630976783267705, 0.01572349091878291, 0.015740624694714767, 0.015796464905866316, 0.01584445770320545], "year": [1943.0, 1769.0, "unknown", 1909.0, 1607.0, 1923.0, 1602.0, 1907.0, 1905.0, 1974.0, 1942.0, "unknown", 1926.0, 1996.0, 1609.0, 1923.0, 1924.0, 1913.0, 1996.0, "unknown"], "Symbolism": 0.005439954523437387, "title": ["The Buffet 'Catalan'", "Triple generation", "Carmel Valley Memoryl", "The Muse Inspiring the Poet", "Saint Gregory with Saints Domitilla, Maurus, and Papianus", "Tchitchikov's arrival to town N", "Sacrifice of Isaac", "Portrait of a priest and a deacon", "Hylda, Almina and Conway, Children of Asher Wertheimer", "Big Sur and Branch", "Untitled - Set Design (Figures Cut in Three)", "Untitled", "Portrait of Sefiora Abadal De'Argemi", "Pasture Through the Fog", "St. Jerome in His Hermitage", "Pliushkin treats Tchtchikov", "Sanga Chelling", "Yard", "Early Autumn", "Apostles group"], "Baroque": 0.004902454754492707, "style_dict": {"Magic Realism": 4, "Art Nouveau (Modern)": 1, "Romanticism": 1, "High Renaissance": 1, "Surrealism": 3, "Na\u00efve Art (Primitivism)": 3, "Symbolism": 1, "Baroque": 3, "Realism": 3}, "Realism": 0.004965520440760868}