{"Impressionism": 0.003553251520172002, "style": ["Impressionism", "Realism", "Expressionism", "Romanticism", "Neo-Expressionism", "Art Nouveau (Modern)", "Northern Renaissance", "Na\u00efve Art (Primitivism)", "Realism", "Surrealism", "Surrealism", "Realism", "Impressionism", "Northern Renaissance", "Impressionism", "Constructivism", "Northern Renaissance", "Neo-Expressionism", "Post-Impressionism", "Symbolism"], "style_labels": ["Impressionism", "Neo-Expressionism", "Art Nouveau (Modern)", "Northern Renaissance", "Romanticism", "Surrealism", "Na\u00efve Art (Primitivism)", "Expressionism", "Symbolism", "Constructivism", "Post-Impressionism", "Realism"], "Neo-Expressionism": 0.004034471369693044, "contentId": ["219418.jpg", "210118.jpg", "232867.jpg", "201778.jpg", "231509.jpg", "226953.jpg", "200777.jpg", "202549.jpg", "207495.jpg", "203030.jpg", "204488.jpg", "228995.jpg", "212774.jpg", "200641.jpg", "219465.jpg", "219615.jpg", "201081.jpg", "231584.jpg", "214093.jpg", "248225.jpg"], "Art Nouveau (Modern)": 0.0037337593350629337, "artist": ["Renoir Pierre-Auguste", "Levitan Isaac", "Schiele Egon", "Dore Gustave ", "Twombly Cy", "Roerich Nicholas", "Durer Albrecht", "Chagall Marc", "van Gogh Vincent ", "Chagall Marc", "Escher M.C.", "Shishkin Ivan", "Monet Claude", "Durer Albrecht", "Renoir Pierre-Auguste", "Malevich Kazimir", "Durer Albrecht", "Twombly Cy", "Matisse Henri", "Redon Odilon"], "Northern Renaissance": 0.004065123612489598, "Romanticism": 0.0035670290837020047, "scores": [0.007031008792128574, 0.008755371527535562, 0.009878062589254524, 0.010310040123126508, 0.010675254829831313, 0.010791952532847066, 0.011152579608476512, 0.011322208945963155, 0.011542699719982204, 0.011936114721215293, 0.012051360588490037, 0.012159090613068265, 0.01228298337388929, 0.012342316911596846, 0.012619778599084275, 0.012862720793276477, 0.013039169485691064, 0.01308325469267912, 0.013111515957823346, 0.013255822055524636], "Surrealism": 0.004073352424592629, "title": ["Woman in a hat with flowers", "Blessing of the waters", "Woman with Long Hair", "Portrait of Dante Alighieri", "Leaving Paphos Ringed With Waves V", "Towns", "Joachim and the Angel from the 'Life of the Virgin'", "Drawing by Marc Chagall for Vladimir Mayakovsky's 70th birthday", "Woman Sitting at the Fireside", "Song of Songs II", "Drawing Hands", "Trees. Kozlovka-Zaseka", "The\u00a0pool\u00a0seen\u00a0from the\u00a0bridge\u00a0Argenteuil", "Crucifixion", "Woman with a mandolin", "Billboard", "St. Eustace", "Untitled I", "Nude in an Armchair, Legs Crossed", "The Flame (Goddess of Fire)"], "Na\u00efve Art (Primitivism)": 0.003917215463731327, "Expressionism": 0.0034175751137440324, "year": [1917.0, 1893.0, 1911.0, 1860.0, 2009.0, 1914.0, 1511.0, 1963.0, 1881.0, 1957.0, 1948.0, 1873.0, 1874.0, 1508.0, 1919.0, 1922.0, 1501.0, 2005.0, 1920.0, 1896.0], "Symbolism": 0.004586199688434973, "Constructivism": 0.004450195985390806, "Post-Impressionism": 0.004536273204996619, "style_dict": {"Impressionism": 3, "Neo-Expressionism": 2, "Art Nouveau (Modern)": 1, "Northern Renaissance": 3, "Romanticism": 1, "Surrealism": 2, "Na\u00efve Art (Primitivism)": 1, "Expressionism": 1, "Symbolism": 1, "Constructivism": 1, "Post-Impressionism": 1, "Realism": 3}, "Realism": 0.003611488933453148, "style_counts": [0.0010329481682629371, 0.0005517283187419508, 0.0008524403533720637, 0.0005210760759454258, 0.0010191706047329996, 0.0005128472638423753, 0.0006689842247036282, 0.001168624574690913, 0.0, 0.0001360037030442296, 4.9926483438378355e-05, 0.000974710754981789]}