{"style": ["Color Field Painting", "Color Field Painting", "Regionalism", "Color Field Painting", "Pop Art", "Expressionism, Symbolism", "Realism", "Symbolism", "Color Field Painting", "Cubism", "Symbolism", "Color Field Painting", "Expressionism", "Surrealism", "Surrealism", "Surrealism", "Color Field Painting", "Art Nouveau (Modern)", "Art Nouveau (Modern)", "Color Field Painting"], "style_labels": ["Art Nouveau (Modern)", "Surrealism", "Color Field Painting", "Expressionism, Symbolism", "Expressionism", "Symbolism", "Pop Art", "Cubism", "Realism", "Regionalism"], "artist": ["Rothko Mark", "Rothko Mark", "Rockwell Norman", "Rothko Mark", "Warhol Andy", "Dali Salvador", "Sargent John Singer", "Roerich Nicholas", "Rothko Mark", "Leger Fernand ", "Roerich Nicholas", "Rothko Mark", "Derain Andre", "Klee Paul", "Chagall Marc", "Beksinski Zdislav", "Reinhardt Ad", "Roerich Nicholas", "Mucha Alphonse", "Reinhardt Ad"], "contentId": ["290283.jpg", "242143.jpg", "247601.jpg", "290282.jpg", "229357.jpg", "246773.jpg", "266193.jpg", "226468.jpg", "242172.jpg", "195983.jpg", "226919.jpg", "290290.jpg", "256107.jpg", "202131.jpg", "203033.jpg", "258884.jpg", "283516.jpg", "225448.jpg", "227761.jpg", "283315.jpg"], "Art Nouveau (Modern)": 0.007478507876204954, "title": ["No. 14", "Ochre and Red on Red", "Airplane Trip", "Untitled (Blue Divided by Blue)", "Mobil", "Omnes gentes in valle Iosaphat (Joel 3:2)", "Madame Errazuriz", "Runaways", "Untitled", "Draft costume (Front)", "Tibet stronghold", "No. 2 (No. 7 and No. 2)", "Bathers", "A swarming", "Song of Songs III", "Untitled", "Abstract Painting", "Captive", "not detected", "Abstract Painting"], "style_counts": [0.0, 0.0004722164342085833, 0.0018973022016877117, 0.0017712706984605031, 0.0006234806047252794, 0.0012465510585629724, 0.0018104526432630719, 0.0008971692045095514, 0.0013675661409711104, 0.0023693507273446768], "scores": [0.011942038077581714, 0.013610339582661418, 0.014767363529718932, 0.01617647552342033, 0.016382786767490894, 0.016496037154167757, 0.017662893405669025, 0.017666945015628828, 0.01864044422783842, 0.01902251542581843, 0.019032288125065723, 0.01958550254931086, 0.019813577225092742, 0.019842325498138053, 0.021215344258934298, 0.021909250415068533, 0.021960818483583257, 0.021997830307814097, 0.022042189885588103, 0.022245986058619164], "Surrealism": 0.007006291441996363, "Color Field Painting": 0.0055812056745172724, "Expressionism, Symbolism": 0.005707237177744514, "Expressionism": 0.006855027271479635, "year": [1960.0, 1957.0, "unknown", 1966.0, "unknown", 1967.0, 1882.0, 1943.0, 1968.0, 1929.0, 1932.0, 1951.0, 1907.0, 1938.0, 1960.0, "unknown", 1966.0, 1909.0, "unknown", 1966.0], "Symbolism": 0.006231956817642043, "Pop Art": 0.005668055232941921, "style_dict": {"Art Nouveau (Modern)": 2, "Surrealism": 3, "Color Field Painting": 7, "Expressionism, Symbolism": 1, "Expressionism": 1, "Symbolism": 2, "Pop Art": 1, "Cubism": 1, "Realism": 1, "Regionalism": 1}, "Cubism": 0.006581338671695465, "Realism": 0.006110941735233893, "Regionalism": 0.005109157148860241}