{"style_counts": [0.0007860851542936809, 0.0, 0.0005229929620175211, 0.0003409195179530089, 0.00025507653329337465, 0.0007522060149105503, 0.0002087727045458898, 0.0010541653833949782, 0.0005924744699753459], "style": ["Surrealism", "High Renaissance", "Proto Renaissance", "Na\u00efve Art (Primitivism)", "Na\u00efve Art (Primitivism)", "Realism", "Realism", "Realism", "Neoclassicism", "Surrealism", "Realism", "Magic Realism", "High Renaissance", "High Renaissance", "Symbolism", "Neoclassicism", "Symbolism", "High Renaissance", "Symbolism", "Romanticism"], "style_labels": ["Surrealism", "Romanticism", "High Renaissance", "Neoclassicism", "Magic Realism", "Na\u00efve Art (Primitivism)", "Symbolism", "Proto Renaissance", "Realism"], "Surrealism": 0.002313830161293569, "contentId": ["220909.jpg", "193176.jpg", "252281.jpg", "203315.jpg", "203171.jpg", "199788.jpg", "191905.jpg", "206833.jpg", "232523.jpg", "224757.jpg", "199811.jpg", "345410.jpg", "224845.jpg", "193183.jpg", "260630.jpg", "262136.jpg", "226448.jpg", "193285.jpg", "225631.jpg", "214563.jpg"], "artist": ["Dali Salvador", "Michelangelo", "Giotto", "Chagall Marc", "Chagall Marc", "Corot Camille ", "Courbet Gustave", "van Gogh Vincent ", "Bouguereau William-Adolphe", "Picasso Pablo", "Corot Camille ", "Holbrook Carter Clarence", "Titian", "Michelangelo", "B\u00f6cklin Arnold", "Piranesi Giovanni Battista", "Roerich Nicholas", "Michelangelo", "Roerich Nicholas", "Alma-Tadema Lawrence "], "Romanticism": 0.0030999153155873028, "High Renaissance": 0.00257692235356973, "Neoclassicism": 0.0027589957976342705, "Magic Realism": 0.002844838782293898, "Na\u00efve Art (Primitivism)": 0.002347709300676719, "scores": [0.005797222516624375, 0.005904000240440403, 0.005912977827726608, 0.006777505098457133, 0.0070478684548711, 0.007278235544195037, 0.007499593572289324, 0.007587506492408257, 0.007648872269843466, 0.007828640919543137, 0.008170504054025803, 0.008222641672109999, 0.008322823906817909, 0.0083427408151692, 0.00838442631090017, 0.008598517269978033, 0.008658707668563442, 0.00881242674042887, 0.008940133702567627, 0.008959907680043316], "year": [1944.0, 1510.0, 1300.0, 1968.0, 1931.0, "unknown", 1853.0, 1882.0, 1902.0, 1941.0, "unknown", 1979.0, "unknown", 1510.0, 1858.0, "unknown", 1911.0, 1505.0, 1915.0, 1879.0], "Symbolism": 0.002891142611041357, "title": ["Dance", "Sistine Chapel Ceiling: Cumaean Sibyl", "Death and Ascension of St. Francis (detail)", "Untitled", "The Descent towards Sodom", "The Flood", "The Houses of the Chateau D'Ornans", "Sien Nursing Baby, Half-Figure", "The Oreads", "Woman sitting in an armchair", "The Little Nest Harriers", "Clowns Making Up", "Apostles group", "Sistine Chapel Ceiling: Libyan Sibyl", "Pan among the reeds", "The Corso in Rome", "Rond rocks", "Various studies", "Giantess Krimgerd", "On the Road to the Temple of Ceres"], "style_dict": {"Magic Realism": 1, "Romanticism": 1, "High Renaissance": 4, "Surrealism": 2, "Realism": 4, "Symbolism": 3, "Proto Renaissance": 1, "Neoclassicism": 2, "Na\u00efve Art (Primitivism)": 2}, "Proto Renaissance": 0.002045749932192297, "Realism": 0.002507440845611894}