{"style": ["Surrealism", "Contemporary Realism", "Cubism", "Realism", "Art Deco", "Symbolism", "Na\u00efve Art (Primitivism)", "Realism", "Realism", "Cubism", "Symbolism", "Art Deco", "Art Nouveau (Modern)", "Post-Impressionism", "Post-Impressionism", "Neoclassicism", "Symbolism", "Orientalism", "Expressionism, Neoclassicism", "Surrealism"], "style_labels": ["Contemporary Realism", "Orientalism", "Art Nouveau (Modern)", "Realism", "Cubism", "Surrealism", "Na\u00efve Art (Primitivism)", "Symbolism", "Art Deco", "Post-Impressionism", "Expressionism, Neoclassicism", "Neoclassicism"], "artist": ["Solar Xul", "Freud Lucian", "Leger Fernand ", "van Gogh Vincent ", "Serebriakova Zinaida", "Roerich Nicholas", "Chagall Marc", "Manet Edouard", "van Gogh Vincent ", "Picasso Pablo", "Roerich Nicholas", "Serebriakova Zinaida", "Roerich Nicholas", "van Gogh Vincent ", "van Gogh Vincent ", "Bouguereau William-Adolphe", "B\u00f6cklin Arnold", "Gerome Jean-Leon", "Dali Salvador", "Beksinski Zdislav"], "Contemporary Realism": 0.0019497739067022503, "Orientalism": 0.0031297560955419, "Art Nouveau (Modern)": 0.0030043019347972327, "title": ["Pan-tree (back)", "Girl in a Blanket", "The two women in blue vase", "Potato Harvest with Two Figures", "Still Life with a Basket of Pears", "Castle. The Doomed City.", "Return from the Synagogue", "Battle of Kearsage and Alabama", "At the Plough", "Carnival at the bistro", "House of Spirit", "Basket with grapes and peaches", "Christ the saviour. Saint Peter and Saint Paul.", "Still Life Vase with Roses", "Portrait of the Postman Joseph Roulin", "Night", "Nessus and Deianeira", "A Seated Female Nude", "Untitled (After 'The Day' by Michelangelo)", "Untitled"], "Realism": 0.0026362183420673264, "style_counts": [0.0012318911117562559, 5.1908922916621414e-05, 0.00017736308366123055, 0.0005454466763912258, 0.0006279263984277916, 0.0006818970085042952, 0.0003651183612569664, 0.0003486019066212265, 0.0004970639164710855, 0.00018695845609362216, 0.0, 0.00011982470005444945], "Cubism": 0.0025537386200306786, "Surrealism": 0.0024997680099542604, "year": [1952.0, 1953.0, 1935.0, 1884.0, 1932.0, 1914.0, 1926.0, 1864.0, 1884.0, 1909.0, 1915.0, 1931.0, 1906.0, 1890.0, 1888.0, 1883.0, 1898.0, "unknown", 1982.0, "unknown"], "Na\u00efve Art (Primitivism)": 0.002816546657201503, "scores": [0.005430062217631714, 0.005635571434215055, 0.006626352830638604, 0.007076888404138898, 0.007166057847047068, 0.00800184618115867, 0.008140866912772073, 0.008206188538991214, 0.008409136159268138, 0.008412302240203486, 0.008450229084526929, 0.008643230409362948, 0.008683549464530725, 0.008797212031020955, 0.008838249435764218, 0.008849856783502787, 0.009009220525753401, 0.009046158627657678, 0.009196194712438674, 0.009290766517133578], "contentId": ["327242.jpg", "231972.jpg", "196312.jpg", "206687.jpg", "227507.jpg", "225463.jpg", "202966.jpg", "192010.jpg", "205693.jpg", "223810.jpg", "225870.jpg", "227182.jpg", "225484.jpg", "206958.jpg", "206675.jpg", "232442.jpg", "260622.jpg", "279297.jpg", "221771.jpg", "258765.jpg"], "Symbolism": 0.0028330631118373114, "Art Deco": 0.0026846011019874432, "Post-Impressionism": 0.0029947065623648454, "style_dict": {"Contemporary Realism": 1, "Orientalism": 1, "Art Nouveau (Modern)": 1, "Neoclassicism": 1, "Surrealism": 2, "Expressionism, Neoclassicism": 1, "Na\u00efve Art (Primitivism)": 1, "Symbolism": 3, "Art Deco": 2, "Post-Impressionism": 2, "Cubism": 2, "Realism": 3}, "Expressionism, Neoclassicism": 0.003181665018458516, "Neoclassicism": 0.0030618403184040225}