{"Impressionism": 0.003607510206798484, "style": ["Cubism", "Regionalism", "Realism", "Expressionism, Symbolism", "Realism", "Regionalism", "Post-Impressionism", "Impressionism", "Baroque", "Post-Impressionism", "Regionalism", "Realism", "Na\u00efve Art (Primitivism)", "Realism", "Na\u00efve Art (Primitivism)", "Realism", "Surrealism", "Surrealism", "Ukiyo-e", "Symbolism"], "style_labels": ["Impressionism", "Ukiyo-e", "Surrealism", "Expressionism, Symbolism", "Na\u00efve Art (Primitivism)", "Symbolism", "Baroque", "Post-Impressionism", "Cubism", "Realism", "Regionalism"], "artist": ["Picasso Pablo", "Rockwell Norman", "Kustodiev Boris", "Dali Salvador", "Levitan Isaac", "Rockwell Norman", "van Gogh Vincent ", "Hassam Childe", "Rembrandt", "van Gogh Vincent ", "Rockwell Norman", "Picasso Pablo", "Chagall Marc", "van Gogh Vincent ", "Chagall Marc", "van Gogh Vincent ", "Beksinski Zdislav", "Miro Joan", "Hokusai Katsushika", "Roerich Nicholas"], "contentId": ["223810.jpg", "247802.jpg", "230203.jpg", "246762.jpg", "210143.jpg", "247639.jpg", "206215.jpg", "244321.jpg", "220732.jpg", "205831.jpg", "247682.jpg", "223715.jpg", "202928.jpg", "206523.jpg", "202993.jpg", "206878.jpg", "258755.jpg", "227897.jpg", "222202.jpg", "225634.jpg"], "title": ["Carnival at the bistro", "Soldier and comrads", "Self Portrait  with wife", "Maria conferens in corde suo (Matthew 1:23)", "Cloudy Day.", "Clown Training Dogs", "Landscape with Cottages", "The Cedar Lot, Old Lyme", "Woman Standing with Raised Hands", "Couple Arm in Arm and Other Figures, with a Windmill in the Background", "Girl Broom Kitten", "Apple", "Pliushkin's village", "Peasant Woman, Digging, Seen from the Side", "Selifan", "Sketches of a Hen and a Cock", "Untitled", "Drawing-Collage with a Hat", "Head of an old man", "Giant's tomb"], "Ukiyo-e": 0.003897413388676839, "style_counts": [0.0002905290819795736, 6.259001011921228e-07, 7.813365906284009e-05, 0.0004702984672407817, 0.0001292651278256285, 0.0, 0.00021958757979434473, 0.00031906426945382815, 0.001319202674356701, 0.0004625221118454981, 0.0005492211633366662], "Surrealism": 0.0038199056297152888, "Expressionism, Symbolism": 0.0034277408215373007, "Na\u00efve Art (Primitivism)": 0.003768774160952422, "scores": [0.0074537965185519466, 0.009152268515528757, 0.00982848389462408, 0.009907445263959211, 0.010003163340315745, 0.010010076214156147, 0.010145612421743099, 0.01042704561805249, 0.010632092932431558, 0.0109305346829792, 0.010934142880257394, 0.010953306140686094, 0.011041693337190343, 0.011134473393074325, 0.01115215774917687, 0.011177220447000709, 0.011233408760006723, 0.011261549305735322, 0.011264973587477923, 0.011266782671453868], "year": [1909.0, "unknown", 1918.0, 1967.0, 1895.0, "unknown", 1890.0, 1904.0, "unknown", 1890.0, "unknown", 1914.0, 1923.0, 1885.0, 1923.0, 1890.0, "unknown", 1933.0, "unknown", 1915.0], "Symbolism": 0.0038980392887780985, "Baroque": 0.003678451708983766, "Post-Impressionism": 0.0035789750193242036, "style_dict": {"Impressionism": 1, "Ukiyo-e": 1, "Surrealism": 2, "Expressionism, Symbolism": 1, "Na\u00efve Art (Primitivism)": 2, "Symbolism": 1, "Baroque": 1, "Post-Impressionism": 2, "Cubism": 1, "Realism": 5, "Regionalism": 3}, "Cubism": 0.002578836614421321, "Realism": 0.003435517176932539, "Regionalism": 0.0033488181254414176}