{"Impressionism": 0.004110263821688199, "style": ["Symbolism", "Surrealism", "Realism", "Surrealism", "Neo-Expressionism", "Realism", "Post-Impressionism", "Northern Renaissance", "Post-Impressionism", "Cubism", "Realism", "Symbolism", "Post-Impressionism", "Impressionism", "Northern Renaissance", "unknown", "Neo-Expressionism", "Realism", "Northern Renaissance", "Abstract Expressionism"], "Abstract Expressionism": 0.004373039343048593, "Neo-Expressionism": 0.0038720857712149217, "unknown": 0.0042335558817615596, "artist": ["Roerich Nicholas", "Delvaux Paul", "van Gogh Vincent ", "Dali Salvador", "Basquiat Jean-Michel ", "van Gogh Vincent ", "van Gogh Vincent ", "Durer Albrecht", "van Gogh Vincent ", "Chagall Marc", "van Gogh Vincent ", "Roerich Nicholas", "Vallotton  Felix", "Levitan Isaac", "Durer Albrecht", "Matisse Henri", "Basquiat Jean-Michel ", "van Gogh Vincent ", "Durer Albrecht", "Rothko Mark"], "Northern Renaissance": 0.003924041979073819, "style_counts": [0.00026277552136033666, 0.0, 0.0005009535718336622, 0.0001394834612870044, 0.00044899736397474577, 0.0009524204252583379, 0.0007859688985865088, 0.0006326110397828488, 0.0005362257403718207, 0.0007340694281248172], "Surrealism": 0.0034206189177902334, "style_labels": ["Impressionism", "Abstract Expressionism", "Neo-Expressionism", "unknown", "Northern Renaissance", "Surrealism", "Symbolism", "Post-Impressionism", "Cubism", "Realism"], "year": [1942.0, 1969.0, 1885.0, 1937.0, 1988.0, 1885.0, 1890.0, "unknown", 1888.0, 1918.0, 1882.0, 1911.0, 1891.0, 1899.0, "unknown", 1906.0, 1983.0, 1884.0, "unknown", 1948.0], "scores": [0.00966602849691024, 0.009846622480563748, 0.010152437191172243, 0.01029698486826763, 0.010471934158577698, 0.010569895497210895, 0.010824004400390656, 0.010830495802623154, 0.010998669380550306, 0.01108981767748854, 0.011148034579273877, 0.011457791578469706, 0.01179329157408247, 0.011880190467709925, 0.011972497675530035, 0.012236550356118807, 0.012330306392304227, 0.012445334957086853, 0.01246314412032315, 0.012639709413316448], "contentId": ["226327.jpg", "243184.jpg", "206041.jpg", "220811.jpg", "203810.jpg", "205927.jpg", "205945.jpg", "201023.jpg", "205647.jpg", "202987.jpg", "207273.jpg", "226447.jpg", "271352.jpg", "210266.jpg", "201193.jpg", "9223372032559820539.jpg", "203784.jpg", "206532.jpg", "200590.jpg", "242097.jpg"], "Symbolism": 0.0035870704444620587, "title": ["Partisans", "The Lady of Loos", "Hands", "Average Pagan Landscape", "Eroica I", "Feet", "Field with Two Sowers and Trees", "Rock study of hikers", "A Lane near Arles", "Self Portrait with Muse (Dream)", "Two Men with a Four-Wheeled Wagon", "Rond rocks", "The Port of Pully", "Lake. Evening.", "The Cross of Christ", "Street at Biskra", "Ascent", "Peasant Woman, Head", "Christ before Caiaphas", "No.1 (Untitled)"], "Post-Impressionism": 0.0037404283032656865, "style_dict": {"Impressionism": 1, "Abstract Expressionism": 1, "Neo-Expressionism": 2, "unknown": 1, "Northern Renaissance": 3, "Surrealism": 2, "Symbolism": 2, "Post-Impressionism": 3, "Cubism": 1, "Realism": 4}, "Cubism": 0.0038368136026766895, "Realism": 0.003638969914923788}