{"style_counts": [0.0011447983334506029, 9.483017015410322e-05, 0.00020253695438532393, 0.00012376042050288305, 0.0004001940501298096, 0.0010381172438891362, 8.525103665169009e-05, 0.00015010792546144014, 0.00024199288157533694, 0.0, 0.0002886418959880954, 0.00034967517968498285], "style": ["Op Art, Surrealism", "Mannerism (Late Renaissance)", "Neoclassicism", "Magic Realism", "Neoclassicism", "Realism, Surrealism", "Expressionism", "Romanticism", "High Renaissance", "Symbolism", "Northern Renaissance", "Na\u00efve Art (Primitivism)", "Symbolism", "Baroque", "Symbolism", "Expressionism", "Symbolism", "Expressionism", "Symbolism", "Neoclassicism"], "style_labels": ["Op Art, Surrealism", "Northern Renaissance", "Romanticism", "High Renaissance", "Magic Realism", "Mannerism (Late Renaissance)", "Na\u00efve Art (Primitivism)", "Expressionism", "Symbolism", "Baroque", "Realism, Surrealism", "Neoclassicism"], "Op Art, Surrealism": 0.0030089079668664423, "contentId": ["221755.jpg", "225031.jpg", "232386.jpg", "271265.jpg", "232488.jpg", "221371.jpg", "189683.jpg", "197008.jpg", "224964.jpg", "225465.jpg", "9223372032559808852.jpg", "202673.jpg", "226880.jpg", "219997.jpg", "225781.jpg", "185414.jpg", "225940.jpg", "232113.jpg", "226077.jpg", "193460.jpg"], "artist": ["Dali Salvador", "Titian", "Bouguereau William-Adolphe", "Vallotton  Felix", "Bouguereau William-Adolphe", "Dali Salvador", "Modigliani Amedeo ", "Aivazovsky Ivan ", "Titian", "Roerich Nicholas", "Bruegel the Elder Pieter", "Chagall Marc", "Roerich Nicholas", "Rembrandt", "Roerich Nicholas", "Munch Edvard ", "Roerich Nicholas", "Freud Lucian", "Roerich Nicholas", "Ingres Jean Auguste Dominique "], "Northern Renaissance": 0.0040588761301630265, "Romanticism": 0.0039511693459318015, "High Renaissance": 0.004029945879814233, "scores": [0.008696862609539533, 0.009005210617909721, 0.010813848165530958, 0.01084904580085859, 0.010922486769622665, 0.011171472996722245, 0.011402708612615714, 0.01142034828814634, 0.011648041756865068, 0.011730458015043264, 0.011731660935422088, 0.011759348192362356, 0.011933132611254263, 0.01200575538103191, 0.012075855617128924, 0.012139412681552494, 0.012269014177721633, 0.012439005291541589, 0.012447900792363001, 0.012451241457890276], "Magic Realism": 0.0037535122501872777, "Mannerism (Late Renaissance)": 0.003115589056427955, "Na\u00efve Art (Primitivism)": 0.0040684552636653624, "Expressionism": 0.004003598374855613, "year": [1960.0, 1575.0, 1869.0, 1913.0, 1872.0, 1959.0, 1916.0, 1889.0, 1540.0, 1929.0, 1557.0, 1963.0, 1927.0, 1660.0, "unknown", 1927.0, 1924.0, 2004.0, 1915.0, 1811.0], "Symbolism": 0.003911713418741773, "title": ["Untitled", "St Sebastian", "Faneuse", "Portrait of Mr. Hasen", "Small\u00a0marauding", "Portrait of Reinaldo Herrera Marquis De Torre Casa", "Portrait of Paul Guillaume", "Wave", "Portrait of Benedetto Varchi", "Castles of King Gesar", "Parable of the Sower", "Jacob Wrestling with the Angel", "The unspilling vessel", "A Young Man at a Table (possibly Govaert Flinck)", "Himalayas", "Red House and Spruces", "Kangchenjunga", "Skewbald Mare", "Landscape with chapel", "Portrait of Charles-Joseph-Laurent Cordier"], "Baroque": 0.0041537063003171, "style_dict": {"Op Art, Surrealism": 1, "Northern Renaissance": 1, "Romanticism": 1, "High Renaissance": 1, "Magic Realism": 1, "Mannerism (Late Renaissance)": 1, "Na\u00efve Art (Primitivism)": 1, "Expressionism": 3, "Symbolism": 5, "Baroque": 1, "Realism, Surrealism": 1, "Neoclassicism": 3}, "Realism, Surrealism": 0.0038650644043289797, "Neoclassicism": 0.0038040311206320875}