{"Impressionism": 0.003264445189841804, "style": ["Na\u00efve Art (Primitivism)", "Neo-baroque", "Expressionism", "Na\u00efve Art (Primitivism)", "Neoclassicism", "New Realism", "Realism", "Realism", "Regionalism", "Op Art", "Symbolism", "Impressionism", "Realism", "Expressionism", "Romanticism", "Impressionism", "Magic Realism", "Impressionism", "Impressionism", "Neoclassicism"], "style_labels": ["Impressionism", "Symbolism", "Op Art", "Realism", "Romanticism", "Magic Realism", "Na\u00efve Art (Primitivism)", "Expressionism", "Neo-baroque", "New Realism", "Neoclassicism", "Regionalism"], "Symbolism": 0.003261395420075043, "Op Art": 0.0032131998522018867, "contentId": ["203098.jpg", "194569.jpg", "189776.jpg", "203136.jpg", "193361.jpg", "235544.jpg", "266273.jpg", "210400.jpg", "247856.jpg", "204594.jpg", "226323.jpg", "313771.jpg", "229814.jpg", "244692.jpg", "194052.jpg", "218942.jpg", "278366.jpg", "265735.jpg", "251289.jpg", "193425.jpg"], "artist": ["Chagall Marc", "de Chirico Giorgio ", "Modigliani Amedeo ", "Chagall Marc", "Ingres Jean Auguste Dominique ", "Hopper Edward", "Sargent John Singer", "Levitan Isaac", "Rockwell Norman", "Escher M.C.", "Roerich Nicholas", "Churchill Winston", "Kustodiev Boris", "Balthus", "Goya Francisco", "Renoir Pierre-Auguste", "Earle Eyvind", "Sargent John Singer", "Sorolla Joaqu\u00edn", "Ingres Jean Auguste Dominique "], "Realism": 0.0030638734030799036, "Romanticism": 0.00343082212351897, "scores": [0.005273806215547379, 0.006458257123309434, 0.007510750808380246, 0.007710687209244092, 0.008524322813801732, 0.00867220455997942, 0.00878188651052746, 0.009074292798736498, 0.009119831616100913, 0.009287342105280464, 0.009426645213516802, 0.009667714769988019, 0.00967945399780653, 0.009910202927331798, 0.009916351372184577, 0.009922811189296502, 0.010011926847229907, 0.010068352444057628, 0.010095828105424537, 0.010111651839637087], "Magic Realism": 0.003463888968565538, "year": [1963.0, 1942.0, 1918.0, 1967.0, 1862.0, "unknown", 1884.0, 1899.0, "unknown", 1939.0, 1931.0, "unknown", 1897.0, 1942.0, 1812.0, 1879.0, 1976.0, 1917.0, 1909.0, 1858.0], "style_counts": [0.000199443778723718, 0.00020249354849044554, 0.0002506891163636116, 0.0004000155654856341, 3.306684504655877e-05, 0.0, 0.0012589708981514125, 0.0005056083149376223, 0.0012294853470707912, 0.00046351210137263177, 0.0002992836251879405, 0.0003086437682944254], "Na\u00efve Art (Primitivism)": 0.002204918070414102, "Expressionism": 0.0029582806536279198, "Neo-baroque": 0.002234403621494784, "New Realism": 0.003000376867192931, "title": ["Study to \"The Jacob's Dream\"", "Still Life with rocky landscape", "Two girls", "The Blue Face", "Jesus Among the Doctors", "Compartment Car", "Mrs. Thomas Wodehouse Legh", "Sunny Day. Near the isba.", "Willie Gillis Girls with Letters", "Metamorphosis II excerpt 3", "Palden Lhamo", "Moat at Breccles", "Fist fight on the Moscow River", "Drawing room", "Scene of Rape and Murder", "Portrait of Therese Berard", "Jeweled Coast", "Shady Paths, Vizcaya", "Self-Portrait", "Odalisque with Slave"], "style_dict": {"Impressionism": 4, "Magic Realism": 1, "Op Art": 1, "Romanticism": 1, "Symbolism": 1, "Realism": 3, "Expressionism": 2, "Neo-baroque": 1, "New Realism": 1, "Regionalism": 1, "Neoclassicism": 2, "Na\u00efve Art (Primitivism)": 2}, "Neoclassicism": 0.003164605343377602, "Regionalism": 0.003155245200271065}