{"Fauvism": 0.003182464998472709, "Impressionism": 0.0031179392960050682, "style": ["Surrealism", "Post-Impressionism", "Art Nouveau (Modern)", "Symbolism", "Romanticism", "Surrealism", "Surrealism", "Impressionism", "Surrealism", "Neo-Romanticism", "Symbolism", "Abstract Art", "Surrealism", "Expressionism, Orientalism", "Fauvism", "Surrealism", "Symbolism", "Impressionism", "Expressionism", "Abstract Expressionism"], "Abstract Expressionism": 0.003353109753460279, "Neo-Romanticism": 0.003077773117674469, "artist": ["Dali Salvador", "van Gogh Vincent ", "Mucha Alphonse", "Roerich Nicholas", "Goya Francisco", "Dali Salvador", "Dali Salvador", "Renoir Pierre-Auguste", "Dali Salvador", "Kittelsen Theodor Severin", "Roerich Nicholas", "Kandinsky Wassily", "Beksinski Zdislav", "Matisse Henri", "Mondrian Piet", "Dali Salvador", "Roerich Nicholas", "Renoir Pierre-Auguste", "Dali Salvador", "Miro Joan"], "contentId": ["221575.jpg", "206604.jpg", "227677.jpg", "226497.jpg", "193915.jpg", "221010.jpg", "220947.jpg", "218360.jpg", "221094.jpg", "321825.jpg", "225317.jpg", "189319.jpg", "258719.jpg", "214123.jpg", "185974.jpg", "220946.jpg", "225608.jpg", "218750.jpg", "221749.jpg", "325160.jpg"], "Art Nouveau (Modern)": 0.002249964544973427, "title": ["The Dream of Venus", "Pink Peach Trees", "Moravian Teachers0 Choir", "Saint Pantaleon the Healer", "Equestrian portrait of Maria Luisa of Parma", "Gala's Castle at Pubol", "Enchanted Beach with Three Fluid Graces", "Christine Lerolle Embroidering", "Landscape Near Port Lligat", "Peer Gynt In the Hall of the Mountain King", "Alexander Nevsky", "Grey oval", "Untitled", "Odalisques", "Church tower at Domburg", "Enchanted Beach (Long, Siphon)", "Flying Carpet", "Maternity (child with a biscuit)", "Two Gypsy Lads", "Hope of a Condemned Man II"], "Romanticism": 0.0025404999386811297, "Expressionism, Orientalism": 0.003177724643234406, "scores": [0.005091398161697574, 0.006313648976446505, 0.006503233977058888, 0.007247090938247354, 0.007342989273700875, 0.008489211670926002, 0.008593368111624566, 0.008772245630062405, 0.008795009336672167, 0.008895908496538313, 0.008944812068981572, 0.008989606465441943, 0.009086878855423178, 0.009184805563175392, 0.009198506952078578, 0.009357713331449052, 0.009569025615200436, 0.009588918365601782, 0.009605183695261463, 0.009691733732527762], "Surrealism": 0.002626570489630116, "style_labels": ["Fauvism", "Impressionism", "Abstract Expressionism", "Neo-Romanticism", "Art Nouveau (Modern)", "Romanticism", "Expressionism, Orientalism", "Surrealism", "Expressionism", "Symbolism", "Abstract Art", "Post-Impressionism"], "Expressionism": 0.003323165495587618, "year": [1939.0, 1888.0, 1911.0, 1916.0, 1788.0, 1973.0, 1938.0, 1897.0, 1958.0, 1890.0, 1942.0, 1917.0, "unknown", "unknown", 1911.0, 1937.0, 1943.0, 1887.0, 1921.0, 1974.0], "Symbolism": 0.002866403077231359, "Abstract Art": 0.0031101903901750243, "Post-Impressionism": 0.0021843726362182785, "style_dict": {"Fauvism": 1, "Impressionism": 2, "Abstract Expressionism": 1, "Neo-Romanticism": 1, "Art Nouveau (Modern)": 1, "Romanticism": 1, "Expressionism, Orientalism": 1, "Surrealism": 6, "Expressionism": 1, "Symbolism": 3, "Abstract Art": 1, "Post-Impressionism": 1}, "style_counts": [0.00017064475498751452, 0.0002351704574551361, 0.0, 0.0002753366357858278, 0.0011031452084868665, 0.0008126098147791527, 0.00017538511022585634, 0.0007265392638301504, 2.994425787261612e-05, 0.0004867066762288541, 0.00024291936328524333, 0.0011687371172419692]}