{"style": ["Art Nouveau (Modern)", "Art Nouveau (Modern)", "Expressionism", "Expressionism", "Color Field Painting", "Action painting", "Neo-Expressionism", "Minimalism", "Neo-Expressionism", "Regionalism", "Realism", "Color Field Painting", "Constructivism", "Art Nouveau (Modern)", "Art Nouveau (Modern)", "Color Field Painting", "Precisionism", "Post-Impressionism", "Neo-Expressionism", "Realism"], "style_labels": ["Neo-Expressionism", "Regionalism", "Art Nouveau (Modern)", "Color Field Painting", "Action painting", "Expressionism", "Minimalism", "Constructivism", "Post-Impressionism", "Realism", "Precisionism"], "Neo-Expressionism": 0.006098310543404516, "Regionalism": 0.006180791398515343, "Art Nouveau (Modern)": 0.0052736501252422545, "artist": ["Roerich Nicholas", "Roerich Nicholas", "Dali Salvador", "Pollock Jackson ", "Rothko Mark", "Pollock Jackson ", "Basquiat Jean-Michel ", "Rothko Mark", "Basquiat Jean-Michel ", "Rockwell Norman", "Sargent John Singer", "Rothko Mark", "Leger Fernand ", "Roerich Nicholas", "Roerich Nicholas", "Rothko Mark", "O'Keeffe Georgia", "van Gogh Vincent ", "Basquiat Jean-Michel ", "Roerich Nicholas"], "year": [1918.0, 1912.0, 1937.0, 1937.0, 1954.0, 1949.0, 1983.0, 1964.0, 1983.0, "unknown", "unknown", 1956.0, 1924.0, 1921.0, 1918.0, 1967.0, 1917.0, 1890.0, 1983.0, 1893.0], "style_counts": [0.0006791795541174483, 0.0005966986990065815, 0.0015038399722796525, 0.0007851073684786991, 0.0008186941844022799, 0.0018502124734746106, 0.0007552324849470216, 0.0003425018593509188, 0.0, 0.0003599885547580506, 2.5867526088130255e-05], "scores": [0.01287683201644662, 0.013840519631967798, 0.014291770185051539, 0.014724366409787821, 0.01645945108945006, 0.017223135418348263, 0.017279417636493842, 0.017406563322161804, 0.017790689177470318, 0.017864784899716286, 0.018004586360774136, 0.018211979540714397, 0.018599508266003525, 0.018663071070158535, 0.018842561821438977, 0.019183292380482986, 0.019514699200446392, 0.019589465967298453, 0.019736610313130294, 0.0197872970219756], "Color Field Painting": 0.005992382729043275, "title": ["Vignette for book \"N. K. Roerich\"", "Knight of entourage", "The Ants", "Figures in a Landscape", "Ochre and Red on Red", "Number 26", "Pelptic Ulcer", "No. 5", "Dog Leg Study", "Bunny Boy", "Standing Male Figure", "Green and Tangerine on Red", "Study\u00a0for the\u00a0Creation\u00a0of\u00a0the World", "A guy with the horn", "Vignette for book \"N. K. Roerich\"", "No. 3", "Nude Series VIII", "Sheet with Sketches of Diggers and Other Figures", "Mace", "Part of Izvara Lake"], "Action painting": 0.005958795913119698, "Expressionism": 0.004927277624047369, "contentId": ["227031.jpg", "225990.jpg", "221551.jpg", "185283.jpg", "242142.jpg", "288184.jpg", "203894.jpg", "290287.jpg", "203805.jpg", "247623.jpg", "266400.jpg", "242090.jpg", "196198.jpg", "225305.jpg", "227018.jpg", "290284.jpg", "231781.jpg", "206820.jpg", "203854.jpg", "226325.jpg"], "Minimalism": 0.006022257612574945, "Constructivism": 0.006434988238171024, "Post-Impressionism": 0.00677749009752198, "style_dict": {"Neo-Expressionism": 3, "Art Nouveau (Modern)": 4, "Precisionism": 1, "Color Field Painting": 3, "Action painting": 1, "Expressionism": 2, "Minimalism": 1, "Constructivism": 1, "Post-Impressionism": 1, "Realism": 2, "Regionalism": 1}, "Realism": 0.006417501542763925, "Precisionism": 0.006751622571433751}