{"style_counts": [0.0013656379217976689, 0.0, 4.944449444332921e-05, 1.6161916301271617e-05, 0.0004686053518035971, 0.0010207828280341946, 0.0011810030121601756, 0.0008131113627246611], "style": ["Post-Impressionism", "Neo-Romanticism", "Post-Impressionism", "Symbolism", "Realism", "Post-Impressionism", "Post-Impressionism", "Romanticism", "Realism", "Realism", "Realism", "Realism", "unknown", "Post-Impressionism", "Northern Renaissance", "Neo-Expressionism", "Realism", "Realism", "Realism", "Realism"], "style_labels": ["Neo-Romanticism", "Neo-Expressionism", "unknown", "Northern Renaissance", "Romanticism", "Symbolism", "Post-Impressionism", "Realism"], "Neo-Romanticism": 0.004104631461836137, "Neo-Expressionism": 0.005470269383633784, "unknown": 0.005420824889190475, "artist": ["van Gogh Vincent ", "Kittelsen Theodor Severin", "van Gogh Vincent ", "Roerich Nicholas", "van Gogh Vincent ", "van Gogh Vincent ", "van Gogh Vincent ", "Aivazovsky Ivan ", "van Gogh Vincent ", "van Gogh Vincent ", "van Gogh Vincent ", "van Gogh Vincent ", "Solar Xul", "van Gogh Vincent ", "Durer Albrecht", "Basquiat Jean-Michel ", "van Gogh Vincent ", "van Gogh Vincent ", "van Gogh Vincent ", "van Gogh Vincent "], "Northern Renaissance": 0.005454107467332578, "Romanticism": 0.005001664031830236, "year": [1890.0, 1890.0, 1889.0, 1937.0, 1885.0, 1889.0, "unknown", 1886.0, 1885.0, 1885.0, 1881.0, 1883.0, 1936.0, 1890.0, 1511.0, 1983.0, 1885.0, 1885.0, 1885.0, 1885.0], "scores": [0.011005919257845225, 0.011863910853863218, 0.012015874374694226, 0.012860670277443784, 0.013518770875885745, 0.013665757398558631, 0.0138944647728047, 0.014456668460087176, 0.014479924714590984, 0.014664228179434469, 0.014674133790434234, 0.015264492969333174, 0.015668199164216755, 0.015709506436033256, 0.01576439818810866, 0.01581111213453915, 0.0158151692553132, 0.01603700948525223, 0.01604919400416293, 0.01605831055008064], "contentId": ["206817.jpg", "321698.jpg", "205856.jpg", "225709.jpg", "206560.jpg", "207081.jpg", "206164.jpg", "196669.jpg", "206510.jpg", "206460.jpg", "206474.jpg", "205914.jpg", "345159.jpg", "206863.jpg", "201088.jpg", "203851.jpg", "206570.jpg", "207032.jpg", "206278.jpg", "206479.jpg"], "Symbolism": 0.004449486555599606, "title": ["Sheet with Peasants Eating and Other Figures", "July", "Death's Head Moth", "Himalayas", "Peasant Woman, Stooping", "The Courtyard of the Hospital at Arles", "Interior of a Restaurant", "Pushkin and Countess Raevskaya by the sea near Gurzuf and Partenit", "Peasant Woman Stooping and Gleaning", "Peasant Boy, Digging", "Peasant Sitting by the Fireplace (Worn Out)", "Farmhouse", "Vuel Villa", "Sketch of a Tree against Clouds with Colour Annotations", "St. Jerome in His Study", "Liberty", "Peasant, Chopping", "Studies of Three Peasants and a Head", "Man Loading a Cart", "Peasant with Sickle, Seen from the Back"], "Post-Impressionism": 0.004289266371473642, "style_dict": {"Neo-Romanticism": 1, "Neo-Expressionism": 1, "unknown": 1, "Northern Renaissance": 1, "Romanticism": 1, "Symbolism": 1, "Post-Impressionism": 5, "Realism": 9}, "Realism": 0.004657158020909147}