{"Impressionism": 0.0034487092307550096, "style": ["Na\u00efve Art (Primitivism)", "Expressionism", "Realism", "Symbolism", "Symbolism", "Surrealism", "Post-Impressionism", "Neo-baroque", "Na\u00efve Art (Primitivism)", "Na\u00efve Art (Primitivism)", "Surrealism", "Surrealism", "Neo-Expressionism", "Surrealism", "Surrealism", "Surrealism", "Realism", "Surrealism", "Impressionism", "Northern Renaissance"], "style_labels": ["Impressionism", "Neo-Expressionism", "Northern Renaissance", "Surrealism", "Na\u00efve Art (Primitivism)", "Expressionism", "Neo-baroque", "Symbolism", "Post-Impressionism", "Realism"], "Neo-Expressionism": 0.003340060358709098, "contentId": ["202525.jpg", "256155.jpg", "191839.jpg", "226152.jpg", "226248.jpg", "203016.jpg", "206376.jpg", "194592.jpg", "202556.jpg", "202443.jpg", "203017.jpg", "234145.jpg", "231509.jpg", "234133.jpg", "202428.jpg", "258857.jpg", "207393.jpg", "221033.jpg", "219148.jpg", "195461.jpg"], "artist": ["Chagall Marc", "Derain Andre", "Courbet Gustave", "Roerich Nicholas", "Roerich Nicholas", "Chagall Marc", "van Gogh Vincent ", "de Chirico Giorgio ", "Chagall Marc", "Chagall Marc", "Chagall Marc", "Ernst Max", "Twombly Cy", "Ernst Max", "Chagall Marc", "Beksinski Zdislav", "van Gogh Vincent ", "Dali Salvador", "Renoir Pierre-Auguste", "Bosch Hieronymus"], "Northern Renaissance": 0.0034681716164651414, "style_counts": [1.9462385710156127e-05, 0.00012811125775602505, 0.0, 0.0004921357424617634, 0.0008525031337914823, 0.0010931449261772919, 0.00048137236817769047, 0.0009480195826043758, 0.000605029020615433, 0.0006182255869900954], "scores": [0.00590815335268688, 0.0068647100698575585, 0.006883243717491343, 0.007201850841825921, 0.0076390169220247545, 0.00825920245673762, 0.008275546497873716, 0.008632960193755496, 0.008726176763773116, 0.008873197354931087, 0.009313310999840951, 0.00938133211830761, 0.00965401613048131, 0.009669078246936495, 0.009801397510868733, 0.009852933174236557, 0.0098997406379231, 0.009928760953477727, 0.009968051761770087, 0.010024305291767933], "Surrealism": 0.0029760358740033945, "year": [1911.0, 1912.0, 1873.0, 1931.0, 1924.0, 1960.0, 1889.0, "unknown", 1956.0, 1956.0, 1960.0, 1953.0, 2009.0, 1937.0, 1973.0, "unknown", 1884.0, 1940.0, "unknown", "unknown"], "Na\u00efve Art (Primitivism)": 0.0026156684826737315, "Expressionism": 0.002375026690287835, "Neo-baroque": 0.002986799248287435, "Symbolism": 0.002520152033860805, "title": ["Daphnis and Chloe", "Portrait of a Woman", "Self-Portrait at Sainte Pelagie", "Milarepa's cave", "Mountains Soshing", "Song of Songs I", "Olive Trees against a Slope of a Hill", "The Fall", "Elijah is taken to heaven in a chariot of fire, to his disciple Elisha (II Kings, II 0.9-12)", "Being asleep in the desert where he had retired to wait for the death, Elijah has been  awakened and cheered by an angel (I Kings, XIX, 5-8)", "Song of Songs I", "Colorado of Medusa, Color Raft of Medusa", "Leaving Paphos Ringed With Waves V", "Barbarians", "Artist and His Model", "Untitled", "Water Wheels of Mill at Gennep", "Group of Women Imitating the Gestures of a Schooner", "Sugar Bowl and Earthenware Bowl", "Tree Man"], "Post-Impressionism": 0.00286314259584978, "style_dict": {"Impressionism": 1, "Neo-Expressionism": 1, "Northern Renaissance": 1, "Surrealism": 7, "Na\u00efve Art (Primitivism)": 3, "Expressionism": 1, "Neo-baroque": 1, "Symbolism": 2, "Post-Impressionism": 1, "Realism": 2}, "Realism": 0.0028499460294751366}