{"Fauvism": 0.003171254058609956, "style_counts": [0.0006632721893112814, 0.00022239215620822872, 0.0007948635573504781, 0.0, 0.00033228011049946105, 0.00021924335311673815, 0.00048350073655811787, 0.00041623107426524975, 0.0009489465582175338, 0.00010509177075734843], "Cubism, Surrealism": 0.0036121340917130546, "style_labels": ["Fauvism", "Cubism, Surrealism", "Op Art", "Art Nouveau (Modern)", "Purism", "Surrealism", "Na\u00efve Art (Primitivism)", "Expressionism", "Cubism", "Neoclassicism"], "artist": ["Leger Fernand ", "Escher M.C.", "Pollock Jackson ", "Miro Joan", "Escher M.C.", "Leger Fernand ", "Chagall Marc", "Escher M.C.", "Escher M.C.", "Leger Fernand ", "Picasso Pablo", "Chagall Marc", "Chagall Marc", "Ingres Jean Auguste Dominique ", "Mucha Alphonse", "Picasso Pablo", "Leger Fernand ", "Solar Xul", "Leger Fernand ", "Magritte Rene"], "Op Art": 0.003039662690570742, "contentId": ["196202.jpg", "204605.jpg", "185282.jpg", "228006.jpg", "204606.jpg", "195953.jpg", "202413.jpg", "204607.jpg", "204705.jpg", "196109.jpg", "223678.jpg", "202411.jpg", "202596.jpg", "193534.jpg", "227645.jpg", "223879.jpg", "196253.jpg", "327242.jpg", "196382.jpg", "211343.jpg"], "Art Nouveau (Modern)": 0.003834526247921261, "title": ["Study\u00a0for\u00a0The\u00a0City", "Metamorphosis III excerpt 4", "Circle", "Portrait of E.C. Ricart", "Metamorphosis III excerpt 5", "Composition\u00a0at\u00a0pitcher", "Ahasuerus sends Vasthi away", "Metamorphosis III excerpt 6", "NOT DETECTED", "Part campaign", "A bullfight", "Adam and Eve with the forbidden fruit", "Hagar in the desert", "Study of a woman's hands", "Evestar", "El Tinen", "The dancers (yellow background)", "Pan-tree (back)", "The\u00a0album\u00a0\"Circus\"", "Eternity"], "style": ["Cubism", "Op Art", "Expressionism", "Fauvism", "Op Art", "Purism", "Na\u00efve Art (Primitivism)", "Op Art", "Surrealism", "Na\u00efve Art (Primitivism)", "Cubism, Surrealism", "Na\u00efve Art (Primitivism)", "Na\u00efve Art (Primitivism)", "Neoclassicism", "Art Nouveau (Modern)", "Expressionism", "Na\u00efve Art (Primitivism)", "Surrealism", "Purism", "Surrealism"], "Purism": 0.0035022461374217394, "Surrealism": 0.003615282894804462, "Na\u00efve Art (Primitivism)": 0.003351025511363081, "Expressionism": 0.003418295173655985, "year": ["unknown", 1968.0, 1941.0, 1917.0, 1968.0, 1918.0, 1960.0, 1968.0, 1935.0, "unknown", 1934.0, 1960.0, 1960.0, "unknown", "unknown", 1906.0, 1954.0, 1952.0, 1950.0, 1935.0], "scores": [0.008340398040278365, 0.008543366821344883, 0.008991639095560614, 0.009166103168119805, 0.009166440553506352, 0.0093381331289077, 0.009341457645335508, 0.009608239493730956, 0.009720009766321, 0.010038906997951513, 0.010440410364421327, 0.010596412275539358, 0.010610619778169298, 0.010779452085718753, 0.01108320637190316, 0.011138284007657782, 0.011203413892554536, 0.011266848727677387, 0.01128616695441165, 0.01150440044398188], "style_dict": {"Fauvism": 1, "Cubism, Surrealism": 1, "Op Art": 3, "Art Nouveau (Modern)": 1, "Purism": 2, "Surrealism": 3, "Na\u00efve Art (Primitivism)": 5, "Expressionism": 2, "Cubism": 1, "Neoclassicism": 1}, "Cubism": 0.0028855796897037044, "Neoclassicism": 0.003729434477163889}