{"style_labels": ["Abstract Expressionism", "Neo-Expressionism", "Northern Renaissance", "Romanticism", "High Renaissance", "Surrealism", "Realism", "Precisionism", "Expressionism", "Symbolism", "Academicism", "Post-Impressionism", "Neoclassicism"], "Northern Renaissance": 0.004695729069838344, "High Renaissance": 0.004026548077821239, "year": [1850.0, 1941.0, 1495.0, 1920.0, 1939.0, "unknown", 1827.0, 1867.0, "unknown", 1890.0, 1940.0, 1907.0, "unknown", 1983.0, 1933.0, 1963.0, 1931.0, "unknown", 1877.0, 1896.0], "Academicism": 0.0045305088050232225, "style": ["Neoclassicism", "Surrealism", "High Renaissance", "Precisionism", "Symbolism", "Academicism", "Neoclassicism", "Neoclassicism", "Northern Renaissance", "Post-Impressionism", "Surrealism", "Realism", "Romanticism", "Neo-Expressionism", "Expressionism", "Abstract Expressionism", "Expressionism", "Symbolism", "Neoclassicism", "Realism"], "title": ["Dante and Virgil", "Allegory of Sunset Air (Allegory of the Everning)", "Angel with Candlestick", "Apple Family II", "Lake Sheshnag", "The Harem Bath", "Homer and Orpheus", "Gypsy Girl with a Basque Drum", "Study sheet with the Rape of Europa", "Cottages with Three Figures", "The man\u00a0in the street", "Izme Vickers", "Bather Sleeping by a Brook", "Monticello", "Closet of ballerina Irina Baranova", "Arabs - the Death of Raymond Lulle", "Fruit piece", "Blasphemer", "The\u00a0Two\u00a0Sisters", "Yvonne"], "Expressionism": 0.004956333159421622, "Symbolism": 0.0046871533270343565, "style_dict": {"Abstract Expressionism": 1, "Neo-Expressionism": 1, "Northern Renaissance": 1, "Romanticism": 1, "High Renaissance": 1, "Surrealism": 2, "Realism": 2, "Precisionism": 1, "Expressionism": 2, "Symbolism": 2, "Academicism": 1, "Post-Impressionism": 1, "Neoclassicism": 4}, "Neoclassicism": 0.004311776101318524, "Precisionism": 0.004054887380031923, "scores": [0.010903770320646527, 0.01144804522586386, 0.011638220845945596, 0.011720131964693842, 0.012888891185136368, 0.013094854698939024, 0.013247123450544091, 0.013428881568719745, 0.013572402686192777, 0.013597065616200187, 0.013978352054386266, 0.013987651034589661, 0.014192227074180481, 0.014448518065680475, 0.014503329220438503, 0.014536972904580192, 0.014683911876233854, 0.014713182729762886, 0.014929421007705109, 0.015047117760984125], "Post-Impressionism": 0.00470426185803074, "Realism": 0.004930441588535386, "style_counts": [0.0, 3.0603274010609915e-05, 0.00033371839305862405, 0.000119273871763248, 0.0010028993850758061, 0.0007117493444852574, 9.9005874361624e-05, 0.0009745600828651169, 7.311430347545222e-05, 0.0003422941358626197, 0.0004989386578737598, 0.0003251856048662738, 0.0007176713615785202], "Abstract Expressionism": 0.005029447462897065, "artist": ["Bouguereau William-Adolphe", "Dali Salvador", "Michelangelo", "O'Keeffe Georgia", "Roerich Nicholas", "Gerome Jean-Leon", "Ingres Jean Auguste Dominique ", "Bouguereau William-Adolphe", "Durer Albrecht", "van Gogh Vincent ", "Delvaux Paul", "Sargent John Singer", "Courbet Gustave", "Basquiat Jean-Michel ", "Serebriakova Zinaida", "Dali Salvador", "Serebriakova Zinaida", "Blake William ", "Bouguereau William-Adolphe", "Bouguereau William-Adolphe"], "contentId": ["232375.jpg", "220759.jpg", "193108.jpg", "231614.jpg", "226060.jpg", "279473.jpg", "193350.jpg", "232396.jpg", "201146.jpg", "205826.jpg", "243188.jpg", "266158.jpg", "191713.jpg", "203859.jpg", "227213.jpg", "220787.jpg", "227244.jpg", "192856.jpg", "232559.jpg", "232582.jpg"], "Neo-Expressionism": 0.004998844188886353, "Romanticism": 0.004910173591133716, "Surrealism": 0.004317698118411719}