{"style": ["Surrealism", "Expressionism", "Abstract Expressionism", "Surrealism", "Regionalism", "Art Nouveau (Modern)", "Symbolism", "Symbolism", "Symbolism", "Regionalism", "Symbolism", "Symbolism", "Expressionism", "Realism", "Symbolism", "Cubism", "Expressionism", "Expressionism", "Symbolism", "Surrealism"], "Abstract Expressionism": 0.004275577336602284, "artist": ["Beksinski Zdislav", "Dali Salvador", "Rothko Mark", "Beksinski Zdislav", "Rockwell Norman", "Roerich Nicholas", "Roerich Nicholas", "Roerich Nicholas", "Roerich Nicholas", "Rockwell Norman", "Roerich Nicholas", "Roerich Nicholas", "Schiele Egon", "van Gogh Vincent ", "Roerich Nicholas", "Leger Fernand ", "Schiele Egon", "Kirchner Ernst Ludwig", "Roerich Nicholas", "Beksinski Zdislav"], "contentId": ["258755.jpg", "221766.jpg", "242164.jpg", "258722.jpg", "247842.jpg", "226555.jpg", "225976.jpg", "226514.jpg", "225863.jpg", "247641.jpg", "226250.jpg", "226658.jpg", "232621.jpg", "206282.jpg", "226797.jpg", "196250.jpg", "232685.jpg", "252001.jpg", "226331.jpg", "258771.jpg"], "Art Nouveau (Modern)": 0.005020841330549314, "title": ["Untitled", "Untitled - Scene in a Cabaret in Madrid", "Untitled", "Untitled", "Tiny Tim and Bob Cratchit", "Shchegolikha", "King Gesar", "Sanga Chelling", "Holy cave", "Couple in Rumble Seat", "Mstislav's duel with Rededia", "Snowy peaks", "Female Nude", "Man Putting Potatoes in a Sack", "Takur Castle", "The Creation of the World Great figure drawing of costume", "Poldi Lodzinsky", "Mother and Children", "Pass Tangla", "Untitled"], "style_counts": [0.001338324305467764, 0.0005930603115207322, 0.000868076818682062, 0.0006340559470568996, 0.0007859269375911637, 0.0, 0.00015828646335236396, 0.0006680034847044158], "scores": [0.012141471995119512, 0.012170542549145815, 0.012358007982416146, 0.01374383442662285, 0.014101353654985608, 0.01451209798269754, 0.014567577713765715, 0.014777094890339008, 0.014874083904472125, 0.01502443698808437, 0.015197075396242177, 0.015490352647347595, 0.015740688597118017, 0.015768756034515413, 0.016066946652125325, 0.016226262757846187, 0.01633559693928822, 0.01639817973392071, 0.016431813312454142, 0.016766355342429668], "Surrealism": 0.004745824823388081, "style_labels": ["Abstract Expressionism", "Art Nouveau (Modern)", "Surrealism", "Expressionism", "Symbolism", "Cubism", "Realism", "Regionalism"], "Expressionism": 0.004979845695013236, "year": ["unknown", 1922.0, 1947.0, "unknown", 1934.0, 1912.0, 1941.0, 1924.0, 1931.0, 1935.0, 1943.0, "unknown", 1910.0, 1881.0, 1932.0, 1923.0, 1910.0, 1925.0, 1927.0, "unknown"], "Symbolism": 0.0048279747044789436, "style_dict": {"Abstract Expressionism": 1, "Art Nouveau (Modern)": 1, "Surrealism": 3, "Expressionism": 4, "Symbolism": 7, "Cubism": 1, "Realism": 1, "Regionalism": 2}, "Cubism": 0.005613901642070054, "Realism": 0.005455615178717748, "Regionalism": 0.004945898157365683}