{"High Renaissance": 0.005057852407234146, "Color Field Painting": 0.005066132971259008, "year": [1916.0, 1935.0, "unknown", 1876.0, "unknown", 1540.0, 1907.0, 1938.0, "unknown", 1889.0, 1949.0, "unknown", 1908.0, 1632.0, 1938.0, 1995.0, 1927.0, 1883.0, 1530.0, 1891.0], "style": ["Abstract Art", "Regionalism", "Romanticism", "Impressionism", "Pop Art", "High Renaissance", "Na\u00efve Art (Primitivism)", "Symbolism", "Neo-Romanticism", "Post-Impressionism", "Color Field Painting", "Symbolism", "Art Nouveau (Modern)", "Baroque", "Expressionism", "Magic Realism", "Symbolism", "Realism", "High Renaissance", "Impressionism"], "Neo-Romanticism": 0.004976307211860409, "title": ["To the Unknown Voice", "Couple in Rumble Seat", "Dame Ellen Terry as Imogen Shakespeare heroine in Cymbeline", "Henri De Gas and His Neice, Lucie Degas", "Rebel Without A Cause", "Portrait of Benedetto Varchi", "Woman in Red in the Forest", "Ellora", "Andersnatten", "A Field of Yellow Flowers", "Violet, Black, Orange, Yellow on White and Red", "Castle of King Gesar", "Prologue. Forest.", "The Anatomy Lesson of Dr. Nicolaes Tulp(fragment)", "Portrait of A.B. Serebryakov", "Sea Cliffs Rising", "The unspilling vessel", "Lying Cow", "Christ with Globe", "Gondoliers"], "Art Nouveau (Modern)": 0.005204841871087945, "Expressionism": 0.005256724414807331, "Symbolism": 0.004960880995827343, "style_dict": {"Impressionism": 2, "Neo-Romanticism": 1, "Art Nouveau (Modern)": 1, "Romanticism": 1, "High Renaissance": 2, "Magic Realism": 1, "Color Field Painting": 1, "Na\u00efve Art (Primitivism)": 1, "Expressionism": 1, "Pop Art": 1, "Symbolism": 3, "Abstract Art": 1, "Baroque": 1, "Post-Impressionism": 1, "Realism": 1, "Regionalism": 1}, "Regionalism": 0.004451519437097487, "Impressionism": 0.005001112943907541, "Magic Realism": 0.005281735925001847, "scores": [0.007348428963492793, 0.012866546060712407, 0.013729154522459038, 0.013859986643470816, 0.014012493217138922, 0.014210664669629898, 0.014327447636781534, 0.014352532402420381, 0.01438337782377633, 0.014600786513072263, 0.01464300766187362, 0.014816267543617274, 0.015043927948508026, 0.015177489894500218, 0.015193887787602351, 0.015266180350290913, 0.015415613967344248, 0.015456688131370223, 0.015574410887832166, 0.015590957139039569], "Abstract Art": 0.0025423819421905598, "Baroque": 0.005251051133141283, "Post-Impressionism": 0.0050515254562616685, "Realism": 0.0053476470938882935, "style_counts": [0.00034653414998064846, 0.0003713398820278657, 0.00014280522280030183, 0.0005976856105763817, 0.00028979468665413233, 6.591116888643445e-05, 0.0002815141226292228, 0.0003906903987362931, 9.092267908095142e-05, 0.0004996571497370983, 0.0003867660980608756, 0.0028052651516976557, 9.659596074695909e-05, 0.0002961216376266007, 0.0, 0.0008961276567907017], "artist": ["Kandinsky Wassily", "Rockwell Norman", "Alma-Tadema Lawrence ", "Degas Edgar", "Warhol Andy", "Titian", "Rousseau Henri", "Roerich Nicholas", "Kittelsen Theodor Severin", "van Gogh Vincent ", "Rothko Mark", "Roerich Nicholas", "Roerich Nicholas", "Rembrandt", "Serebriakova Zinaida", "Earle Eyvind", "Roerich Nicholas", "van Gogh Vincent ", "Titian", "Hassam Childe"], "contentId": ["189424.jpg", "247641.jpg", "214509.jpg", "213482.jpg", "229372.jpg", "224964.jpg", "191440.jpg", "225570.jpg", "321841.jpg", "205632.jpg", "242187.jpg", "225458.jpg", "226401.jpg", "220555.jpg", "227384.jpg", "278139.jpg", "226880.jpg", "206264.jpg", "224862.jpg", "244032.jpg"], "style_labels": ["Impressionism", "Neo-Romanticism", "Art Nouveau (Modern)", "Romanticism", "High Renaissance", "Magic Realism", "Color Field Painting", "Na\u00efve Art (Primitivism)", "Expressionism", "Pop Art", "Symbolism", "Abstract Art", "Baroque", "Post-Impressionism", "Realism", "Regionalism"], "Romanticism": 0.004749961483311813, "Na\u00efve Art (Primitivism)": 0.0049569566951519605, "Pop Art": 0.004847989944151093}