{"Impressionism": 0.0036444923067238777, "style": ["Abstract Expressionism", "Neoclassicism", "Impressionism", "Baroque", "Cubism, Expressionism", "Baroque", "Baroque", "Expressionism", "Expressionism", "Expressionism", "Na\u00efve Art (Primitivism)", "Impressionism", "Neoclassicism", "Expressionism", "Neo-Romanticism", "Abstract Expressionism", "Surrealism", "Baroque", "Mannerism (Late Renaissance)", "Abstract Expressionism"], "Abstract Expressionism": 0.003767632349204486, "Neo-Romanticism": 0.004187834672599327, "Cubism, Expressionism": 0.0034501929785108756, "contentId": ["345404.jpg", "232571.jpg", "251321.jpg", "216659.jpg", "193782.jpg", "186676.jpg", "216689.jpg", "185394.jpg", "202188.jpg", "214271.jpg", "202516.jpg", "251363.jpg", "232396.jpg", "326967.jpg", "321827.jpg", "185563.jpg", "221769.jpg", "216725.jpg", "224860.jpg", "345405.jpg"], "artist": ["Holbrook Carter Clarence", "Bouguereau William-Adolphe", "Sorolla Joaqu\u00edn", "Rubens Peter Paul", "Braque Georges ", "Caravaggio", "Rubens Peter Paul", "Munch Edvard ", "Klee Paul", "Matisse Henri", "Chagall Marc", "Sorolla Joaqu\u00edn", "Bouguereau William-Adolphe", "Kandinsky Wassily", "Kittelsen Theodor Severin", "Pollock Jackson ", "Dali Salvador", "Rubens Peter Paul", "Titian", "Holbrook Carter Clarence"], "style_counts": [0.0006586681837110753, 0.0005355281412304791, 0.00011532581783568752, 0.0008529675119240965, 5.1150008970046734e-05, 0.0, 0.00043020381307568023, 0.0006433362448553526, 0.0008111218658461983, 0.0006735648304334596], "Surrealism": 0.0042520104814649465, "style_labels": ["Impressionism", "Abstract Expressionism", "Neo-Romanticism", "Cubism, Expressionism", "Surrealism", "Mannerism (Late Renaissance)", "Na\u00efve Art (Primitivism)", "Expressionism", "Baroque", "Neoclassicism"], "Mannerism (Late Renaissance)": 0.0043031604904350245, "Na\u00efve Art (Primitivism)": 0.003872956677359316, "Expressionism": 0.0036598242455796876, "year": [1978.0, 1861.0, 1897.0, 1614.0, 1949.0, "unknown", 1637.0, 1928.0, 1930.0, "unknown", 1931.0, "unknown", 1867.0, 1908.0, 1890.0, 1943.0, 1942.0, 1635.0, 1565.0, 1970.0], "scores": [0.009280482694288744, 0.009367420963696067, 0.009616351342854454, 0.00967150825304618, 0.009972340344379483, 0.01001535381521663, 0.010450718552217285, 0.010689316649773874, 0.010853387066319964, 0.010942590884163838, 0.011194284599794735, 0.011845619071525544, 0.012006824916147416, 0.012084373534908554, 0.012104399064419423, 0.012126787882250111, 0.012289891009904755, 0.01238877916334959, 0.012437733551248003, 0.012453182893654897], "title": ["Tulip", "Woman of Cervara and Her Child", "The Three Errazuriz Sisters", "The Holy Family with St. Elizabeth and the Infant St. John the Baptist", "The Studio (III)", "not identified", "The Rape of the Sabine Women", "Model on the Couch", "Fruits on Red", "The Maiden and the vase of flowers or pink nude", "Creation of Eve", "Portrait of a woman", "Gypsy Girl with a Basque Drum", "The Ludwigskirche in Munich", "Peer Gynt 03", "Mural", "Untitled - Set Design (Figures Cut in Three)", "Venus und Adonis", "Christ Carrying the Cross", "Yellow Mandala"], "Baroque": 0.003492038624588793, "style_dict": {"Impressionism": 2, "Abstract Expressionism": 3, "Neo-Romanticism": 1, "Cubism, Expressionism": 1, "Surrealism": 1, "Mannerism (Late Renaissance)": 1, "Na\u00efve Art (Primitivism)": 1, "Expressionism": 4, "Baroque": 4, "Neoclassicism": 2}, "Neoclassicism": 0.003629595660001494}