{"Impressionism": 0.003018349817001363, "style": ["Orientalism", "High Renaissance", "Realism", "Orientalism", "Expressionism", "Impressionism", "Impressionism", "Realism", "Surrealism", "Romanticism", "Realism", "Na\u00efve Art (Primitivism)", "Impressionism", "Expressionism", "Ukiyo-e", "Surrealism", "unknown", "Romanticism", "Art Nouveau (Modern)", "Symbolism"], "style_labels": ["Impressionism", "unknown", "Art Nouveau (Modern)", "Ukiyo-e", "Romanticism", "High Renaissance", "Surrealism", "Na\u00efve Art (Primitivism)", "Expressionism", "Symbolism", "Orientalism", "Realism"], "artist": ["Delacroix Eugene ", "Titian", "Courbet Gustave", "Delacroix Eugene ", "Dali Salvador", "Monet Claude", "Monet Claude", "Levitan Isaac", "Beksinski Zdislav", "B\u00f6cklin Arnold", "Roerich Nicholas", "Chagall Marc", "Sisley Alfred", "Munch Edvard ", "Hokusai Katsushika", "Beksinski Zdislav", "Matisse Henri", "Alma-Tadema Lawrence ", "Roerich Nicholas", "Roerich Nicholas"], "unknown": 0.0036177316735813503, "Art Nouveau (Modern)": 0.0037609041425967736, "title": ["Lion devouring an Arab horse", "The Feast of the Gods", "Sleeping Nude", "Lion Hunt in Morocco", "The Servant of the Disciples at Emmaus", "Path through the Forest, Snow Effect", "The Sea at Saint-Adresse", "Early spring. Botanical garden.", "Untitled", "Roman Landscape", "Wolves", "Abraham is going to sacrifice his son", "Road from Saint Germain to Marly", "The Sick Child", "\u014cgama", "Untitled", "Woman in Pink Interior", "A Family Group", "Jerusalem", "Snow Maiden"], "Ukiyo-e": 0.0034987057943996996, "Romanticism": 0.0034172848892073406, "High Renaissance": 0.002220147721231626, "scores": [0.005660358192354163, 0.006417052271805419, 0.007770286052448711, 0.00779259127241034, 0.008392886565401218, 0.008475012049949156, 0.008868899962916326, 0.009138265671257383, 0.009185809294952722, 0.009328750397327707, 0.009396940140950672, 0.009561639633638465, 0.00978259186613481, 0.00984651864661493, 0.010112560417320556, 0.01021193831649275, 0.01045658945696596, 0.010795223264069419, 0.010870411117916404, 0.010871752410923849], "Surrealism": 0.0032939632555973194, "year": [1850.0, 1529.0, "unknown", 1854.0, 1960.0, 1870.0, 1868.0, 1900.0, "unknown", 1852.0, 1895.0, 1931.0, 1875.0, 1886.0, "unknown", "unknown", 1941.0, 1896.0, 1909.0, 1920.0], "Na\u00efve Art (Primitivism)": 0.0033081002841648865, "Expressionism": 0.0030972632377628106, "contentId": ["187791.jpg", "225049.jpg", "191845.jpg", "187795.jpg", "221675.jpg", "212187.jpg", "212677.jpg", "210167.jpg", "259058.jpg", "260649.jpg", "227092.jpg", "202392.jpg", "238014.jpg", "185474.jpg", "223531.jpg", "259098.jpg", "9223372032559820592.jpg", "214451.jpg", "225931.jpg", "226654.jpg"], "Symbolism": 0.0037613681981300386, "style_dict": {"Impressionism": 3, "unknown": 1, "Orientalism": 2, "Ukiyo-e": 1, "Romanticism": 2, "High Renaissance": 1, "Surrealism": 2, "Na\u00efve Art (Primitivism)": 1, "Expressionism": 2, "Symbolism": 1, "Art Nouveau (Modern)": 1, "Realism": 3}, "Orientalism": 0.0022844673569314355, "Realism": 0.002926996302582274, "style_counts": [0.0007430183811286684, 0.0001436365245486293, 4.6405553322248494e-07, 0.00026266240373029603, 0.00034408330892266026, 0.0015412204768984195, 0.00046740494253272313, 0.00045326791396516075, 0.0006641049603671734, 0.0, 0.0014769008411985585, 0.000834371895547692]}