{"style_counts": [0.0004301109605866493, 0.0, 0.001170587780703669, 0.0009274765449989175, 0.0007324102909851415, 0.00036272931237357753, 0.0006057351742112527], "style": ["Realism", "Symbolism", "High Renaissance", "Expressionism", "Symbolism", "Symbolism", "Post-Impressionism", "Northern Renaissance", "Realism", "Realism", "Realism", "Post-Impressionism", "Symbolism", "Post-Impressionism", "Symbolism", "Post-Impressionism", "Post-Impressionism", "Post-Impressionism", "Romanticism", "Realism"], "style_labels": ["Northern Renaissance", "Romanticism", "High Renaissance", "Expressionism", "Symbolism", "Post-Impressionism", "Realism"], "artist": ["van Gogh Vincent ", "Roerich Nicholas", "Michelangelo", "Dali Salvador", "Roerich Nicholas", "Roerich Nicholas", "van Gogh Vincent ", "Durer Albrecht", "van Gogh Vincent ", "Bouguereau William-Adolphe", "van Gogh Vincent ", "van Gogh Vincent ", "Roerich Nicholas", "van Gogh Vincent ", "Roerich Nicholas", "van Gogh Vincent ", "van Gogh Vincent ", "van Gogh Vincent ", "Aivazovsky Ivan ", "van Gogh Vincent "], "contentId": ["206036.jpg", "226824.jpg", "193151.jpg", "221800.jpg", "225324.jpg", "225663.jpg", "205787.jpg", "201022.jpg", "205914.jpg", "232517.jpg", "207526.jpg", "206888.jpg", "226073.jpg", "206598.jpg", "225944.jpg", "206923.jpg", "206799.jpg", "205823.jpg", "196669.jpg", "206539.jpg"], "title": ["Hand", "The Church in the name of St. Sergius in America", "Madonna of the Stairs", "Velazquez and a Figure", "Ancient landscape", "Great Wall of China", "Child and Woman Pouring Coffee", "Robe study", "Farmhouse", "The Little Marauder", "Woman with White Bonnet, Sien's Mother", "Snow-Covered Cottages, a Couple with a Child, and Other Walkers", "Landscape", "Pine Trees near the Wall of the Asylum", "Kangchenjunga", "Sowers", "Self-Portrait with Straw Hat", "Cottages with a Woman Working in the Foreground", "Pushkin and Countess Raevskaya by the sea near Gurzuf and Partenit", "Peasant Woman, Head"], "Northern Renaissance": 0.002651241637053965, "Romanticism": 0.003081352597640693, "High Renaissance": 0.0019107648169369577, "scores": [0.004920791204740687, 0.0052753988335161265, 0.005522820662856217, 0.0062255025125644205, 0.0066247126675490495, 0.007043418957379669, 0.0074231815809781086, 0.007663073951099174, 0.007808164543233492, 0.008248672583607852, 0.008347218299480423, 0.008584256913248718, 0.008633631201430429, 0.00870515260458845, 0.008726240291932297, 0.00875709721043507, 0.008805152852550544, 0.008870524355669873, 0.008906254524340643, 0.008936346139406184], "Expressionism": 0.0021538760526416925, "year": [1885.0, 1931.0, 1490.0, 1982.0, 1910.0, "unknown", 1890.0, "unknown", 1883.0, 1900.0, 1883.0, 1890.0, "unknown", 1889.0, "unknown", 1890.0, 1887.0, 1890.0, 1886.0, 1884.0], "Symbolism": 0.002348942306655486, "Post-Impressionism": 0.002718623285267046, "style_dict": {"Northern Renaissance": 1, "Romanticism": 1, "High Renaissance": 1, "Expressionism": 1, "Symbolism": 5, "Post-Impressionism": 6, "Realism": 5}, "Realism": 0.0024756174234293747}