{"style_counts": [0.0, 0.00013127764244158513, 0.00014501720455328826, 0.0007970456271784165, 0.001315020455601279, 0.0013514030666109678, 0.0011139150582525348, 0.000652389321752378, 0.00012497675206424308], "style": ["Na\u00efve Art (Primitivism)", "Symbolism", "Surrealism", "Early Renaissance", "Na\u00efve Art (Primitivism)", "Baroque", "Surrealism", "Baroque", "Surrealism", "Baroque", "High Renaissance", "Realism", "Romanticism", "Baroque", "Baroque", "Baroque", "Baroque", "Art Nouveau (Modern)", "High Renaissance", "Romanticism"], "style_labels": ["Art Nouveau (Modern)", "Romanticism", "High Renaissance", "Surrealism", "Na\u00efve Art (Primitivism)", "Symbolism", "Early Renaissance", "Baroque", "Realism"], "artist": ["Chagall Marc", "Roerich Nicholas", "Beksinski Zdislav", "Perugino Pietro ", "Chagall Marc", "Rubens Peter Paul", "Delvaux Paul", "Rembrandt", "Delvaux Paul", "Rubens Peter Paul", "Perugino Pietro ", "Repin Ilya", "Cezanne Paul", "Rembrandt", "Rubens Peter Paul", "Rubens Peter Paul", "Rubens Peter Paul", "Roerich Nicholas", "Perugino Pietro ", "Alma-Tadema Lawrence "], "contentId": ["202951.jpg", "226822.jpg", "258669.jpg", "199109.jpg", "202793.jpg", "216640.jpg", "243218.jpg", "220068.jpg", "243170.jpg", "216653.jpg", "199095.jpg", "215366.jpg", "215975.jpg", "220277.jpg", "216669.jpg", "216594.jpg", "216730.jpg", "226819.jpg", "199103.jpg", "214588.jpg"], "Art Nouveau (Modern)": 0.00514381691788048, "title": ["Rainbow in the sky, a sign of Covenant between God and Earth", "Testament of the Teacher", "Untitled", "Polyptych Annunziata (Assumption of Mary)", "Moses receiving the Tablets of Law", "The Discovery of the Child Erichthonius", "Women-Trees", "Bust of a Bearded Old Man", "The Balcony", "The Four Evangelists", "Pala di\u00a0Fano (Marriage of the Virgin)", "Self-Portrait", "The Kiss of the Muse", "Old man with turban", "The Last Supper", "Sine Cerere et Baccho friget Venus", "Virgin and Child Adored By Angels", "Terem of Yaroslavna.  By the monastery wall.", "Pieta", "Self-Portrait"], "Romanticism": 0.005012539275438898, "High Renaissance": 0.004998799713327124, "Surrealism": 0.004346771290702026, "Na\u00efve Art (Primitivism)": 0.0038287964622791292, "scores": [0.010803330836057659, 0.010961485889963606, 0.011179915503742859, 0.011647914522161868, 0.011743984257600815, 0.012702915127547976, 0.013744604096891207, 0.014059038168354372, 0.01414076952330792, 0.014384211550089336, 0.014480557191648289, 0.014506313872670169, 0.014531278992220283, 0.01454764581578938, 0.014651271928945586, 0.01477915658049295, 0.014793751558017224, 0.014867543147230234, 0.014956764258284534, 0.014986953062189709], "year": [1931.0, 1947.0, "unknown", "unknown", 1952.0, 1615.0, 1937.0, "unknown", 1948.0, 1614.0, 1497.0, 1894.0, 1860.0, 1625.0, 1632.0, "unknown", 1608.0, 1908.0, 1495.0, 1896.0], "Symbolism": 0.0037924138512695064, "Early Renaissance": 0.004029901859627953, "style_dict": {"Art Nouveau (Modern)": 1, "Romanticism": 2, "High Renaissance": 2, "Surrealism": 3, "Na\u00efve Art (Primitivism)": 2, "Symbolism": 1, "Early Renaissance": 1, "Baroque": 7, "Realism": 1}, "Baroque": 0.0044914275961280645, "Realism": 0.005018840165816242}