{"Suprematism": 0.007294469587109612, "Northern Renaissance": 0.0088716254228753, "year": [1925.0, "unknown", 1979.0, 1912.0, "unknown", "unknown", 1918.0, 1934.0, 1985.0, 1955.0, "unknown", "unknown", 1915.0, "unknown", 1952.0, 1975.0, "unknown", "unknown", 1913.0, "unknown"], "Abstract Expressionism, Surrealism": 0.006053013667909227, "style": ["Realism", "Orphism", "Abstract Expressionism, Surrealism", "Art Nouveau (Modern)", "Art Nouveau (Modern)", "Regionalism", "Art Nouveau (Modern)", "Surrealism", "Pop Art", "Na\u00efve Art (Primitivism)", "Romanticism", "Expressionism", "Suprematism", "Expressionism", "Surrealism", "Magic Realism", "Expressionism", "Regionalism", "Constructivism", "Northern Renaissance"], "title": ["Henry, Viscount Lascelles", "Model, setting for the opera by Darius Milhaud Bolivar, L pass Andes", "Abstract Tulip", "Berendey's Sloboda", "Poster presentation of Andersen's Snow Queen", "Stilts", "Vignette for book \"N. K. Roerich\"", "NOT DETECTED", "Life Savers", "Notre-Dame in gray", "The Prisoners in Chains", "Portrait of the Conductor and Composer Otto Klemperer", "Suprematism", "Female Nude with Black Hat", "Branch", "Mother & Child", "Snow at the Staffelalp", "Painting coat", "Cover of the Book", "The young peasant and his wife"], "Art Nouveau (Modern)": 0.006102325091876846, "Expressionism": 0.007495218491768979, "style_dict": {"Abstract Expressionism, Surrealism": 1, "Suprematism": 1, "Magic Realism": 1, "Art Nouveau (Modern)": 3, "Northern Renaissance": 1, "Romanticism": 1, "Surrealism": 2, "Na\u00efve Art (Primitivism)": 1, "Expressionism": 3, "Orphism": 1, "Pop Art": 1, "Constructivism": 1, "Realism": 1, "Regionalism": 2}, "Regionalism": 0.007281944225200606, "Magic Realism": 0.008375406878598677, "scores": [0.00988404617672268, 0.014082757377376905, 0.017495459755884304, 0.017714274637628973, 0.018416640082544254, 0.018464537288380954, 0.018711881944188144, 0.018879757440727563, 0.018967101165481615, 0.019591169520408888, 0.020056423897321825, 0.02032321468139134, 0.02108372888341412, 0.022762719491652976, 0.02380536752105355, 0.024208039502790886, 0.024275069626348685, 0.024417943553212303, 0.02536743921528277, 0.025642295568912385], "Constructivism": 0.008776531650636923, "Realism": 0.003419645292935277, "style_counts": [0.002818611754966116, 0.0015771558357656756, 0.0016231945224894906, 0.0027693003309985365, 0.0, 0.0019325789688924289, 0.0004962185442766165, 0.0020935459364258557, 0.0013764069311064109, 0.003999325747615745, 9.50937722383749e-05, 0.001589681197674775, 0.005451980129940082, 0.002309458769514716], "artist": ["Sargent John Singer", "Leger Fernand ", "Holbrook Carter Clarence", "Roerich Nicholas", "Mucha Alphonse", "Rockwell Norman", "Roerich Nicholas", "Escher M.C.", "Warhol Andy", "Chagall Marc", "Goya Francisco", "Kirchner Ernst Ludwig", "Malevich Kazimir", "Kirchner Ernst Ludwig", "Leger Fernand ", "Earle Eyvind", "Kirchner Ernst Ludwig", "Rockwell Norman", "Malevich Kazimir", "Durer Albrecht"], "contentId": ["266408.jpg", "196036.jpg", "345406.jpg", "225383.jpg", "227813.jpg", "247807.jpg", "227018.jpg", "204702.jpg", "229332.jpg", "202881.jpg", "194145.jpg", "252099.jpg", "219845.jpg", "251921.jpg", "195932.jpg", "278395.jpg", "252159.jpg", "247769.jpg", "219643.jpg", "201299.jpg"], "style_labels": ["Abstract Expressionism, Surrealism", "Suprematism", "Surrealism", "Art Nouveau (Modern)", "Northern Renaissance", "Romanticism", "Magic Realism", "Na\u00efve Art (Primitivism)", "Expressionism", "Orphism", "Constructivism", "Regionalism", "Realism", "Pop Art"], "Romanticism": 0.006939046453982942, "Surrealism": 0.007248430900385837, "Na\u00efve Art (Primitivism)": 0.00677807948644947, "Orphism": 0.004872299675259567, "Pop Art": 0.006562166653360651}