{"Impressionism": 0.002927379490186689, "style": ["Surrealism", "Impressionism", "Realism", "Impressionism", "Expressionism", "Expressionism", "Symbolism", "Art Nouveau (Modern)", "Realism", "Surrealism", "Surrealism", "Realism", "Surrealism", "Realism", "Neo-Expressionism", "Impressionism", "Impressionism", "Realism", "Neo-Expressionism", "Impressionism"], "style_labels": ["Impressionism", "Neo-Expressionism", "Art Nouveau (Modern)", "Surrealism", "Expressionism", "Symbolism", "Realism"], "Neo-Expressionism": 0.003424443603527639, "contentId": ["258672.jpg", "251305.jpg", "215008.jpg", "238197.jpg", "232605.jpg", "189784.jpg", "226718.jpg", "271270.jpg", "228631.jpg", "258905.jpg", "221706.jpg", "221408.jpg", "258777.jpg", "210182.jpg", "231509.jpg", "212280.jpg", "244101.jpg", "215099.jpg", "231508.jpg", "238274.jpg"], "Art Nouveau (Modern)": 0.0030696226081229428, "artist": ["Beksinski Zdislav", "Sorolla Joaqu\u00edn", "Repin Ilya", "Sisley Alfred", "Schiele Egon", "Modigliani Amedeo ", "Roerich Nicholas", "Vallotton  Felix", "Shishkin Ivan", "Beksinski Zdislav", "Dali Salvador", "Dali Salvador", "Beksinski Zdislav", "Levitan Isaac", "Twombly Cy", "Monet Claude", "Hassam Childe", "Repin Ilya", "Twombly Cy", "Sisley Alfred"], "style_counts": [0.0004970641133409393, 0.0, 0.00035482099540473655, 0.0005957674842693716, 0.0005143735723379672, 0.00038704107229670104, 0.0004582180499449473], "scores": [0.006313261195439392, 0.007018591593194108, 0.0076481996649675425, 0.00795593112228651, 0.008435708286308657, 0.008701338977569698, 0.008779222493632236, 0.00887235049391812, 0.008878666657154333, 0.009041066764418237, 0.009423871723333154, 0.00945035167129227, 0.009669671973347076, 0.009689978358853355, 0.009932886772917893, 0.009970224262118119, 0.01004814123107924, 0.010176449209535322, 0.010233243683450039, 0.010250383197609417], "Surrealism": 0.00282867611925835, "Expressionism": 0.002910070031189743, "year": ["unknown", 1918.0, 1877.0, 1885.0, 1911.0, 1918.0, 1923.0, 1888.0, 1877.0, "unknown", 1941.0, 1926.0, "unknown", 1895.0, 2009.0, 1886.0, 1912.0, 1869.0, 2009.0, 1892.0], "Symbolism": 0.0030374025312309414, "title": ["Untitled", "The Breakwater of San Sebastian", "In the township board", "Spring on the Loing River", "City on the Blue River", "Woman with a Green Necklace (Madame Menier)", "Study of a shore", "Portrait of the Artist`s Brother with Hat", "Ferns in the forest", "Untitled", "The Triumph of Nautilus", "Rocks of Liane (first version)", "Untitled", "Evening. Sunset.", "Leaving Paphos Ringed With Waves V", "Rocky Coast and the Lion Rock, Belle-Ile", "Little Cobbler's Shop", "Portrait of A.I. Shevtsov", "Leaving Paphos Ringed With Waves IV", "At Moret sur Loing"], "style_dict": {"Impressionism": 5, "Neo-Expressionism": 2, "Art Nouveau (Modern)": 1, "Surrealism": 4, "Expressionism": 2, "Symbolism": 1, "Realism": 5}, "Realism": 0.002966225553582754}