{"Abstract Expressionism, Surrealism": 0.002885035684228809, "style": ["Surrealism", "Symbolism", "Symbolism", "Abstract Expressionism, Surrealism", "unknown", "High Renaissance", "Realism", "Color Field Painting", "Symbolism", "Surrealism", "Abstract Art", "Symbolism", "Symbolism", "Ukiyo-e", "Symbolism", "Na\u00efve Art (Primitivism)", "Symbolism", "Baroque", "Expressionism, Surrealism", "Ukiyo-e"], "style_labels": ["Abstract Expressionism, Surrealism", "Expressionism, Surrealism", "Ukiyo-e", "High Renaissance", "Surrealism", "Color Field Painting", "Na\u00efve Art (Primitivism)", "unknown", "Symbolism", "Abstract Art", "Baroque", "Realism"], "contentId": ["224655.jpg", "225940.jpg", "225781.jpg", "221506.jpg", "345157.jpg", "224890.jpg", "207481.jpg", "292727.jpg", "226421.jpg", "345165.jpg", "202291.jpg", "225607.jpg", "225638.jpg", "222190.jpg", "225465.jpg", "202474.jpg", "225624.jpg", "186702.jpg", "345140.jpg", "222192.jpg"], "Expressionism, Surrealism": 0.00368873219987824, "artist": ["Picasso Pablo", "Roerich Nicholas", "Roerich Nicholas", "Dali Salvador", "Solar Xul", "Titian", "van Gogh Vincent ", "Rothko Mark", "Roerich Nicholas", "Solar Xul", "Klee Paul", "Roerich Nicholas", "Roerich Nicholas", "Hokusai Katsushika", "Roerich Nicholas", "Chagall Marc", "Roerich Nicholas", "Caravaggio", "Solar Xul", "Hokusai Katsushika"], "Ukiyo-e": 0.003502451603038483, "style_counts": [0.0008036965156493769, 0.0, 0.0001862805968396719, 0.0005096425111885683, 0.0011746998271157105, 0.0004474529402896943, 0.00017222278679451808, 0.0005742314418231143, 0.0007447343373548909, 0.00034226577959473037, 4.26887673704579e-05, 0.0004697006868787934], "High Renaissance": 0.0031790896886895862, "Surrealism": 0.002514032372762539, "Color Field Painting": 0.0032412792595884962, "title": ["Ulysses and sirens", "Kangchenjunga", "Himalayas", "Study for 'Christ of St. John of the Cross'", "Soto Con Trio", "Gian Giacomo Bartolotti da Parma", "Woman Peeling Potatoes near a Window", "Untitled (No. 17)", "Red Lama", "Muros Biombos", "Red waistcoat", "Flying Carpet", "Gilgit Road", "Fuji at Torigoe", "Castles of King Gesar", "Cain and Abel", "Gansu", "Taking of Christ", "Pegaso de Sol", "Fuji seen through the Mannen bridge at Fukagawa"], "Na\u00efve Art (Primitivism)": 0.00351650941308367, "scores": [0.005179531870678118, 0.007597626603412624, 0.008137230411094855, 0.008338825662217586, 0.009002065031028576, 0.00918875105200729, 0.009304197772951132, 0.00936850203136918, 0.009571490251114208, 0.009625297955818509, 0.009672532029935302, 0.009764276492512691, 0.009870078102874118, 0.009953782240960902, 0.010145011224278022, 0.010164019493953057, 0.010407572699411491, 0.010538420965383237, 0.010661807372970254, 0.010671727804300084], "unknown": 0.003114500758055072, "Symbolism": 0.002943997862523284, "Abstract Art": 0.003346466420283499, "Baroque": 0.0036460434325077656, "year": [1946.0, 1924.0, "unknown", 1951.0, 1930.0, 1518.0, 1881.0, 1961.0, 1924.0, 1948.0, 1938.0, 1935.0, 1925.0, "unknown", 1929.0, 1911.0, 1936.0, 1602.0, 1922.0, "unknown"], "style_dict": {"Abstract Expressionism, Surrealism": 1, "unknown": 1, "Ukiyo-e": 2, "High Renaissance": 1, "Surrealism": 2, "Color Field Painting": 1, "Na\u00efve Art (Primitivism)": 1, "Expressionism, Surrealism": 1, "Symbolism": 7, "Abstract Art": 1, "Baroque": 1, "Realism": 1}, "Realism": 0.0032190315129993676}