{"Northern Renaissance": 0.0028481922388018583, "year": [1926.0, "unknown", "unknown", 1938.0, "unknown", 1938.0, "unknown", 1621.0, 1509.0, 1956.0, 1906.0, 1892.0, 1616.0, "unknown", 1921.0, 1965.0, "unknown", 1911.0, 1900.0, 1902.0], "Academicism": 0.002831002321586581, "style": ["Symbolism", "Romanticism", "Art Nouveau (Modern)", "Symbolism", "Romanticism", "Symbolism", "Academicism", "Baroque", "Northern Renaissance", "Neo-Romanticism", "Post-Impressionism", "Romanticism", "Baroque", "Art Deco", "Impressionism", "Surrealism", "Impressionism", "Analytical Cubism", "Romanticism", "Realism"], "Neo-Romanticism": 0.002850288304837112, "title": ["Sandoling. Lamayura.", "Keyes Mill", "Oscar II", "Shirin and Khosrau", "The military and senora", "Hystaspes. Shahnameh.", "Polyphemus", "The Meeting of Abraham and Melchisedek", "Heller Altarpiece", "Portrait Of J. E. Martineau", "The Seine at Chatou", "The Conspirators, Presented at the Salon", "Christ Resurrected", "Portrait of Berthe Popoff in a black gown with lace frill", "Festival of St. Lucia At, Villamalla", "Untitled (St. John from Behind)", "Firelight", "Clarinet and Bottle of Rum on a Mantelpiece", "Flag Of Truce", "William Marshall Cazalet"], "Art Nouveau (Modern)": 0.002665122122277971, "Symbolism": 0.0024859112131670824, "style_dict": {"Impressionism": 2, "Neo-Romanticism": 1, "Analytical Cubism": 1, "Art Nouveau (Modern)": 1, "Northern Renaissance": 1, "Romanticism": 4, "Surrealism": 1, "Symbolism": 3, "Academicism": 1, "Baroque": 2, "Post-Impressionism": 1, "Art Deco": 1, "Realism": 1}, "Impressionism": 0.0030870731474515836, "scores": [0.006532864311671059, 0.006991949402238411, 0.007703193713576535, 0.007777600663890679, 0.00801406790941538, 0.008030908375861415, 0.00818264915685233, 0.00821392878879808, 0.00823233440809194, 0.008238392818162922, 0.008453369019308158, 0.008607184609805314, 0.00884113509870421, 0.00886163833798881, 0.009039955719194847, 0.009065908286629398, 0.009139441294594094, 0.009263320767709695, 0.009313058845671966, 0.00943496980665487], "Baroque": 0.002896148299926819, "Post-Impressionism": 0.002924664966094594, "Realism": 0.0032642755316438492, "style_counts": [0.00017720238419227652, 5.9386491885082826e-05, 0.0005991534093658935, 0.0004139872268067446, 0.00041608329284203993, 0.0005605460107873661, 0.00012768652302852512, 0.0007783643184767763, 0.00043327321005726116, 0.00036812723171708583, 0.0003396105655493198, 0.0001983590751258868, 0.0], "Analytical Cubism": 0.003204889039758766, "artist": ["Roerich Nicholas", "Turner William", "Zorn Anders", "Roerich Nicholas", "Goya Francisco", "Roerich Nicholas", "Gerome Jean-Leon", "Rubens Peter Paul", "Durer Albrecht", "Spencer Stanley", "Derain Andre", "Gerome Jean-Leon", "Rubens Peter Paul", "Serebriakova Zinaida", "Dali Salvador", "Dali Salvador", "Zorn Anders", "Braque Georges ", "Alma-Tadema Lawrence ", "Sargent John Singer"], "contentId": ["226513.jpg", "238741.jpg", "277305.jpg", "226568.jpg", "194135.jpg", "225885.jpg", "279403.jpg", "216676.jpg", "200752.jpg", "298444.jpg", "344302.jpg", "279458.jpg", "216404.jpg", "227393.jpg", "220970.jpg", "221790.jpg", "277249.jpg", "193618.jpg", "214523.jpg", "266394.jpg"], "style_labels": ["Impressionism", "Analytical Cubism", "Art Nouveau (Modern)", "Neo-Romanticism", "Northern Renaissance", "Romanticism", "Surrealism", "Symbolism", "Academicism", "Baroque", "Post-Impressionism", "Art Deco", "Realism"], "Romanticism": 0.0027037295208564844, "Surrealism": 0.003136589008615371, "Art Deco": 0.0030659164565180344}