{"Impressionism": 0.003367888260771816, "style": ["Baroque", "Realism", "Romanticism", "Realism", "Realism", "Realism", "High Renaissance", "Realism", "Realism", "Neo-Romanticism", "Baroque", "Impressionism", "Mannerism (Late Renaissance)", "High Renaissance", "Baroque", "Neo-Romanticism", "Baroque", "Romanticism", "Impressionism", "Mannerism (Late Renaissance)"], "style_labels": ["Impressionism", "Neo-Romanticism", "Romanticism", "High Renaissance", "Mannerism (Late Renaissance)", "Baroque", "Realism"], "Neo-Romanticism": 0.0033154986323641307, "artist": ["Rembrandt", "van Gogh Vincent ", "Corot Camille ", "Courbet Gustave", "van Gogh Vincent ", "van Gogh Vincent ", "Perugino Pietro ", "Bouguereau William-Adolphe", "Bouguereau William-Adolphe", "Spencer Stanley", "Rubens Peter Paul", "Sisley Alfred", "Titian", "Titian", "Rubens Peter Paul", "Kittelsen Theodor Severin", "Rubens Peter Paul", "Gerome Jean-Leon", "Pissarro Camille ", "Titian"], "contentId": ["220667.jpg", "206140.jpg", "199501.jpg", "191809.jpg", "206097.jpg", "206100.jpg", "199065.jpg", "232372.jpg", "232432.jpg", "298549.jpg", "216631.jpg", "238268.jpg", "225042.jpg", "224890.jpg", "216527.jpg", "321968.jpg", "216549.jpg", "279458.jpg", "208261.jpg", "225015.jpg"], "title": ["The Standard Bearer", "Head of an Old Peasant Woman with White Cap", "Dreamer at the Fountain", "Portrait of Paul Chenavard", "Head of a Peasant Woman with White Cap", "Head of a Peasant Woman with White Cap", "Madonna with Child and Little St. John", "Cupid with Thorn", "Marguerite", "The White Cockatoo (Coronation Cockatoo)", "The Cardinal Infante", "Hill Path in Sunlight", "The Annunciation", "Gian Giacomo Bartolotti da Parma", "Pastoral Scene", "Ormen Risler Under Lying", "Portrait of Haspar Hevarts", "The Conspirators, Presented at the Salon", "La Mere Gaspard", "Spain Succouring Religion"], "Romanticism": 0.0030533060735953165, "High Renaissance": 0.003116843017365365, "Mannerism (Late Renaissance)": 0.0034074016005654142, "scores": [0.007505815895704216, 0.007777873499042235, 0.007840518646862568, 0.008231075293637636, 0.008325327194704933, 0.008414134785430937, 0.008426275351720545, 0.008472018648343444, 0.009098587378424807, 0.009528345469233365, 0.009574728363313734, 0.009655617710396526, 0.009745575920039749, 0.0099284327928261, 0.009952549931902057, 0.009996221347778576, 0.01001360542423448, 0.010140028189976804, 0.01017746523459068, 0.010320196260718097], "year": [1636.0, 1884.0, 1870.0, "unknown", 1885.0, 1885.0, 1497.0, 1894.0, 1903.0, 1937.0, 1634.0, 1891.0, 1557.0, 1518.0, 1638.0, "unknown", "unknown", 1892.0, 1876.0, 1575.0], "Baroque": 0.003042078057639196, "style_dict": {"Impressionism": 2, "Neo-Romanticism": 2, "Romanticism": 2, "High Renaissance": 2, "Mannerism (Late Renaissance)": 2, "Baroque": 4, "Realism": 6}, "Realism": 0.0026746988584207833, "style_counts": [3.951333979357319e-05, 9.190296820127397e-05, 0.0003540955269700774, 0.00029055858320004013, 0.0, 0.00036532354292617697, 0.000732702742144653]}