{"Mannerism (Late Renaissance)": 0.003147299441297, "year": [1961.0, 1937.0, 1940.0, 1983.0, 1978.0, 1908.0, 1608.0, 1851.0, 1807.0, "unknown", 1883.0, "unknown", "unknown", 1954.0, 1978.0, 1865.0, "unknown", 1921.0, 1909.0, "unknown"], "Cubism, Surrealism": 0.0032130792998000092, "title": ["Pregnant Girl", "Average Pagan Landscape", "Still Life with Shellfish", "Bed and Two Bedside Tables Ferociously Attacking a Cello", "Pierrot Lunaire", "Cora, Countess of Strafford (Cora Smith)", "Adoration of the Shepherds", "Idylle", "Portrait of Mrs. Devau\u00e7ay", "Cagnes Landscape", "At the Luxembourg Gardens", "Cameria, daughter of Suleiman the Magnificent", "Nude in the water", "Microphysical Madonna", "Tulip", "River and Cliff", "A Young Man and a Girl playing Cards", "Grand Canyon", "Gifts", "Whispers of desert"], "unknown": 0.002121560155506231, "Art Nouveau (Modern)": 0.003350463642981542, "Abstract Art, Op Art": 0.0023169302392706645, "Expressionism": 0.001953347570976353, "Symbolism": 0.003241280585889727, "style_dict": {"Impressionism": 3, "Cubism, Surrealism": 1, "Abstract Expressionism": 1, "unknown": 1, "Art Nouveau (Modern)": 1, "Abstract Art, Op Art": 1, "Surrealism": 2, "Mannerism (Late Renaissance)": 1, "Neoclassicism": 2, "Expressionism": 1, "Symbolism": 2, "Baroque": 2, "Realism": 2}, "Neoclassicism": 0.0029092016441328128, "Impressionism": 0.002995729865916499, "style": ["Expressionism", "Surrealism", "unknown", "Surrealism", "Abstract Art, Op Art", "Realism", "Baroque", "Neoclassicism", "Neoclassicism", "Impressionism", "Impressionism", "Mannerism (Late Renaissance)", "Impressionism", "Cubism, Surrealism", "Abstract Expressionism", "Realism", "Baroque", "Symbolism", "Art Nouveau (Modern)", "Symbolism"], "scores": [0.005645900652505124, 0.006113365128904976, 0.006132097556153004, 0.006631931873908474, 0.0066967897286035315, 0.006976166586859089, 0.008141616564101617, 0.008437462838406075, 0.00869447060007342, 0.008799174191646341, 0.008843619858639188, 0.009096865418767227, 0.009280419876241348, 0.00928699366402273, 0.009289417945736714, 0.009321453187154877, 0.009327946570632552, 0.009380274239165851, 0.009684085489531747, 0.009707231559852446], "Baroque": 0.0029665350951982943, "Realism": 0.002767525475876522, "style_counts": [0.0003547337770650749, 0.0001373843431815569, 0.00013654559927001042, 0.0012289034874752858, 0.0, 0.001033533403710818, 0.0011861639082962894, 0.00020316420168453586, 0.0005829381671049738, 0.0013971160720052112, 0.00010918305709184395, 0.00038392854778324104, 0.00044126199884875206], "Abstract Expressionism": 0.0032139180437115358, "artist": ["Freud Lucian", "Dali Salvador", "Matisse Henri", "Dali Salvador", "Dali Salvador", "Sargent John Singer", "Rubens Peter Paul", "Bouguereau William-Adolphe", "Ingres Jean Auguste Dominique ", "Renoir Pierre-Auguste", "Renoir Pierre-Auguste", "Titian", "Renoir Pierre-Auguste", "Dali Salvador", "Holbrook Carter Clarence", "Courbet Gustave", "Rembrandt", "Roerich Nicholas", "Roerich Nicholas", "Roerich Nicholas"], "contentId": ["232096.jpg", "220811.jpg", "9223372032559820546.jpg", "220827.jpg", "221292.jpg", "266086.jpg", "216361.jpg", "232404.jpg", "193494.jpg", "218331.jpg", "218229.jpg", "224850.jpg", "218805.jpg", "221154.jpg", "345404.jpg", "191819.jpg", "219996.jpg", "225657.jpg", "225636.jpg", "227076.jpg"], "style_labels": ["Impressionism", "Cubism, Surrealism", "Abstract Expressionism", "unknown", "Art Nouveau (Modern)", "Abstract Art, Op Art", "Surrealism", "Mannerism (Late Renaissance)", "Realism", "Expressionism", "Symbolism", "Baroque", "Neoclassicism"], "Surrealism": 0.0021642997346852126}