{"Fauvism": 0.003971834330414389, "style_counts": [0.00010791300375723178, 4.189332329318507e-05, 0.00025013580612243125, 0.0006364892365805508, 0.0, 0.000962069918225561], "style": ["Realism", "Realism", "Realism", "Realism", "Romanticism", "Romanticism", "Realism", "Romanticism", "Realism", "Dada", "Realism", "Romanticism", "Realism", "Romanticism", "Fauvism", "Romanticism", "Neo-Romanticism, Symbolism", "Baroque", "Realism", "Realism"], "style_labels": ["Fauvism", "Neo-Romanticism, Symbolism", "Dada", "Romanticism", "Baroque", "Realism"], "Neo-Romanticism, Symbolism": 0.004037854010878386, "artist": ["Sargent John Singer", "Sargent John Singer", "Malevich Kazimir", "Bouguereau William-Adolphe", "Goya Francisco", "Aivazovsky Ivan ", "Sargent John Singer", "Goya Francisco", "Sargent John Singer", "Ray Man", "Sargent John Singer", "Goya Francisco", "Repin Ilya", "Goya Francisco", "Malevich Kazimir", "Goya Francisco", "Kittelsen Theodor Severin", "Caravaggio", "Sargent John Singer", "Kustodiev Boris"], "contentId": ["265718.jpg", "266269.jpg", "219757.jpg", "232470.jpg", "194034.jpg", "196877.jpg", "266089.jpg", "194062.jpg", "265899.jpg", "210882.jpg", "266261.jpg", "194130.jpg", "215013.jpg", "194020.jpg", "219800.jpg", "194053.jpg", "321944.jpg", "186706.jpg", "266163.jpg", "230073.jpg"], "title": ["Mrs. Wilton Phipps", "Mrs. Richard H. Derby", "Portrait of a Man", "Portrait\u00a0of\u00a0Gabrielle\u00a0Cot", "Portrait thought to be Josepha Bayeu (or Leocadia Weiss)", "The Black Sea at night", "Coventry Patmore", "Self portrait with spectacles", "Mr. and Mrs. Isaac Newton Phelps Stokes", "Woman with Long Hair", "Mrs. John William Crombie (Minna Watson)", "The Madhouse", "Ivan the Terrible and His Son Ivan on November 16, 1581", "Portrait of Jos\u00e9 Antonio, Marqu\u00e9s de Caballero", "Self Portrait", "Sebastian Martinez", "Kornstaurer i Maaneskinn", "The Lute Player", "Joseph Jefferson", "Portrait of N.K. von Meck"], "Dada": 0.003829611528049162, "Romanticism": 0.003443258097591028, "scores": [0.00786971648628784, 0.008612557326707966, 0.009336325339049047, 0.00962702754306718, 0.009699045144640586, 0.010077940119193985, 0.010174942048576085, 0.010556186809990601, 0.01101589213853012, 0.011069001004386873, 0.011078897667588, 0.011319760800022723, 0.011403922916261185, 0.01147487940368807, 0.011480077775672174, 0.011650082816151295, 0.01167089919555064, 0.01179198647404191, 0.011812190905285479, 0.011822089266487576], "year": [1884.0, 1888.0, 1930.0, 1890.0, 1814.0, 1879.0, 1894.0, 1801.0, 1897.0, 1929.0, 1898.0, 1814.0, 1885.0, 1807.0, 1911.0, 1792.0, "unknown", 1596.0, 1890.0, 1913.0], "Baroque": 0.004079747334171653, "style_dict": {"Fauvism": 1, "Neo-Romanticism, Symbolism": 1, "Dada": 1, "Romanticism": 6, "Baroque": 1, "Realism": 10}, "Realism": 0.003117677415946033}