{"Impressionism": 0.0029709217219285656, "Neo-Suprematism": 0.002767200872652942, "style_labels": ["Impressionism", "Neo-Suprematism", "Surrealism", "Ukiyo-e", "Art Nouveau (Modern)", "Northern Renaissance", "Romanticism", "Magic Realism", "Symbolism", "Post-Impressionism", "Realism", "Regionalism"], "Surrealism": 0.0031844937159580837, "Ukiyo-e": 0.0017172849902143633, "Art Nouveau (Modern)": 0.0032683197220189537, "artist": ["Hokusai Katsushika", "van Gogh Vincent ", "Roerich Nicholas", "Courbet Gustave", "Sisley Alfred", "Malevich Kazimir", "Roerich Nicholas", "Bruegel the Elder Pieter", "Earle Eyvind", "Goya Francisco", "Dali Salvador", "Earle Eyvind", "Dali Salvador", "Pissarro Camille ", "Roerich Nicholas", "Rockwell Norman", "van Gogh Vincent ", "van Gogh Vincent ", "Dali Salvador", "Beksinski Zdislav"], "Northern Renaissance": 0.0029873914092092935, "Romanticism": 0.003048564760545782, "style_dict": {"Impressionism": 3, "Neo-Suprematism": 1, "Surrealism": 2, "Northern Renaissance": 1, "Art Nouveau (Modern)": 1, "Ukiyo-e": 1, "Romanticism": 1, "Magic Realism": 2, "Symbolism": 2, "Post-Impressionism": 1, "Realism": 4, "Regionalism": 1}, "Magic Realism": 0.003066927701492816, "year": ["unknown", 1883.0, 1924.0, 1856.0, 1873.0, 1933.0, 1927.0, 1557.0, 1991.0, 1769.0, 1943.0, "unknown", 1921.0, 1877.0, 1913.0, "unknown", 1885.0, 1883.0, 1923.0, "unknown"], "style_counts": [0.0003746873434516962, 0.0005784081927273643, 0.00016111534942220285, 0.0016283240751658878, 7.728934336137527e-05, 0.0003582176561709449, 0.00029704430483445954, 0.00027868136388742304, 0.0006167109199499698, 0.0, 0.0006187310647065569, 2.6827799276873954e-05], "scores": [0.004963592035974587, 0.0063176013784217505, 0.007607310925488938, 0.0076523343767132155, 0.007857026948752972, 0.007998239250741685, 0.008462837213670785, 0.008634671758960166, 0.008775262558927768, 0.008811485485999011, 0.009024058261169433, 0.009285500382193805, 0.00940265490753723, 0.009440576397461795, 0.009446659020298627, 0.009592511642180158, 0.009601871519406835, 0.009636357757400809, 0.009670053955536533, 0.009729036591185698], "contentId": ["222190.jpg", "206739.jpg", "226514.jpg", "191759.jpg", "237954.jpg", "219657.jpg", "226331.jpg", "9223372032559808852.jpg", "278011.jpg", "194188.jpg", "221355.jpg", "278027.jpg", "220970.jpg", "208730.jpg", "226414.jpg", "247802.jpg", "205696.jpg", "206738.jpg", "220845.jpg", "258755.jpg"], "Symbolism": 0.0027288981454302585, "title": ["Fuji at Torigoe", "Sand Diggers in Dekkersduin near The Hague 2", "Sanga Chelling", "La Bretonnerie in the Department of Indre", "Frost in Louveciennes", "Female Torso", "Pass Tangla", "Parable of the Sower", "California Miniature", "Triple generation", "Portrait of Mrs. Harrison Williams", "Copy of Sea mist and Pastures", "Festival of St. Lucia At, Villamalla", "The Old Ennery Road in Pontoise", "Queen Anna's tower", "Soldier and comrads", "Autumn Landscape at Dusk", "Sand Diggers in Dekkersduin near The Hague", "Cadaques", "Untitled"], "Post-Impressionism": 0.003345609065380276, "style": ["Ukiyo-e", "Realism", "Symbolism", "Realism", "Impressionism", "Neo-Suprematism", "Symbolism", "Northern Renaissance", "Magic Realism", "Romanticism", "Surrealism", "Magic Realism", "Impressionism", "Impressionism", "Art Nouveau (Modern)", "Regionalism", "Realism", "Realism", "Post-Impressionism", "Surrealism"], "Realism": 0.0027268780006737604, "Regionalism": 0.003318781266103405}