{"Impressionism": 0.003914786499793321, "style": ["Symbolism", "Mannerism (Late Renaissance)", "Symbolism", "Realism", "Symbolism", "Symbolism", "Romanticism", "Impressionism", "Color Field Painting", "Symbolism", "Post-Impressionism", "Surrealism", "Baroque", "Neoclassicism", "Symbolism", "Symbolism", "Orientalism", "Baroque", "Realism", "Magic Realism"], "style_labels": ["Impressionism", "Surrealism", "Orientalism", "Romanticism", "Magic Realism", "Color Field Painting", "Mannerism (Late Renaissance)", "Realism", "Symbolism", "Baroque", "Post-Impressionism", "Neoclassicism"], "Surrealism": 0.0041595351228249314, "contentId": ["225940.jpg", "225067.jpg", "226880.jpg", "266394.jpg", "225781.jpg", "226806.jpg", "194160.jpg", "213483.jpg", "242167.jpg", "225405.jpg", "185978.jpg", "258934.jpg", "219997.jpg", "232569.jpg", "225811.jpg", "225465.jpg", "279309.jpg", "216689.jpg", "191809.jpg", "278011.jpg"], "Orientalism": 0.004319860445671447, "artist": ["Roerich Nicholas", "Titian", "Roerich Nicholas", "Sargent John Singer", "Roerich Nicholas", "Roerich Nicholas", "Goya Francisco", "Degas Edgar", "Rothko Mark", "Roerich Nicholas", "Mondrian Piet", "Beksinski Zdislav", "Rembrandt", "Bouguereau William-Adolphe", "Roerich Nicholas", "Roerich Nicholas", "Gerome Jean-Leon", "Rubens Peter Paul", "Courbet Gustave", "Earle Eyvind"], "Romanticism": 0.00379875395956543, "Magic Realism": 0.0044767609878869005, "Color Field Painting": 0.003959611711507861, "Mannerism (Late Renaissance)": 0.0030164647312484086, "Realism": 0.0037414724815084967, "scores": [0.008670642435972637, 0.008718704467890245, 0.008904418137602966, 0.009146989178193066, 0.01021710071165876, 0.010628338035354356, 0.010979811159924148, 0.011315188337195796, 0.011444749863177218, 0.011626327034455198, 0.011693031923959584, 0.012022602844990335, 0.012077018922315389, 0.012113725247232527, 0.012344751889497702, 0.012456647554837339, 0.012486002630221489, 0.012598692798447369, 0.012886085649871346, 0.01293950352623963], "year": [1924.0, 1545.0, 1927.0, 1902.0, "unknown", 1929.0, 1779.0, 1872.0, 1953.0, 1939.0, 1911.0, "unknown", 1660.0, 1869.0, "unknown", 1929.0, "unknown", 1637.0, "unknown", 1991.0], "Symbolism": 0.0033645130814083466, "title": ["Kangchenjunga", "The Vendramin Family Venerating a Relic of the True Cross", "The unspilling vessel", "William Marshall Cazalet", "Himalayas", "Temple in Naggar", "The Swing", "Henri Rouart and His Daughter Helene", "Untitled", "Book of Life", "Dune Landscape", "Untitled", "A Young Man at a Table (possibly Govaert Flinck)", "Washerwomen of Fouesnant", "Himalayas", "Castles of King Gesar", "An Arab Caravan outside a Fortified Town, Egypt", "The Rape of the Sabine Women", "Portrait of Paul Chenavard", "California Miniature"], "Baroque": 0.004190222975472964, "Post-Impressionism": 0.004045511409394158, "style_dict": {"Impressionism": 1, "Magic Realism": 1, "Orientalism": 1, "Color Field Painting": 1, "Romanticism": 1, "Surrealism": 1, "Mannerism (Late Renaissance)": 1, "Neoclassicism": 1, "Symbolism": 7, "Baroque": 2, "Post-Impressionism": 1, "Realism": 2}, "Neoclassicism": 0.004191061310414211, "style_counts": [0.0005619744880935862, 0.00031722586506188755, 0.00015690054221539906, 0.0006780070283214368, 0.0, 0.0005171492763790253, 0.0014602962566384603, 0.0007352885063783843, 0.0011122479064784585, 0.0002865380124138506, 0.0004312495784927206, 0.00028569967747260616]}