{"style_counts": [0.001070953110994366, 0.0002357283409959443, 0.0010191249628689336, 0.000320944839573456, 1.238847782125685e-05, 0.0008513704170564074, 0.0], "style": ["Symbolism", "Symbolism", "Surrealism", "Northern Renaissance", "Surrealism", "Symbolism", "Romanticism", "Symbolism", "Symbolism", "Orientalism", "Symbolism", "Symbolism", "Symbolism", "Magic Realism", "Baroque", "Romanticism", "Symbolism", "Symbolism", "Symbolism", "Symbolism"], "style_labels": ["Surrealism", "Orientalism", "Northern Renaissance", "Romanticism", "Magic Realism", "Symbolism", "Baroque"], "Surrealism": 0.0027395196836586407, "contentId": ["226115.jpg", "226906.jpg", "258748.jpg", "9223372032559808852.jpg", "345169.jpg", "225940.jpg", "201370.jpg", "226802.jpg", "225521.jpg", "279295.jpg", "226704.jpg", "226880.jpg", "226806.jpg", "278258.jpg", "219997.jpg", "214588.jpg", "226166.jpg", "225780.jpg", "226954.jpg", "225407.jpg"], "Orientalism": 0.003574744453657046, "artist": ["Roerich Nicholas", "Roerich Nicholas", "Beksinski Zdislav", "Bruegel the Elder Pieter", "Solar Xul", "Roerich Nicholas", "Dore Gustave ", "Roerich Nicholas", "Roerich Nicholas", "Gerome Jean-Leon", "Roerich Nicholas", "Roerich Nicholas", "Roerich Nicholas", "Earle Eyvind", "Rembrandt", "Alma-Tadema Lawrence ", "Roerich Nicholas", "Roerich Nicholas", "Roerich Nicholas", "Roerich Nicholas"], "Northern Renaissance": 0.002791347831784012, "Romanticism": 0.003489527955079522, "Magic Realism": 0.0037980843168317472, "scores": [0.00539478680086076, 0.00743939827629583, 0.00753344436519947, 0.008068032939453202, 0.008599252716316964, 0.009209540544167064, 0.009523936475519702, 0.00969581273407603, 0.010258415205322936, 0.01033234041054628, 0.01081213642008538, 0.010890715884306122, 0.010929966800725976, 0.01097787564347883, 0.011013682949896565, 0.011025467784134508, 0.011097460284927608, 0.01117381176503536, 0.011293556870452307, 0.01137447557274979], "year": [1933.0, 1933.0, "unknown", 1557.0, 1949.0, 1924.0, "unknown", 1931.0, 1947.0, 1879.0, 1924.0, 1927.0, 1929.0, 1987.0, 1660.0, 1896.0, 1927.0, "unknown", 1917.0, 1940.0], "Symbolism": 0.002959102377596502, "title": ["Maitreya", "Tibet", "Untitled", "Parable of the Sower", "Santos y Guardianes", "Kangchenjunga", "A Mountainous Landscape with A Balloon", "Teacher's order", "Covenant of Teacher", "A Muezzin Calling from the Top of a Minaret the Faithful to Prayer", "Steps of the Himalayas", "The unspilling vessel", "Temple in Naggar", "Bonsai", "A Young Man at a Table (possibly Govaert Flinck)", "Self-Portrait", "Mongolia", "Himalayas", "Traces", "Border of Tibet"], "Baroque": 0.0038104727946529525, "style_dict": {"Magic Realism": 1, "Orientalism": 1, "Northern Renaissance": 1, "Romanticism": 2, "Surrealism": 2, "Symbolism": 12, "Baroque": 1}}