{"High Renaissance": 0.004214817982700714, "Mannerism (Late Renaissance)": 0.004820348669533014, "year": [1907.0, "unknown", 1900.0, 1910.0, 1987.0, 1495.0, 1887.0, 1909.0, "unknown", 1920.0, 1895.0, 1881.0, 1565.0, 1908.0, 1915.0, 1904.0, 1884.0, 1887.0, 1896.0, "unknown"], "Academicism": 0.0035802976788864046, "style": ["Art Nouveau (Modern)", "Academicism", "Art Nouveau (Modern)", "Impressionism", "Neo-Expressionism", "High Renaissance", "Romanticism", "Impressionism", "Realism", "Regionalism", "Realism", "Realism", "Mannerism (Late Renaissance)", "Impressionism", "Expressionism", "Cubism", "Realism", "Impressionism", "Art Nouveau (Modern), Post-Impressionism", "Ukiyo-e"], "Neo-Expressionism": 0.004053897312088251, "Art Nouveau (Modern)": 0.00319322164720107, "Ukiyo-e": 0.005078481016251126, "Expressionism": 0.004862953669112067, "style_dict": {"Impressionism": 4, "Neo-Expressionism": 1, "Art Nouveau (Modern)": 2, "Ukiyo-e": 1, "Romanticism": 1, "High Renaissance": 1, "Mannerism (Late Renaissance)": 1, "Expressionism": 1, "Academicism": 1, "Art Nouveau (Modern), Post-Impressionism": 1, "Cubism": 1, "Realism": 4, "Regionalism": 1}, "Regionalism": 0.004545552183832796, "Impressionism": 0.00426888605264906, "scores": [0.007556298494234628, 0.010348391295914455, 0.011248194080039164, 0.011273628667853256, 0.011717270300271055, 0.012182390861871029, 0.012206934284313808, 0.012410010305663634, 0.013045552052421482, 0.013138335656193547, 0.013570216356894515, 0.013684869117348248, 0.013932599657630575, 0.014028442529507697, 0.014055743945159047, 0.014142252725856232, 0.014243621747841575, 0.014274795982473953, 0.014582381139347483, 0.014678698102384067], "Realism": 0.004478884651880897, "style_counts": [0.0008095949636020006, 0.001024583704162807, 0.0018852593690500408, 0.0, 0.0008551715921377712, 0.0008636630335503437, 0.0002581323467181207, 0.00021552734713903288, 0.0014981833373646225, 3.332338228578813e-05, 0.00018559736305967522, 0.0005995963643702362, 0.000532928832418289], "artist": ["Roerich Nicholas", "Gerome Jean-Leon", "Zorn Anders", "Renoir Pierre-Auguste", "Basquiat Jean-Michel ", "Michelangelo", "Alma-Tadema Lawrence ", "Renoir Pierre-Auguste", "Courbet Gustave", "Rockwell Norman", "Bouguereau William-Adolphe", "van Gogh Vincent ", "Titian", "Renoir Pierre-Auguste", "Munch Edvard ", "Cezanne Paul", "van Gogh Vincent ", "Renoir Pierre-Auguste", "Toulouse-Lautrec Henri de", "Hokusai Katsushika"], "contentId": ["226157.jpg", "279303.jpg", "277311.jpg", "218187.jpg", "203893.jpg", "193108.jpg", "214630.jpg", "218261.jpg", "191758.jpg", "247786.jpg", "232430.jpg", "206297.jpg", "225082.jpg", "219237.jpg", "185344.jpg", "215814.jpg", "206343.jpg", "218351.jpg", "230402.jpg", "223604.jpg"], "style_labels": ["Impressionism", "Neo-Expressionism", "Art Nouveau (Modern)", "Ukiyo-e", "Romanticism", "High Renaissance", "Mannerism (Late Renaissance)", "Expressionism", "Academicism", "Art Nouveau (Modern), Post-Impressionism", "Cubism", "Realism", "Regionalism"], "Romanticism": 0.004223309424113303, "title": ["Mist in the forest", "Aim\u00e9 Morot", "Portrait of Elizabeth Sherman Cameron", "After the bath", "Pegasus", "Angel with Candlestick", "The Women of Amphissa", "Bather wiping a wound", "La Bacchante", "Retribution", "Madame la Comtesse de Cambaceres", "Man Writing Facing Left", "Venus Blindfolding Cupid", "The judgment of Paris", "Children in the Street", "Roses in a Bottle", "New-Born Calf Lying on Straw", "Child with cat (julie manet)", "Conquest\u00a0of\u00a0passage", "The Big wave"], "Art Nouveau (Modern), Post-Impressionism": 0.005045157633965281, "Cubism": 0.004892883653191399}