{"Impressionism": 0.004213256288775439, "style": ["Symbolism", "Na\u00efve Art (Primitivism)", "Metaphysical art", "Symbolism", "Art Nouveau (Modern)", "Neoclassicism", "Realism", "Symbolism", "Symbolism", "Surrealism", "Symbolism", "Symbolism", "Na\u00efve Art (Primitivism), Surrealism", "Impressionism", "Symbolism", "Realism", "Art Nouveau (Modern)", "Surrealism", "Post-Impressionism", "Expressionism"], "style_labels": ["Impressionism", "Art Nouveau (Modern)", "Realism", "Surrealism", "Na\u00efve Art (Primitivism), Surrealism", "Na\u00efve Art (Primitivism)", "Expressionism", "Metaphysical art", "Symbolism", "Post-Impressionism", "Neoclassicism"], "artist": ["Roerich Nicholas", "Chagall Marc", "Varo Remedios", "Roerich Nicholas", "Roerich Nicholas", "Ingres Jean Auguste Dominique ", "Courbet Gustave", "Roerich Nicholas", "Roerich Nicholas", "Chagall Marc", "Roerich Nicholas", "Roerich Nicholas", "Kahlo Frida ", "Renoir Pierre-Auguste", "Roerich Nicholas", "Levitan Isaac", "Roerich Nicholas", "Chagall Marc", "Sisley Alfred", "Reinhardt Ad"], "contentId": ["226110.jpg", "202672.jpg", "276564.jpg", "225552.jpg", "226744.jpg", "193444.jpg", "191722.jpg", "225424.jpg", "225599.jpg", "203048.jpg", "225967.jpg", "226053.jpg", "184924.jpg", "219143.jpg", "225410.jpg", "210415.jpg", "226953.jpg", "202907.jpg", "238362.jpg", "284623.jpg"], "Art Nouveau (Modern)": 0.00385385300687395, "title": ["Magician", "Jacob Wrestling with the Angel", "Breaking off", "Dream of the East (Rebellion)", "Study of scene design for \"Fuente Ovehuna\"", "Pope Pius VII officiating at St. Peter", "Calm Sea", "Brahmaputra", "Fire", "Song of Songs IV", "Karelian landscape. Rocky seashore.", "Lake in the mountains. Baralacha pass.", "Flower of Life (Flame Flower)", "Study Torso Sunlight Effect", "Boris and Gleb", "The last rays of the sun. A lake.", "Towns", "Paradise", "Village of Saint Mamm\u00e8s", "The rescue of art"], "Realism": 0.004097986863828141, "style_counts": [0.00040323705592115733, 0.0007626403378226954, 0.0005185064808684858, 0.0004274458056972019, 0.0004213342578782697, 0.0014610673105760474, 0.0, 0.0013791176963490193, 0.0012327174080213332, 7.403769724645404e-05, 0.0008291875585635378], "scores": [0.006716456280022667, 0.009120354293152364, 0.00935721914368453, 0.00969989848848905, 0.009976217338653642, 0.010946721682755728, 0.0114269032921123, 0.011486008405555042, 0.011582268947904251, 0.011610627430154122, 0.011712664501088032, 0.011809667129212519, 0.012125569344421078, 0.012177876985854935, 0.012269790783858413, 0.012705641223822922, 0.012718652688181259, 0.013058162288668032, 0.013129385514885846, 0.013343381984026754], "Surrealism": 0.0041890475389993985, "Na\u00efve Art (Primitivism), Surrealism": 0.0041951590868182995, "year": [1943.0, 1963.0, 1955.0, 1920.0, 1912.0, 1809.0, 1866.0, 1946.0, 1943.0, 1958.0, 1917.0, 1944.0, 1943.0, 1876.0, 1942.0, 1899.0, 1914.0, 1961.0, 1898.0, 1946.0], "Na\u00efve Art (Primitivism)": 0.0031554260341205595, "Expressionism": 0.004616493344696634, "Metaphysical art": 0.003237375648347545, "Symbolism": 0.0033837759366752524, "Post-Impressionism": 0.004542455647450149, "style_dict": {"Impressionism": 1, "Art Nouveau (Modern)": 2, "Neoclassicism": 1, "Surrealism": 2, "Na\u00efve Art (Primitivism), Surrealism": 1, "Na\u00efve Art (Primitivism)": 1, "Expressionism": 1, "Metaphysical art": 1, "Symbolism": 7, "Post-Impressionism": 1, "Realism": 2}, "Neoclassicism": 0.00378730578613306}