{"Impressionism": 0.003258776222978005, "style": ["Realism", "Surrealism", "Realism", "Expressionism", "High Renaissance", "Realism", "Neo-Romanticism", "Northern Renaissance", "Expressionism", "Color Field Painting", "Academicism", "Surrealism", "Realism", "Realism", "Surrealism", "Impressionism", "Surrealism", "Impressionism", "Symbolism", "Baroque"], "style_labels": ["Impressionism", "Neo-Romanticism", "Northern Renaissance", "High Renaissance", "Surrealism", "Color Field Painting", "Expressionism", "Symbolism", "Academicism", "Baroque", "Realism"], "Neo-Romanticism": 0.0031501088706721945, "artist": ["Repin Ilya", "Beksinski Zdislav", "van Gogh Vincent ", "Dix Otto ", "Perugino Pietro ", "Corot Camille ", "Kittelsen Theodor Severin", "Durer Albrecht", "Munch Edvard ", "Reinhardt Ad", "Gerome Jean-Leon", "Dali Salvador", "Kustodiev Boris", "Sargent John Singer", "Dali Salvador", "Churchill Winston", "Dali Salvador", "Churchill Winston", "B\u00f6cklin Arnold", "Rubens Peter Paul"], "contentId": ["215367.jpg", "259063.jpg", "207481.jpg", "275250.jpg", "199039.jpg", "199490.jpg", "321968.jpg", "201280.jpg", "185431.jpg", "283304.jpg", "279466.jpg", "221790.jpg", "229755.jpg", "265687.jpg", "221767.jpg", "313772.jpg", "221761.jpg", "313759.jpg", "260630.jpg", "216622.jpg"], "title": ["Self-portrait", "Untitled", "Woman Peeling Potatoes near a Window", "Trenches", "Combat of Love and Chastity", "Cowherd and Her Child", "Ormen Risler Under Lying", "The Sorrows", "Self-portrait. The night wanderer", "Abstract Painting", "The End of the Corrida", "Untitled (St. John from Behind)", "By Window", "Mrs Edward Goetz", "Untitled - Scene with Marine Allegory", "Mountain near Lochmore", "Untitled - for the campaign against venereal disease", "Lake near Breccles in Autumn", "Pan among the reeds", "Tereus Confronted with the Head of His Son Itylus"], "Northern Renaissance": 0.0031869805197535677, "style_counts": [0.00012180457055976923, 0.0002304719228655161, 0.0001936002737842335, 0.0003374388877825929, 0.0003788876188803858, 0.00014964716194365568, 0.00040977242579420814, 1.1907892699780653e-05, 0.00011455441550300982, 0.0, 0.0005529209874813867], "High Renaissance": 0.0030431419057551845, "scores": [0.007650113077241423, 0.007994914488609355, 0.008145022339497536, 0.00825801397944056, 0.008795811419665097, 0.008898030360550205, 0.009104985714089093, 0.009211558487260952, 0.009236713935795535, 0.009338599320396473, 0.009440030403615577, 0.00944513356998854, 0.009493876525045478, 0.009515040218541607, 0.00954292156981941, 0.009544056973382807, 0.00957191925720542, 0.009646478497251643, 0.009736717014172341, 0.009771135250927869], "Surrealism": 0.0030016931746573916, "Color Field Painting": 0.0032309336315940983, "Expressionism": 0.002970808367743588, "year": ["unknown", "unknown", 1881.0, "unknown", 1505.0, 1870.0, "unknown", 1497.0, 1924.0, 1961.0, 1870.0, 1965.0, 1921.0, 1901.0, 1945.0, "unknown", 1942.0, "unknown", 1858.0, 1638.0], "Symbolism": 0.0033686729008380136, "Academicism": 0.0032660263780347615, "Baroque": 0.0033805807935378025, "style_dict": {"Impressionism": 2, "Neo-Romanticism": 1, "Northern Renaissance": 1, "High Renaissance": 1, "Surrealism": 4, "Color Field Painting": 1, "Expressionism": 2, "Symbolism": 1, "Academicism": 1, "Baroque": 1, "Realism": 5}, "Realism": 0.002827659806056392}