{"Impressionism": 0.002310279888962572, "Neo-Suprematism": 0.0019585669609726098, "style_labels": ["Impressionism", "Neo-Suprematism", "Art Nouveau (Modern)", "Romanticism", "Surrealism", "Expressionism", "Symbolism", "Baroque", "Post-Impressionism", "Realism"], "artist": ["Dali Salvador", "Mondrian Piet", "Malevich Kazimir", "Dali Salvador", "van Gogh Vincent ", "Matisse Henri", "Roerich Nicholas", "Hassam Childe", "Roerich Nicholas", "Rembrandt", "Rembrandt", "Goya Francisco", "Sorolla Joaqu\u00edn", "Cassatt Mary", "Corot Camille ", "Ernst Max", "Hassam Childe", "Roerich Nicholas", "Roerich Nicholas", "Alma-Tadema Lawrence "], "contentId": ["221508.jpg", "185978.jpg", "219680.jpg", "221386.jpg", "206085.jpg", "290274.jpg", "226248.jpg", "243911.jpg", "226961.jpg", "220158.jpg", "220136.jpg", "194117.jpg", "251104.jpg", "190305.jpg", "199556.jpg", "234440.jpg", "244294.jpg", "226953.jpg", "225414.jpg", "214572.jpg"], "Art Nouveau (Modern)": 0.0026567870412723426, "title": ["Study for Deoxyribonucleic Acid Arabs", "Dune Landscape", "Head", "Punta es Baluard de la Riba d'en Pitxot", "Head of a Peasant Woman with Brownish Cap", "The Red Table", "Mountains Soshing", "Bornero Hill, Old Lyme, Connecticut", "Treasure of snows (Kangchenjunga)", "Hendrickje Stoffels in velvet beret", "Evangelist Writing", "The Family of the Infante Don Luis", "Fishermen pull in the nets", "Portrait of Madame Cordier", "Horse and Rider in a Gorge", "Surrealism and Painting", "Sunrise, Autumn", "Towns", "Boundary of sword (study)", "Portrait of Ignacy Jan Paderewski"], "Romanticism": 0.0024959452930661437, "scores": [0.004579788867514614, 0.005177631399601854, 0.005660986629943751, 0.0061920593420336555, 0.006231207880130867, 0.0062525831303079284, 0.006457520895383199, 0.006498546796211336, 0.006633644184845221, 0.006720832663366667, 0.006731019371269503, 0.0068699482215995354, 0.006879735562026128, 0.006895689390452523, 0.0069018874136500714, 0.007379965162888206, 0.007384657714686257, 0.007679102230838091, 0.0078004796027542, 0.00782836899994238], "Surrealism": 0.002030905397433059, "style": ["Surrealism", "Post-Impressionism", "Neo-Suprematism", "Post-Impressionism", "Realism", "Expressionism", "Symbolism", "Impressionism", "Symbolism", "Baroque", "Baroque", "Romanticism", "Impressionism", "Realism", "Realism", "Surrealism", "Impressionism", "Art Nouveau (Modern)", "Symbolism", "Romanticism"], "Expressionism": 0.002163245303385832, "year": [1963.0, 1911.0, "unknown", 1919.0, 1885.0, 1939.0, 1924.0, 1904.0, 1940.0, "unknown", "unknown", 1784.0, 1896.0, 1874.0, 1868.0, 1942.0, "unknown", 1914.0, 1933.0, 1891.0], "Symbolism": 0.0023246007737308906, "Baroque": 0.002284281000526005, "Post-Impressionism": 0.0019307057850548876, "style_dict": {"Impressionism": 3, "Neo-Suprematism": 1, "Art Nouveau (Modern)": 1, "Romanticism": 2, "Surrealism": 2, "Expressionism": 1, "Symbolism": 3, "Baroque": 2, "Post-Impressionism": 2, "Realism": 3}, "Realism": 0.002228590859186079, "style_counts": [0.0003465071523097718, 0.0006982200802997385, 0.0, 0.00016084174820618635, 0.0006258816438392545, 0.0004935417378865159, 0.00033218626754150105, 0.0003725060407463454, 0.0007260812562174257, 0.0004281961820863378]}