{"Impressionism": 0.0035894954520443684, "style": ["Expressionism", "Art Nouveau (Modern)", "Impressionism", "Analytical Cubism", "Symbolism", "Post-Impressionism", "Romanticism", "Art Nouveau (Modern)", "Symbolism", "Na\u00efve Art (Primitivism)", "Symbolism", "Symbolism", "Post-Impressionism", "Symbolism", "Ukiyo-e", "Symbolism", "Ukiyo-e", "Symbolism", "Impressionism", "Realism"], "style_labels": ["Impressionism", "Analytical Cubism", "Art Nouveau (Modern)", "Ukiyo-e", "Romanticism", "Na\u00efve Art (Primitivism)", "Expressionism", "Symbolism", "Post-Impressionism", "Realism"], "Analytical Cubism": 0.003393484336774801, "artist": ["Freud Lucian", "Roerich Nicholas", "Churchill Winston", "Braque Georges ", "Roerich Nicholas", "van Gogh Vincent ", "Aivazovsky Ivan ", "Roerich Nicholas", "Roerich Nicholas", "Chagall Marc", "Roerich Nicholas", "Redon Odilon", "van Gogh Vincent ", "Roerich Nicholas", "Hokusai Katsushika", "Roerich Nicholas", "Hokusai Katsushika", "Roerich Nicholas", "Sisley Alfred", "Kustodiev Boris"], "contentId": ["232144.jpg", "226370.jpg", "313768.jpg", "193638.jpg", "225754.jpg", "205678.jpg", "197012.jpg", "227126.jpg", "225969.jpg", "267047.jpg", "225839.jpg", "248270.jpg", "206599.jpg", "225787.jpg", "223505.jpg", "225949.jpg", "223653.jpg", "225728.jpg", "238075.jpg", "229984.jpg"], "Art Nouveau (Modern)": 0.0032562468368049057, "title": ["The Painter's Mother III", "Polovets with bow", "Mimizan Lake", "Guitar and Fruit Dish", "Himalayas", "A woman walking in garden", "Windmill on the Sea Coast", "Zvenigorod. Holy Gate.", "Karelian study", "A wheatfield on a summer's afternoon", "Himalayas. Guru Guri Dhar.", "Underwater Vision", "Pine Trees near the Wall of the Asylum", "Himalayas", "The Adonis plant", "Kangchenjunga", "Woman", "Himalayas", "Seine at Daybreak", "Portrait of A.K. Mineev"], "Ukiyo-e": 0.003973458935066026, "Romanticism": 0.003507684836598707, "scores": [0.008691519513591718, 0.008996578776995636, 0.009074375085158317, 0.009808431287876881, 0.010001342523757777, 0.010075951774457068, 0.010138513187305525, 0.010179061447155937, 0.010200530018949727, 0.010321602308255897, 0.010339835626332611, 0.010769653947456477, 0.010867398863286639, 0.011576685461046291, 0.011593160814442751, 0.011755560288927113, 0.011806053926608412, 0.011833389780041201, 0.012063725563921882, 0.012239781562949173], "Na\u00efve Art (Primitivism)": 0.0035710293252272695, "Expressionism": 0.003007059382533573, "year": [1972.0, 1943.0, "unknown", 1909.0, "unknown", 1887.0, 1837.0, 1904.0, 1918.0, 1942.0, 1933.0, 1910.0, 1889.0, "unknown", 1815.0, 1936.0, "unknown", 1943.0, 1878.0, 1923.0], "Symbolism": 0.003437728232840186, "Post-Impressionism": 0.0035564246340185133, "style_dict": {"Impressionism": 2, "Analytical Cubism": 1, "Art Nouveau (Modern)": 2, "Ukiyo-e": 2, "Romanticism": 1, "Na\u00efve Art (Primitivism)": 1, "Expressionism": 1, "Symbolism": 7, "Post-Impressionism": 2, "Realism": 1}, "Realism": 0.004234673802603936, "style_counts": [0.0006451783505595499, 0.0008411894658291175, 0.000978426965798973, 0.00026121486753782897, 0.0007269889660052042, 0.000663644477376657, 0.0012276144200703554, 0.0007969455697637295, 0.0006782491685853875, 0.0]}