{"Northern Renaissance": 0.005111860053287384, "High Renaissance": 0.006576430675795182, "year": ["unknown", 1498.0, "unknown", 1978.0, "unknown", 1954.0, 1645.0, 1921.0, "unknown", 1938.0, 1901.0, 1923.0, 1505.0, "unknown", "unknown", "unknown", 1957.0, 2001.0, "unknown", 1918.0], "Abstract Expressionism, Surrealism": 0.005427632914276396, "style": ["Northern Renaissance", "Northern Renaissance", "Metaphysical art", "Abstract Expressionism, Surrealism", "Pop Art", "Cubism, Expressionism", "Baroque", "Expressionism", "Neo-Romanticism", "Neo-Romanticism", "Art Nouveau (Modern)", "Na\u00efve Art (Primitivism)", "High Renaissance", "Northern Renaissance", "Na\u00efve Art (Primitivism)", "Regionalism", "Expressionism", "Surrealism", "Realism", "Art Nouveau (Modern)"], "Neo-Romanticism": 0.006087639433266445, "title": ["Bath of men", "The Four Horsemen of the Apocalypse, Death, Famine, Pestilence and War", "The Evangelical still life", "Fiery Furnace", "Muhammad Ali", "The Studio (VIII)", "Girl in the Window", "Seated Female Nude", "Reveille", "Crocuses", "Portrait of French writer and playwright Alfred Jarry", "Cover for the book \"Russia\"", "Madonna and Child Enthroned with Saints", "Nude Woman with the Zodiac", "Man Smoking", "Endless Debate", "Birds", "Untitled", "Drawing 3", "Vignette for book \"N. K. Roerich\""], "Art Nouveau (Modern)": 0.006614776238129833, "Expressionism": 0.006451836650128096, "style_dict": {"Abstract Expressionism, Surrealism": 1, "Neo-Romanticism": 2, "Cubism, Expressionism": 1, "Art Nouveau (Modern)": 2, "Northern Renaissance": 3, "High Renaissance": 1, "Surrealism": 1, "Na\u00efve Art (Primitivism)": 2, "Expressionism": 2, "Metaphysical art": 1, "Pop Art": 1, "Baroque": 1, "Realism": 1, "Regionalism": 1}, "Regionalism": 0.007040314065875464, "Cubism, Expressionism": 0.005835420551757709, "scores": [0.012368815339187154, 0.014373323738517478, 0.015283822904795873, 0.01568787688765215, 0.01672581169186401, 0.016866534758247335, 0.017127598281674483, 0.017404678047058406, 0.017845890499690514, 0.01800347517715032, 0.0181881881158401, 0.018196788467720337, 0.019008329493080383, 0.019199153340868687, 0.019814725479377245, 0.020349124942725557, 0.02058940059264519, 0.02073491739569925, 0.02074073605212938, 0.020765421872186763], "Baroque": 0.00592574233223939, "Realism": 0.007175802211417291, "style_counts": [0.0017481692971409446, 0.0010881627781509362, 0.0013403816596596618, 0.0005610259732875544, 0.0020639421581299944, 0.0005993715356221729, 2.0131169682358063e-06, 0.0007210048432174654, 0.0007239655612892859, 0.0018879623814569424, 0.0013890684993365099, 0.0012500598791779227, 0.0, 0.00013548814554187327], "artist": ["Durer Albrecht", "Durer Albrecht", "de Chirico Giorgio ", "Holbrook Carter Clarence", "Warhol Andy", "Braque Georges ", "Rembrandt", "Escher M.C.", "Spencer Stanley", "Spencer Stanley", "Vallotton  Felix", "Kustodiev Boris", "Raphael", "Durer Albrecht", "Botero Fernando", "Rockwell Norman", "Braque Georges ", "Beksinski Zdislav", "Sargent John Singer", "Roerich Nicholas"], "contentId": ["200554.jpg", "201212.jpg", "194590.jpg", "345393.jpg", "229362.jpg", "193787.jpg", "220148.jpg", "204826.jpg", "298645.jpg", "298599.jpg", "271224.jpg", "229772.jpg", "210513.jpg", "200885.jpg", "281234.jpg", "247655.jpg", "193605.jpg", "258654.jpg", "266425.jpg", "227028.jpg"], "style_labels": ["Abstract Expressionism, Surrealism", "Neo-Romanticism", "Cubism, Expressionism", "Art Nouveau (Modern)", "Northern Renaissance", "High Renaissance", "Surrealism", "Na\u00efve Art (Primitivism)", "Expressionism", "Metaphysical art", "Pop Art", "Baroque", "Realism", "Regionalism"], "Surrealism": 0.007173789094449125, "Na\u00efve Art (Primitivism)": 0.006454797368199917, "Metaphysical art": 0.005287839829960357, "Pop Art": 0.005786733712080811}