{"Color Field Painting": 0.002480734101776191, "year": ["unknown", 1921.0, 1892.0, 1334.0, 1968.0, 1889.0, "unknown", 1917.0, 1634.0, 1950.0, 1969.0, "unknown", 1899.0, 1952.0, "unknown", 1944.0, 1882.0, "unknown", 1956.0, 1927.0], "Academicism": 0.00265307807156646, "Proto Renaissance": 0.002311142720894519, "style": ["Impressionism", "Art Nouveau (Modern)", "Post-Impressionism", "Proto Renaissance", "Color Field Painting", "Impressionism", "Neo-Romanticism", "Expressionism", "Baroque", "Expressionism", "Color Field Painting", "Academicism", "Realism", "Surrealism", "Impressionism", "Op Art", "Realism", "Impressionism", "Na\u00efve Art (Primitivism)", "Neo-Romanticism"], "Neo-Romanticism": 0.0026287490908124046, "title": ["Still Life with Peaches and Chestnuts", "Forest", "Portrait of a Woman of the House on the Rue d Amboise", "Baroncelli Polyptych", "Untitled (Green on Blue)", "Ellen Terry as Lady Macbeth", "Tjernet", "Portrait of a Man", "Diana Bathing, with the Stories of Actaeon and Callisto", "Oysters", "Untitled (Gray and Mauve)", "Night", "An Interior in Venice", "Nuclear Cross", "Still Life with Melon", "Logo for Chinese-Indonesian restaurant \"Insulinde\"", "The Daughters of Edward Darley Boit", "Still Life with Pears and Grapes", "Angel with a sword", "Filling Tea Urns"], "Art Nouveau (Modern)": 0.00172336693486238, "Expressionism": 0.002480985944164065, "style_dict": {"Impressionism": 4, "Neo-Romanticism": 2, "Op Art": 1, "Art Nouveau (Modern)": 1, "Surrealism": 1, "Color Field Painting": 2, "Na\u00efve Art (Primitivism)": 1, "Expressionism": 2, "Academicism": 1, "Baroque": 1, "Post-Impressionism": 1, "Proto Renaissance": 1, "Realism": 2}, "Impressionism": 0.0022878636099251805, "scores": [0.004529813792814728, 0.0049811711170183025, 0.006587723521386311, 0.006680061648940815, 0.006996733414055753, 0.007132466840284542, 0.007173903638250163, 0.007232448132184205, 0.007333455971746259, 0.007377775309337248, 0.007612006958378772, 0.007668381929549314, 0.007830388672323621, 0.007844231588953447, 0.007985126955252688, 0.008138660943178989, 0.008170829029482903, 0.00821440079112053, 0.008271910311029845, 0.008306478940622607], "Baroque": 0.002537201642561064, "Post-Impressionism": 0.002279195921213043, "Realism": 0.002717192955096731, "style_counts": [0.0005740209516132966, 0.00023313547072600915, 4.61011174381909e-05, 0.00113851762667605, 0.0001479666831465387, 0.00038115045976228057, 0.0, 0.00038089861737444775, 0.00020880648997201323, 0.00032468291897735924, 0.0005826886403254017, 0.0005507418406439646, 0.00014469160644170476], "artist": ["Renoir Pierre-Auguste", "Roerich Nicholas", "Toulouse-Lautrec Henri de", "Giotto", "Rothko Mark", "Sargent John Singer", "Kittelsen Theodor Severin", "Escher M.C.", "Rembrandt", "Braque Georges ", "Rothko Mark", "Gerome Jean-Leon", "Sargent John Singer", "Dali Salvador", "Renoir Pierre-Auguste", "Escher M.C.", "Sargent John Singer", "Renoir Pierre-Auguste", "Chagall Marc", "Spencer Stanley"], "Op Art": 0.0028157834441002614, "contentId": ["219112.jpg", "225616.jpg", "230548.jpg", "192712.jpg", "290301.jpg", "266102.jpg", "322002.jpg", "204779.jpg", "220124.jpg", "193682.jpg", "290300.jpg", "279387.jpg", "265785.jpg", "221249.jpg", "219105.jpg", "204726.jpg", "265698.jpg", "219115.jpg", "202421.jpg", "298631.jpg"], "style_labels": ["Impressionism", "Neo-Romanticism", "Op Art", "Art Nouveau (Modern)", "Surrealism", "Color Field Painting", "Na\u00efve Art (Primitivism)", "Expressionism", "Academicism", "Baroque", "Post-Impressionism", "Proto Renaissance", "Realism"], "Surrealism": 0.0027139178783919075, "Na\u00efve Art (Primitivism)": 0.002861884561538471}