{"Impressionism": 0.008349395004399162, "style": ["Proto Renaissance", "Surrealism", "Ukiyo-e", "Proto Renaissance", "Surrealism", "Expressionism", "Art Nouveau (Modern)", "Proto Renaissance", "Expressionism", "Surrealism", "Expressionism", "Impressionism", "Op Art", "Surrealism", "Art Nouveau (Modern)", "Impressionism", "Cubism", "Surrealism", "Op Art", "unknown"], "style_labels": ["Impressionism", "Op Art", "unknown", "Art Nouveau (Modern)", "Ukiyo-e", "Proto Renaissance", "Surrealism", "Expressionism", "Cubism"], "artist": ["Giotto", "Escher M.C.", "Hokusai Katsushika", "Giotto", "Picasso Pablo", "Escher M.C.", "Vallotton  Felix", "Giotto", "Escher M.C.", "Beksinski Zdislav", "Escher M.C.", "Degas Edgar", "Escher M.C.", "Dali Salvador", "Vallotton  Felix", "Degas Edgar", "Escher M.C.", "Picasso Pablo", "Escher M.C.", "Kittelsen Theodor Severin"], "Op Art": 0.008837845293407155, "unknown": 0.009494976586250514, "Art Nouveau (Modern)": 0.007432360123060755, "title": ["The Crucifixion", "Grasshopper", "A depiction of Sun Wukong wielding his staff", "The Crucifixion", "Bust of woman", "Life Force", "Portrait of Fortun\u00e9 Henry", "The Crucifixion", "Hand with Fir Cone", "Untitled", "Sunflowers", "Sitting woman drying herself", "Dolphins", "Untitled - Design for the ball in the dream sequence in 'Spellbound'", "Edgar Allan Poe", "Sitting woman drying herself", "Seated Female Nude III", "Bather", "Three Intersecting Planes", "Askeladden og trollet (p\u00e5 flya)"], "Ukiyo-e": 0.004867876434439382, "style_counts": [0.001145581581851407, 0.0006571312928433937, 0.0, 0.002062616463189726, 0.004627100151811114, 0.004438336747390692, 0.0029338797016763563, 0.003119966375144223, 0.0004375146640440697], "Proto Renaissance": 0.005056639838859807, "scores": [0.011767104405189015, 0.012665290273121316, 0.01406997256703187, 0.01435899042313155, 0.016300998984655306, 0.016959220951761642, 0.01790701301457743, 0.019318922654712963, 0.01971481306416139, 0.0199131524864394, 0.020619437485018745, 0.023255529591766508, 0.024990839687567275, 0.02574106388656376, 0.025861248692507305, 0.025913038615054382, 0.026179432138165454, 0.026782639423299864, 0.027054152659934112, 0.02744401216678382], "Surrealism": 0.006561096884574229, "Expressionism": 0.006375010211106259, "contentId": ["192811.jpg", "204550.jpg", "222136.jpg", "192810.jpg", "223797.jpg", "204582.jpg", "271203.jpg", "192815.jpg", "204552.jpg", "259114.jpg", "204863.jpg", "213674.jpg", "204483.jpg", "221757.jpg", "271102.jpg", "213673.jpg", "204828.jpg", "223731.jpg", "204890.jpg", "322004.jpg"], "year": [1300.0, 1935.0, "unknown", 1317.0, 1931.0, 1919.0, 1897.0, 1330.0, 1921.0, "unknown", 1918.0, "unknown", 1923.0, 1944.0, 1895.0, "unknown", 1920.0, 1931.0, 1954.0, 1910.0], "style_dict": {"Impressionism": 2, "Op Art": 2, "unknown": 1, "Art Nouveau (Modern)": 2, "Ukiyo-e": 1, "Cubism": 1, "Surrealism": 5, "Expressionism": 3, "Proto Renaissance": 3}, "Cubism": 0.009057461922206458}