{"Impressionism": 0.003932734768488178, "style": ["Surrealism", "Realism", "Expressionism", "Expressionism", "Constructivism", "Expressionism", "Symbolism", "Realism", "Art Nouveau (Modern)", "Cubo-Futurism", "Post-Impressionism", "Ukiyo-e", "High Renaissance", "Impressionism", "Realism", "Art Deco", "Expressionism", "Expressionism", "Post-Impressionism", "Symbolism"], "style_labels": ["Impressionism", "Cubo-Futurism", "Art Nouveau (Modern)", "Ukiyo-e", "High Renaissance", "Surrealism", "Expressionism", "Symbolism", "Constructivism", "Art Deco", "Post-Impressionism", "Realism"], "Cubo-Futurism": 0.003776597031900967, "artist": ["Dali Salvador", "van Gogh Vincent ", "Chagall Marc", "Schiele Egon", "Malevich Kazimir", "Chagall Marc", "Roerich Nicholas", "Sargent John Singer", "Roerich Nicholas", "Malevich Kazimir", "van Gogh Vincent ", "Hokusai Katsushika", "Michelangelo", "Cassatt Mary", "van Gogh Vincent ", "Serebriakova Zinaida", "Munch Edvard ", "Munch Edvard ", "Cezanne Paul", "Roerich Nicholas"], "contentId": ["221126.jpg", "206519.jpg", "203328.jpg", "232864.jpg", "219725.jpg", "203195.jpg", "226625.jpg", "266204.jpg", "225518.jpg", "219809.jpg", "205913.jpg", "223576.jpg", "193202.jpg", "190150.jpg", "205995.jpg", "227465.jpg", "185364.jpg", "185344.jpg", "215877.jpg", "226551.jpg"], "Art Nouveau (Modern)": 0.0037325330180135352, "title": ["Madonna", "Peasant Woman with Spade", "Street in Vitebsk", "Woman with Black Stockings", "New Man", "The house on the forest edge", "Sketch with trees and people with buggles", "Man Screaming (also known as Study for Hell)", "Courtier", "Sketch to the Portrait of a Builder", "Farmers Working in the Field", "Sketch of Daruma", "St. Proculus", "Baby`s First Cess", "Garden in the Snow", "Reclining Nude", "Girl and Death", "Children in the Street", "Still Life with Carafe, Sugar Bowl, Bottle, Pommegranates and Watermelon", "Sharugon Monastery"], "Ukiyo-e": 0.0037839937182247312, "style_counts": [5.303926437438822e-05, 0.00020917700096168002, 0.00025324101484902606, 0.00020178031463791157, 0.00011451954959540434, 0.0011592825484916247, 0.0005818856564523411, 0.00018523961479022244, 0.0005068912042051066, 0.0, 0.00011663521071259009, 0.000539680235240203], "High Renaissance": 0.0038712544832672463, "scores": [0.008169611160359896, 0.008808130479019445, 0.008885139028884218, 0.010033899753254586, 0.010055264676981656, 0.010458770474250572, 0.010519146872172164, 0.010643444479945138, 0.010788408020681258, 0.010915769401961036, 0.0109293796386313, 0.01093714857521326, 0.011189364626064558, 0.01136706550613454, 0.011519148262730428, 0.01152036869794198, 0.01154481430097171, 0.011685193832523416, 0.01185550668885807, 0.011861736492299995], "Surrealism": 0.0028264914843709825, "Expressionism": 0.0034038883764102197, "year": [1943.0, 1885.0, 1914.0, 1912.0, 1913.0, 1914.0, 1919.0, 1895.0, 1912.0, "unknown", 1888.0, "unknown", 1494.0, 1891.0, 1885.0, 1930.0, 1894.0, 1915.0, "unknown", 1928.0], "Symbolism": 0.0038005344180724204, "Constructivism": 0.003478882828657533, "Art Deco": 0.003985774032862608, "Post-Impressionism": 0.0038691388221500323, "style_dict": {"Impressionism": 1, "Cubo-Futurism": 1, "Art Nouveau (Modern)": 1, "Ukiyo-e": 1, "High Renaissance": 1, "Surrealism": 1, "Expressionism": 5, "Symbolism": 2, "Constructivism": 1, "Art Deco": 1, "Post-Impressionism": 2, "Realism": 3}, "Realism": 0.0034460937976224034}