{"style_counts": [0.000280775946722267, 0.0, 0.0008028923742788852, 0.0026592196123770284, 0.0016745762136878284, 0.0012917835941872458, 0.0011459025667932554, 0.004073930161482053, 0.002330002982534163, 0.002209933790388585, 0.0015326385855611857, 0.002134522781544579], "style": ["Symbolism", "Expressionism", "Symbolism", "Art Nouveau (Modern)", "Orientalism", "Orphism", "Surrealism", "Romanticism", "Symbolism", "Pop Art", "Cubism", "Romanticism", "Art Nouveau (Modern)", "unknown", "Symbolism", "Neo-Romanticism", "Surrealism", "Neo-Expressionism", "Symbolism", "Symbolism"], "style_labels": ["Neo-Romanticism", "Neo-Expressionism", "unknown", "Orientalism", "Romanticism", "Cubism", "Surrealism", "Expressionism", "Orphism", "Symbolism", "Pop Art", "Art Nouveau (Modern)"], "Neo-Romanticism": 0.009891986230770648, "Neo-Expressionism": 0.010172762177492987, "unknown": 0.009369869803214073, "Orientalism": 0.007513542565115897, "contentId": ["226197.jpg", "232170.jpg", "226193.jpg", "227040.jpg", "279306.jpg", "196036.jpg", "228057.jpg", "187881.jpg", "226205.jpg", "229278.jpg", "219675.jpg", "187750.jpg", "227018.jpg", "9223372032559810720.jpg", "226189.jpg", "322087.jpg", "202374.jpg", "231485.jpg", "226188.jpg", "226186.jpg"], "year": [1922.0, 1996.0, 1922.0, 1918.0, "unknown", "unknown", 1945.0, 1838.0, 1922.0, 1962.0, 1913.0, 1828.0, 1918.0, 1890.0, 1922.0, 1900.0, 1984.0, "unknown", 1922.0, 1922.0], "Romanticism": 0.008498185963805182, "Cubism": 0.008880978583305691, "scores": [0.01605539829528544, 0.017627891815231, 0.019934956987830262, 0.02094368529966523, 0.02171693123196169, 0.02266848968108951, 0.024092003443457084, 0.024263661266076323, 0.02483760759687832, 0.02497316921485211, 0.02566932967966746, 0.02578111874198987, 0.02639252550293808, 0.02708240705437405, 0.028424268388745635, 0.02859151763091721, 0.029066071150957568, 0.02940306449762002, 0.029756167920275182, 0.030796014912198886], "Surrealism": 0.009026859610699677, "title": ["Monhegan (study)", "Woman with an Arm Tattoo", "Monhegan (study)", "Vignette for book \"N. K. Roerich\"", "Amehs Playing Chess in a Caf\u00e9", "Model, setting for the opera by Darius Milhaud Bolivar, L pass Andes", "Women Sonando Evasion", "The Cottage in the grove", "Monhegan (study)", "3 Coke Bottles", "Green and black", "Faust in his Study", "Vignette for book \"N. K. Roerich\"", "Still Life with Books", "Monhegan (study)", "Askeladdens adventure", "A painer with chandelier", "Blue Room", "Monhegan (study)", "Monhegan (study)"], "Expressionism": 0.0060988320160109575, "Orphism": 0.007842759194958847, "Symbolism": 0.0079628283871044, "Pop Art": 0.008640123591931824, "artist": ["Roerich Nicholas", "Freud Lucian", "Roerich Nicholas", "Roerich Nicholas", "Gerome Jean-Leon", "Leger Fernand ", "Miro Joan", "Delacroix Eugene ", "Roerich Nicholas", "Warhol Andy", "Malevich Kazimir", "Delacroix Eugene ", "Roerich Nicholas", "Matisse Henri", "Roerich Nicholas", "Kittelsen Theodor Severin", "Chagall Marc", "Twombly Cy", "Roerich Nicholas", "Roerich Nicholas"], "style_dict": {"Neo-Romanticism": 1, "Neo-Expressionism": 1, "unknown": 1, "Art Nouveau (Modern)": 2, "Romanticism": 2, "Cubism": 1, "Surrealism": 2, "Expressionism": 1, "Orphism": 1, "Symbolism": 6, "Pop Art": 1, "Orientalism": 1}, "Art Nouveau (Modern)": 0.00803823939594836}