{"Impressionism": 0.0036561308836732327, "style": ["Symbolism", "Cubism", "Impressionism", "Neo-baroque", "Symbolism", "Surrealism", "Symbolism", "Surrealism", "Pop Art", "Art Nouveau (Modern)", "Expressionism", "Art Nouveau (Modern)", "Surrealism", "Magic Realism", "Surrealism", "Art Nouveau (Modern)", "Realism", "Realism", "Ukiyo-e", "Expressionism"], "style_labels": ["Impressionism", "Surrealism", "Art Nouveau (Modern)", "Ukiyo-e", "Magic Realism", "Expressionism", "Neo-baroque", "Symbolism", "Pop Art", "Cubism", "Realism"], "Surrealism": 0.003917425347507997, "contentId": ["225634.jpg", "221486.jpg", "337093.jpg", "194544.jpg", "226514.jpg", "258755.jpg", "227074.jpg", "258768.jpg", "229280.jpg", "226976.jpg", "221468.jpg", "226279.jpg", "220769.jpg", "278011.jpg", "221595.jpg", "230217.jpg", "265653.jpg", "206100.jpg", "222256.jpg", "227446.jpg"], "Art Nouveau (Modern)": 0.00411502870933902, "artist": ["Roerich Nicholas", "Dali Salvador", "Cezanne Paul", "de Chirico Giorgio ", "Roerich Nicholas", "Beksinski Zdislav", "Roerich Nicholas", "Beksinski Zdislav", "Warhol Andy", "Roerich Nicholas", "Dali Salvador", "Roerich Nicholas", "Dali Salvador", "Earle Eyvind", "Dali Salvador", "Kustodiev Boris", "Sargent John Singer", "van Gogh Vincent ", "Hokusai Katsushika", "Serebriakova Zinaida"], "Ukiyo-e": 0.004549761727410675, "style_counts": [0.0008936308437375029, 0.000632336379902676, 0.00043473301807173126, 0.0, 0.00020821470813592313, 0.00026332672020623615, 0.000881574127426954, 0.001142000905411944, 0.00048550675730085757, 0.0009750324306149194, 0.00010175601908557486], "scores": [0.008398983596908837, 0.010332296601582726, 0.010567577449341059, 0.01060242584165793, 0.010846732313314462, 0.01117175399347058, 0.01138050131482055, 0.011403187158501313, 0.011747207782494593, 0.01180636186675783, 0.011904150098937097, 0.012092676863703104, 0.012391335711434859, 0.012548684890090103, 0.012740480610971541, 0.01308353420304345, 0.013085075909320742, 0.013108686864974115, 0.013150502802064683, 0.013338142534815767], "Magic Realism": 0.004341547019274782, "year": [1915.0, 1923.0, 1884.0, 1925.0, 1924.0, "unknown", 1922.0, "unknown", 1966.0, 1914.0, 1923.0, 1910.0, 1977.0, 1991.0, 1942.0, 1927.0, 1902.0, 1885.0, "unknown", 1934.0], "title": ["Giant's tomb", "Still Life", "Rose Bouquet", "Self Portrait", "Sanga Chelling", "Untitled", "Went out", "Untitled", "Cow", "Tver Embassy", "Source in the Hornet", "Old king", "Angelic Landscape", "California Miniature", "The Flames, They Call", "Sketch for the play Pigeons and Hussars", "Lady Evelyn Cavendish", "Head of a Peasant Woman with White Cap", "Nine\u00a0women\u00a0playing\u00a0the\u00a0game of\u00a0fox", "Portrait of the artist's sister"], "Expressionism": 0.004286435007204473, "Neo-baroque": 0.003668187599983745, "Symbolism": 0.0034077608219987778, "Pop Art": 0.004064254970109837, "style_dict": {"Impressionism": 1, "Magic Realism": 1, "Art Nouveau (Modern)": 3, "Ukiyo-e": 1, "Surrealism": 4, "Expressionism": 2, "Neo-baroque": 1, "Symbolism": 3, "Pop Art": 1, "Cubism": 1, "Realism": 2}, "Cubism": 0.003574729296795845, "Realism": 0.004448005708325159}