{"style_counts": [0.0002519588732962097, 0.000300665306177339, 0.0006274633058503953, 0.0, 0.000543691905183108, 0.0006756422514437865, 0.001732232758752672, 0.00040282356816301323, 0.00010799695878027649, 0.0002759973046354558], "style": ["Expressionism", "Realism", "Realism", "Romanticism", "Romanticism", "Surrealism", "Realism", "Romanticism", "Baroque", "Surrealism", "Surrealism", "Art Nouveau (Modern)", "Neoclassicism", "Romanticism", "Neo-Romanticism", "Baroque", "Realism", "Realism", "Post-Impressionism", "High Renaissance"], "style_labels": ["Neo-Romanticism", "Art Nouveau (Modern)", "Romanticism", "High Renaissance", "Surrealism", "Realism", "Expressionism", "Baroque", "Post-Impressionism", "Neoclassicism"], "Neo-Romanticism": 0.0030204544017003246, "artist": ["Modigliani Amedeo ", "Sargent John Singer", "Levitan Isaac", "Aivazovsky Ivan ", "Aivazovsky Ivan ", "Magritte Rene", "Sargent John Singer", "Goya Francisco", "Rembrandt", "Beksinski Zdislav", "Dali Salvador", "Roerich Nicholas", "Bouguereau William-Adolphe", "Goya Francisco", "Kittelsen Theodor Severin", "Rubens Peter Paul", "Repin Ilya", "Roerich Nicholas", "Toulouse-Lautrec Henri de", "Raphael"], "contentId": ["189779.jpg", "265908.jpg", "210464.jpg", "196861.jpg", "196603.jpg", "211481.jpg", "266176.jpg", "194008.jpg", "220582.jpg", "258650.jpg", "220770.jpg", "226309.jpg", "232469.jpg", "194152.jpg", "321996.jpg", "216647.jpg", "215367.jpg", "295499.jpg", "230637.jpg", "210505.jpg"], "Art Nouveau (Modern)": 0.0029717479688191792, "title": ["Viking Eggeling", "Mrs. Ralph Curtis", "Water lilies. Nenuphar.", "The Bay of Naples at moonlit night", "Moonlight in Feodosia", "The comic spirit", "Lady Playfair", "Plague Hospital", "The Carcass of an Ox (Slaughtered Ox)", "Untitled", "Angelus", "Oze", "Portrait of the Artist", "The Second of May, 1808: The Charge of the Mamelukes", "Streik", "The Fall of Phaeton", "Self-portrait", "Pechora. A Half-beleiver (A Seto Woman).", "The Milliner", "Jacob's Dream"], "Romanticism": 0.002644949969146108, "High Renaissance": 0.0032724132749964883, "Surrealism": 0.002728721369813412, "Realism": 0.0025967710235526784, "Expressionism": 0.0015401805162437948, "year": [1916.0, 1898.0, 1895.0, 1842.0, 1880.0, 1927.0, 1884.0, 1800.0, 1655.0, 2000.0, 1932.0, 1914.0, 1879.0, 1814.0, 1879.0, 1605.0, "unknown", 1903.0, 1900.0, 1518.0], "scores": [0.0044516942662129995, 0.006637416761791522, 0.007728446830921411, 0.007753507667551374, 0.00778582397324627, 0.00785173068503262, 0.007857684206775845, 0.00800534798884612, 0.008035867509895052, 0.008216762997200647, 0.008455062337026215, 0.008589456400660247, 0.008660756095640728, 0.00866575848124104, 0.008730236098687776, 0.008862796064135717, 0.008952518022502473, 0.00895758155526903, 0.009146339550617034, 0.009458490910214345], "Baroque": 0.0028695897068335098, "Post-Impressionism": 0.0031644163162161693, "style_dict": {"Neo-Romanticism": 1, "Art Nouveau (Modern)": 1, "Romanticism": 4, "High Renaissance": 1, "Surrealism": 3, "Neoclassicism": 1, "Expressionism": 1, "Baroque": 2, "Post-Impressionism": 1, "Realism": 5}, "Neoclassicism": 0.002996415970361091}