{"Fauvism": 0.0037551698476683028, "style": ["Symbolism", "Realism", "High Renaissance", "Surrealism", "Symbolism", "Symbolism", "Neo-Romanticism", "Surrealism", "Symbolism", "Fauvism", "Neo-Romanticism", "Magic Realism", "Surrealism", "Surrealism", "Symbolism", "Surrealism", "Realism", "Surrealism", "Symbolism", "Realism"], "style_labels": ["Fauvism", "Neo-Romanticism", "Surrealism", "High Renaissance", "Magic Realism", "Symbolism", "Realism"], "Neo-Romanticism": 0.0035117004367725235, "Surrealism": 0.0035828842854907397, "contentId": ["225632.jpg", "206738.jpg", "193151.jpg", "221790.jpg", "225317.jpg", "226073.jpg", "321767.jpg", "221100.jpg", "226785.jpg", "193655.jpg", "321768.jpg", "278027.jpg", "220946.jpg", "220854.jpg", "226519.jpg", "258832.jpg", "206739.jpg", "221548.jpg", "226568.jpg", "225919.jpg"], "artist": ["Roerich Nicholas", "van Gogh Vincent ", "Michelangelo", "Dali Salvador", "Roerich Nicholas", "Roerich Nicholas", "Kittelsen Theodor Severin", "Dali Salvador", "Roerich Nicholas", "Braque Georges ", "Kittelsen Theodor Severin", "Earle Eyvind", "Dali Salvador", "Dali Salvador", "Roerich Nicholas", "Beksinski Zdislav", "van Gogh Vincent ", "Dali Salvador", "Roerich Nicholas", "Roerich Nicholas"], "style_counts": [9.513134537231238e-05, 0.0003386007562681259, 0.0002674169075499444, 0.0007957542012506647, 0.0, 0.0005297586465459192, 7.61813277962986e-05], "High Renaissance": 0.003054546991789963, "Magic Realism": 0.003850301193040589, "scores": [0.008512795988002203, 0.008594973753083863, 0.008828776358236397, 0.009000814713495658, 0.009262778413512661, 0.009552877727932792, 0.009772685183903378, 0.009948849547436084, 0.010258788639142176, 0.010853836873803705, 0.010907290114474284, 0.011128801827758427, 0.011191485731250204, 0.012159007691628733, 0.012162155870894106, 0.012503507840620464, 0.012506410684673742, 0.0126010121965668, 0.01271985505020162, 0.012817373615963194], "year": [1915.0, 1883.0, 1490.0, 1965.0, 1942.0, "unknown", 1900.0, 1936.0, "unknown", 1907.0, 1900.0, "unknown", 1937.0, 1934.0, 1944.0, "unknown", 1883.0, 1952.0, 1938.0, 1891.0], "Symbolism": 0.0033205425464947467, "title": ["Giantess Krimgerd", "Sand Diggers in Dekkersduin near The Hague", "Madonna of the Stairs", "Untitled (St. John from Behind)", "Alexander Nevsky", "Landscape", "Up in the Hills a Clarion Call rings out", "Landscape with Girl Skipping Rope", "Sunset over Malana", "Landscape of Estaque", "Creepy, Crawly, Rustling, Bustling", "Copy of Sea mist and Pastures", "Enchanted Beach (Long, Siphon)", "Cannibalism of the Praying Mantis of Lautreamont", "Santana", "Untitled", "Sand Diggers in Dekkersduin near The Hague 2", "The Angel of Port Lligat", "Shirin and Khosrau", "Issuance of head"], "style_dict": {"Fauvism": 1, "Neo-Romanticism": 2, "Magic Realism": 1, "High Renaissance": 1, "Surrealism": 6, "Symbolism": 6, "Realism": 3}, "Realism": 0.003774119865244304}