{"High Renaissance": 0.005236579084732843, "year": [1887.0, "unknown", 1890.0, 1983.0, 1902.0, "unknown", "unknown", 1900.0, 1983.0, 1949.0, 1983.0, 1949.0, 1932.0, 1510.0, "unknown", 1913.0, 1927.0, "unknown", 1937.0, 1982.0], "Academicism": 0.005518302531803592, "style": ["Post-Impressionism", "Na\u00efve Art (Primitivism)", "Post-Impressionism", "Neo-Expressionism", "Art Nouveau (Modern)", "Orientalism", "Early Renaissance", "Realism", "Neo-Expressionism", "Na\u00efve Art (Primitivism)", "Neo-Expressionism", "Action painting", "Expressionism", "High Renaissance", "Orientalism", "Constructivism", "Cubism", "Academicism", "Expressionism", "Neo-Expressionism"], "Neo-Expressionism": 0.004394925297805533, "Art Nouveau (Modern)": 0.0038974498083286287, "Expressionism": 0.005257133012695816, "style_dict": {"Neo-Expressionism": 4, "Orientalism": 2, "High Renaissance": 1, "Cubism": 1, "Na\u00efve Art (Primitivism)": 2, "Expressionism": 2, "Academicism": 1, "Constructivism": 1, "Early Renaissance": 1, "Post-Impressionism": 2, "Art Nouveau (Modern)": 1, "Realism": 1, "Action painting": 1}, "Na\u00efve Art (Primitivism)": 0.003828641856780632, "scores": [0.007171791611282391, 0.008319843191222169, 0.009667674306354271, 0.010057838075061878, 0.011265078853810888, 0.011798566275015271, 0.012019551688412854, 0.012246150548416507, 0.012488476175229506, 0.014226561449523969, 0.014456126217834393, 0.01458221308758598, 0.014604458911226399, 0.015135660294501556, 0.015337469181380669, 0.015349994809559935, 0.01582693580805427, 0.015949945789452004, 0.016354155811262126, 0.016519354257023194], "Constructivism": 0.0053107337378403, "Early Renaissance": 0.004158479495094988, "Post-Impressionism": 0.0028595372559569654, "Realism": 0.004236877320352106, "style_counts": [0.0011233772339981352, 0.00091028795782222, 0.001620852723475008, 0.0002817234470707808, 0.00047320303975761924, 0.0002611695191078178, 0.00020756879396333083, 0.0, 0.0013598230367086739, 0.0026587652758466307, 4.255853284673705e-05, 0.0012814252114515812, 0.0016896606750229637], "artist": ["van Gogh Vincent ", "Leger Fernand ", "van Gogh Vincent ", "Basquiat Jean-Michel ", "Mucha Alphonse", "Gerome Jean-Leon", "Perugino Pietro ", "Roerich Nicholas", "Basquiat Jean-Michel ", "Picasso Pablo", "Basquiat Jean-Michel ", "Pollock Jackson ", "Serebriakova Zinaida", "Michelangelo", "Gerome Jean-Leon", "Malevich Kazimir", "Leger Fernand ", "Gerome Jean-Leon", "Pollock Jackson ", "Basquiat Jean-Michel "], "contentId": ["207177.jpg", "196201.jpg", "206820.jpg", "203794.jpg", "227678.jpg", "279297.jpg", "199113.jpg", "225555.jpg", "203935.jpg", "224018.jpg", "203927.jpg", "288184.jpg", "227543.jpg", "193113.jpg", "279476.jpg", "219724.jpg", "196171.jpg", "279438.jpg", "185284.jpg", "203870.jpg"], "Orientalism": 0.004608014573981432, "style_labels": ["Neo-Expressionism", "Orientalism", "Art Nouveau (Modern)", "High Renaissance", "Action painting", "Expressionism", "Constructivism", "Academicism", "Early Renaissance", "Post-Impressionism", "Cubism", "Realism", "Na\u00efve Art (Primitivism)"], "Action painting": 0.005045099492045978, "title": ["The Seine with the Pont de Clichy", "Study\u00a0for\u00a0The\u00a0Bathers", "Sheet with Sketches of Diggers and Other Figures", "Boxer Rebellion", "Morning Star", "A Seated Female Nude", "Polyptych Annunziata (St. Philip Benizi)", "Duck's head", "Undiscovered Genius", "Head of Faun", "Titian", "Number 26", "Three figures in the doorway.\u00a0Marrakesh", "Battle of the Lapiths and Centaurs", "The Moorish Bath", "Neron", "Still life", "Socrates seeking Alcibiades in the House of Aspasia", "Landscape with Steer", "NOT DETECTED"], "Cubism": 0.005475743998956845}