{"Impressionism": 0.005706588829825654, "style": ["Post-Impressionism", "Impressionism", "Impressionism", "Ukiyo-e", "Impressionism", "Impressionism", "Impressionism", "Impressionism", "Impressionism", "Symbolism", "Impressionism", "Romanticism", "Baroque", "Impressionism", "Impressionism", "Romanticism", "Realism", "Abstract Expressionism", "Impressionism", "Romanticism"], "Abstract Expressionism": 0.00723817342333522, "artist": ["Toulouse-Lautrec Henri de", "Monet Claude", "Cezanne Paul", "Hokusai Katsushika", "Monet Claude", "Pissarro Camille ", "Monet Claude", "Monet Claude", "Monet Claude", "Roerich Nicholas", "Renoir Pierre-Auguste", "Aivazovsky Ivan ", "Rubens Peter Paul", "Gauguin Paul ", "Sisley Alfred", "Cezanne Paul", "Courbet Gustave", "Twombly Cy", "Sargent John Singer", "Aivazovsky Ivan "], "contentId": ["230641.jpg", "213020.jpg", "215729.jpg", "222179.jpg", "211753.jpg", "208799.jpg", "212577.jpg", "211726.jpg", "211867.jpg", "226264.jpg", "219145.jpg", "196843.jpg", "216517.jpg", "190625.jpg", "238283.jpg", "215578.jpg", "191893.jpg", "231566.jpg", "265747.jpg", "196930.jpg"], "title": ["The original cover for Print", "Willows at Sunset", "Olympia", "Drawing of Seated Nobleman in Full Costume", "At Val-Saint-Nicolas near Dieppe in the Morning", "The Roofs of Old Rouen Grey Weather", "The Landing State", "Antibes Seen from the Salis Gardens 01", "Cliffs at Pourville in the Fog", "Nicola", "Sugar Bowl", "Tempest", "Nicolas Rubens", "Landscape with cows in an Orchard", "Setting Sun at Moret", "Fortune Mation", "The Forest Edge", "Untitled", "Fishing for Oysters at Cancale", "The shores of Dalmatia"], "Ukiyo-e": 0.006121398001881255, "Romanticism": 0.0067937176061560155, "style_labels": ["Impressionism", "Abstract Expressionism", "Ukiyo-e", "Romanticism", "Symbolism", "Baroque", "Post-Impressionism", "Realism"], "scores": [0.015367967019368, 0.015705654287351312, 0.017560412753727044, 0.017693115903479592, 0.01837225843156214, 0.018810375168971903, 0.019196233552973254, 0.019223013769825204, 0.019424013175861142, 0.0194376267728585, 0.019601900387484033, 0.019637993646208565, 0.019811405144961245, 0.020002171845005568, 0.020267955989352642, 0.02029353371155304, 0.020528674241154142, 0.020921012041562718, 0.021006742038951066, 0.021124949912759004], "year": [1895.0, 1889.0, 1875.0, "unknown", 1897.0, 1896.0, 1869.0, 1888.0, 1882.0, 1916.0, 1905.0, 1872.0, 1626.0, 1885.0, 1892.0, 1871.0, "unknown", 1957.0, 1878.0, 1848.0], "Symbolism": 0.006724957341475929, "Baroque": 0.006854275783327441, "Post-Impressionism": 0.005316951695706435, "style_dict": {"Impressionism": 11, "Abstract Expressionism": 1, "Ukiyo-e": 1, "Romanticism": 3, "Symbolism": 1, "Baroque": 1, "Post-Impressionism": 1, "Realism": 1}, "Realism": 0.007102433859960109, "style_counts": [0.0015315845935095496, 0.0, 0.0011167754214539416, 0.00044445581717922344, 0.0005132160818592801, 0.0003838976400077909, 0.0019212217276287635, 0.0001357395633750924]}