{"Impressionism": 0.0033049779152937117, "style": ["Symbolism", "Mannerism (Late Renaissance)", "Symbolism", "Realism", "Baroque", "Surrealism", "Symbolism", "Realism", "Impressionism", "Baroque", "Mannerism (Late Renaissance)", "Baroque", "Symbolism", "Symbolism", "Academicism", "Neo-Romanticism, Symbolism", "Proto Renaissance", "Orientalism", "Symbolism", "Symbolism"], "style_labels": ["Impressionism", "Neo-Romanticism, Symbolism", "Orientalism", "Surrealism", "Mannerism (Late Renaissance)", "Symbolism", "Academicism", "Baroque", "Proto Renaissance", "Realism"], "Neo-Romanticism, Symbolism": 0.0034947047710922707, "artist": ["B\u00f6cklin Arnold", "Titian", "B\u00f6cklin Arnold", "van Gogh Vincent ", "Rubens Peter Paul", "Beksinski Zdislav", "Roerich Nicholas", "van Gogh Vincent ", "Degas Edgar", "Rubens Peter Paul", "Titian", "Rubens Peter Paul", "Roerich Nicholas", "Roerich Nicholas", "Gerome Jean-Leon", "Kittelsen Theodor Severin", "Giotto", "Gerome Jean-Leon", "B\u00f6cklin Arnold", "Roerich Nicholas"], "contentId": ["260630.jpg", "225015.jpg", "260619.jpg", "206097.jpg", "216631.jpg", "258754.jpg", "225634.jpg", "206100.jpg", "213483.jpg", "216689.jpg", "225042.jpg", "216638.jpg", "226267.jpg", "227054.jpg", "279393.jpg", "321945.jpg", "192708.jpg", "279295.jpg", "260601.jpg", "225631.jpg"], "Orientalism": 0.003525217696617829, "title": ["Pan among the reeds", "Spain Succouring Religion", "Melancholia", "Head of a Peasant Woman with White Cap", "The Cardinal Infante", "Untitled", "Giant's tomb", "Head of a Peasant Woman with White Cap", "Henri Rouart and His Daughter Helene", "The Rape of the Sabine Women", "The Annunciation", "The Death of Achilles", "Night rider", "Vyas Kund", "Old Woman with a Pipe (sketch)", "Krambugutten Med Gammelostlasten", "Apparition to Fra Agostino and to Bishop Guido of Arezzo", "A Muezzin Calling from the Top of a Minaret the Faithful to Prayer", "Fighting on a bridge", "Giantess Krimgerd"], "style_counts": [0.00022023978132412747, 3.0512925525583157e-05, 0.0, 0.00030706304813066243, 0.0007046365864048498, 0.0006169886039770756, 5.128775546592301e-05, 0.00032667159129295964, 1.705083572356436e-05, 0.0004220570218426145], "Surrealism": 0.0032181546484871364, "Mannerism (Late Renaissance)": 0.002820581110213045, "scores": [0.0067450228569237505, 0.006802835708474453, 0.008365825783839282, 0.00876200547891235, 0.009274328671206835, 0.009301663308529478, 0.009455834519793113, 0.009512129019937032, 0.009552614826835486, 0.009646221043329855, 0.009807222221149232, 0.009825413673979934, 0.009832897231305315, 0.009852277618375514, 0.010040948990815472, 0.01010099597255008, 0.0101399064167161, 0.010189189670739942, 0.010199943284899721, 0.010245758956638491], "year": [1858.0, 1575.0, "unknown", 1885.0, 1634.0, "unknown", 1915.0, 1885.0, 1872.0, 1637.0, 1557.0, 1630.0, 1918.0, 1932.0, 1858.0, "unknown", 1300.0, 1879.0, "unknown", 1915.0], "Symbolism": 0.0029082290926408087, "Academicism": 0.003473929941151947, "Baroque": 0.003198546105324894, "style_dict": {"Impressionism": 1, "Neo-Romanticism, Symbolism": 1, "Orientalism": 1, "Surrealism": 1, "Mannerism (Late Renaissance)": 2, "Symbolism": 7, "Academicism": 1, "Baroque": 3, "Proto Renaissance": 1, "Realism": 2}, "Proto Renaissance": 0.0035081668608942904, "Realism": 0.003103160674775254}