{"High Renaissance": 0.0021117669357217507, "Mannerism (Late Renaissance)": 0.0020168049796881033, "year": [1890.0, 1895.0, 1902.0, "unknown", 1895.0, 1965.0, 1552.0, 1896.0, 2005.0, 1885.0, "unknown", 1517.0, 1913.0, 1923.0, 1889.0, 1913.0, 1885.0, 1914.0, 1869.0, "unknown"], "style": ["Neo-Romanticism", "Realism", "Symbolism", "Constructivism", "Impressionism", "Na\u00efve Art (Primitivism)", "Mannerism (Late Renaissance)", "Realism", "Neo-Expressionism", "Neo-Romanticism", "Surrealism", "High Renaissance", "Cubism", "Na\u00efve Art (Primitivism)", "Post-Impressionism", "Cubism", "Realism", "Synthetic Cubism", "Realism", "Surrealism"], "Neo-Romanticism": 0.0017782620258342075, "Neo-Expressionism": 0.00206259718383458, "Synthetic Cubism": 0.002284922751733852, "Symbolism": 0.0019021885635232053, "style_dict": {"Impressionism": 1, "Neo-Romanticism": 2, "Neo-Expressionism": 1, "High Renaissance": 1, "Surrealism": 2, "Mannerism (Late Renaissance)": 1, "Na\u00efve Art (Primitivism)": 2, "Symbolism": 1, "Constructivism": 1, "Post-Impressionism": 1, "Synthetic Cubism": 1, "Cubism": 2, "Realism": 4}, "Impressionism": 0.0019493211079249812, "scores": [0.0044041727494464, 0.005267864630738595, 0.0054980321022005466, 0.005585275067050068, 0.005634262677417227, 0.00567919883180393, 0.005829316154474842, 0.005839106674901173, 0.005961672648071634, 0.006067795298629039, 0.006087695055187583, 0.006103791510269073, 0.00619477260470669, 0.00620907338385776, 0.006321768147864634, 0.006358094416643338, 0.0064153517848897865, 0.006604276190585915, 0.0066481746510544185, 0.006666322477894322], "Constructivism": 0.0019323725578869696, "Post-Impressionism": 0.0021871816767494658, "Realism": 0.001984752800808535, "style_counts": [0.00033560164380885826, 0.0005066607258996658, 0.00022232556789925084, 0.00017315581601207164, 0.00011914216953745616, 0.0002681177720457173, 0.00026615579820254975, 0.00038273418821066496, 0.0003525501938469455, 9.77410749843921e-05, 0.0, 0.00015329986700629572, 0.00030016995092529974], "artist": ["Kittelsen Theodor Severin", "Repin Ilya", "Munch Edvard ", "Leger Fernand ", "Monet Claude", "Chagall Marc", "Titian", "Roerich Nicholas", "Twombly Cy", "Kittelsen Theodor Severin", "Beksinski Zdislav", "Michelangelo", "Malevich Kazimir", "Chagall Marc", "van Gogh Vincent ", "Malevich Kazimir", "van Gogh Vincent ", "Braque Georges ", "Shishkin Ivan", "Beksinski Zdislav"], "contentId": ["321824.jpg", "215191.jpg", "185359.jpg", "195949.jpg", "212425.jpg", "202716.jpg", "224966.jpg", "227052.jpg", "231584.jpg", "321820.jpg", "259031.jpg", "193170.jpg", "219877.jpg", "202373.jpg", "205891.jpg", "219603.jpg", "207222.jpg", "193755.jpg", "228650.jpg", "259067.jpg"], "style_labels": ["Impressionism", "Neo-Romanticism", "Neo-Expressionism", "High Renaissance", "Surrealism", "Mannerism (Late Renaissance)", "Na\u00efve Art (Primitivism)", "Symbolism", "Constructivism", "Post-Impressionism", "Synthetic Cubism", "Cubism", "Realism"], "Surrealism": 0.002165780582196429, "Na\u00efve Art (Primitivism)": 0.0020187669535313675, "title": ["Peer Gynt 01", "Portrait of Nicholas II, The Last Russian Emperor", "Four Ages in Life", "Composition Mechanical Movement cart", "The Banks of the Fjord at Christiania", "King Solomon with harp", "Portrait of Cardinal Cristoforo Madruzzo", "Voivode", "Untitled I", "Krigen Mellom Froskene Og Musene 11", "Untitled", "San Lorenzo, fa\u00e7ade", "The Athlete of the Future", "A man without passport with policeman", "Enclosed Field with Ploughman", "Arithmetics", "Three Persons Sitting at the Window", "The Green Jug", "Forest", "Untitled"], "Cubism": 0.0021316228847275513}