{"style": ["Surrealism", "Dada, Surrealism", "Realism", "Neoclassicism", "Surrealism", "Pop Art", "High Renaissance", "Baroque", "Pop Art", "Symbolism", "Realism", "Cubism", "Neoclassicism", "Symbolism", "Baroque", "Realism", "Expressionism", "unknown", "Symbolism", "Surrealism"], "style_labels": ["Dada, Surrealism", "unknown", "High Renaissance", "Surrealism", "Realism", "Expressionism", "Symbolism", "Pop Art", "Baroque", "Cubism", "Neoclassicism"], "Dada, Surrealism": 0.005304597147447438, "unknown": 0.006911733678840384, "artist": ["Magritte Rene", "Dali Salvador", "Dali Salvador", "Ingres Jean Auguste Dominique ", "Escher M.C.", "Warhol Andy", "Raphael", "Rembrandt", "Warhol Andy", "Roerich Nicholas", "Sargent John Singer", "Chagall Marc", "Bouguereau William-Adolphe", "Roerich Nicholas", "Rubens Peter Paul", "Sargent John Singer", "Picasso Pablo", "Solar Xul", "Roerich Nicholas", "Dali Salvador"], "year": [1927.0, 1973.0, 1926.0, 1866.0, 1929.0, 1968.0, 1520.0, 1662.0, 1964.0, 1933.0, "unknown", 1917.0, 1867.0, 1924.0, 1608.0, 1908.0, 1901.0, 1932.0, 1935.0, 1942.0], "style_counts": [0.0016071365313928831, 0.0, 0.000999412821572232, 0.0014818894851051923, 0.0009680971208355649, 0.00015871097345043772, 0.0006040160070137635, 0.0010653659246390168, 0.000698742687438747, 0.0005295956894091347, 0.0009677707268053171], "High Renaissance": 0.00591232085726811, "scores": [0.012057709039290234, 0.015332257781998633, 0.015549314931571804, 0.016146287900564937, 0.016325063455780824, 0.017008285557421517, 0.017088805229468186, 0.01729232867416711, 0.017420260646602632, 0.017632238993231353, 0.018367302803436673, 0.018446751399648166, 0.018856984512821584, 0.018877186477330603, 0.019295217030418824, 0.019500013842262416, 0.0195187461080907, 0.019977479823420005, 0.02017927473531117, 0.020416305979555023], "Surrealism": 0.0054298441937351135, "title": ["The interpretation of dreams", "First Cylindric Crono-Hologram. Portrait of Alice Cooper's Brain", "The Basket of Bread", "The Virgin of the Host", "The Drowned Cathedral", "Campbell's Soup Can (Tomato/Pink)", "The Transfiguration (detail)", "Portrait of a Woman with a Lapdog", "Sixteen Jackies", "Temptation of Christ", "Mrs. Louis Raphael", "Grey Lovers", "Gypsy Girl with a Basque Drum", "Mother of Turfan", "Venus at her Toilet", "H.R.H. the Duchess of Connaught and Strathearn (Princess Louisa Margaret Alexandra Victoria Agnes of Prussia)", "Woman with chignon", "Un Yogu", "St. Sergius Hermitage", "Nude on the Plain of Rosas"], "Realism": 0.005943636558004788, "Expressionism": 0.006753022705389963, "contentId": ["211551.jpg", "220988.jpg", "221554.jpg", "193566.jpg", "204884.jpg", "229272.jpg", "210652.jpg", "220323.jpg", "229383.jpg", "226809.jpg", "266266.jpg", "202595.jpg", "232396.jpg", "226232.jpg", "216722.jpg", "266130.jpg", "224781.jpg", "345158.jpg", "226694.jpg", "221255.jpg"], "Symbolism": 0.006307717671826574, "Pop Art": 0.005846367754201302, "Baroque": 0.006212990991401651, "style_dict": {"Dada, Surrealism": 1, "unknown": 1, "High Renaissance": 1, "Surrealism": 3, "Realism": 3, "Expressionism": 1, "Symbolism": 3, "Pop Art": 2, "Baroque": 2, "Cubism": 1, "Neoclassicism": 2}, "Cubism": 0.006382137989431206, "Neoclassicism": 0.0059439629520350624}