{"Northern Renaissance": 0.0030424953104702577, "Color Field Painting": 0.0005443126333058175, "year": [1961.0, 1908.0, 1911.0, 1930.0, 1933.0, 1924.0, 1917.0, "unknown", 1899.0, 1906.0, 1888.0, 1909.0, 1855.0, 1971.0, 1923.0, 1883.0, 1885.0, "unknown", 1503.0, 1918.0], "style": ["Color Field Painting", "Na\u00efve Art (Primitivism)", "Post-Impressionism", "Realism", "Surrealism", "Symbolism", "Symbolism", "Realism", "Art Nouveau (Modern)", "Post-Impressionism", "Post-Impressionism", "Na\u00efve Art (Primitivism)", "Romanticism", "Expressionism", "Na\u00efve Art (Primitivism)", "Impressionism", "Realism", "Ukiyo-e", "Northern Renaissance", "unknown"], "title": ["Untitled (No. 17)", "The Fishermen and the Biplane", "Dune Landscape", "NOT DETECTED", "NOT DETECTED", "Kangchenjunga", "Traces", "Landscape of Franche Comt\u00e9", "Family", "Seated nude and standing nude", "Field with Flowers", "Landscape on the Banks of the Bievre at Becetre", "Rocky island", "View of Pubol", "Sobakevich near armchair", "On the Deck", "Peasant Woman, Stooping, Seen from the Back", "Fuji at Torigoe", "Madonna On A Grassy Bench", "Autumn in Cagnes"], "unknown": 0.003154518722527707, "Art Nouveau (Modern)": 0.002628324891846858, "Ukiyo-e": 0.0030229533833663136, "Expressionism": 0.0028771183969218237, "Symbolism": 0.002434773584383472, "style_dict": {"Impressionism": 1, "Northern Renaissance": 1, "Art Nouveau (Modern)": 1, "Ukiyo-e": 1, "Romanticism": 1, "Surrealism": 1, "Color Field Painting": 1, "Na\u00efve Art (Primitivism)": 3, "Expressionism": 1, "unknown": 1, "Symbolism": 2, "Post-Impressionism": 3, "Realism": 3}, "Impressionism": 0.002958918484834235, "scores": [0.0015732658627732262, 0.005308561830913199, 0.00568601701550344, 0.00690080673270641, 0.006938977560009948, 0.007165448060310752, 0.00717263643429622, 0.007188880207868654, 0.007596836037969649, 0.007769057109395461, 0.007920933455746886, 0.008002155584923391, 0.008289855185348744, 0.008315941758586326, 0.008496213237550268, 0.008552374422481784, 0.008716558839232773, 0.00873745908471865, 0.008793942518914756, 0.009117731825348772], "Post-Impressionism": 0.0023784955428483973, "Realism": 0.0025376372894577366, "style_counts": [0.000195600237693494, 0.0001315653391613658, 0.0005261938306808656, 0.00011202341205740485, 0.0002864256605532578, 0.0007537972440350149, 0.0026102060892219114, 0.0007280746278294226, 0.0002774003256058588, 0.0, 0.0007197451381442121, 0.000776023179679286, 0.0006168814330699268], "artist": ["Rothko Mark", "Rousseau Henri", "Mondrian Piet", "Escher M.C.", "Escher M.C.", "Roerich Nicholas", "Roerich Nicholas", "Courbet Gustave", "Vallotton  Felix", "Picasso Pablo", "van Gogh Vincent ", "Rousseau Henri", "Aivazovsky Ivan ", "Dali Salvador", "Chagall Marc", "Hassam Childe", "van Gogh Vincent ", "Hokusai Katsushika", "Durer Albrecht", "Matisse Henri"], "contentId": ["292727.jpg", "191396.jpg", "185978.jpg", "204667.jpg", "204687.jpg", "225940.jpg", "226954.jpg", "191770.jpg", "271105.jpg", "224378.jpg", "205938.jpg", "191318.jpg", "196685.jpg", "221813.jpg", "202999.jpg", "244195.jpg", "206565.jpg", "222190.jpg", "200828.jpg", "9223372032559820498.jpg"], "style_labels": ["Impressionism", "Ukiyo-e", "Art Nouveau (Modern)", "Northern Renaissance", "Romanticism", "Surrealism", "Color Field Painting", "Na\u00efve Art (Primitivism)", "Expressionism", "unknown", "Symbolism", "Post-Impressionism", "Realism"], "Romanticism": 0.0028680930619744012, "Surrealism": 0.0024007214784926736, "Na\u00efve Art (Primitivism)": 0.0024264440946983315}