{"Impressionism": 0.0033596736539326035, "style": ["Realism", "Symbolism", "Post-Impressionism", "Color Field Painting", "Impressionism", "Early Renaissance", "Impressionism", "Realism", "Art Nouveau (Modern)", "Realism", "unknown", "Realism", "Post-Impressionism", "Realism", "Surrealism", "Realism", "Surrealism", "Impressionism", "Realism", "Post-Impressionism"], "style_labels": ["Impressionism", "unknown", "Art Nouveau (Modern)", "Surrealism", "Color Field Painting", "Symbolism", "Early Renaissance", "Post-Impressionism", "Realism"], "artist": ["Dali Salvador", "Roerich Nicholas", "Dali Salvador", "Rothko Mark", "Renoir Pierre-Auguste", "da Vinci Leonardo", "Hassam Childe", "Kittelsen Theodor Severin", "Roerich Nicholas", "van Gogh Vincent ", "Matisse Henri", "van Gogh Vincent ", "van Gogh Vincent ", "van Gogh Vincent ", "Beksinski Zdislav", "van Gogh Vincent ", "Dali Salvador", "Monet Claude", "Corot Camille ", "van Gogh Vincent "], "unknown": 0.003546707887194741, "Art Nouveau (Modern)": 0.003424533132744671, "title": ["Study for 'The Battle of Tetuan'", "The unspilling vessel", "The Station at Figueras", "Untitled (No. 17)", "Genevieve bernheim de villers", "Perspectival study of the Adoration of the Magi", "Gondoliers", "Sommerfugler", "Boyarynia and children", "Plowman with Two Women", "A Nude Lying on Her Back", "Wheat Harvest", "Harvest Landscape", "Plowman with Stooping Woman, and a Little Farmhouse with Piles of Peat", "Untitled", "The Schenkweg", "Cannibalism of the Objects", "The Banks of the Fjord at Christiania", "Rouen Seen from Hills Overlooking the City", "Enclosed Field with Ploughman"], "year": [1962.0, 1927.0, 1924.0, 1961.0, 1910.0, 1481.0, 1891.0, "unknown", 1914.0, 1883.0, 1927.0, 1884.0, 1888.0, 1883.0, "unknown", 1882.0, 1937.0, 1895.0, 1834.0, 1889.0], "style_counts": [0.00027699177565221333, 8.995754239016218e-05, 0.00021213229684013957, 0.0, 0.0003571260454453551, 0.0011163547799959428, 0.0003082846517404869, 0.00022498356170086442, 0.0005207841172490957], "Surrealism": 0.0036366654295848424, "Color Field Painting": 0.0032795393841395255, "scores": [0.007204214729794375, 0.007284634722696772, 0.009351407610625206, 0.009479088014825065, 0.009559642086197789, 0.009620257799805841, 0.009874829222757517, 0.009889169782333555, 0.009898173850864875, 0.009898462656164758, 0.010251304310655254, 0.010254731623177795, 0.01049674175216977, 0.010609204068460647, 0.010668126513464736, 0.01069496012150379, 0.010747752376648618, 0.010759577072129578, 0.010766326795613472, 0.010813307073362331], "contentId": ["221515.jpg", "226880.jpg", "221686.jpg", "292727.jpg", "218478.jpg", "225195.jpg", "244032.jpg", "322074.jpg", "225420.jpg", "206627.jpg", "9223372032559820541.jpg", "207443.jpg", "206049.jpg", "206626.jpg", "258722.jpg", "207173.jpg", "220853.jpg", "212425.jpg", "199717.jpg", "205891.jpg"], "Symbolism": 0.0025203106495889274, "Early Renaissance": 0.0033283807778443724, "Post-Impressionism": 0.0034116818678840135, "style_dict": {"Impressionism": 3, "unknown": 1, "Art Nouveau (Modern)": 1, "Surrealism": 2, "Color Field Painting": 1, "Symbolism": 1, "Early Renaissance": 1, "Post-Impressionism": 3, "Realism": 7}, "Realism": 0.00311588131233579}