{"style": ["Symbolism", "Op Art", "Surrealism", "Symbolism", "Na\u00efve Art (Primitivism)", "Symbolism", "Art Nouveau (Modern)", "Symbolism", "Symbolism", "Symbolism", "Symbolism", "Neoclassicism", "Neo-Expressionism", "Symbolism", "Symbolism", "Symbolism", "Symbolism", "Neo-Romanticism", "Symbolism", "Expressionism"], "style_labels": ["Neo-Romanticism", "Neo-Expressionism", "Op Art", "Art Nouveau (Modern)", "Surrealism", "Na\u00efve Art (Primitivism)", "Expressionism", "Symbolism", "Neoclassicism"], "Neo-Romanticism": 0.004584585119334738, "Neo-Expressionism": 0.004305650345972744, "Op Art": 0.0030579119730723583, "contentId": ["225422.jpg", "204619.jpg", "345165.jpg", "226806.jpg", "281238.jpg", "226481.jpg", "227025.jpg", "225597.jpg", "226250.jpg", "226267.jpg", "225341.jpg", "193514.jpg", "231552.jpg", "226931.jpg", "226906.jpg", "226240.jpg", "225717.jpg", "321907.jpg", "226266.jpg", "252244.jpg"], "Art Nouveau (Modern)": 0.0035252985517330703, "artist": ["Roerich Nicholas", "Escher M.C.", "Solar Xul", "Roerich Nicholas", "Botero Fernando", "Roerich Nicholas", "Roerich Nicholas", "Roerich Nicholas", "Roerich Nicholas", "Roerich Nicholas", "Roerich Nicholas", "Ingres Jean Auguste Dominique ", "Twombly Cy", "Roerich Nicholas", "Roerich Nicholas", "Roerich Nicholas", "Roerich Nicholas", "Kittelsen Theodor Severin", "Roerich Nicholas", "Kirchner Ernst Ludwig"], "style_counts": [3.0914092158607076e-05, 0.0003098488655205456, 0.001557587238420921, 0.0010902006597601765, 0.0015412673674221056, 0.0013629123199919713, 0.0, 0.0012872629069874408, 0.0004912912276140435], "scores": [0.006610059919035608, 0.008838502405100881, 0.008885672899328326, 0.009252745076987638, 0.009401185291298561, 0.009701015154766903, 0.010189423372081518, 0.010464910416964072, 0.010762089674024786, 0.01112666454318825, 0.01173845949178208, 0.011920494280294347, 0.012444930159375468, 0.012663044490579718, 0.012859683529361043, 0.012877001869885222, 0.013170106155760865, 0.013251155350596143, 0.013260094430131396, 0.01334050856949233], "Surrealism": 0.00307423184407116, "Na\u00efve Art (Primitivism)": 0.0032525868915012747, "Expressionism": 0.0046154992114933275, "year": [1932.0, 1949.0, 1948.0, 1929.0, "unknown", 1934.0, 1918.0, 1922.0, 1943.0, 1918.0, 1938.0, 1859.0, 1992.0, 1936.0, 1933.0, 1933.0, 1939.0, "unknown", 1918.0, 1930.0], "Symbolism": 0.003328236304505896, "title": ["Brahmaputra", "New Year's Greeting Card", "Muros Biombos", "Temple in Naggar", "Still Life with Watermelon", "Sacred Himalayas", "Vignette for book \"N. K. Roerich\"", "Final journey", "Mstislav's duel with Rededia", "Night rider", "Anxiety", "Self-Portrait at the age of 79 years old", "Souvenir", "Tibetian camp", "Tibet", "Mountain Abode", "Himalayas", "Hulder", "Night rider", "Two Heads Looking at Each Other"], "style_dict": {"Neo-Romanticism": 1, "Neo-Expressionism": 1, "Op Art": 1, "Art Nouveau (Modern)": 1, "Surrealism": 1, "Na\u00efve Art (Primitivism)": 1, "Expressionism": 1, "Symbolism": 12, "Neoclassicism": 1}, "Neoclassicism": 0.004124207983879209}