{"Impressionism": 0.0031776364592798105, "style": ["Symbolism", "Surrealism", "Impressionism", "Analytical Cubism", "Post-Impressionism", "Symbolism", "Symbolism", "Realism", "Post-Impressionism", "Symbolism", "Realism", "Synthetic Cubism", "Romanticism", "Realism", "Symbolism", "Symbolism", "Impressionism", "Impressionism", "Baroque", "Realism"], "style_labels": ["Impressionism", "Analytical Cubism", "Romanticism", "Surrealism", "Symbolism", "Baroque", "Post-Impressionism", "Synthetic Cubism", "Realism"], "Analytical Cubism": 0.002887107351528773, "artist": ["Roerich Nicholas", "Chagall Marc", "Hassam Childe", "Picasso Pablo", "Dali Salvador", "Roerich Nicholas", "Roerich Nicholas", "van Gogh Vincent ", "van Gogh Vincent ", "Roerich Nicholas", "Zorn Anders", "Braque Georges ", "Dore Gustave ", "Corot Camille ", "Roerich Nicholas", "Roerich Nicholas", "Pissarro Camille ", "Pissarro Camille ", "Rembrandt", "Courbet Gustave"], "contentId": ["225940.jpg", "202428.jpg", "244253.jpg", "224254.jpg", "221260.jpg", "227054.jpg", "226906.jpg", "206208.jpg", "206049.jpg", "225781.jpg", "277301.jpg", "193808.jpg", "201370.jpg", "199597.jpg", "226802.jpg", "226048.jpg", "208717.jpg", "208300.jpg", "219997.jpg", "191792.jpg"], "title": ["Kangchenjunga", "Artist and His Model", "Scene in Holland", "Poet", "Olive Trees. Landscape at Cadaques", "Vyas Kund", "Tibet", "Landscape with a Stack of Peat and Farmhouses", "Harvest Landscape", "Himalayas", "Ols Maria", "Violin and Glass", "A Mountainous Landscape with A Balloon", "Lonesome Valley", "Teacher's order", "Lake Hyumpola", "The Louvre, Winter Sunlight, Morning, 2nd Version", "Landscape with a White Horse in a Meadow, L'Hermitage", "A Young Man at a Table (possibly Govaert Flinck)", "Portrait of a Young Girl"], "Romanticism": 0.0036094485105985646, "style_dict": {"Impressionism": 3, "Analytical Cubism": 1, "Romanticism": 1, "Surrealism": 1, "Symbolism": 6, "Baroque": 1, "Post-Impressionism": 2, "Synthetic Cubism": 1, "Realism": 4}, "Surrealism": 0.0024043667375737293, "scores": [0.006841353822739496, 0.0069495137139080464, 0.006986642848515074, 0.008344813550873159, 0.008681988802560563, 0.009705105117679172, 0.009989287247402927, 0.010074099771543877, 0.010267452011808214, 0.010274080157717132, 0.010351700724854564, 0.010380439956541414, 0.010432648036614466, 0.01054251068740304, 0.01059406702692212, 0.010604626488896022, 0.010752287989222224, 0.010819113446321783, 0.010899662315869207, 0.010932434275122176], "year": [1924.0, 1973.0, 1883.0, 1911.0, 1922.0, 1932.0, 1933.0, 1883.0, 1888.0, "unknown", 1918.0, 1913.0, "unknown", 1874.0, 1931.0, "unknown", 1901.0, "unknown", 1660.0, 1857.0], "Symbolism": 0.0030834330978647675, "Baroque": 0.0037710243625556396, "Post-Impressionism": 0.0032178355449793182, "Synthetic Cubism": 0.0035913857545083056, "Realism": 0.0034406665015626735, "style_counts": [0.0005933879032757883, 0.0008839170110268579, 0.00016157585195708535, 0.001366657624981893, 0.0006875912646908677, 0.0, 0.0005531888175762667, 0.00017963860804726117, 0.00033035786099289144]}