{"style_counts": [0.00011325839251608016, 0.0005859756031372232, 0.0019192655871206332, 0.0005142987512548602, 0.000506419205484332, 0.0007977837420639622, 0.0006731073175210156, 0.0, 0.002345999956898881, 0.00035254129780937227, 0.00023734881563552968, 0.0004842016342405664], "style": ["Expressionism", "Contemporary Realism", "Romanticism", "Surrealism", "Romanticism", "Cubism, Expressionism", "Ukiyo-e", "Dada", "Realism", "Realism", "Romanticism", "Symbolism", "Surrealism", "Realism", "Proto Renaissance", "Abstract Expressionism", "Realism", "Surrealism", "Abstract Expressionism, Symbolism", "Romanticism"], "Abstract Expressionism": 0.0036175857493742055, "Cubism, Expressionism": 0.003144868538753051, "Contemporary Realism": 0.001811578554769684, "Ukiyo-e": 0.0032165453906353885, "artist": ["Schiele Egon", "Freud Lucian", "Delacroix Eugene ", "Dali Salvador", "Dore Gustave ", "Braque Georges ", "Hokusai Katsushika", "Ray Man", "Repin Ilya", "Sargent John Singer", "Goya Francisco", "Roerich Nicholas", "Beksinski Zdislav", "Escher M.C.", "Giotto", "Twombly Cy", "Kittelsen Theodor Severin", "Dali Salvador", "Dali Salvador", "Goya Francisco"], "Dada": 0.003224424936405939, "Romanticism": 0.0029330603998263443, "scores": [0.0040027145213858625, 0.005236135491916645, 0.0060168657738651765, 0.006907799503493437, 0.009032010265517094, 0.009089839206707999, 0.009297011955083614, 0.009319786771643862, 0.009366199814906852, 0.009426981188433506, 0.009747732310530288, 0.009764551130151868, 0.009837517048315701, 0.010027520104907133, 0.010097500227349076, 0.010456167681758836, 0.010717202738977014, 0.01073516611458354, 0.010783526540832113, 0.010922464443964797], "Surrealism": 0.003057736824369285, "style_labels": ["Abstract Expressionism", "Cubism, Expressionism", "Contemporary Realism", "Ukiyo-e", "Dada", "Romanticism", "Surrealism", "Abstract Expressionism, Symbolism", "Expressionism", "Symbolism", "Proto Renaissance", "Realism"], "Abstract Expressionism, Symbolism": 0.003730844141890314, "year": [1911.0, "unknown", 1824.0, 1941.0, "unknown", 1952.0, "unknown", "unknown", 1891.0, 1899.0, 1793.0, 1920.0, "unknown", 1929.0, 1306.0, 1957.0, "unknown", "unknown", "unknown", 1799.0], "Expressionism": 0.001384844184991396, "contentId": ["232605.jpg", "232116.jpg", "187864.jpg", "221180.jpg", "201729.jpg", "193588.jpg", "222150.jpg", "210898.jpg", "215410.jpg", "266318.jpg", "194038.jpg", "225552.jpg", "258672.jpg", "204425.jpg", "192744.jpg", "231554.jpg", "321848.jpg", "221835.jpg", "246731.jpg", "194049.jpg"], "Symbolism": 0.0033783028440809502, "title": ["City on the Blue River", "Sleeping Nude", "Study of a Reclining Nude", "Mysterious Mouth Appearing in the Back of My Nurse", "Jesus", "A landscape drawn into squares", "An old woman", "Juliet et Margaret", "The Reply of the Zaporozhian Cossacks to Sultan Mahmoud IV", "Sir David Richmond", "Procession of Flagellants", "Dream of the East (Rebellion)", "Untitled", "Alfedena Abruzzi", "Infidelity", "Sunset", "Bjoernen Og Reven", "Women forming a skull", "Et baptizatus est a Ioanne in Iordane (Luke 3:3)", "Saint Gregory"], "style_dict": {"Abstract Expressionism": 1, "Cubism, Expressionism": 1, "Contemporary Realism": 1, "Dada": 1, "Ukiyo-e": 1, "Romanticism": 4, "Surrealism": 3, "Abstract Expressionism, Symbolism": 1, "Expressionism": 1, "Symbolism": 1, "Proto Renaissance": 1, "Realism": 4}, "Proto Renaissance": 0.0034934953262547846, "Realism": 0.0032466425076496915}