{"year": [1944.0, "unknown", 1921.0, 1317.0, 1920.0, "unknown", 1982.0, 1954.0, 1890.0, "unknown", 1931.0, "unknown", 1897.0, "unknown", 1330.0, 1918.0, 1915.0, 1845.0, 1905.0, 1300.0], "Proto Renaissance": 0.011235938383934099, "style": ["Surrealism", "Surrealism", "Expressionism", "Proto Renaissance", "Cubism", "Magic Realism", "Neo-Expressionism", "Na\u00efve Art (Primitivism)", "Neo-Romanticism", "Pop Art", "Surrealism", "Regionalism", "Art Nouveau (Modern)", "Ukiyo-e", "Proto Renaissance", "Expressionism", "Realism", "Romanticism", "Art Nouveau (Modern)", "Proto Renaissance"], "Neo-Romanticism": 0.010469523299207528, "Neo-Expressionism": 0.01022601699980488, "Art Nouveau (Modern)": 0.011986825263372055, "Ukiyo-e": 0.01120337321693261, "Expressionism": 0.00929031091124788, "style_dict": {"Neo-Romanticism": 1, "Magic Realism": 1, "Art Nouveau (Modern)": 2, "Neo-Expressionism": 1, "Ukiyo-e": 1, "Romanticism": 1, "Cubism": 1, "Surrealism": 3, "Na\u00efve Art (Primitivism)": 1, "Expressionism": 2, "Pop Art": 1, "Proto Renaissance": 3, "Realism": 1, "Regionalism": 1}, "Regionalism": 0.01102654311870438, "Magic Realism": 0.00994755848200236, "scores": [0.009398865892847079, 0.018285970466232166, 0.01945266072715405, 0.027659285940469104, 0.028438466309381814, 0.028752142096400063, 0.029556990732002096, 0.029693974335450467, 0.030260814462665316, 0.0312920277303388, 0.031820069898772146, 0.031870808817527435, 0.03206449601447181, 0.032381913539392314, 0.03428469536498618, 0.03525684642415305, 0.03786523740910336, 0.0384194839564735, 0.038524455069387606, 0.039035608415791075], "Realism": 0.013100473081242877, "Pop Art": 0.010826298604964073, "style_counts": [0.002822705927540081, 0.0030662122269428105, 0.0013054039633756398, 0.00208885600981501, 0.0, 0.0020562908428135573, 0.003344670744745315, 0.003018819152652563, 0.004001918315499786, 0.006671153996588353, 0.002465930621783574, 0.0034531951192177113, 0.0001917561455048178, 0.00226568610804323], "artist": ["Dali Salvador", "Beksinski Zdislav", "Braque Georges ", "Giotto", "Escher M.C.", "Earle Eyvind", "Basquiat Jean-Michel ", "Chagall Marc", "Kittelsen Theodor Severin", "Warhol Andy", "Picasso Pablo", "Rockwell Norman", "Vallotton  Felix", "Hokusai Katsushika", "Giotto", "Escher M.C.", "Kustodiev Boris", "Turner William", "Roerich Nicholas", "Giotto"], "contentId": ["221757.jpg", "259114.jpg", "193769.jpg", "192810.jpg", "204828.jpg", "278372.jpg", "203855.jpg", "202767.jpg", "321692.jpg", "229295.jpg", "223797.jpg", "247620.jpg", "271203.jpg", "222136.jpg", "192815.jpg", "204863.jpg", "230106.jpg", "318115.jpg", "225526.jpg", "192811.jpg"], "style_labels": ["Neo-Romanticism", "Neo-Expressionism", "Art Nouveau (Modern)", "Ukiyo-e", "Romanticism", "Proto Renaissance", "Magic Realism", "Na\u00efve Art (Primitivism)", "Expressionism", "Surrealism", "Pop Art", "Cubism", "Realism", "Regionalism"], "Romanticism": 0.013292229226747693, "Surrealism": 0.006621075230159299, "Na\u00efve Art (Primitivism)": 0.010273410074095116, "title": ["Untitled - Design for the ball in the dream sequence in 'Spellbound'", "Untitled", "The Pedestal", "The Crucifixion", "Seated Female Nude III", "Emerald Dawn", "Maid from Olympia", "Moses", "January", "Electric Chair", "Bust of woman", "Boy Reading Adventure Story", "Portrait of Fortun\u00e9 Henry", "A depiction of Sun Wukong wielding his staff", "The Crucifixion", "Sunflowers", "Portrait of the Artist Igor Grabar", "Norham Castle, Sunrise", "Crows", "The Crucifixion"], "Cubism": 0.009839034107530002}