{"year": [1891.0, 1927.0, 1913.0, 1929.0, 1918.0, 1909.0, 1883.0, 1958.0, 1934.0, 1936.0, 1956.0, 1881.0, 1888.0, 1940.0, 1918.0, 1969.0, 1933.0, 1982.0, 1928.0, 1944.0], "style": ["Impressionism", "Art Nouveau (Modern)", "Constructivism", "Symbolism", "Symbolism", "Cubism", "Impressionism", "Realism, Surrealism", "Expressionism", "Symbolism", "Surrealism", "Neoclassicism", "Post-Impressionism", "Symbolism", "Symbolism", "Abstract Expressionism", "Symbolism", "Na\u00efve Art (Primitivism), Surrealism", "Na\u00efve Art (Primitivism)", "Symbolism"], "title": ["Hill Path in Sunlight", "Sketch for the play Pigeons and Hussars", "Old Timer", "Temple in Naggar", "Morning rider", "Carnival at the bistro", "Rialto Market, Venice", "Portrait of Sir James Dunn", "Portrait of the artist's sister", "Gansu", "Assumpta Canaveral", "The Virgin, Jesus and Saint John Baptist", "Pink Peach Trees", "Border of Tibet", "White horsemen", "Icon Pyrophorous", "Tibet", "El Escorial and Catastrophe-Form Calligraphy", "An angel painter", "She who leads"], "Art Nouveau (Modern)": 0.0027248476573070463, "Expressionism": 0.003177285713179693, "Symbolism": 0.0030155547946526438, "style_dict": {"Impressionism": 2, "Abstract Expressionism": 1, "Art Nouveau (Modern)": 1, "Cubism": 1, "Surrealism": 1, "Na\u00efve Art (Primitivism), Surrealism": 1, "Na\u00efve Art (Primitivism)": 1, "Expressionism": 1, "Symbolism": 7, "Constructivism": 1, "Post-Impressionism": 1, "Realism, Surrealism": 1, "Neoclassicism": 1}, "Realism, Surrealism": 0.0030743643554742785, "Neoclassicism": 0.0034036262674382507, "Impressionism": 0.0027963094161739675, "Na\u00efve Art (Primitivism), Surrealism": 0.0035276483086295646, "scores": [0.007705574050786998, 0.007875822713249813, 0.00811326081314177, 0.008490666846863738, 0.00869976787801574, 0.00875796157616988, 0.008761550834798567, 0.008886055906545499, 0.009183536892141558, 0.009486835438698734, 0.00953662793879283, 0.009837745237837058, 0.009889371010307214, 0.009913415315137276, 0.010038698438941156, 0.01005056003938613, 0.010184548784009526, 0.010196215043053066, 0.010222153489788763, 0.010271235558723443], "Constructivism": 0.002806995602201437, "Post-Impressionism": 0.0034214875589240676, "style_counts": [0.0007403129791504481, 5.9367259569231834e-05, 0.0008117747380173013, 0.0004622580398501164, 0.00023717556370494997, 8.97408669475741e-06, 0.0, 0.0003593366821447175, 0.0005210676006717208, 0.0007296267931229394, 0.0001151348364003546, 0.00050657563672174, 0.00013299612788608695], "Abstract Expressionism": 0.0034772551357551674, "artist": ["Sisley Alfred", "Kustodiev Boris", "Malevich Kazimir", "Roerich Nicholas", "Roerich Nicholas", "Picasso Pablo", "Hassam Childe", "Dali Salvador", "Serebriakova Zinaida", "Roerich Nicholas", "Dali Salvador", "Bouguereau William-Adolphe", "van Gogh Vincent ", "Roerich Nicholas", "Roerich Nicholas", "Holbrook Carter Clarence", "Roerich Nicholas", "Dali Salvador", "Chagall Marc", "Roerich Nicholas"], "contentId": ["238268.jpg", "230217.jpg", "219734.jpg", "226806.jpg", "226223.jpg", "223810.jpg", "244237.jpg", "221373.jpg", "227446.jpg", "225624.jpg", "220797.jpg", "232539.jpg", "206604.jpg", "225407.jpg", "227082.jpg", "345400.jpg", "226906.jpg", "220945.jpg", "202417.jpg", "226562.jpg"], "style_labels": ["Impressionism", "Abstract Expressionism", "Art Nouveau (Modern)", "Realism, Surrealism", "Surrealism", "Na\u00efve Art (Primitivism), Surrealism", "Na\u00efve Art (Primitivism)", "Expressionism", "Symbolism", "Constructivism", "Post-Impressionism", "Cubism", "Neoclassicism"], "Surrealism": 0.0032994468316194466, "Na\u00efve Art (Primitivism)": 0.0035366223953244113, "Cubism": 0.0030300467586026375}