{"Art Nouveau (Modern), Symbolism": 0.004609824529692732, "Impressionism": 0.004882060036545387, "style": ["Surrealism", "Baroque", "Romanticism", "Art Nouveau (Modern), Symbolism", "Surrealism", "Realism", "Impressionism", "Surrealism", "Realism", "Baroque", "Na\u00efve Art (Primitivism)", "Impressionism", "Suprematism", "Symbolism", "Neoclassicism", "Op Art, Surrealism", "Baroque", "Surrealism", "Symbolism", "Neo-Romanticism"], "Suprematism": 0.005220458468040092, "Neo-Romanticism": 0.005313663763990007, "Op Art, Surrealism": 0.005287079902574427, "contentId": ["203221.jpg", "216669.jpg", "214502.jpg", "226475.jpg", "211369.jpg", "215369.jpg", "208581.jpg", "243073.jpg", "266196.jpg", "216653.jpg", "203346.jpg", "213382.jpg", "361384.jpg", "225669.jpg", "232459.jpg", "221006.jpg", "216360.jpg", "243147.jpg", "225476.jpg", "298560.jpg"], "artist": ["Chagall Marc", "Rubens Peter Paul", "Alma-Tadema Lawrence ", "Roerich Nicholas", "Magritte Rene", "Repin Ilya", "Pissarro Camille ", "Delvaux Paul", "Sargent John Singer", "Rubens Peter Paul", "Chagall Marc", "Degas Edgar", "Malevich Kazimir", "Roerich Nicholas", "Bouguereau William-Adolphe", "Dali Salvador", "Rubens Peter Paul", "Delvaux Paul", "Roerich Nicholas", "Spencer Stanley"], "Realism": 0.004774605388709275, "Romanticism": 0.004451324667273754, "Surrealism": 0.004543617708381288, "style_labels": ["Art Nouveau (Modern), Symbolism", "Impressionism", "Suprematism", "Neo-Romanticism", "Op Art, Surrealism", "Realism", "Romanticism", "Surrealism", "Na\u00efve Art (Primitivism)", "Symbolism", "Baroque", "Neoclassicism"], "Na\u00efve Art (Primitivism)": 0.005091950041094838, "scores": [0.012080199558758263, 0.012183298774191793, 0.0128659831035146, 0.013324106629480841, 0.013691044793424843, 0.013737300733913065, 0.014005624479569038, 0.014231914459095416, 0.01437976769939438, 0.014615563155034294, 0.014717628591398734, 0.01474423126090091, 0.015089065719292959, 0.015195166097405276, 0.015218705823661662, 0.015281626432141529, 0.015306105677209334, 0.015329425435138721, 0.015339462692009677, 0.015358463674392947], "year": [1968.0, 1632.0, 1865.0, 1921.0, 1928.0, 1879.0, "unknown", 1937.0, 1889.0, 1614.0, 1917.0, 1876.0, 1913.0, 1940.0, "unknown", 1975.0, 1629.0, 1938.0, 1932.0, 1949.0], "Symbolism": 0.005185135267781842, "title": ["The Magician", "The Last Supper", "Catullus at Lesbia's", "Sacred Grove", "Intermission", "Send off of recruit", "Summer Fishing", "Nodes Rose", "Madame Helleu", "The Four Evangelists", "Window over a Garden", "Dancer on Stage with a Bouquet", "Costume for Victory over the Sun. Many and One", "Guardians of the Night", "Portrait of a Young Girl", "Gala Contemplating the Mediterranean Sea Which at Twenty Meters Becomes the Portrait of Abraham Lincoln - Homage to Rothko (first version)", "Adoration of the Magi", "Nymphs Bathing", "Charaka", "Angels of the Apocalypse"], "Baroque": 0.004684994492346511, "style_dict": {"Art Nouveau (Modern), Symbolism": 1, "Impressionism": 2, "Suprematism": 1, "Neo-Romanticism": 1, "Op Art, Surrealism": 1, "Romanticism": 1, "Neoclassicism": 1, "Surrealism": 4, "Na\u00efve Art (Primitivism)": 1, "Symbolism": 2, "Baroque": 3, "Realism": 2}, "Neoclassicism": 0.005265310866010887, "style_counts": [0.0007038392342972877, 0.0004316037274446627, 9.320529594991633e-05, 0.0, 2.658386141562996e-05, 0.0005390583752806766, 0.0008623390967162914, 0.0007700460556087085, 0.0002217137228951449, 0.00012852849620814677, 0.0006286692716435116, 4.8352897979109244e-05]}