{"Fauvism": 0.0066843747489558816, "style_counts": [0.0, 0.002161862918682367, 0.00013128155381192386, 0.001276725439358084, 0.0006128738932822397, 0.0011971213775857636, 0.0006115277517481088, 0.00038903888213426274, 0.0005389684144294637], "style": ["Art Nouveau (Modern)", "Art Nouveau (Modern)", "Symbolism", "Na\u00efve Art (Primitivism)", "Symbolism", "Symbolism", "Baroque", "Symbolism", "Expressionism", "Neoclassicism", "Expressionism", "Realism, Surrealism", "Symbolism", "Baroque", "Symbolism", "Romanticism", "Baroque", "Symbolism", "Fauvism", "Symbolism"], "style_labels": ["Fauvism", "Art Nouveau (Modern)", "Romanticism", "Na\u00efve Art (Primitivism)", "Expressionism", "Symbolism", "Baroque", "Realism, Surrealism", "Neoclassicism"], "artist": ["Zorn Anders", "Roerich Nicholas", "Roerich Nicholas", "Chagall Marc", "Roerich Nicholas", "Roerich Nicholas", "Rubens Peter Paul", "Roerich Nicholas", "Matisse Henri", "Ingres Jean Auguste Dominique ", "Chagall Marc", "Dali Salvador", "Roerich Nicholas", "Rubens Peter Paul", "Roerich Nicholas", "Alma-Tadema Lawrence ", "Rubens Peter Paul", "Roerich Nicholas", "Miro Joan", "B\u00f6cklin Arnold"], "contentId": ["277305.jpg", "225594.jpg", "226232.jpg", "202951.jpg", "225704.jpg", "225494.jpg", "216639.jpg", "226111.jpg", "290271.jpg", "193457.jpg", "202725.jpg", "220836.jpg", "226808.jpg", "216638.jpg", "226040.jpg", "214473.jpg", "216357.jpg", "226809.jpg", "228007.jpg", "260692.jpg"], "Art Nouveau (Modern)": 0.004522511830273556, "title": ["Oscar II", "Fight with the dragon", "Mother of Turfan", "Rainbow in the sky, a sign of Covenant between God and Earth", "Himalayas", "Cliff dwellings (Arizona)", "The Death of Seneca", "Magician", "The Dark Door", "Portrait of Bindo Altoviti", "Lisa with a Mandolin", "Blue Knot and Ear of Wheat Next to the Castle", "Temple of Tripura Sundari", "The Death of Achilles", "Lahaul (Himalayas)", "A Sculpture Gallery", "Adam and Eve", "Temptation of Christ", "Portrait of Hiberto Casany. (The Chauffeur)", "Triton and Nereid"], "Romanticism": 0.006553093195143944, "scores": [0.013291842785301239, 0.013340677448296399, 0.015181796477930904, 0.01563011684106809, 0.015716047545851358, 0.016580828001852045, 0.017065649114832535, 0.017637401355583417, 0.017709140636761996, 0.017762508910111323, 0.018045186926213937, 0.01819586099593202, 0.018426190020802008, 0.018558225405752152, 0.018923001075457475, 0.018940875498105594, 0.018953996705087853, 0.019255022444868434, 0.019320327993576344, 0.019582010853893772], "Na\u00efve Art (Primitivism)": 0.005407649309597771, "Expressionism": 0.006071500855673676, "year": ["unknown", 1914.0, 1924.0, 1931.0, 1924.0, 1921.0, 1615.0, 1905.0, 1942.0, "unknown", 1914.0, "unknown", 1932.0, 1630.0, 1932.0, 1867.0, 1597.0, 1933.0, 1918.0, "unknown"], "Symbolism": 0.005487253371370156, "Baroque": 0.006072846997207799, "style_dict": {"Fauvism": 1, "Art Nouveau (Modern)": 2, "Romanticism": 1, "Na\u00efve Art (Primitivism)": 1, "Expressionism": 2, "Symbolism": 8, "Baroque": 3, "Realism, Surrealism": 1, "Neoclassicism": 1}, "Realism, Surrealism": 0.0062953358668216336, "Neoclassicism": 0.006145406334526409}