{"Mannerism (Late Renaissance)": 0.0033693540455742993, "year": [1555.0, 1943.0, "unknown", 1861.0, 1920.0, 1635.0, "unknown", 1913.0, 2001.0, 1960.0, 1814.0, 1930.0, "unknown", 1919.0, 1865.0, 1900.0, 1976.0, 1915.0, "unknown", 1880.0], "New Realism": 0.003636197296464202, "Rococo": 0.003650658986946309, "style": ["Mannerism (Late Renaissance)", "New Realism", "Rococo", "Realism", "Symbolism", "Baroque", "Realism", "Art Nouveau (Modern)", "Na\u00efve Art (Primitivism)", "Symbolism", "Ukiyo-e", "Expressionism", "Surrealism", "Expressionism", "Realism", "Neo-Romanticism", "Surrealism", "Expressionism", "Surrealism", "Romanticism"], "Neo-Romanticism": 0.003969322547960247, "title": ["Portrait of a Lady", "Saltillo Mansion", "The Tooth Extractor", "The Lake", "Unknown singer", "The Sacrifice of Abraham", "The Flood", "Yard of castle", "Miss Riviere (after Ingres)", "Figure In the Shape of a Cloud", "The Dream of the Fisherman's Wife", "Fruits on Red", "Untitled", "Portrait of Paulette Jourdain", "Nest Harriers in Tuscan", "Hoestkveld", "Balancing Act", "Kneeling Female Nude, Back View", "Untitled", "Moonlight in Feodosia"], "Art Nouveau (Modern)": 0.0038539760914588924, "Ukiyo-e": 0.0038675131872563688, "Expressionism": 0.003829261059259968, "Symbolism": 0.003724699814813333, "style_dict": {"Neo-Romanticism": 1, "Surrealism": 3, "Art Nouveau (Modern)": 1, "Ukiyo-e": 1, "Romanticism": 1, "Symbolism": 2, "Mannerism (Late Renaissance)": 1, "Na\u00efve Art (Primitivism)": 1, "Expressionism": 3, "New Realism": 1, "Baroque": 1, "Rococo": 1, "Realism": 3}, "scores": [0.009738685775681141, 0.010509961971838516, 0.010551761633579435, 0.010670916123834806, 0.010773407517399563, 0.010814106373110258, 0.010940904706414113, 0.011139423650359827, 0.011140260917668421, 0.011160895123461235, 0.011178550889736788, 0.011280091651860898, 0.011323419800462723, 0.011340065312644396, 0.01139046092713122, 0.011472817790604741, 0.01167083433471636, 0.01179416585276059, 0.01260362787249738, 0.012610475757566873], "Baroque": 0.0037414240377790014, "Realism": 0.0036721440974238372, "style_counts": [0.0003936026443153162, 0.0006382253774621649, 0.0005089491008166691, 0.0004954120050191246, 0.0, 0.00040197021175980563, 0.0009935711467012887, 0.0005086594262077027, 0.0005336641330155878, 0.0007267278958112966, 0.000621501154496551, 0.0007122662053292705, 0.0006907810948516557], "artist": ["Titian", "Hopper Edward", "Longhi Pietro ", "Corot Camille ", "Roerich Nicholas", "Rembrandt", "Corot Camille ", "Roerich Nicholas", "Botero Fernando", "Dali Salvador", "Hokusai Katsushika", "Klee Paul", "Beksinski Zdislav", "Modigliani Amedeo ", "Corot Camille ", "Kittelsen Theodor Severin", "Holbrook Carter Clarence", "Schiele Egon", "Beksinski Zdislav", "Aivazovsky Ivan "], "contentId": ["224944.jpg", "362019.jpg", "185140.jpg", "199806.jpg", "226983.jpg", "220653.jpg", "199788.jpg", "227099.jpg", "281227.jpg", "220979.jpg", "223528.jpg", "202188.jpg", "259023.jpg", "189684.jpg", "199645.jpg", "321740.jpg", "345409.jpg", "232652.jpg", "259024.jpg", "196603.jpg"], "style_labels": ["Neo-Romanticism", "Symbolism", "Art Nouveau (Modern)", "Ukiyo-e", "Romanticism", "Surrealism", "Mannerism (Late Renaissance)", "Na\u00efve Art (Primitivism)", "Expressionism", "New Realism", "Baroque", "Rococo", "Realism"], "Romanticism": 0.0043629251922755255, "Surrealism": 0.003960954980515762, "Na\u00efve Art (Primitivism)": 0.0038542657660678094}