{"Mannerism (Late Renaissance)": 0.006967039446265992, "year": [1902.0, 1886.0, 1903.0, 1633.0, 1850.0, 1884.0, 1889.0, 1745.0, 1857.0, 1886.0, 1863.0, 1908.0, 1559.0, 1905.0, "unknown", 1921.0, 1879.0, 1938.0, 1856.0, 1862.0], "Academicism": 0.0063051160754530175, "Rococo": 0.006659321679056776, "style": ["Post-Impressionism", "Realism", "Post-Impressionism", "Baroque", "Neoclassicism", "Neoclassicism", "Academicism", "Rococo", "Romanticism", "Realism", "Orientalism", "Expressionism", "Mannerism (Late Renaissance)", "Symbolism", "Rococo", "Symbolism", "Impressionism", "Surrealism", "Neoclassicism", "Neoclassicism"], "title": ["Portrait of workshop with figure (my wife)", "Vase with Gladioli and Lilac", "Women and white horse", "Garden of Love", "Dante and Virgil", "Idylle (Idylls)", "The Bathers", "Fresco in San Pantalon in Venice, Scene: Holy Martyr, fragment", "Country concert", "Still Life with Scabiosa and Ranunculus", "The Dance of the Almeh", "Blue mountain", "Diana and Actaeon", "Magician", "The Hunters Drawing Numbers", "Cliff dwellings (Arizona)", "Jockeys before the Start with Flagpoll", "The sleepy town", "Portrait of Madame Moitessier Sitting", "Orestes Pursued by the Furies"], "Expressionism": 0.006953682194248875, "Symbolism": 0.006973383525967151, "style_dict": {"Impressionism": 1, "Rococo": 2, "Orientalism": 1, "Romanticism": 1, "Surrealism": 1, "Mannerism (Late Renaissance)": 1, "Realism": 2, "Expressionism": 1, "Symbolism": 2, "Academicism": 1, "Baroque": 1, "Post-Impressionism": 2, "Neoclassicism": 4}, "Neoclassicism": 0.0064256086447288755, "Impressionism": 0.007295456189336239, "scores": [0.016081451877186254, 0.017112660115375714, 0.017480606164882305, 0.017512274264325937, 0.017815908989269894, 0.017850388997635577, 0.018224129434746505, 0.018813700139843712, 0.01913048044410956, 0.019979638381343222, 0.019987075790105654, 0.02009872662764238, 0.020137334051635758, 0.02022986344746108, 0.020402232513402042, 0.020835541093608502, 0.021086580530626238, 0.021186661511185315, 0.02126338136157297, 0.02132195943114818], "Baroque": 0.006058831088590736, "Post-Impressionism": 0.005699227981890434, "Realism": 0.006298703888782852, "style_counts": [3.462564297673776e-05, 0.000670760153256178, 0.00041502817684346827, 0.0007113898277819608, 0.0, 0.0003630423860470078, 0.001031377943530143, 0.0003763996380641288, 0.00035669830634588173, 0.0010249657568599524, 0.001271250743722252, 0.0016308538504224979, 0.0009044731875841316], "artist": ["Vallotton  Felix", "van Gogh Vincent ", "Gauguin Paul ", "Rubens Peter Paul", "Bouguereau William-Adolphe", "Klimt Gustav", "Gerome Jean-Leon", "Longhi Pietro ", "Corot Camille ", "van Gogh Vincent ", "Gerome Jean-Leon", "Kandinsky Wassily", "Titian", "Roerich Nicholas", "Longhi Pietro ", "Roerich Nicholas", "Degas Edgar", "Delvaux Paul", "Ingres Jean Auguste Dominique ", "Bouguereau William-Adolphe"], "contentId": ["271272.jpg", "207318.jpg", "190967.jpg", "216443.jpg", "232375.jpg", "191501.jpg", "279450.jpg", "185194.jpg", "199487.jpg", "207003.jpg", "279459.jpg", "189272.jpg", "224875.jpg", "226111.jpg", "185150.jpg", "225494.jpg", "213506.jpg", "243199.jpg", "193480.jpg", "232451.jpg"], "Orientalism": 0.006915053655469492, "style_labels": ["Impressionism", "Rococo", "Orientalism", "Romanticism", "Surrealism", "Mannerism (Late Renaissance)", "Realism", "Expressionism", "Symbolism", "Academicism", "Baroque", "Post-Impressionism", "Neoclassicism"], "Romanticism": 0.006618692004531001, "Surrealism": 0.0073300818323130176}