{"High Renaissance": 0.0033582844749054817, "year": ["unknown", 1931.0, 1609.0, 1919.0, 1938.0, 1915.0, 1939.0, 1903.0, 1898.0, 1511.0, 1869.0, 1870.0, 1811.0, 1904.0, 1925.0, 1885.0, "unknown", 1918.0, 1478.0, 1969.0], "Baroque": 0.0026320632262393654, "style": ["Magic Realism", "Na\u00efve Art (Primitivism)", "Baroque", "Post-Impressionism", "Expressionism", "Symbolism", "Symbolism", "Art Nouveau (Modern)", "Realism", "High Renaissance", "Neoclassicism", "Realism", "Neoclassicism", "Impressionism", "Post-Impressionism", "Realism", "Surrealism", "Surrealism", "Early Renaissance", "Abstract Expressionism"], "title": ["Copy of Sea mist and Pastures", "The Descent towards Sodom", "St. Jerome in His Hermitage", "Pansies on a Table", "Self-portrait", "Giant's tomb", "Book of Life", "Rostov the Great", "The\u00a0dressmaker", "The Vicious Husband", "Washerwomen of Fouesnant", "Shepherd and Shepherdess at Play", "Portrait of Charles-Joseph-Laurent Cordier", "Unloading Boats in Venice", "Seated Monk", "Peasant Woman, Digging, Seen from the Side", "Untitled", "Double portrait with a glass of wine", "Study of the Madonna and Child with a Cat", "Teal Mandala"], "Art Nouveau (Modern)": 0.003288404413329682, "Expressionism": 0.002981070080985862, "Symbolism": 0.0030458638610632973, "style_dict": {"Impressionism": 1, "Abstract Expressionism": 1, "Surrealism": 2, "Art Nouveau (Modern)": 1, "High Renaissance": 1, "Neoclassicism": 2, "Magic Realism": 1, "Na\u00efve Art (Primitivism)": 1, "Expressionism": 1, "Symbolism": 2, "Baroque": 1, "Post-Impressionism": 2, "Early Renaissance": 1, "Realism": 3}, "Neoclassicism": 0.003325240289525735, "Impressionism": 0.003465162465310907, "Magic Realism": 0.001570420839029424, "scores": [0.004539100041142246, 0.006901547257835246, 0.007607641214119325, 0.007958050419621937, 0.008616400770390767, 0.008906618780774957, 0.009030101774723378, 0.009504711244829218, 0.009516035336888332, 0.009706690601247955, 0.00974568825157952, 0.009808023689279105, 0.009836245995569025, 0.010015607726256493, 0.010093201665608877, 0.010122286867349575, 0.010183135180577481, 0.01021669175886434, 0.010340232959562578, 0.010401666118048448], "Early Renaissance": 0.0035774750882180627, "Post-Impressionism": 0.0030653126474947455, "Realism": 0.003276477246589118, "style_counts": [0.0001335670370903319, 0.0, 0.00013460151676769616, 0.0003103250890715836, 0.0003222522558121721, 0.00024044502749576147, 0.0020283086633717806, 0.0012109580197257053, 0.0006176594214153397, 0.0005528656413379407, 2.1254414183213832e-05, 0.0005334168549064877, 0.0009666662761619316, 0.00027348921287551065], "Abstract Expressionism": 0.0035987295024013048, "artist": ["Earle Eyvind", "Chagall Marc", "Rubens Peter Paul", "Matisse Henri", "Serebriakova Zinaida", "Roerich Nicholas", "Roerich Nicholas", "Roerich Nicholas", "Bouguereau William-Adolphe", "Titian", "Bouguereau William-Adolphe", "Corot Camille ", "Ingres Jean Auguste Dominique ", "Sargent John Singer", "Dali Salvador", "van Gogh Vincent ", "Beksinski Zdislav", "Chagall Marc", "da Vinci Leonardo", "Holbrook Carter Clarence"], "contentId": ["278027.jpg", "203171.jpg", "216610.jpg", "214129.jpg", "227484.jpg", "225634.jpg", "225405.jpg", "226454.jpg", "232549.jpg", "225068.jpg", "232569.jpg", "199728.jpg", "193460.jpg", "265644.jpg", "221433.jpg", "206523.jpg", "259134.jpg", "202547.jpg", "225271.jpg", "345403.jpg"], "style_labels": ["Impressionism", "Abstract Expressionism", "Surrealism", "Art Nouveau (Modern)", "Realism", "High Renaissance", "Magic Realism", "Na\u00efve Art (Primitivism)", "Expressionism", "Symbolism", "Early Renaissance", "Post-Impressionism", "Baroque", "Neoclassicism"], "Surrealism": 0.003464127985633605, "Na\u00efve Art (Primitivism)": 0.002387771482675545}