{"style": ["Surrealism", "Post-Impressionism", "Symbolism", "Surrealism", "Northern Renaissance", "Expressionism", "High Renaissance", "Surrealism", "Surrealism", "Magic Realism", "Post-Impressionism", "Surrealism", "Surrealism", "Post-Impressionism", "Baroque", "Cubism", "Surrealism", "Post-Impressionism", "Symbolism", "Symbolism"], "style_labels": ["Surrealism", "Northern Renaissance", "High Renaissance", "Magic Realism", "Expressionism", "Symbolism", "Baroque", "Post-Impressionism", "Cubism"], "Surrealism": 0.0035234896692686478, "contentId": ["221778.jpg", "206160.jpg", "226043.jpg", "211609.jpg", "195369.jpg", "202834.jpg", "193151.jpg", "211527.jpg", "243160.jpg", "277987.jpg", "206779.jpg", "220947.jpg", "221775.jpg", "207326.jpg", "216491.jpg", "196228.jpg", "258659.jpg", "206333.jpg", "225944.jpg", "226073.jpg"], "artist": ["Dali Salvador", "van Gogh Vincent ", "Roerich Nicholas", "Magritte Rene", "Bosch Hieronymus", "Chagall Marc", "Michelangelo", "Magritte Rene", "Delvaux Paul", "Earle Eyvind", "van Gogh Vincent ", "Dali Salvador", "Dali Salvador", "van Gogh Vincent ", "Rubens Peter Paul", "Leger Fernand ", "Beksinski Zdislav", "van Gogh Vincent ", "Roerich Nicholas", "Roerich Nicholas"], "Northern Renaissance": 0.003679770392223199, "style_counts": [0.0007770193673546366, 0.0006207386444000429, 0.0004386624322091359, 0.000310633388985293, 0.0005102006697943473, 0.00043672608872324936, 2.8803790803388907e-05, 0.0005620805194462841, 0.0], "High Renaissance": 0.0038618466044141675, "scores": [0.008754766724326358, 0.00903762908152416, 0.009332484126732288, 0.010468534963899254, 0.010635904417224427, 0.010955400257199988, 0.011162172358725912, 0.011169161597079775, 0.01148665710660135, 0.011532223889450612, 0.01164545482336673, 0.011764752356587981, 0.012188821785103146, 0.01228761997813925, 0.012346816200574616, 0.01243006986403325, 0.012552184343676626, 0.012556214126451297, 0.012675921840374854, 0.012716171857988224], "Magic Realism": 0.0039898756476380234, "Expressionism": 0.003790308366828969, "year": [1981.0, 1890.0, 1932.0, 1946.0, 1499.0, 1914.0, 1490.0, 1929.0, 1958.0, "unknown", 1888.0, 1938.0, 1982.0, 1886.0, 1635.0, 1921.0, 1957.0, 1888.0, "unknown", "unknown"], "Symbolism": 0.00386378294790006, "title": ["Untitled (Female Bust with Draped Cloth)", "Interior of a Farm with Figures at the Fireside", "Lahaul. Kardang.", "The sea of flames", "St. Anthony. St. Giles", "Newspaper Seller", "Madonna of the Stairs", "The giantess", "School of\u00a0researchers", "Arroyos", "Self-Portrait", "Enchanted Beach with Three Fluid Graces", "Untitled (Composition - Courtyard of the Escorial with Figure and Sebastian De Morra, Veldzquez's Dwarf)", "Vase with Red Gladioli", "Last Supper", "The Breakfast", "Untitled", "Mother Roulin with Her Baby", "Kangchenjunga", "Landscape"], "Baroque": 0.00427170524581986, "Post-Impressionism": 0.00373842851717696, "style_dict": {"Magic Realism": 1, "Northern Renaissance": 1, "High Renaissance": 1, "Surrealism": 7, "Expressionism": 1, "Symbolism": 3, "Baroque": 1, "Post-Impressionism": 4, "Cubism": 1}, "Cubism": 0.004300509036623307}