{"Impressionism": 0.0034790522555198035, "style": ["Verism", "Romanticism", "Symbolism", "Romanticism", "Impressionism", "Northern Renaissance", "Realism", "Realism", "Neoclassicism", "Surrealism", "Expressionism", "Realism", "High Renaissance", "Realism", "Impressionism", "Impressionism", "Intimism", "Impressionism", "Impressionism", "Impressionism"], "style_labels": ["Impressionism", "Expressionism", "Northern Renaissance", "Romanticism", "High Renaissance", "Surrealism", "Realism", "Intimism", "Symbolism", "Verism", "Neoclassicism"], "Expressionism": 0.003593450852150144, "artist": ["Dix Otto ", "Goya Francisco", "Roerich Nicholas", "Goya Francisco", "Degas Edgar", "Bruegel the Elder Pieter", "Sargent John Singer", "Sargent John Singer", "Bouguereau William-Adolphe", "Dali Salvador", "Chagall Marc", "Sargent John Singer", "da Vinci Leonardo", "van Gogh Vincent ", "Sorolla Joaqu\u00edn", "Hassam Childe", "Bonnard Pierre", "Renoir Pierre-Auguste", "Renoir Pierre-Auguste", "Renoir Pierre-Auguste"], "contentId": ["275146.jpg", "193894.jpg", "226679.jpg", "194051.jpg", "213308.jpg", "186866.jpg", "265784.jpg", "266086.jpg", "232459.jpg", "221665.jpg", "203174.jpg", "266133.jpg", "225139.jpg", "206343.jpg", "251254.jpg", "244039.jpg", "222092.jpg", "218784.jpg", "219489.jpg", "219151.jpg"], "title": ["Hugo Erfurth with Dog", "Dead turkey", "Spitok, Ladakh", "Scene of a bullfight", "At the Stables, Horse and Dog", "The Alchemist", "Almina, Daughter of Asher Wertheimer", "Cora, Countess of Strafford (Cora Smith)", "Portrait of a Young Girl", "The Railway Station at Perpignan", "The Drunkard", "Head of a Neapolitan Boy", "Drawing of an equestrian monument", "New-Born Calf Lying on Straw", "Peppers", "Hassam Childe Fifth avenue at Washington square Sun", "The workshop with Mimosa", "Coco Reading", "Woman`s Head, The Thinker", "Sugar Bowl, Apple and Orange"], "Northern Renaissance": 0.0034657599510978434, "Romanticism": 0.002932196783554422, "High Renaissance": 0.0036406925916507354, "scores": [0.006904136845715497, 0.008295035883677672, 0.00883811448538423, 0.008972313124490533, 0.009244844417365613, 0.010017334682300798, 0.010121113382191575, 0.010155252045071882, 0.010232710187291941, 0.010274113020871514, 0.010386408856442682, 0.010396555978950782, 0.01052295504608908, 0.010704950982580834, 0.011104982958849027, 0.01113598067003272, 0.011159682174047775, 0.011164559571342977, 0.01139667429378887, 0.011404247433206428], "Surrealism": 0.003554599159365509, "Realism": 0.0033977309442770817, "Intimism": 0.003860985059641827, "year": ["unknown", 1812.0, 1926.0, "unknown", 1861.0, "unknown", 1908.0, 1908.0, "unknown", 1965.0, 1914.0, 1879.0, 1500.0, 1884.0, 1903.0, "unknown", 1935.0, 1905.0, 1897.0, "unknown"], "Symbolism": 0.0030577777620610616, "Verism": 0.0023886674185956136, "style_dict": {"Impressionism": 6, "Intimism": 1, "Northern Renaissance": 1, "Romanticism": 2, "High Renaissance": 1, "Neoclassicism": 1, "Surrealism": 1, "Realism": 4, "Expressionism": 1, "Symbolism": 1, "Verism": 1}, "Neoclassicism": 0.0035402747620050428, "style_counts": [0.00038193280412202046, 0.0002675342074917042, 0.00039522510854395065, 0.0009287882760874444, 0.00022029246799104563, 0.00030638590027631807, 0.0004632541153647418, 0.0, 0.0008032072975807658, 0.0014723176410462724, 0.0003207102976368059]}