{"style": ["Expressionism", "Expressionism", "Realism", "Abstract Art", "Art Nouveau (Modern)", "Realism", "Realism", "Neo-Romanticism", "Symbolism", "Expressionism", "New Realism", "Realism", "Surrealism", "Symbolism", "Realism", "Na\u00efve Art (Primitivism), Surrealism", "Northern Renaissance", "Art Nouveau (Modern)", "Abstract Expressionism", "Symbolism"], "Abstract Expressionism": 0.0040328965978674225, "Neo-Romanticism": 0.0031987156644888515, "Symbolism": 0.003619962088808703, "style_labels": ["Abstract Expressionism", "Neo-Romanticism", "Symbolism", "Art Nouveau (Modern)", "Northern Renaissance", "Surrealism", "Na\u00efve Art (Primitivism), Surrealism", "Expressionism", "New Realism", "Abstract Art", "Realism"], "contentId": ["204836.jpg", "251917.jpg", "206095.jpg", "282903.jpg", "226872.jpg", "321997.jpg", "230256.jpg", "321998.jpg", "226266.jpg", "252244.jpg", "235661.jpg", "228916.jpg", "220777.jpg", "226481.jpg", "204667.jpg", "184924.jpg", "200712.jpg", "226748.jpg", "231567.jpg", "226267.jpg"], "Art Nouveau (Modern)": 0.0034189328584234607, "artist": ["Escher M.C.", "Kirchner Ernst Ludwig", "van Gogh Vincent ", "Kandinsky Wassily", "Roerich Nicholas", "Kittelsen Theodor Severin", "Kustodiev Boris", "Kittelsen Theodor Severin", "Roerich Nicholas", "Kirchner Ernst Ludwig", "Hopper Edward", "Shishkin Ivan", "Dali Salvador", "Roerich Nicholas", "Escher M.C.", "Kahlo Frida ", "Durer Albrecht", "Roerich Nicholas", "Twombly Cy", "Roerich Nicholas"], "Northern Renaissance": 0.00396249092551031, "style_counts": [0.0, 0.0008341809333786143, 0.00041293450905877105, 0.0006139637394440012, 7.040567235716555e-05, 0.00023450374411326802, 0.00014088469107476076, 0.0014888295400191653, 0.00030693466786335666, 0.0010948398892602906, 0.0009315455695557695], "scores": [0.004529498037360944, 0.007608317417368841, 0.00784194951844715, 0.008492076133655314, 0.00852256469227595, 0.008903534226981834, 0.00923884397195805, 0.00924547741817864, 0.00963055577412336, 0.010726215919115151, 0.010769415133479905, 0.010785445837798863, 0.010978767429885614, 0.01115095346956766, 0.011162264901203478, 0.011249361296789027, 0.011453071862014835, 0.011611113658714, 0.011656570428991524, 0.011751802531767427], "Surrealism": 0.0037983928537541505, "Na\u00efve Art (Primitivism), Surrealism": 0.0038920119067926335, "title": ["Self-Portrait", "Female Dancer", "Head of a Peasant Woman with White Cap", "Movement I", "The scene with five figures in costumes", "Taterslagsmaal", "Tatar, who sells watermelons", "Teppet Gaar Op", "Night rider", "Two Heads Looking at Each Other", "The Long Leg", "Rocks on the island of Valaam. Kukko", "Apparition of a Couple in the Desert", "Sacred Himalayas", "NOT DETECTED", "Flower of Life (Flame Flower)", "Great piece of turf study of weeds", "Study of scene design for \"Snow Maiden\"", "Untitled", "Night rider"], "Expressionism": 0.0025440670578482814, "year": [1923.0, 1933.0, 1884.0, 1935.0, 1920.0, "unknown", 1924.0, "unknown", 1918.0, 1930.0, 1930.0, 1859.0, 1946.0, 1934.0, 1930.0, 1943.0, 1503.0, 1921.0, 2008.0, 1918.0], "New Realism": 0.00372596193000402, "Abstract Art": 0.0029380567086070967, "style_dict": {"Abstract Expressionism": 1, "Neo-Romanticism": 1, "Surrealism": 1, "Art Nouveau (Modern)": 2, "Northern Renaissance": 1, "New Realism": 1, "Na\u00efve Art (Primitivism), Surrealism": 1, "Expressionism": 3, "Symbolism": 3, "Abstract Art": 1, "Realism": 5}, "Realism": 0.003101351028311681}