{"Impressionism": 0.0034789486422547723, "style": ["Romanticism", "Color Field Painting", "Art Nouveau (Modern)", "Impressionism", "Expressionism", "Art Nouveau (Modern)", "Symbolism", "Na\u00efve Art (Primitivism)", "Neo-Romanticism", "Impressionism", "Romanticism", "Realism", "Art Nouveau (Modern)", "Suprematism", "Impressionism, Realism", "Realism", "Romanticism", "Realism", "Realism", "Regionalism"], "Suprematism": 0.004009540666123699, "Neo-Romanticism": 0.003707050749577272, "Impressionism, Realism": 0.004034492607487067, "contentId": ["199564.jpg", "292727.jpg", "226555.jpg", "244003.jpg", "204914.jpg", "232785.jpg", "260582.jpg", "191313.jpg", "298579.jpg", "244221.jpg", "214638.jpg", "199532.jpg", "226389.jpg", "219625.jpg", "237914.jpg", "207192.jpg", "187911.jpg", "191963.jpg", "191792.jpg", "247607.jpg"], "Art Nouveau (Modern)": 0.003347866009137547, "artist": ["Corot Camille ", "Rothko Mark", "Roerich Nicholas", "Hassam Childe", "Escher M.C.", "Schiele Egon", "B\u00f6cklin Arnold", "Rousseau Henri", "Spencer Stanley", "Hassam Childe", "Alma-Tadema Lawrence ", "Corot Camille ", "Roerich Nicholas", "Malevich Kazimir", "Sisley Alfred", "van Gogh Vincent ", "Delacroix Eugene ", "Courbet Gustave", "Courbet Gustave", "Rockwell Norman"], "Romanticism": 0.0034009863783792476, "scores": [0.008054715279257012, 0.008535304051250461, 0.008758226952160027, 0.009741522878688763, 0.01012476319198483, 0.010272789634538378, 0.010303693479695307, 0.010501562004615607, 0.010714754791665955, 0.010745581098857466, 0.010770485374295483, 0.010823210174966227, 0.011056914166624847, 0.011589063103500115, 0.011661183490121475, 0.01166148550427143, 0.011740133313332153, 0.011893399997752402, 0.011908698987212668, 0.011957604269361571], "style_counts": [0.0006580985167118358, 0.00012750649284287707, 0.0004299964093893438, 0.00010255455147945014, 0.0007891811498290657, 0.0007360607805872998, 0.0011840346172639071, 0.000503756051714821, 0.0006341194942725004, 0.0005722138631987228, 0.0003362216098852233, 0.0], "style_labels": ["Impressionism", "Suprematism", "Neo-Romanticism", "Impressionism, Realism", "Art Nouveau (Modern)", "Romanticism", "Color Field Painting", "Na\u00efve Art (Primitivism)", "Expressionism", "Symbolism", "Realism", "Regionalism"], "Color Field Painting": 0.0029530125417026334, "Na\u00efve Art (Primitivism)": 0.003633291107251703, "Expressionism": 0.0035029276646940436, "year": [1872.0, 1961.0, 1912.0, 1912.0, 1917.0, 1915.0, "unknown", 1910.0, 1926.0, 1891.0, 1862.0, "unknown", 1914.0, 1915.0, 1866.0, 1882.0, 1834.0, 1858.0, 1857.0, "unknown"], "Symbolism": 0.003564833295767853, "title": ["Italian Girl", "Untitled (No. 17)", "Shchegolikha", "Fire Opals (aka Lady in Furs - Portrait of Mrs. Searle)", "Young Thrush", "Single Houses", "Abandoned Venus", "Jungle with Lion", "The Red House. Wangford.", "Poppies, Isles of Shoals 02", "Venantius Fortunatus Reading His Poems to Radegonda VI", "Forest in Fontainbleau", "Prince Igor", "Black Suprematistic Square", "Street of Marlotte (also known as Women Going to the Woods)", "The State Lottery", "The Women of Algiers in their Apartment", "Valley of Ornans", "Portrait of a Young Girl", "Asleep with Book"], "style_dict": {"Impressionism": 2, "Suprematism": 1, "Neo-Romanticism": 1, "Impressionism, Realism": 1, "Art Nouveau (Modern)": 3, "Romanticism": 3, "Color Field Painting": 1, "Na\u00efve Art (Primitivism)": 1, "Expressionism": 1, "Symbolism": 1, "Realism": 4, "Regionalism": 1}, "Realism": 0.0038008255490813705, "Regionalism": 0.004137047158966582}