{"Impressionism": 0.0031567403775889734, "style": ["Art Nouveau (Modern)", "Expressionism", "Magic Realism", "Realism", "Na\u00efve Art (Primitivism)", "Expressionism", "Realism", "Realism", "Realism", "Surrealism", "Impressionism", "Minimalism", "Realism", "Surrealism", "Romanticism", "Realism", "Op Art", "Art Nouveau (Modern)", "Baroque", "Realism"], "style_labels": ["Impressionism", "Surrealism", "Op Art", "Art Nouveau (Modern)", "Romanticism", "Magic Realism", "Na\u00efve Art (Primitivism)", "Expressionism", "Minimalism", "Baroque", "Realism"], "Surrealism": 0.003210161398809411, "Op Art": 0.0034957304191527575, "contentId": ["226751.jpg", "232770.jpg", "278065.jpg", "229700.jpg", "202493.jpg", "232759.jpg", "191816.jpg", "265671.jpg", "266085.jpg", "258841.jpg", "212314.jpg", "231528.jpg", "206831.jpg", "259159.jpg", "187911.jpg", "266337.jpg", "204608.jpg", "226318.jpg", "216460.jpg", "225881.jpg"], "Art Nouveau (Modern)": 0.0030453170243776966, "artist": ["Roerich Nicholas", "Schiele Egon", "Earle Eyvind", "Kustodiev Boris", "Chagall Marc", "Schiele Egon", "Courbet Gustave", "Sargent John Singer", "Sargent John Singer", "Beksinski Zdislav", "Monet Claude", "Twombly Cy", "van Gogh Vincent ", "Beksinski Zdislav", "Delacroix Eugene ", "Sargent John Singer", "Escher M.C.", "Roerich Nicholas", "Rubens Peter Paul", "Roerich Nicholas"], "Romanticism": 0.0034352599486684437, "scores": [0.0074677149597080425, 0.007530556048488056, 0.007895894780645708, 0.008078946597090235, 0.008296474678993722, 0.00837390717842201, 0.008510602075551836, 0.008877819150686226, 0.008946632296517005, 0.009109859898984348, 0.009124153234393643, 0.00935903540794409, 0.009525776222502344, 0.009794388805155436, 0.009929178336663097, 0.010024189050229473, 0.010103960476737651, 0.010465785341285653, 0.010515640634194013, 0.010545063938061094], "Magic Realism": 0.0027317921160401005, "Na\u00efve Art (Primitivism)": 0.002870383249604036, "Expressionism": 0.002700762919429317, "year": [1912.0, 1910.0, "unknown", 1905.0, 1914.0, 1910.0, "unknown", 1906.0, 1906.0, "unknown", 1869.0, 1966.0, 1882.0, "unknown", 1834.0, 1904.0, 1968.0, 1912.0, 1605.0, 1889.0], "Minimalism": 0.0032380040326564488, "title": ["Study of scene design for \"Tristan und Isolde\"", "Self Portrait with Arm Twisting above Head", "Giant Oak", "Akaky Akakiyevich returned from the party", "Clock", "Self Portrait", "Reclining nude", "Margherita Goldsmid, later Mrs Raphael", "Conrad and Reine Ormand", "Untitled", "Rough Sea at Etretat", "Night Watch", "Sien Nursing Baby", "Untitled", "The Women of Algiers in their Apartment", "The Duchess of Sutherland", "Metamorphosis III excerpt 7", "Oze's room", "Hero and Leander", "Hunting the bears"], "Baroque": 0.003638161978806528, "style_dict": {"Impressionism": 1, "Surrealism": 2, "Op Art": 1, "Art Nouveau (Modern)": 2, "Romanticism": 1, "Magic Realism": 1, "Na\u00efve Art (Primitivism)": 1, "Expressionism": 2, "Minimalism": 1, "Baroque": 1, "Realism": 7}, "Realism": 0.0028997544127984903, "style_counts": [0.0004814216012175576, 0.00042800057999714536, 0.0001424315596537662, 0.000592844954428795, 0.00020290203013806352, 0.0009063698627663763, 0.0007677787292025284, 0.0009373990593771753, 0.0004001579461501148, 0.0, 0.0007384075660080702]}