{"Impressionism": 0.003151121797762539, "style": ["Expressionism", "Realism", "Realism", "Impressionism", "Realism", "Impressionism", "Neo-Expressionism", "Color Field Painting", "Neo-Expressionism", "Op Art", "Realism", "Realism", "Realism", "Romanticism", "Post-Impressionism", "Realism", "Op Art", "Post-Impressionism", "Northern Renaissance", "Impressionism"], "style_labels": ["Impressionism", "Neo-Expressionism", "Op Art", "Northern Renaissance", "Romanticism", "Color Field Painting", "Expressionism", "Post-Impressionism", "Realism"], "Neo-Expressionism": 0.0032498697449672392, "Op Art": 0.0033983182114911167, "contentId": ["231987.jpg", "215227.jpg", "214958.jpg", "218170.jpg", "228650.jpg", "219281.jpg", "231584.jpg", "305722.jpg", "231509.jpg", "204773.jpg", "210330.jpg", "207157.jpg", "206032.jpg", "187771.jpg", "215658.jpg", "207222.jpg", "204726.jpg", "230556.jpg", "201177.jpg", "238004.jpg"], "artist": ["Freud Lucian", "Repin Ilya", "Repin Ilya", "Renoir Pierre-Auguste", "Shishkin Ivan", "Renoir Pierre-Auguste", "Twombly Cy", "Rothko Mark", "Twombly Cy", "Escher M.C.", "Levitan Isaac", "van Gogh Vincent ", "van Gogh Vincent ", "Delacroix Eugene ", "Cezanne Paul", "van Gogh Vincent ", "Escher M.C.", "Toulouse-Lautrec Henri de", "Durer Albrecht", "Sisley Alfred"], "Northern Renaissance": 0.0036130743850473013, "Romanticism": 0.003542459441105571, "Color Field Painting": 0.0032961647809269454, "Expressionism": 0.00158143742449626, "year": [1944.0, 1879.0, 1866.0, 1879.0, 1869.0, 1890.0, 2005.0, 1958.0, 2009.0, 1921.0, 1884.0, 1883.0, 1882.0, "unknown", 1902.0, 1885.0, 1944.0, 1882.0, 1513.0, 1875.0], "scores": [0.004570942068644038, 0.004688631483476894, 0.008424237433007964, 0.008525616147848136, 0.009278734420669864, 0.009310620473149876, 0.009468365645883228, 0.009527141592163241, 0.009669720662707246, 0.00971090580607103, 0.009785888598108214, 0.010044319975250172, 0.010133800913250314, 0.010239024722064173, 0.010257059819046618, 0.010263998675872027, 0.010301375404980224, 0.010343792024155331, 0.010443128161718771, 0.010483515181372121], "title": ["Girl with her Eyes Closed", "Portrait of T. A. Mamontova", "D.V. Karakozov", "A Bouquet of Roses", "Forest", "The Reading", "Untitled I", "Composition", "Leaving Paphos Ringed With Waves V", "Plane Filling Motif with Human Figures", "Path in the forest", "The Public Soup Kitchen", "Group of People on the Beach with Fishing Boat Arriving", "Horse and Rider Attacked by a Lion", "Leaves in a Green Pot", "Three Persons Sitting at the Window", "Logo for Chinese-Indonesian restaurant \"Insulinde\"", "Portrait of Madame la Comtesse Ad\u00e8le de Toulouse Lautrec", "The chandelier females", "Banks of the Seine at Port Marly"], "Post-Impressionism": 0.0034982643534073126, "style_dict": {"Impressionism": 3, "Neo-Expressionism": 2, "Op Art": 2, "Northern Renaissance": 1, "Romanticism": 1, "Color Field Painting": 1, "Expressionism": 1, "Post-Impressionism": 2, "Realism": 7}, "Realism": 0.0028148229272387127, "style_counts": [0.00046195258728476407, 0.0003632046400801059, 0.00021475617355615206, 0.0, 7.061494394178247e-05, 0.0003169096041203412, 0.0020316369605510864, 0.00011481003164004466, 0.0007982514578086519]}