{"style_counts": [0.0008196409741342281, 7.580628084713492e-05, 0.0013252144721869197, 0.00020876614405873628, 0.00089778328050516, 0.0005007818478945936, 0.00012324677811048623, 0.0, 0.000334160792510918, 0.0003700081376790676, 0.0003309624544736156], "style": ["Surrealism", "Surrealism", "Symbolism", "Action painting", "Romanticism", "Surrealism", "Realism", "Baroque", "Surrealism", "Na\u00efve Art (Primitivism)", "Expressionism, Symbolism", "Pop Art", "Baroque", "Realism", "Realism", "High Renaissance", "Art Deco", "Symbolism", "Symbolism", "High Renaissance"], "style_labels": ["Romanticism", "High Renaissance", "Surrealism", "Expressionism, Symbolism", "Action painting", "Symbolism", "Pop Art", "Art Deco", "Baroque", "Realism", "Na\u00efve Art (Primitivism)"], "artist": ["Varo Remedios", "Ernst Max", "Roerich Nicholas", "Pollock Jackson ", "Goya Francisco", "Magritte Rene", "van Gogh Vincent ", "Rembrandt", "Chagall Marc", "Botero Fernando", "Dali Salvador", "Warhol Andy", "Rembrandt", "Courbet Gustave", "Sargent John Singer", "Titian", "Serebriakova Zinaida", "Roerich Nicholas", "Roerich Nicholas", "Raphael"], "contentId": ["276569.jpg", "234174.jpg", "226676.jpg", "282427.jpg", "193921.jpg", "211541.jpg", "207406.jpg", "220246.jpg", "202427.jpg", "281238.jpg", "221784.jpg", "229365.jpg", "219968.jpg", "191977.jpg", "266254.jpg", "224858.jpg", "227186.jpg", "225879.jpg", "226267.jpg", "210621.jpg"], "title": ["Three destinations", "Flowers of seashells", "Spell words", "Convergence", "Fernando VII", "The heartstrings", "Weaver near an Open Window", "Musical Allegory", "Artist and His Bride", "Still Life with Watermelon", "Untitled (Landscape with Celestial Beings)", "Orange Disaster", "A Portrait of a Young Woman", "Woman with white stockings", "Mrs. Harry Vane Vilbank", "Christ Carrying the Cross", "Bath", "Hunting", "Night rider", "The Liberation of St. Peter, in the Stanza D'Eliodoro"], "Romanticism": 0.0041152852065939475, "High Renaissance": 0.004859119899881041, "Surrealism": 0.0036097117085413474, "Expressionism, Symbolism": 0.004726160036669437, "Action painting": 0.004037142900223009, "scores": [0.008843772378198105, 0.009864138626792796, 0.011092041028147783, 0.011668843821395597, 0.01189470413682703, 0.012072153519513034, 0.012692825161969264, 0.013043319718969701, 0.013179328636964402, 0.013307166728744577, 0.01366035949328684, 0.013907542253377127, 0.014050026167164187, 0.014160854687896964, 0.014172137073207868, 0.014227081339294527, 0.014263771260079269, 0.014378118797788837, 0.014380368024462133, 0.014387682736011606], "year": [1956.0, "unknown", 1922.0, 1952.0, 1814.0, 1960.0, 1884.0, 1626.0, 1980.0, "unknown", 1980.0, "unknown", 1632.0, 1861.0, 1884.0, 1507.0, 1926.0, 1937.0, 1918.0, 1514.0], "Symbolism": 0.004434144332833636, "Pop Art": 0.004811679402617782, "Art Deco": 0.004934926180728233, "style_dict": {"Romanticism": 1, "High Renaissance": 2, "Surrealism": 4, "Expressionism, Symbolism": 1, "Action painting": 1, "Symbolism": 3, "Pop Art": 1, "Baroque": 2, "Art Deco": 1, "Realism": 3, "Na\u00efve Art (Primitivism)": 1}, "Baroque": 0.004600765388217336, "Realism": 0.004564918043049183, "Na\u00efve Art (Primitivism)": 0.004603963726254563}