{"Impressionism": 0.004052474896559395, "style": ["Neoclassicism", "Realism", "Post-Impressionism", "Realism", "Post-Impressionism", "Neoclassicism", "Baroque", "Magic Realism", "Symbolism", "High Renaissance", "Symbolism", "Expressionism", "Neoclassicism", "Impressionism", "Baroque", "Symbolism", "Early Renaissance", "Baroque", "Expressionism", "Intimism"], "style_labels": ["Impressionism", "Expressionism", "High Renaissance", "Magic Realism", "Realism", "Intimism", "Symbolism", "Baroque", "Post-Impressionism", "Early Renaissance", "Neoclassicism"], "Expressionism": 0.0039928997584242915, "artist": ["Bouguereau William-Adolphe", "van Gogh Vincent ", "van Gogh Vincent ", "Kustodiev Boris", "Dali Salvador", "Bouguereau William-Adolphe", "Rubens Peter Paul", "Earle Eyvind", "B\u00f6cklin Arnold", "Michelangelo", "B\u00f6cklin Arnold", "Kandinsky Wassily", "Bouguereau William-Adolphe", "Degas Edgar", "Rembrandt", "Roerich Nicholas", "Perugino Pietro ", "Rubens Peter Paul", "Delvaux Paul", "Bonnard Pierre"], "contentId": ["232569.jpg", "206097.jpg", "206658.jpg", "230009.jpg", "221433.jpg", "232454.jpg", "216642.jpg", "278027.jpg", "260646.jpg", "193151.jpg", "260692.jpg", "189274.jpg", "232513.jpg", "213483.jpg", "219947.jpg", "225405.jpg", "199113.jpg", "216515.jpg", "243046.jpg", "222114.jpg"], "title": ["Washerwomen of Fouesnant", "Head of a Peasant Woman with White Cap", "Portrait of Dr. Felix Rey", "Portrait of Elizabeth Pushkina", "Seated Monk", "Parure\u00a0des Champs", "The Drunken Silenus", "Copy of Sea mist and Pastures", "Prometheus", "Madonna of the Stairs", "Triton and Nereid", "Boat Trip", "The Knitting Girl", "Henri Rouart and His Daughter Helene", "A Franciscan Friar", "Book of Life", "Polyptych Annunziata (St. Philip Benizi)", "Nature Adorning the Three Graces", "For the Brussels Luxembourg Station", "Woman Reclining on a Bed, or The Indolent Woman"], "style_counts": [0.0003397099892425981, 0.00039928512737763544, 0.0008145332172755371, 0.0008536593464965048, 0.0015219990600086053, 0.0, 0.0007548600931416294, 0.0006096065167240372, 0.0014051337517657636, 0.00021170722306862455, 0.001263077788864253], "High Renaissance": 0.0035776516685264684, "scores": [0.007693679708967593, 0.007765662355430582, 0.008281623662230408, 0.009136511690403554, 0.009308755921408764, 0.009343487274650824, 0.009579249577363311, 0.010227654283402889, 0.010254411113022374, 0.010340743342298994, 0.010443335967812953, 0.010853739381081029, 0.01108473436949124, 0.011713158990598455, 0.011920243004407955, 0.011991606731476385, 0.012083134570880307, 0.012495283710710903, 0.012659959996136463, 0.01269504714938027], "Magic Realism": 0.003538525539305492, "Realism": 0.002870185825793387, "Intimism": 0.0043921848858019235, "year": [1869.0, 1885.0, 1889.0, "unknown", 1925.0, 1884.0, 1620.0, "unknown", 1883.0, 1490.0, "unknown", 1910.0, 1869.0, 1872.0, 1659.0, 1939.0, "unknown", 1615.0, 1922.0, 1899.0], "Symbolism": 0.00363732479266031, "Baroque": 0.0037825783690779574, "Post-Impressionism": 0.002987051134036227, "style_dict": {"Impressionism": 1, "Intimism": 1, "High Renaissance": 1, "Magic Realism": 1, "Neoclassicism": 3, "Expressionism": 2, "Symbolism": 3, "Baroque": 3, "Post-Impressionism": 2, "Early Renaissance": 1, "Realism": 2}, "Early Renaissance": 0.004180477662733373, "Neoclassicism": 0.0031291070969377385}