{"Impressionism": 0.0027577161483832557, "style": ["Symbolism", "Surrealism", "Symbolism", "Post-Impressionism", "Surrealism", "Romanticism", "Symbolism", "Surrealism", "Romanticism", "Symbolism", "Art Nouveau (Modern)", "Impressionism", "Realism", "Surrealism", "Art Nouveau (Modern)", "Symbolism", "Surrealism", "Color Field Painting", "Symbolism", "Realism"], "style_labels": ["Impressionism", "Art Nouveau (Modern)", "Romanticism", "Surrealism", "Color Field Painting", "Symbolism", "Post-Impressionism", "Realism"], "artist": ["Roerich Nicholas", "Varo Remedios", "Roerich Nicholas", "Picasso Pablo", "Dali Salvador", "Aivazovsky Ivan ", "Roerich Nicholas", "Varo Remedios", "Aivazovsky Ivan ", "Roerich Nicholas", "Roerich Nicholas", "Cassatt Mary", "Redon Odilon", "Dali Salvador", "Roerich Nicholas", "Roerich Nicholas", "Rothko Mark", "Rothko Mark", "Roerich Nicholas", "Savrasov Aleksey"], "contentId": ["225769.jpg", "276479.jpg", "225716.jpg", "224639.jpg", "221284.jpg", "196558.jpg", "225731.jpg", "276514.jpg", "196618.jpg", "226237.jpg", "227111.jpg", "190415.jpg", "248148.jpg", "220760.jpg", "227034.jpg", "225377.jpg", "242160.jpg", "242190.jpg", "226841.jpg", "237223.jpg"], "Art Nouveau (Modern)": 0.0027675172129677135, "title": ["Himalayas", "Emerging Luz", "Himalayas", "Two friends", "Persistence of Fair Weather", "Italian landscape", "Himalayas", "Plant", "Morning at Sea", "Mount of five treasures (Two worlds)", "Yaroslavna's Lament", "Woman Reading in a Garden", "Rose, Peony and Cornflowers in a Green Vase", "Ambivalent Image", "Vignette for book \"N. K. Roerich\"", "Batuhalka, the capital of Inner Mongolia", "Tentacles of Memory", "Yellow band", "The Greatest and Holiest of Tangla", "Trees near the lake"], "Romanticism": 0.0024419024854638103, "Surrealism": 0.002410068086302637, "Color Field Painting": 0.0029879931478614626, "scores": [0.0054106993322888906, 0.0060354878164534205, 0.006478217568820468, 0.007048799079938469, 0.007072934012103823, 0.007088525565877023, 0.007146033094419989, 0.007262338195958358, 0.007291540157169086, 0.00754499308492876, 0.007954621640990133, 0.00797082487158115, 0.008258659995607933, 0.00831911980212245, 0.008342949473762282, 0.00837575664459312, 0.008558234024589367, 0.00863641100736603, 0.008745097708307644, 0.008801711032011538], "year": ["unknown", "unknown", 1938.0, 1904.0, 1934.0, 1858.0, 1944.0, 1960.0, 1849.0, 1933.0, 1915.0, 1880.0, "unknown", 1933.0, 1918.0, 1927.0, "unknown", "unknown", 1929.0, 1868.0], "Symbolism": 0.002322908523285161, "Post-Impressionism": 0.0024387171168144574, "style_dict": {"Impressionism": 1, "Art Nouveau (Modern)": 2, "Romanticism": 2, "Surrealism": 5, "Color Field Painting": 1, "Symbolism": 6, "Post-Impressionism": 1, "Realism": 2}, "Realism": 0.0028970495140723204, "style_counts": [0.00023027699947819613, 0.00022047593489371575, 0.0005460906623976358, 0.0005779250615588483, 0.0, 0.000665084624576262, 0.0005492760310470413, 9.094363378914228e-05]}