{"Impressionism": 0.001760435450084669, "Neo-Suprematism": 0.0044749175102339524, "style_labels": ["Impressionism", "Neo-Suprematism", "Expressionism, Surrealism", "Art Nouveau (Modern)", "Romanticism", "Surrealism", "Color Field Painting", "Expressionism", "Symbolism", "Post-Impressionism"], "artist": ["Hassam Childe", "Bonnard Pierre", "Klee Paul", "Dali Salvador", "Roerich Nicholas", "Aivazovsky Ivan ", "Picasso Pablo", "Beksinski Zdislav", "Rothko Mark", "Roerich Nicholas", "Klimt Gustav", "Goya Francisco", "Aivazovsky Ivan ", "Malevich Kazimir", "Delacroix Eugene ", "Magritte Rene", "Roerich Nicholas", "Toulouse-Lautrec Henri de", "Roerich Nicholas", "Dali Salvador"], "Expressionism, Surrealism": 0.004627674116273821, "Art Nouveau (Modern)": 0.004318993414212275, "title": ["Lillie", "Not detected", "Siblings", "Nostalgia of the Cannibal", "Slavic land", "Between the waves", "Dancer", "Untitled", "Untitled (brown and gray)", "Prologue. Forest.", "Sculpture", "The Last Communion of St. Joseph Calasanz", "The harbour of Venice, the island of San Georgio", "Peasants", "Aspasia", "The lost jockey", "Spell words", "The Little Trottin", "Charaka", "St. George and the Dragon"], "year": [1898.0, "unknown", 1930.0, 1932.0, "unknown", 1898.0, 1919.0, 1990.0, 1969.0, 1908.0, 1896.0, 1819.0, 1844.0, 1932.0, "unknown", 1926.0, 1922.0, 1893.0, 1932.0, 1962.0], "Romanticism": 0.004061005749474947, "style_dict": {"Impressionism": 1, "Neo-Suprematism": 1, "Expressionism, Surrealism": 1, "Art Nouveau (Modern)": 3, "Romanticism": 4, "Surrealism": 4, "Color Field Painting": 1, "Expressionism": 1, "Symbolism": 3, "Post-Impressionism": 1}, "scores": [0.005088312906523951, 0.006543684228300355, 0.007852099876819552, 0.00961013200198376, 0.009909302765460237, 0.010687288324750806, 0.011659974372652003, 0.012446730779655867, 0.012626418194587607, 0.012678030783834594, 0.012785366371936287, 0.012806997126303208, 0.012846090552036931, 0.012934175190495237, 0.013114916492910269, 0.013210238709370858, 0.013304593900920012, 0.013352246724897675, 0.013368589072149547, 0.013375698570424945], "Surrealism": 0.0035407196243290723, "Color Field Painting": 0.004368440896951639, "Expressionism": 0.004034074281551599, "contentId": ["244099.jpg", "221939.jpg", "202303.jpg", "221190.jpg", "226639.jpg", "196453.jpg", "223861.jpg", "259127.jpg", "242185.jpg", "226401.jpg", "191584.jpg", "194128.jpg", "196889.jpg", "219751.jpg", "187717.jpg", "211566.jpg", "226676.jpg", "230633.jpg", "225476.jpg", "221477.jpg"], "Symbolism": 0.004070511247113782, "Post-Impressionism": 0.0022639593714627745, "style": ["Impressionism", "Post-Impressionism", "Surrealism", "Surrealism", "Symbolism", "Romanticism", "Expressionism", "Surrealism", "Color Field Painting", "Art Nouveau (Modern)", "Art Nouveau (Modern)", "Romanticism", "Romanticism", "Neo-Suprematism", "Romanticism", "Surrealism", "Symbolism", "Art Nouveau (Modern)", "Symbolism", "Expressionism, Surrealism"], "style_counts": [0.002867238666189209, 0.00015275660603986108, 0.0, 0.00030868070206158116, 0.0005666683667988615, 0.001086954491944736, 0.0002592332193221969, 0.0005935998347222915, 0.0005571628691600772, 0.0023637147448111184]}