{"Impressionism": 0.00700221024616235, "style": ["Neoclassicism", "Symbolism", "Neoclassicism, Surrealism", "Neoclassicism", "Cubism", "Post-Impressionism", "Symbolism", "Impressionism", "Baroque", "Expressionism", "Symbolism", "Neo-baroque", "High Renaissance", "Op Art", "Expressionism", "Cubism", "Surrealism", "Surrealism", "Impressionism", "Op Art"], "style_labels": ["Impressionism", "Surrealism", "Op Art", "High Renaissance", "Neoclassicism, Surrealism", "Expressionism", "Neo-baroque", "Symbolism", "Baroque", "Post-Impressionism", "Cubism", "Neoclassicism"], "Surrealism": 0.007313037738186016, "Op Art": 0.007235845044127765, "contentId": ["232571.jpg", "225947.jpg", "224632.jpg", "193322.jpg", "196044.jpg", "221525.jpg", "226880.jpg", "251363.jpg", "216417.jpg", "345132.jpg", "225422.jpg", "194442.jpg", "224948.jpg", "204549.jpg", "204645.jpg", "224721.jpg", "221370.jpg", "221136.jpg", "277328.jpg", "204532.jpg"], "artist": ["Bouguereau William-Adolphe", "Roerich Nicholas", "Picasso Pablo", "Ingres Jean Auguste Dominique ", "Leger Fernand ", "Dali Salvador", "Roerich Nicholas", "Sorolla Joaqu\u00edn", "Rubens Peter Paul", "Solar Xul", "Roerich Nicholas", "de Chirico Giorgio ", "Titian", "Escher M.C.", "Escher M.C.", "Picasso Pablo", "Dali Salvador", "Dali Salvador", "Zorn Anders", "Escher M.C."], "year": [1861.0, 1924.0, 1920.0, 1818.0, 1951.0, "unknown", 1927.0, "unknown", 1614.0, 1917.0, 1932.0, 1933.0, 1515.0, "unknown", 1918.0, 1920.0, 1947.0, 1940.0, 1894.0, 1921.0], "style_counts": [0.00031082749202371307, 0.0, 7.719269405825901e-05, 0.00016615638053929516, 0.0017963157464557789, 0.00030965989061115806, 0.00028606072630865675, 0.0011646988993430085, 0.00046890522899145637, 0.0010679037588777751, 0.0006740714746676923, 0.0018917982414478063], "High Renaissance": 0.007146881357646706, "scores": [0.014802685223042122, 0.015800341744458598, 0.015945377441061965, 0.01712233255614326, 0.017804167367146274, 0.018050758878070335, 0.019171218350697888, 0.019430023389861086, 0.01978208731187505, 0.02028363592188822, 0.020284771169646346, 0.020310575898516026, 0.020657144033176637, 0.020713927047869805, 0.020958401518572405, 0.021291894728202258, 0.021420887898211484, 0.021644698846648696, 0.02180513818837703, 0.0218970813424064], "Neoclassicism, Surrealism": 0.0055167219917303095, "Expressionism": 0.007003377847574903, "Neo-baroque": 0.007026977011877403, "Symbolism": 0.006148338838843055, "title": ["Woman of Cervara and Her Child", "Kangchenjunga", "Two bathers", "Death of Leonardo da Vinci", "Mural", "Summer Night", "The unspilling vessel", "Portrait of a woman", "Descent from the Cross", "Penitentes", "Brahmaputra", "Diana sleep in the woods", "Portrait of a Man", "Gecko", "Two bells", "Window opened to the street Penthieure", "Portrait of Picasso", "March of Time Comittee - Papillon", "Sensitive to cold", "Flor de Pascua - Beautiful"], "Baroque": 0.006844132509194589, "Post-Impressionism": 0.006245133979308278, "style_dict": {"Impressionism": 2, "Surrealism": 2, "Op Art": 2, "High Renaissance": 1, "Neoclassicism, Surrealism": 1, "Expressionism": 2, "Neo-baroque": 1, "Symbolism": 3, "Baroque": 1, "Post-Impressionism": 1, "Cubism": 2, "Neoclassicism": 2}, "Cubism": 0.006638966263518303, "Neoclassicism": 0.005421239496738227}