{"style_counts": [0.0010723379804324917, 0.0020262422925099166, 0.0019325314305065344, 0.002615982758523372, 0.002134269885048945, 0.0008525669394650048, 0.0, 0.0016289740378975237, 0.0003891209051467559, 0.0006917690646401908], "style": ["Magic Realism", "Realism", "Realism", "Realism", "Baroque", "Expressionism", "Romanticism", "Realism", "Baroque", "Baroque", "Surrealism", "Baroque", "Symbolism", "Neoclassicism", "Realism", "Magic Realism", "Cubism", "Magic Realism", "Academicism", "Baroque"], "style_labels": ["Surrealism", "Romanticism", "Magic Realism", "Realism", "Expressionism", "Symbolism", "Academicism", "Baroque", "Cubism", "Neoclassicism"], "Surrealism": 0.008210667836245635, "contentId": ["278117.jpg", "277387.jpg", "266130.jpg", "219262.jpg", "216409.jpg", "231992.jpg", "193972.jpg", "266136.jpg", "216435.jpg", "220241.jpg", "221467.jpg", "216722.jpg", "225559.jpg", "232576.jpg", "266054.jpg", "278028.jpg", "214273.jpg", "278047.jpg", "279483.jpg", "220388.jpg"], "artist": ["Earle Eyvind", "Zorn Anders", "Sargent John Singer", "Renoir Pierre-Auguste", "Rubens Peter Paul", "Freud Lucian", "Goya Francisco", "Sargent John Singer", "Rubens Peter Paul", "Rembrandt", "Dali Salvador", "Rubens Peter Paul", "Roerich Nicholas", "Bouguereau William-Adolphe", "Sargent John Singer", "Earle Eyvind", "Matisse Henri", "Earle Eyvind", "Gerome Jean-Leon", "Rembrandt"], "Romanticism": 0.007256763524168259, "scores": [0.013767805542744989, 0.015092473568253634, 0.019243935240521592, 0.019879102045428372, 0.020139930785371754, 0.020662504441438526, 0.020974744343986978, 0.023650778721783443, 0.023672378998072584, 0.023725396297197183, 0.023731882427350793, 0.023892319539919618, 0.024367102437366776, 0.02483186807349015, 0.02517396697539018, 0.025630698639660908, 0.025706633766269173, 0.026661655851353154, 0.02683133784091258, 0.026864660217261794], "Magic Realism": 0.007350474386171643, "title": ["Poppies", "Smoking woman", "H.R.H. the Duchess of Connaught and Strathearn (Princess Louisa Margaret Alexandra Victoria Agnes of Prussia)", "The Painter Alfred Sisley", "Cupid Making His Bow", "Grand Interior,  Notting Hill", "Mar\u00eda Luisa of Parma wearing panniers", "Helen Brice", "Equestrian Portrait of the Duke of Lerma", "Minerva", "Sorcery", "Venus at her Toilet", "Eagle's nest", "Young Shepherdess Standing", "Abbott Lawrence Lowell", "Crimson Autumn", "The Moroccans", "Factory", "The Pyrrhic Dance", "Portrait-Of-Johannes-Elison"], "Realism": 0.0066670230581548535, "Expressionism": 0.007148735931629186, "year": [1976.0, 1907.0, 1908.0, 1868.0, 1614.0, 1998.0, 1789.0, 1907.0, 1603.0, 1635.0, 1957.0, 1608.0, 1931.0, "unknown", 1923.0, 1994.0, 1916.0, 1986.0, "unknown", 1634.0], "Symbolism": 0.008430438877213163, "Academicism": 0.00928300581667823, "Baroque": 0.007654031778780627, "style_dict": {"Surrealism": 1, "Romanticism": 1, "Magic Realism": 3, "Neoclassicism": 1, "Expressionism": 1, "Symbolism": 1, "Academicism": 1, "Baroque": 5, "Cubism": 1, "Realism": 5}, "Cubism": 0.008893884911531395, "Neoclassicism": 0.00859123675203798}