{"Northern Renaissance": 0.004311175711673471, "High Renaissance": 0.004146744454672475, "Color Field Painting": 0.00462436775008784, "year": [1973.0, 1884.0, 1919.0, 1937.0, 1900.0, 1943.0, 1632.0, 1869.0, 1924.0, 1497.0, 1937.0, "unknown", 1947.0, 1568.0, 1965.0, 1614.0, 1902.0, 1932.0, 1952.0, "unknown"], "style": ["Surrealism", "Realism", "Art Nouveau (Modern)", "Surrealism", "Neo-Romanticism", "Metaphysical art", "Baroque", "Neoclassicism", "Surrealism, Automatic Painting", "High Renaissance", "Surrealism", "Impressionism", "Surrealism", "Northern Renaissance", "Surrealism", "Baroque", "Realism", "Symbolism", "Color Field Painting", "Na\u00efve Art (Primitivism)"], "Neo-Romanticism": 0.0035048975561063366, "title": ["The Visit to Ephesus", "Weaver", "Russian hut", "Nodes Rose", "Blege Taager Vandret Over Vandet", "Echo", "The Last Supper", "The Knitting Girl", "Hermitage", "Pala di\u00a0Fano\u00a0(Nativity\u00a0of Mary)", "Birth of Venus", "View of the Loggia at Chartwell", "The strollers", "The Beggars", "Shadows", "The Four Evangelists", "Modesty", "Charaka", "Untitled", "The Musicians"], "Art Nouveau (Modern)": 0.003339888554910085, "Symbolism": 0.004592125364120422, "style_dict": {"Impressionism": 1, "Neo-Romanticism": 1, "Art Nouveau (Modern)": 1, "Northern Renaissance": 1, "High Renaissance": 1, "Surrealism": 5, "Color Field Painting": 1, "Neoclassicism": 1, "Surrealism, Automatic Painting": 1, "Metaphysical art": 1, "Symbolism": 1, "Baroque": 2, "Realism": 2, "Na\u00efve Art (Primitivism)": 1}, "Neoclassicism": 0.003908565887093101, "Impressionism": 0.004218506826345153, "scores": [0.005647605622770957, 0.008148469573615133, 0.009653519553632743, 0.009982409874420147, 0.010130456910489043, 0.010853222131322478, 0.01109125778754783, 0.01129720845393027, 0.011350633373370646, 0.011985633058997854, 0.012112157532756468, 0.01219305299136021, 0.012280561000483331, 0.012460900520348896, 0.012602383667643657, 0.012863833083969352, 0.013040513543014482, 0.013272949461172308, 0.013366141942979722, 0.013693350157319187], "Baroque": 0.004067853170164657, "Realism": 0.0035981358870999835, "style_counts": [0.0005190671967577609, 0.0012326764669965407, 0.0013976854681928552, 0.0004263983114294323, 0.0005908295684304843, 0.0013325662632839297, 0.00011320627301514286, 0.0011394381360029238, 0.0, 0.0008105243823908204, 0.0009826168617368403, 0.00014544865898247217, 0.0006697208529382603, 0.0008290081360098345], "artist": ["Delvaux Paul", "van Gogh Vincent ", "Roerich Nicholas", "Delvaux Paul", "Kittelsen Theodor Severin", "Delvaux Paul", "Rubens Peter Paul", "Bouguereau William-Adolphe", "Miro Joan", "Perugino Pietro ", "Delvaux Paul", "Churchill Winston", "Delvaux Paul", "Bruegel the Elder Pieter", "Delvaux Paul", "Rubens Peter Paul", "Bouguereau William-Adolphe", "Roerich Nicholas", "Rothko Mark", "Botero Fernando"], "contentId": ["243211.jpg", "207398.jpg", "226471.jpg", "243073.jpg", "321760.jpg", "243042.jpg", "216669.jpg", "232513.jpg", "227912.jpg", "199099.jpg", "243029.jpg", "313811.jpg", "243202.jpg", "186869.jpg", "243161.jpg", "216653.jpg", "232439.jpg", "225476.jpg", "242169.jpg", "281243.jpg"], "style_labels": ["Impressionism", "Neo-Romanticism", "Art Nouveau (Modern)", "Northern Renaissance", "High Renaissance", "Surrealism", "Color Field Painting", "Realism", "Na\u00efve Art (Primitivism)", "Surrealism, Automatic Painting", "Metaphysical art", "Symbolism", "Baroque", "Neoclassicism"], "Surrealism": 0.0034050077598189636, "Na\u00efve Art (Primitivism)": 0.0047375740231029185, "Surrealism, Automatic Painting": 0.003927049640712139, "Metaphysical art": 0.0037549571613660834}