{"Impressionism": 0.003479601044485923, "style": ["Expressionism", "Post-Impressionism", "High Renaissance", "Realism", "High Renaissance", "Realism", "Symbolism", "Realism", "Realism", "Baroque", "Proto Renaissance", "Realism", "Expressionism", "Neoclassicism", "Impressionism", "Mannerism (Late Renaissance)", "Impressionism", "Realism", "Baroque", "Symbolism"], "style_labels": ["Impressionism", "High Renaissance", "Mannerism (Late Renaissance)", "Realism", "Expressionism", "Symbolism", "Baroque", "Post-Impressionism", "Proto Renaissance", "Neoclassicism"], "artist": ["Modigliani Amedeo ", "Vallotton  Felix", "Titian", "Malevich Kazimir", "Titian", "van Gogh Vincent ", "Roerich Nicholas", "Courbet Gustave", "Shishkin Ivan", "Rembrandt", "Giotto", "Manet Edouard", "Freud Lucian", "Bouguereau William-Adolphe", "Cassatt Mary", "Titian", "Monet Claude", "Courbet Gustave", "Rubens Peter Paul", "Roerich Nicholas"], "contentId": ["189779.jpg", "271350.jpg", "224843.jpg", "219757.jpg", "224959.jpg", "207406.jpg", "225445.jpg", "191809.jpg", "229008.jpg", "220584.jpg", "192762.jpg", "192166.jpg", "232059.jpg", "232469.jpg", "190399.jpg", "224850.jpg", "212373.jpg", "191718.jpg", "216553.jpg", "225940.jpg"], "title": ["Viking Eggeling", "The Poker Game", "Annunciation", "Portrait of a Man", "Portrait of Alfonso d`Avalos , in Armor with a Page", "Weaver near an Open Window", "Call of the Sky", "Portrait of Paul Chenavard", "View of Valaam Island. Kukko", "The Circumcision", "Miracle of the Crucifix", "The Journalist Henri Rochefort", "Naked Girl Perched on a Chair", "Portrait of the Artist", "The Visitor", "Cameria, daughter of Suleiman the Magnificent", "Spring", "Bouquet of flowers", "Portrait of Helene Fourment with Gloves", "Kangchenjunga"], "style_counts": [3.428655935333591e-05, 0.0010158826540870303, 0.0, 0.000666185863541835, 0.0008674416503260396, 0.00027552128862284864, 5.4106355476979395e-05, 0.001422730062764277, 0.00011561180046404385, 4.556229419572233e-05], "High Renaissance": 0.0024980049497522485, "scores": [0.005645635052981077, 0.006044222698034691, 0.0069310444454348304, 0.007670606036304864, 0.007779401842967619, 0.008235697152914098, 0.00845396643453649, 0.008563646625572161, 0.008636600312115758, 0.009785138474928963, 0.009822280407617762, 0.009916860010464563, 0.009938962190582601, 0.010024749522190159, 0.010105881026606521, 0.010156441490558409, 0.010385064868058697, 0.010550303874992152, 0.010589091059205101, 0.01061637758014938], "Mannerism (Late Renaissance)": 0.003513887603839255, "Realism": 0.00284770174029742, "Expressionism": 0.002646445953513294, "year": [1916.0, 1902.0, 1535.0, 1930.0, 1533.0, 1884.0, 1935.0, "unknown", 1860.0, 1661.0, 1299.0, 1881.0, 1994.0, 1879.0, 1880.0, "unknown", 1875.0, "unknown", 1632.0, 1924.0], "Symbolism": 0.0032383663152164583, "Baroque": 0.003459781248362283, "Post-Impressionism": 0.002091157541074973, "style_dict": {"Impressionism": 2, "High Renaissance": 2, "Mannerism (Late Renaissance)": 1, "Neoclassicism": 1, "Expressionism": 2, "Symbolism": 2, "Baroque": 2, "Post-Impressionism": 1, "Proto Renaissance": 1, "Realism": 6}, "Proto Renaissance": 0.0033982758033752635, "Neoclassicism": 0.0034683253096435404}