{"Impressionism": 0.002989240808241969, "style": ["Baroque", "Realism, Surrealism", "Realism", "Realism", "Symbolism", "Surrealism", "Realism", "Constructivism", "Surrealism", "Symbolism", "Symbolism", "Expressionism", "Impressionism", "Symbolism", "Impressionism", "Surrealism", "Impressionism", "Surrealism", "Symbolism", "Realism"], "style_labels": ["Impressionism", "Surrealism", "Expressionism", "Symbolism", "Constructivism", "Baroque", "Realism, Surrealism", "Realism"], "artist": ["Rembrandt", "Dali Salvador", "Courbet Gustave", "Shishkin Ivan", "Roerich Nicholas", "Dali Salvador", "Corot Camille ", "Malevich Kazimir", "Chagall Marc", "Roerich Nicholas", "Roerich Nicholas", "Modigliani Amedeo ", "Pissarro Camille ", "Roerich Nicholas", "Zorn Anders", "Beksinski Zdislav", "Sisley Alfred", "Chagall Marc", "Roerich Nicholas", "Kustodiev Boris"], "contentId": ["220667.jpg", "221740.jpg", "191763.jpg", "229008.jpg", "225422.jpg", "221761.jpg", "199877.jpg", "219730.jpg", "202431.jpg", "226335.jpg", "225446.jpg", "189779.jpg", "208647.jpg", "225976.jpg", "277351.jpg", "259050.jpg", "237962.jpg", "203040.jpg", "225597.jpg", "230035.jpg"], "title": ["The Standard Bearer", "Transformation of 'Antiques' Magazine Cover into the Apparition of a Face", "Lake Leman", "View of Valaam Island. Kukko", "Brahmaputra", "Untitled - for the campaign against venereal disease", "View at Riva, Italian Tyrol", "Cover for the Congress of the Committees on Rural Poverty", "Artist at Easel", "Path", "Calling", "Viking Eggeling", "The Effect of Snow at l'Hermitage, Pontoise", "King Gesar", "View from the Ship Island pier", "Untitled", "Seine at Bougival", "Song of Songs III", "Final journey", "Portrait of Ilya Repin"], "style_counts": [0.0, 0.0001333298846994957, 2.139923324129267e-05, 0.00021782488751853624, 0.00011753742263387323, 0.0012589160610719796, 0.0007124568840909395, 0.00029100464273379423], "scores": [0.00500128178120878, 0.006580751953197999, 0.007563630703336058, 0.007821127586168118, 0.007835423713179232, 0.008139418862845938, 0.008206122823305234, 0.008300290362816348, 0.008390075973418183, 0.008465726869404862, 0.008470356051355528, 0.008578165470292031, 0.008785757338407925, 0.008825686088349811, 0.00890989877079839, 0.009043039470762397, 0.009169239378818932, 0.009207005240431504, 0.009235628612056755, 0.00926848107985537], "Surrealism": 0.0028559109235424805, "Expressionism": 0.002967841575000678, "year": [1636.0, 1974.0, 1874.0, 1860.0, 1932.0, 1942.0, 1835.0, 1918.0, 1965.0, "unknown", 1944.0, 1916.0, 1875.0, 1941.0, 1890.0, "unknown", 1873.0, 1960.0, 1922.0, 1902.0], "Symbolism": 0.0027714159207234265, "Constructivism": 0.0028717033856080643, "Baroque": 0.0017303247471699276, "style_dict": {"Impressionism": 3, "Surrealism": 4, "Expressionism": 1, "Symbolism": 5, "Constructivism": 1, "Baroque": 1, "Realism, Surrealism": 1, "Realism": 4}, "Realism, Surrealism": 0.002276783924150981, "Realism": 0.002698236165508091}