{"Suprematism": 0.006667854720296715, "Northern Renaissance": 0.009038008606534885, "year": [1956.0, 1956.0, 1912.0, 1918.0, 1916.0, "unknown", "unknown", "unknown", 1885.0, "unknown", 1987.0, "unknown", 1984.0, "unknown", "unknown", 1955.0, 1972.0, 1892.0, "unknown", "unknown"], "New Realism": 0.008366487889357437, "Cloisonnism": 0.00873434781572676, "style": ["Na\u00efve Art (Primitivism)", "Na\u00efve Art (Primitivism)", "Art Nouveau (Modern)", "Art Nouveau (Modern)", "Suprematism", "Orphism", "Romanticism", "Surrealism", "Symbolism", "Surrealism", "Expressionism", "Romanticism", "Surrealism", "Surrealism", "New Realism", "Na\u00efve Art (Primitivism)", "Pop Art", "Cloisonnism", "Regionalism", "Northern Renaissance"], "title": ["Mother and child", "Moses", "Berendey's Sloboda", "Vignette for book \"N. K. Roerich\"", "Suprematism", "Model, setting for the opera by Darius Milhaud Bolivar, L pass Andes", "The Prisoners in Chains", "Untitled", "A madman in a dismal landscape", "Untitled", "Bella Final Version State II", "Allegory: War or Evil", "A painer with chandelier", "Untitled", "New York Restaurant", "Notre-Dame in gray", "Mao", "Joyousness", "Cowboy", "The banner swinger"], "Art Nouveau (Modern)": 0.005506871094015343, "Expressionism": 0.00792841990309186, "Symbolism": 0.006925624799512109, "style_dict": {"New Realism": 1, "Suprematism": 1, "Art Nouveau (Modern)": 2, "Northern Renaissance": 1, "Romanticism": 2, "Surrealism": 4, "Na\u00efve Art (Primitivism)": 3, "Expressionism": 1, "Orphism": 1, "Symbolism": 1, "Pop Art": 1, "Cloisonnism": 1, "Regionalism": 1}, "Regionalism": 0.008770693689661933, "scores": [0.010156862208690576, 0.01271905627621493, 0.01585080900057205, 0.016578482804355383, 0.019272578969300253, 0.019396134124774495, 0.01961943939631649, 0.01968285303271574, 0.020017630326295086, 0.020178480354903078, 0.022916080972638562, 0.023262558932182816, 0.023545704598520276, 0.02384796080897974, 0.024182260308179028, 0.02491725750876186, 0.024991025766839023, 0.02524551225021868, 0.02535056533775696, 0.026123204823950898], "style_counts": [0.00237015388623818, 0.002112383807022833, 0.0035311375125195443, 0.0, 0.0017561463176721803, 0.0018730918929990015, 0.003720090578547719, 0.0011095887034430207, 0.0023274067361054307, 0.0006715207171774651, 0.0003917070715969695, 0.0003036607908081246, 0.00026731491687304043], "artist": ["Chagall Marc", "Chagall Marc", "Roerich Nicholas", "Roerich Nicholas", "Malevich Kazimir", "Leger Fernand ", "Goya Francisco", "Beksinski Zdislav", "Redon Odilon", "Beksinski Zdislav", "Freud Lucian", "Goya Francisco", "Chagall Marc", "Beksinski Zdislav", "Hopper Edward", "Chagall Marc", "Warhol Andy", "Gauguin Paul ", "Rockwell Norman", "Durer Albrecht"], "contentId": ["202820.jpg", "202764.jpg", "225383.jpg", "227023.jpg", "219848.jpg", "196036.jpg", "194145.jpg", "258800.jpg", "247874.jpg", "258881.jpg", "231919.jpg", "193847.jpg", "202374.jpg", "258875.jpg", "235590.jpg", "202881.jpg", "229343.jpg", "190612.jpg", "247644.jpg", "201172.jpg"], "style_labels": ["Suprematism", "Symbolism", "Art Nouveau (Modern)", "Northern Renaissance", "Romanticism", "Surrealism", "Na\u00efve Art (Primitivism)", "Expressionism", "Orphism", "New Realism", "Pop Art", "Cloisonnism", "Regionalism"], "Romanticism": 0.007281862288862756, "Surrealism": 0.00716491671353593, "Na\u00efve Art (Primitivism)": 0.005317918027987179, "Orphism": 0.006710601870429462, "Pop Art": 0.00864630153493799}