{"Fauvism": 0.0024430749284750954, "Impressionism": 0.0032190339698703807, "Neo-Suprematism": 0.003254794959911844, "style_labels": ["Fauvism", "Impressionism", "Neo-Suprematism", "Northern Renaissance", "High Renaissance", "Surrealism", "Symbolism", "Pop Art", "Baroque", "Realism"], "artist": ["Mondrian Piet", "Braque Georges ", "Dali Salvador", "Beksinski Zdislav", "Dali Salvador", "van Gogh Vincent ", "Bruegel the Elder Pieter", "Roerich Nicholas", "Sisley Alfred", "Malevich Kazimir", "Roerich Nicholas", "Sisley Alfred", "Delvaux Paul", "Rembrandt", "Levitan Isaac", "Durer Albrecht", "Rembrandt", "Michelangelo", "Warhol Andy", "van Gogh Vincent "], "contentId": ["185974.jpg", "193655.jpg", "220946.jpg", "258659.jpg", "220947.jpg", "206739.jpg", "9223372032559808852.jpg", "226028.jpg", "238331.jpg", "219657.jpg", "226043.jpg", "238356.jpg", "243058.jpg", "220644.jpg", "210174.jpg", "200816.jpg", "220573.jpg", "193151.jpg", "229383.jpg", "206738.jpg"], "title": ["Church tower at Domburg", "Landscape of Estaque", "Enchanted Beach (Long, Siphon)", "Untitled", "Enchanted Beach with Three Fluid Graces", "Sand Diggers in Dekkersduin near The Hague 2", "Parable of the Sower", "Ladakh. Kashmir.", "The Seine at Suresnes", "Female Torso", "Lahaul. Kardang.", "Moret on Long Time Gray", "Lamp", "The raising of the cross", "Evening", "Madonna and child on the grassy bank", "The bastion in Amsterdam", "Madonna of the Stairs", "Sixteen Jackies", "Sand Diggers in Dekkersduin near The Hague"], "Northern Renaissance": 0.003321914469677065, "style": ["Fauvism", "Fauvism", "Surrealism", "Surrealism", "Surrealism", "Realism", "Northern Renaissance", "Symbolism", "Impressionism", "Neo-Suprematism", "Symbolism", "Impressionism", "Surrealism", "Baroque", "Realism", "Northern Renaissance", "Baroque", "High Renaissance", "Pop Art", "Realism"], "High Renaissance": 0.0036363755798479026, "Surrealism": 0.002736441151945951, "scores": [0.006972220366322527, 0.00741474973053014, 0.007554941912733804, 0.007658268836519518, 0.008405362347869684, 0.009017047723678668, 0.009117050801065844, 0.009366128683251058, 0.009384324310352885, 0.009407567429871973, 0.009522576365688146, 0.009572173881941587, 0.009706052849313713, 0.009742258693287553, 0.009931212496357911, 0.010445298098882484, 0.010460721392488373, 0.010510477277095667, 0.010563102066184363, 0.010869606855525397], "year": [1911.0, 1907.0, 1937.0, 1957.0, 1938.0, 1883.0, 1557.0, 1943.0, 1877.0, 1933.0, 1932.0, 1892.0, 1945.0, 1629.0, 1877.0, "unknown", 1650.0, 1490.0, 1964.0, 1883.0], "Symbolism": 0.0032075219052911954, "Pop Art": 0.0036545825073633444, "Baroque": 0.0034307010993814705, "style_dict": {"Fauvism": 2, "Impressionism": 2, "Neo-Suprematism": 1, "Northern Renaissance": 2, "High Renaissance": 1, "Surrealism": 4, "Symbolism": 2, "Pop Art": 1, "Baroque": 2, "Realism": 3}, "Realism": 0.0033178161856886623, "style_counts": [0.0012115075788883267, 0.0004355485374930579, 0.00039978754745151335, 0.00033266803768627895, 1.8206927515529436e-05, 0.0009181413554174567, 0.00044706060207222453, 0.0, 0.00022388140798190737, 0.00033676632167467524]}