{"Northern Renaissance": 0.005845692861479266, "year": [1894.0, 1974.0, 1924.0, 1930.0, 1982.0, 1897.0, "unknown", "unknown", "unknown", 1888.0, 1943.0, 1933.0, 1893.0, 1557.0, 1920.0, 1930.0, 1908.0, 1910.0, "unknown", 1616.0], "Cloisonnism": 0.004488707401851093, "style": ["Cloisonnism", "Surrealism", "Symbolism", "Surrealism", "Neo-Expressionism", "Romanticism", "Surrealism", "Art Nouveau (Modern)", "Neoclassicism", "Post-Impressionism", "Symbolism", "Realism, Surrealism", "Art Nouveau (Modern)", "Northern Renaissance", "Neoclassicism", "Expressionism", "Fauvism", "Impressionism", "Post-Impressionism", "Baroque"], "Neo-Expressionism": 0.005289183430409422, "Art Nouveau (Modern)": 0.005599986110544062, "Expressionism": 0.005871923791780097, "Symbolism": 0.005240205377887413, "style_dict": {"Fauvism": 1, "Impressionism": 1, "Post-Impressionism": 2, "Neo-Expressionism": 1, "Art Nouveau (Modern)": 2, "Northern Renaissance": 1, "Romanticism": 1, "Surrealism": 3, "Expressionism": 1, "Symbolism": 2, "Baroque": 1, "Cloisonnism": 1, "Realism, Surrealism": 1, "Neoclassicism": 2}, "Realism, Surrealism": 0.005761555349052585, "Neoclassicism": 0.005625877215505751, "Fauvism": 0.005876033425501303, "Impressionism": 0.0059501761415504265, "scores": [0.012974033103769869, 0.013494654548483483, 0.014223436020847946, 0.014903915636239787, 0.015287706409587746, 0.01585585598660465, 0.015859237059832824, 0.016107627049421504, 0.016212953329423463, 0.01654553816998695, 0.01663549392613066, 0.01665303686245717, 0.016870007723931702, 0.016896225552154885, 0.01691715100125551, 0.01697204269227975, 0.01698392106152282, 0.017198221074044923, 0.01721961624512383, 0.017367729389709888], "Baroque": 0.006008821994009332, "Post-Impressionism": 0.005733716109251749, "style_counts": [0.00013278856850806875, 5.864585245884957e-05, 0.0002751058847575427, 0.0007196385635999114, 0.0004088358834652972, 0.0001631291325300266, 0.0005230722999471915, 0.0010842823263339518, 0.00013689820222917426, 0.000768616616121931, 0.0, 0.0015201145921581727, 0.0002472666449567784, 0.0003829447785035356], "artist": ["Vallotton  Felix", "Dali Salvador", "Roerich Nicholas", "Dali Salvador", "Basquiat Jean-Michel ", "Gerome Jean-Leon", "Beksinski Zdislav", "Zorn Anders", "Ingres Jean Auguste Dominique ", "van Gogh Vincent ", "Roerich Nicholas", "Dali Salvador", "Toulouse-Lautrec Henri de", "Bruegel the Elder Pieter", "Picasso Pablo", "Kirchner Ernst Ludwig", "Mondrian Piet", "Renoir Pierre-Auguste", "van Gogh Vincent ", "Rubens Peter Paul"], "contentId": ["271358.jpg", "221647.jpg", "226704.jpg", "221277.jpg", "203924.jpg", "279352.jpg", "259159.jpg", "277305.jpg", "193573.jpg", "207434.jpg", "226250.jpg", "221326.jpg", "230489.jpg", "9223372032559808852.jpg", "224517.jpg", "252244.jpg", "186066.jpg", "218478.jpg", "206678.jpg", "216404.jpg"], "style_labels": ["Fauvism", "Impressionism", "Post-Impressionism", "Neo-Expressionism", "Art Nouveau (Modern)", "Northern Renaissance", "Romanticism", "Surrealism", "Expressionism", "Symbolism", "Baroque", "Cloisonnism", "Realism, Surrealism", "Neoclassicism"], "Romanticism": 0.0054857496940621114, "Surrealism": 0.004924539667675397, "title": ["The Third Gallery at The Theatre", "The Palace of the Wind", "Steps of the Himalayas", "Paranoiac Woman-Horse (Invisible Sleeping Woman, Lion, Horse)", "The Guilt of Gold Teeth", "Entry of the Christ in Jerusalem", "Untitled", "Oscar II", "Victor Baltard", "Wheat Field with Sheaves and Arles in the Background", "Mstislav's duel with Rededia", "Portrait of Gala", "M. Praince", "Parable of the Sower", "The Abduction", "Two Heads Looking at Each Other", "Trees by the Gein at Moonrise", "Genevieve bernheim de villers", "Portrait of the Postman Joseph Roulin", "Christ Resurrected"]}