{"Impressionism": 0.003241314972651068, "style": ["Symbolism", "Expressionism", "Impressionism", "Art Nouveau (Modern)", "Realism", "Surrealism", "Baroque", "Surrealism", "Symbolism", "Romanticism", "Realism", "Neo-Expressionism", "Symbolism", "Neo-Expressionism", "Surrealism", "Na\u00efve Art (Primitivism)", "Ukiyo-e", "Surrealism", "Impressionism", "Symbolism"], "style_labels": ["Impressionism", "Neo-Expressionism", "Art Nouveau (Modern)", "Ukiyo-e", "Romanticism", "Surrealism", "Na\u00efve Art (Primitivism)", "Expressionism", "Symbolism", "Baroque", "Realism"], "Neo-Expressionism": 0.00339551871592359, "contentId": ["225510.jpg", "204616.jpg", "244195.jpg", "225443.jpg", "266198.jpg", "258967.jpg", "219981.jpg", "203212.jpg", "226167.jpg", "196685.jpg", "204667.jpg", "231552.jpg", "226783.jpg", "231509.jpg", "258748.jpg", "202729.jpg", "223617.jpg", "202841.jpg", "244390.jpg", "226115.jpg"], "Art Nouveau (Modern)": 0.0030122722435622844, "artist": ["Roerich Nicholas", "Escher M.C.", "Hassam Childe", "Roerich Nicholas", "Sargent John Singer", "Beksinski Zdislav", "Rembrandt", "Chagall Marc", "Roerich Nicholas", "Aivazovsky Ivan ", "Escher M.C.", "Twombly Cy", "Roerich Nicholas", "Twombly Cy", "Beksinski Zdislav", "Chagall Marc", "Hokusai Katsushika", "Chagall Marc", "Hassam Childe", "Roerich Nicholas"], "Ukiyo-e": 0.0036560835366528763, "Romanticism": 0.0034136212888154814, "scores": [0.0064017047772737794, 0.007873979823175704, 0.008341920285407152, 0.008706586619886943, 0.0087066475412981, 0.008775731470483746, 0.009244309687299408, 0.009481491430180483, 0.00982977686086189, 0.009866634565345374, 0.009938994420826068, 0.009981475201076055, 0.009995439992448847, 0.01001432012223314, 0.01017457566766037, 0.010508200837530152, 0.0105674405988506, 0.010655703581012409, 0.010745788013052067, 0.010820480361018976], "Surrealism": 0.0032096579142446013, "Na\u00efve Art (Primitivism)": 0.0036355879858094207, "Expressionism": 0.002724210061098505, "year": ["unknown", 1932.0, 1883.0, 1912.0, 1881.0, "unknown", 1630.0, 1963.0, 1937.0, 1855.0, 1930.0, 1992.0, 1933.0, 2009.0, "unknown", "unknown", 1812.0, 1963.0, 1919.0, 1933.0], "Symbolism": 0.0030421357330598386, "title": ["Conversation with God", "Mumified Priests in Gangi", "On the Deck", "Cabin", "Madame Ramon Subercaseaux", "Untitled", "A Study of a Woman Asleep", "The Jacob's Dream", "Mongolia (Campaign of Genghis Khan)", "Rocky island", "NOT DETECTED", "Souvenir", "Sunset", "Leaving Paphos Ringed With Waves V", "Untitled", "Lovers", "The giant mountain man", "Noah and the Rainbow", "Victory Day, May", "Maitreya"], "Baroque": 0.003198311657330934, "style_dict": {"Impressionism": 2, "Neo-Expressionism": 2, "Art Nouveau (Modern)": 1, "Ukiyo-e": 1, "Romanticism": 1, "Surrealism": 4, "Na\u00efve Art (Primitivism)": 1, "Expressionism": 1, "Symbolism": 4, "Baroque": 1, "Realism": 2}, "Realism": 0.0031662469648806716, "style_counts": [0.0004147685640017995, 0.0002605648207293365, 0.000643811293090657, 0.0, 0.0002424622478374161, 0.0004464256224082641, 2.0495550843491195e-05, 0.0009318734755544567, 0.000613947803593029, 0.0004577718793219443, 0.0004898365717722619]}