{"style": ["Symbolism", "Magic Realism", "Symbolism", "Symbolism", "Post-Impressionism", "Symbolism", "Symbolism", "Mannerism (Late Renaissance)", "Na\u00efve Art (Primitivism)", "Realism", "Baroque", "Realism", "Magic Realism", "Symbolism", "Symbolism", "Symbolism", "Neoclassicism", "unknown", "Symbolism", "Symbolism"], "style_labels": ["unknown", "Realism", "Magic Realism", "Mannerism (Late Renaissance)", "Na\u00efve Art (Primitivism)", "Symbolism", "Baroque", "Post-Impressionism", "Neoclassicism"], "artist": ["Roerich Nicholas", "Earle Eyvind", "Roerich Nicholas", "Roerich Nicholas", "Magritte Rene", "Roerich Nicholas", "Roerich Nicholas", "Titian", "Chagall Marc", "Zorn Anders", "Rembrandt", "Monet Claude", "Earle Eyvind", "Roerich Nicholas", "Roerich Nicholas", "Roerich Nicholas", "Bouguereau William-Adolphe", "Matisse Henri", "Roerich Nicholas", "Roerich Nicholas"], "unknown": 0.005891240495230442, "title": ["Covenant of Teacher", "California Miniature", "Temple in Naggar", "Book of Life", "The staging post", "China's heroics", "The unspilling vessel", "The Vendramin Family Venerating a Relic of the True Cross", "Interior with Flowers", "Lucky with the ladies", "History Painting", "Trophies of the Hunt", "Little Jewels", "Himalayas", "Mongolia", "Himalayas", "Washerwomen of Fouesnant", "Woman in Yellow and Blue with a Guitar", "Hystaspes. Shahnameh.", "Temptation of Christ"], "Realism": 0.00531531023554437, "style_counts": [0.0, 0.0005759302596861637, 0.001186784279049946, 0.0009949840362307727, 0.0007524575052648697, 0.0015790656955287918, 0.0005008001206781021, 0.0015334513965462593, 1.7354713159334345e-05], "Magic Realism": 0.004704456216180575, "year": [1947.0, 1991.0, 1929.0, 1939.0, 1948.0, 1937.0, 1927.0, 1545.0, 1918.0, 1884.0, 1626.0, "unknown", 1990.0, "unknown", 1927.0, "unknown", 1869.0, 1939.0, 1938.0, 1933.0], "Mannerism (Late Renaissance)": 0.004896256458999704, "Na\u00efve Art (Primitivism)": 0.005138782989965582, "scores": [0.009008200350037328, 0.011733473176774572, 0.012073218134003118, 0.012119698336274399, 0.012595630537704763, 0.01272460545714252, 0.012989253099913924, 0.014152001388509423, 0.014852993224153729, 0.015401573964083745, 0.015580376621229353, 0.01589963932371465, 0.01597049534063332, 0.015996872904735907, 0.016203774864904756, 0.016576689919164965, 0.01697771357360635, 0.01702787514638828, 0.017198091475917478, 0.017231842233020756], "contentId": ["225521.jpg", "278011.jpg", "226806.jpg", "225405.jpg", "211621.jpg", "225482.jpg", "226880.jpg", "225067.jpg", "202661.jpg", "277376.jpg", "220159.jpg", "212791.jpg", "278090.jpg", "225780.jpg", "226166.jpg", "225811.jpg", "232569.jpg", "9223372032559820548.jpg", "225885.jpg", "226809.jpg"], "Symbolism": 0.004312174799701646, "Baroque": 0.005390440374552356, "Post-Impressionism": 0.004357789098684259, "style_dict": {"unknown": 1, "Neoclassicism": 1, "Magic Realism": 2, "Mannerism (Late Renaissance)": 1, "Na\u00efve Art (Primitivism)": 1, "Symbolism": 10, "Baroque": 1, "Post-Impressionism": 1, "Realism": 2}, "Neoclassicism": 0.005873885782071175}