{"Impressionism": 0.002870299583088385, "style": ["Expressionism", "Realism", "Post-Impressionism", "Baroque", "Impressionism", "Realism", "Romanticism", "Baroque", "Symbolism", "Realism", "Symbolism", "Neo-Romanticism", "Mannerism (Late Renaissance)", "Symbolism", "Realism", "Romanticism", "Symbolism", "Realism", "High Renaissance", "Mannerism (Late Renaissance)"], "style_labels": ["Impressionism", "Neo-Romanticism", "Romanticism", "High Renaissance", "Mannerism (Late Renaissance)", "Expressionism", "Symbolism", "Baroque", "Post-Impressionism", "Realism"], "Neo-Romanticism": 0.0034618677528594527, "artist": ["Modigliani Amedeo ", "Shishkin Ivan", "Vallotton  Felix", "Rembrandt", "Monet Claude", "Courbet Gustave", "Delacroix Eugene ", "Rubens Peter Paul", "B\u00f6cklin Arnold", "Roerich Nicholas", "Roerich Nicholas", "Kittelsen Theodor Severin", "Titian", "Roerich Nicholas", "Zorn Anders", "Aivazovsky Ivan ", "B\u00f6cklin Arnold", "Malevich Kazimir", "Perugino Pietro ", "Titian"], "contentId": ["189779.jpg", "229008.jpg", "271350.jpg", "220554.jpg", "212373.jpg", "191809.jpg", "187875.jpg", "216612.jpg", "260630.jpg", "225689.jpg", "227054.jpg", "321968.jpg", "225023.jpg", "225414.jpg", "277361.jpg", "196994.jpg", "260617.jpg", "219757.jpg", "199120.jpg", "225015.jpg"], "title": ["Viking Eggeling", "View of Valaam Island. Kukko", "The Poker Game", "The Anatomy Lesson of Dr. Nicolaes Tulp", "Spring", "Portrait of Paul Chenavard", "The Battle of Giaour and Hassan", "St. Sebastian", "Pan among the reeds", "Hermit", "Vyas Kund", "Ormen Risler Under Lying", "St Jerome", "Boundary of sword (study)", "A Fisherman", "View of the Sea from the Mountains at Sunset. Crimea", "Medusa", "Portrait of a Man", "Polyptych of\u00a0St. Peter (St.\u00a0Benedict)", "Spain Succouring Religion"], "Romanticism": 0.003360156536802448, "High Renaissance": 0.0038836501639984587, "scores": [0.007533703413577259, 0.007568673446998607, 0.007592901390578236, 0.007663895635147974, 0.008296232851659804, 0.008335101089867913, 0.00887878932632494, 0.00917711415732295, 0.009220534950939493, 0.009481493911793013, 0.009807753378157872, 0.010006084782436421, 0.010030258610268069, 0.010320027392368964, 0.010375259047537713, 0.010908762439799139, 0.011104879348169287, 0.01122493822918021, 0.011225192751569952, 0.011516848676436531], "Mannerism (Late Renaissance)": 0.003658949538292776, "Expressionism": 0.0026064825028116346, "year": [1916.0, 1860.0, 1902.0, 1632.0, 1875.0, "unknown", 1835.0, 1614.0, 1858.0, 1895.0, 1932.0, "unknown", 1575.0, 1933.0, 1888.0, 1864.0, "unknown", 1930.0, 1500.0, 1575.0], "Symbolism": 0.0033218013577759145, "Baroque": 0.0028597994238682696, "Post-Impressionism": 0.002626963597272669, "style_dict": {"Impressionism": 1, "Neo-Romanticism": 1, "Romanticism": 2, "High Renaissance": 1, "Mannerism (Late Renaissance)": 2, "Expressionism": 1, "Symbolism": 4, "Baroque": 2, "Post-Impressionism": 1, "Realism": 5}, "Realism": 0.003040104847109382, "style_counts": [0.0010133505809101218, 0.0004217824111389934, 0.0005234936271960589, 0.0, 0.00022470062570567606, 0.0012771676611869065, 0.0005618488062225646, 0.0010238507401302277, 0.0012566865667258398, 0.0008435453168891272]}