{"year": [1866.0, 1986.0, 1949.0, 1983.0, "unknown", 1944.0, 1977.0, 1951.0, 1938.0, 1620.0, 1953.0, 1929.0, 1949.0, 1639.0, 1907.0, 1950.0, 1618.0, 1939.0, 1951.0, 1608.0], "style": ["Neoclassicism", "Magic Realism", "Surrealism", "Neo-Expressionism", "Realism", "Japonism, Surrealism", "Surrealism", "Purism", "Symbolism", "Baroque", "Na\u00efve Art (Primitivism)", "Dada", "Cubism, Expressionism", "Baroque", "Realism", "Na\u00efve Art (Primitivism)", "Baroque", "unknown", "Purism", "Baroque"], "Neo-Expressionism": 0.005776764366638392, "unknown": 0.008847378815541119, "Symbolism": 0.007948800655070448, "style_dict": {"Japonism, Surrealism": 1, "Neo-Expressionism": 1, "unknown": 1, "Cubism, Expressionism": 1, "Dada": 1, "Purism": 2, "Magic Realism": 1, "Neoclassicism": 1, "Surrealism": 2, "Symbolism": 1, "Baroque": 4, "Realism": 2, "Na\u00efve Art (Primitivism)": 2}, "Neoclassicism": 0.003707700338434395, "Japonism, Surrealism": 0.006492861001139686, "Cubism, Expressionism": 0.00847564337243698, "Dada": 0.008287059264663848, "Purism": 0.008049218385916738, "Magic Realism": 0.004158922772631213, "scores": [0.010716632344952827, 0.01202083292528447, 0.014001523811159456, 0.016696996577352533, 0.01688714129241704, 0.018766782065639566, 0.020719896353690412, 0.02132376708625784, 0.022974988922562153, 0.02299920525705579, 0.023569728642444703, 0.02395268205459614, 0.02449776023369165, 0.024955962231386946, 0.02518171008431702, 0.025181959688224523, 0.02552352744582627, 0.02557221385984887, 0.026077097648375, 0.026355396092526094], "Baroque": 0.008197844905804604, "Realism": 0.007143780474717734, "style_counts": [0.0023545178144014356, 0.0003717354431040931, 0.0, 0.0030706144489026643, 0.0005603195508772085, 0.0017035983408233424, 0.0007981604296243283, 0.004688456042909905, 0.0005687748649048086, 0.0029512776549255326, 0.0008985781604706755, 0.0006495339097365438, 0.005139678477106724], "artist": ["Ingres Jean Auguste Dominique ", "Earle Eyvind", "Delvaux Paul", "Basquiat Jean-Michel ", "Sargent John Singer", "Dali Salvador", "Dali Salvador", "Leger Fernand ", "Roerich Nicholas", "Rubens Peter Paul", "Leger Fernand ", "Ray Man", "Braque Georges ", "Rubens Peter Paul", "Zorn Anders", "Leger Fernand ", "Rubens Peter Paul", "Solar Xul", "Leger Fernand ", "Rubens Peter Paul"], "contentId": ["193566.jpg", "278047.jpg", "243041.jpg", "203832.jpg", "266266.jpg", "221770.jpg", "221188.jpg", "196140.jpg", "227101.jpg", "216402.jpg", "196268.jpg", "210885.jpg", "193782.jpg", "216703.jpg", "277387.jpg", "196024.jpg", "216476.jpg", "345151.jpg", "196141.jpg", "216722.jpg"], "style_labels": ["Japonism, Surrealism", "Cubism, Expressionism", "unknown", "Neo-Expressionism", "Dada", "Realism", "Purism", "Magic Realism", "Na\u00efve Art (Primitivism)", "Surrealism", "Symbolism", "Baroque", "Neoclassicism"], "Surrealism": 0.005896101160615556, "Na\u00efve Art (Primitivism)": 0.008278603950636235, "title": ["The Virgin of the Host", "Factory", "Ecce Homo", "Hollywood Africans in Front of the Chinese", "Mrs. Louis Raphael", "Untitled - The Seven Arts", "Nike, Victory Goddess of Samothrace, Appears in a Tree Bathed in Light", "Sacred Heart of Audincourt", "Yaroslav is glad for Kiev", "Christ at Simon the Pharisee", "The large one parades on red bottom", "Primacy of Matter over Thought", "The Studio (III)", "The Three Graces", "Smoking woman", "Manufacturers", "Lamentation (Christ on the Straw)", "Graf\u00eda Antiga", "Sacred Heart of Audincourt", "Venus at her Toilet"]}