{"Impressionism": 0.0031898384334770385, "Social Realism": 0.0034188086127806857, "style_labels": ["Impressionism", "Social Realism", "Impressionism, Realism", "Surrealism", "Color Field Painting", "Na\u00efve Art (Primitivism)", "New Realism", "Baroque", "Symbolism", "Cubism", "Realism"], "Impressionism, Realism": 0.0034117144708435457, "contentId": ["191423.jpg", "191759.jpg", "199633.jpg", "258739.jpg", "292727.jpg", "225717.jpg", "234168.jpg", "225465.jpg", "210183.jpg", "313772.jpg", "191963.jpg", "260601.jpg", "235655.jpg", "277306.jpg", "220569.jpg", "237914.jpg", "235592.jpg", "256211.jpg", "199706.jpg", "221355.jpg"], "artist": ["Rousseau Henri", "Courbet Gustave", "Corot Camille ", "Beksinski Zdislav", "Rothko Mark", "Roerich Nicholas", "Ernst Max", "Roerich Nicholas", "Levitan Isaac", "Churchill Winston", "Courbet Gustave", "B\u00f6cklin Arnold", "Hopper Edward", "Zorn Anders", "Rembrandt", "Sisley Alfred", "Hopper Edward", "Derain Andre", "Corot Camille ", "Dali Salvador"], "style": ["Na\u00efve Art (Primitivism)", "Realism", "Realism", "Surrealism", "Color Field Painting", "Symbolism", "Surrealism", "Symbolism", "Realism", "Impressionism", "Realism", "Symbolism", "New Realism", "Realism", "Baroque", "Impressionism, Realism", "Social Realism", "Cubism", "Realism", "Surrealism"], "style_dict": {"Impressionism": 1, "New Realism": 1, "Impressionism, Realism": 1, "Social Realism": 1, "Surrealism": 3, "Color Field Painting": 1, "Na\u00efve Art (Primitivism)": 1, "Symbolism": 3, "Baroque": 1, "Cubism": 1, "Realism": 6}, "Surrealism": 0.0030168932077144273, "Color Field Painting": 0.002742858016418898, "Na\u00efve Art (Primitivism)": 0.0022107133582663857, "scores": [0.006389783455536946, 0.00639720487186079, 0.006907720627353225, 0.007813516228708232, 0.007927879346576277, 0.008435324434941213, 0.008853296838679713, 0.009141398404421384, 0.009143749403304157, 0.009219818920373775, 0.009262454235007487, 0.009313072529978646, 0.009333475496466893, 0.009492303532932322, 0.009612175361054949, 0.009861123152531842, 0.009881627860033458, 0.010000542704138998, 0.010436283365083673, 0.010446599977259857], "year": [1910.0, 1856.0, 1827.0, "unknown", 1961.0, 1939.0, 1943.0, 1929.0, 1898.0, "unknown", 1858.0, "unknown", 1931.0, 1886.0, 1636.0, 1866.0, 1931.0, 1910.0, 1826.0, 1943.0], "New Realism": 0.0032291609101732007, "title": ["Tropical Forest with Apes and Snake", "La Bretonnerie in the Department of Indre", "Mount Soracte", "Untitled", "Untitled (No. 17)", "Himalayas", "Everyone Here Speaks Latin", "Castles of King Gesar", "Felling", "Mountain near Lochmore", "Valley of Ornans", "Fighting on a bridge", "The Camel's Hump", "Our daily bread", "The Ascension Of Christ", "Street of Marlotte (also known as Women Going to the Woods)", "New York, New Haven and Hartford", "Vista de Saint Paul de Vence", "Rocks at Civita Castellana", "Portrait of Mrs. Harrison Williams"], "Baroque": 0.003325584445943878, "Symbolism": 0.0029920114031018424, "Cubism": 0.0034599503253582038, "Realism": 0.002744900403749117, "style_counts": [0.0002701118918810863, 4.114171257751931e-05, 4.82358545146333e-05, 0.00044305711764369704, 0.0007170923089392378, 0.0012492369670917824, 0.000230789415184951, 0.0001343658794142888, 0.00046793892225638345, 0.0, 0.00071504992160909]}