{"style": ["Symbolism", "Symbolism", "Surrealism", "Surrealism", "Symbolism", "Abstract Expressionism", "Symbolism", "Magic Realism", "Symbolism", "Symbolism", "Symbolism", "Neoclassicism", "Symbolism", "Symbolism", "Symbolism", "Symbolism", "Symbolism", "High Renaissance", "Symbolism", "Symbolism"], "Abstract Expressionism": 0.004059307908278258, "Surrealism": 0.0038731221311031354, "contentId": ["226806.jpg", "225597.jpg", "258748.jpg", "345165.jpg", "225780.jpg", "345404.jpg", "225717.jpg", "278011.jpg", "225940.jpg", "226166.jpg", "226232.jpg", "193514.jpg", "226906.jpg", "225908.jpg", "225599.jpg", "225627.jpg", "226802.jpg", "224843.jpg", "225704.jpg", "226860.jpg"], "artist": ["Roerich Nicholas", "Roerich Nicholas", "Beksinski Zdislav", "Solar Xul", "Roerich Nicholas", "Holbrook Carter Clarence", "Roerich Nicholas", "Earle Eyvind", "Roerich Nicholas", "Roerich Nicholas", "Roerich Nicholas", "Ingres Jean Auguste Dominique ", "Roerich Nicholas", "Roerich Nicholas", "Roerich Nicholas", "Roerich Nicholas", "Roerich Nicholas", "Titian", "Roerich Nicholas", "Roerich Nicholas"], "style_counts": [0.0009803364869777065, 0.001166522264152814, 0.0, 0.0009024968708674086, 0.0012302220968254396, 0.00044540712057616894], "High Renaissance": 0.005039644395255961, "Magic Realism": 0.004137147524388581, "style_labels": ["Abstract Expressionism", "Surrealism", "High Renaissance", "Magic Realism", "Symbolism", "Neoclassicism"], "scores": [0.010754863407539393, 0.011269190782199534, 0.011282817913958191, 0.011525525633826337, 0.011528594591797468, 0.011732908934692032, 0.01183439948992765, 0.011957894362742787, 0.012238699143818841, 0.01253695807556556, 0.013170697086521684, 0.013279053667808429, 0.013590526362068853, 0.013804512925478943, 0.01411263436724055, 0.014218126319280955, 0.014444395821886988, 0.014566445829887524, 0.014731035168914467, 0.014906470467828507], "year": [1929.0, 1922.0, "unknown", 1948.0, "unknown", 1978.0, 1939.0, 1991.0, 1924.0, 1927.0, 1924.0, 1859.0, 1933.0, 1938.0, 1943.0, 1945.0, 1931.0, 1535.0, 1924.0, 1940.0], "Symbolism": 0.0038094222984304824, "title": ["Temple in Naggar", "Final journey", "Untitled", "Muros Biombos", "Himalayas", "Tulip", "Himalayas", "California Miniature", "Kangchenjunga", "Mongolia", "Mother of Turfan", "Self-Portrait at the age of 79 years old", "Tibet", "Iskander and hermit", "Fire", "Genghis Khan", "Teacher's order", "Annunciation", "Himalayas", "The Philosopher. Silence."], "style_dict": {"Abstract Expressionism": 1, "Magic Realism": 1, "High Renaissance": 1, "Surrealism": 2, "Symbolism": 14, "Neoclassicism": 1}, "Neoclassicism": 0.004594237274679832}