{"Impressionism": 0.0023748559276033717, "style": ["Realism", "Romanticism", "Post-Impressionism", "Impressionism", "Surrealism", "Baroque", "Impressionism", "Baroque", "Impressionism", "Symbolism", "Rococo", "Art Nouveau (Modern)", "Symbolism", "Realism", "Realism", "unknown", "Symbolism", "Cubism", "Realism", "Realism"], "Rococo": 0.002719113913522351, "artist": ["Sargent John Singer", "Delacroix Eugene ", "van Gogh Vincent ", "Renoir Pierre-Auguste", "Magritte Rene", "Rembrandt", "Sorolla Joaqu\u00edn", "Rembrandt", "Manet Edouard", "Roerich Nicholas", "Longhi Pietro ", "Roerich Nicholas", "Roerich Nicholas", "Cassatt Mary", "Courbet Gustave", "Repin Ilya", "Blake William ", "Braque Georges ", "Corot Camille ", "Sargent John Singer"], "unknown": 0.002957035706034862, "Art Nouveau (Modern)": 0.0028400242331694243, "title": ["Charles Stewart, Sixth Marquess of Londonderry, Carrying the Great Sword of State at the Coronat", "The Barque of Dante (Dante and Virgil in the Underworld)", "Portrait of Adeline Ravoux", "Girl crocheting", "The lost jockey", "The Circumcision", "The Los Adarves Gardens, The Alhambra, Granada", "The Virgin of Sorrow", "Music in the Tuileries Garden", "Spell words", "A nobleman kissing lady's hand", "Prologue. Forest.", "Russian Easter", "Peasant Woman Peeling an Orange", "Shelter of Deers at Plaisir Fontaine Creek", "Negress", "Isaac Newton", "The Bowl of Grapes", "Madame Legois", "Grace Woodhouse"], "year": [1904.0, 1822.0, 1890.0, 1875.0, 1926.0, 1661.0, "unknown", 1661.0, 1862.0, 1922.0, 1746.0, 1908.0, "unknown", 1875.0, 1866.0, 1876.0, 1795.0, 1926.0, 1838.0, 1890.0], "Romanticism": 0.002014569313268781, "Surrealism": 0.0021998207471028344, "style_labels": ["Impressionism", "Rococo", "unknown", "Art Nouveau (Modern)", "Romanticism", "Surrealism", "Symbolism", "Baroque", "Post-Impressionism", "Cubism", "Realism"], "scores": [0.005466405480923949, 0.005822854247396356, 0.005935694410661683, 0.006199551037748559, 0.006358299759860073, 0.006848195349796032, 0.007497298129874938, 0.007579083485717153, 0.007646448474463766, 0.00784462920914043, 0.007859250062147518, 0.008208725835293616, 0.008233829267118832, 0.008465409171801892, 0.008466050184904757, 0.00854693249181371, 0.008550466998272296, 0.008675729662307159, 0.008748214982536228, 0.00888823825439659], "contentId": ["265821.jpg", "187743.jpg", "206648.jpg", "218484.jpg", "211566.jpg", "220584.jpg", "251312.jpg", "220687.jpg", "192065.jpg", "226676.jpg", "185178.jpg", "226401.jpg", "226470.jpg", "190287.jpg", "191842.jpg", "215051.jpg", "192906.jpg", "193828.jpg", "199606.jpg", "266126.jpg"], "Symbolism": 0.002740445765904285, "Baroque": 0.00244991982133002, "Post-Impressionism": 0.002053609330511221, "style_dict": {"Impressionism": 3, "Rococo": 1, "unknown": 1, "Art Nouveau (Modern)": 1, "Romanticism": 1, "Surrealism": 1, "Symbolism": 3, "Baroque": 2, "Post-Impressionism": 1, "Cubism": 1, "Realism": 5}, "Cubism": 0.0030015964688992203, "Realism": 0.0025903441106780952, "style_counts": [0.000626740541295856, 0.00028248255537688394, 4.456076286429855e-05, 0.00016157223572976775, 0.0009870271556303711, 0.000801775721796405, 0.0002611507029949278, 0.0005516766475691659, 0.0009479871383879512, 0.0, 0.00041125235822114803]}