{"style_counts": [0.000690795220199103, 0.0011138662869696336, 0.0, 0.0005278292669089746, 0.0019747835441504824, 0.0010016260001717292, 0.0017146441484008346, 0.0037348718974230533, 0.0018367037539525066, 0.00466083061540612, 0.0021425304732354267], "style": ["Surrealism", "Cubism", "Surrealism", "Realism", "Expressionism", "High Renaissance", "Surrealism", "Baroque", "Baroque", "Cubism, Expressionism", "Expressionism", "Magic Realism", "Magic Realism", "Neo-Romanticism", "Magic Realism", "Romanticism", "Realism", "Magic Realism", "Magic Realism", "Northern Renaissance"], "style_labels": ["Neo-Romanticism", "Cubism, Expressionism", "Northern Renaissance", "Romanticism", "High Renaissance", "Magic Realism", "Expressionism", "Surrealism", "Baroque", "Cubism", "Realism"], "Neo-Romanticism": 0.007610622678344209, "Cubism, Expressionism": 0.007187551611573701, "contentId": ["224105.jpg", "203304.jpg", "224114.jpg", "212386.jpg", "231950.jpg", "199195.jpg", "220861.jpg", "220148.jpg", "216576.jpg", "193787.jpg", "231992.jpg", "278045.jpg", "278138.jpg", "298521.jpg", "278148.jpg", "193891.jpg", "277378.jpg", "278135.jpg", "278064.jpg", "201157.jpg"], "artist": ["Picasso Pablo", "Chagall Marc", "Picasso Pablo", "Monet Claude", "Freud Lucian", "Perugino Pietro ", "Dali Salvador", "Rembrandt", "Rubens Peter Paul", "Braque Georges ", "Freud Lucian", "Earle Eyvind", "Earle Eyvind", "Spencer Stanley", "Earle Eyvind", "Goya Francisco", "Zorn Anders", "Earle Eyvind", "Earle Eyvind", "Durer Albrecht"], "Northern Renaissance": 0.008301417898543282, "Romanticism": 0.007773588631634326, "High Renaissance": 0.006326634354392893, "scores": [0.009066667664798462, 0.010522650665335795, 0.013190769430120357, 0.013742488311947215, 0.017821221391474688, 0.01828632526047285, 0.01878301060775584, 0.018991849018932895, 0.01907806361407055, 0.02077469618651369, 0.020967485362265094, 0.021835521311824417, 0.02192575556220011, 0.021997528849490168, 0.022159480444052145, 0.02246856103837855, 0.02252644809480209, 0.023126199827652412, 0.02377287614700892, 0.02399418384444323], "Magic Realism": 0.0072997918983715646, "Expressionism": 0.006586773750142502, "Surrealism": 0.004566546001120261, "year": [1938.0, 1912.0, 1938.0, 1863.0, 1942.0, 1500.0, 1951.0, 1645.0, 1631.0, 1954.0, 1998.0, 2000.0, 1985.0, "unknown", 1996.0, 1780.0, 1911.0, "unknown", 1991.0, 1511.0], "title": ["Man with a straw hat and an ice-cream", "To Russia, with Asses and Others", "Man with straw hat", "Still Life With Bottles", "Evacuee Boy", "Virgin and Child between Sts John the Baptist and Catherine", "Celestial Coronation", "Girl in the Window", "Rubens and Helene Fourment in the Garden", "The Studio (VIII)", "Grand Interior,  Notting Hill", "Evening Magic", "Santa Ynez", "Beatitude", "Snow Laden", "Crucified Christ", "Mona", "Santa Ynez Oaks", "Gardner's Ranch", "The Adoration of the Holy Trinity (Landauer Altar)"], "Baroque": 0.00646471414459078, "style_dict": {"Neo-Romanticism": 1, "Cubism, Expressionism": 1, "Northern Renaissance": 1, "Romanticism": 1, "High Renaissance": 1, "Surrealism": 3, "Magic Realism": 5, "Expressionism": 2, "Baroque": 2, "Cubism": 1, "Realism": 2}, "Cubism": 0.003640587283137236, "Realism": 0.006158887425307911}