{"style": ["Abstract Art", "Expressionism", "Northern Renaissance", "Surrealism", "Art Nouveau (Modern)", "Surrealism", "Expressionism", "Op Art", "Realism", "Surrealism", "Art Nouveau (Modern)", "Realism", "Expressionism", "Regionalism", "Expressionism", "Surrealism", "Surrealism", "Expressionism", "Surrealism", "Op Art"], "style_labels": ["Op Art", "Art Nouveau (Modern)", "Northern Renaissance", "Surrealism", "Expressionism", "Abstract Art", "Realism", "Regionalism"], "artist": ["Reinhardt Ad", "Kirchner Ernst Ludwig", "Durer Albrecht", "Beksinski Zdislav", "Roerich Nicholas", "Escher M.C.", "Escher M.C.", "Escher M.C.", "Kittelsen Theodor Severin", "Beksinski Zdislav", "Roerich Nicholas", "Escher M.C.", "Escher M.C.", "Rockwell Norman", "Kirchner Ernst Ludwig", "Beksinski Zdislav", "Beksinski Zdislav", "Kirchner Ernst Ludwig", "Beksinski Zdislav", "Escher M.C."], "Op Art": 0.006676993887011097, "contentId": ["283534.jpg", "252112.jpg", "200905.jpg", "259046.jpg", "227037.jpg", "204427.jpg", "204633.jpg", "204850.jpg", "321874.jpg", "259049.jpg", "227023.jpg", "204837.jpg", "204725.jpg", "247677.jpg", "252085.jpg", "259047.jpg", "259045.jpg", "252092.jpg", "259048.jpg", "204456.jpg"], "Art Nouveau (Modern)": 0.00587118092551638, "title": ["Collage", "Reclining Nude in a Bathtub with Pulled on Legs", "Peasans at the market", "Untitled", "Vignette for book \"N. K. Roerich\"", "Ascending & Descending", "NOT DETECTED", "Sphere Surface with Fishes", "Fesjaa Vaare Medmennesker", "Untitled", "Vignette for book \"N. K. Roerich\"", "Self-Portrait II", "NOT DETECTED", "Gaily Sharing Vintage Times", "Portrait of a Sick Man", "Untitled", "Untitled", "Portrait of Dr. Ludwig Binswanger", "Untitled", "Circle Limit IV"], "Northern Renaissance": 0.005323816543317405, "style_counts": [0.0005210308242041828, 0.0013268437856989168, 0.0018742081678979616, 0.0010029611728582521, 0.001056718119081368, 0.002186354825778336, 0.0008137629437814375, 0.0], "Surrealism": 0.006195063538357129, "Expressionism": 0.006141306592133979, "year": [1938.0, 1930.0, 1512.0, "unknown", 1918.0, 1960.0, "unknown", 1958.0, "unknown", "unknown", 1918.0, 1943.0, 1943.0, "unknown", "unknown", "unknown", "unknown", "unknown", "unknown", 1960.0], "scores": [0.014485589096765812, 0.015080825038391267, 0.01538780898102501, 0.015808672354718407, 0.01590354927790227, 0.016288043482489613, 0.016845155616951005, 0.01696943150072467, 0.01791941089140489, 0.018158785522051142, 0.018671118663755582, 0.01967672751106372, 0.01969966946236648, 0.02080496733793551, 0.021118948260357824, 0.021917376390625957, 0.022076231310794486, 0.022170598598810494, 0.022298406290314484, 0.02235057062841837], "Abstract Art": 0.0050116698854370005, "style_dict": {"Op Art": 2, "Art Nouveau (Modern)": 2, "Northern Renaissance": 1, "Surrealism": 6, "Expressionism": 5, "Abstract Art": 1, "Realism": 2, "Regionalism": 1}, "Realism": 0.006384261767433867, "Regionalism": 0.007198024711215338}