{"High Renaissance": 0.002482568160251368, "year": [1869.0, "unknown", 1912.0, 1504.0, 1831.0, 1982.0, 1807.0, 1956.0, 1891.0, 1915.0, 1827.0, 1937.0, 1886.0, 1807.0, 1883.0, 1889.0, "unknown", 1921.0, 1648.0, 1889.0], "Cloisonnism": 0.0034188859091810555, "style": ["Impressionism", "Art Nouveau (Modern)", "Art Nouveau (Modern)", "High Renaissance", "Ukiyo-e", "Neoclassicism, Surrealism", "Symbolism", "Na\u00efve Art (Primitivism)", "Neo-Romanticism", "Realism", "Ukiyo-e", "Symbolism", "Post-Impressionism", "Symbolism", "Romanticism", "Cloisonnism", "Realism", "Art Nouveau (Modern)", "Baroque", "Impressionism"], "Neo-Romanticism": 0.003189040587236328, "title": ["Rough Sea at Etretat", "Saint Boris and saint Gleb", "Snow Maiden", "David", "The\u00a0ghost\u00a0of\u00a0Oiwa", "Warrior", "Illustration to Milton`s Paradise Lost", "Solomon praying in the temple in presence of the congregation of Israel  (I Kings, VIII, 23 30)", "At the island R\u00f8st", "Portrait of Albert Spencer, 7th Earl Spencer", "Cherry\u00a0Blossoms\u00a0and\u00a0Warbler", "Hunting", "Restaurant Menu", "Illustration to Milton`s Paradise Lost", "A Declaration", "Self Portrait with Halo", "The Broken Pot", "Gostiny Dvor", "An Artist Drawing from a Model", "Women and child"], "Art Nouveau (Modern)": 0.002602567427397005, "Ukiyo-e": 0.0029317722352569728, "Symbolism": 0.0031332177537046523, "style_dict": {"Impressionism": 2, "Cloisonnism": 1, "Neo-Romanticism": 1, "Art Nouveau (Modern)": 3, "Ukiyo-e": 2, "Romanticism": 1, "High Renaissance": 1, "Neoclassicism, Surrealism": 1, "Na\u00efve Art (Primitivism)": 1, "Symbolism": 3, "Baroque": 1, "Post-Impressionism": 1, "Realism": 2}, "Impressionism": 0.002833383755279162, "scores": [0.006471263888868038, 0.006524202630545725, 0.006778825980758359, 0.007175544897442793, 0.00790478292014471, 0.00885720040756234, 0.009124828805840656, 0.009142247818549398, 0.009217512848132482, 0.009322811123714279, 0.009360065974912398, 0.009388957959398092, 0.00941873688204041, 0.009645057869297353, 0.009852175497606426, 0.009881851275366074, 0.010085596993795045, 0.010086757097756686, 0.010125741640141246, 0.010214187255093864], "Baroque": 0.0035032661845241465, "Post-Impressionism": 0.0032586593251575685, "Realism": 0.0032957735335720512, "style_counts": [0.0006698824292449279, 0.00024460685936655846, 0.0003142255972877761, 0.0009006987571271718, 0.0005714939492671434, 9.464738983400167e-05, 0.001020698024272737, 0.00043888514656054145, 0.0003402655104502994, 0.0003700484308194474, 0.0, 8.438027534307668e-05, 0.00020749265095210134], "artist": ["Monet Claude", "Roerich Nicholas", "Roerich Nicholas", "Michelangelo", "Hokusai Katsushika", "Dali Salvador", "Blake William ", "Chagall Marc", "Kittelsen Theodor Severin", "Sargent John Singer", "Hokusai Katsushika", "Roerich Nicholas", "van Gogh Vincent ", "Blake William ", "Alma-Tadema Lawrence ", "Gauguin Paul ", "Zorn Anders", "Kustodiev Boris", "Rembrandt", "Cassatt Mary"], "contentId": ["212314.jpg", "226489.jpg", "226653.jpg", "193121.jpg", "223626.jpg", "221818.jpg", "192899.jpg", "203008.jpg", "321706.jpg", "266411.jpg", "222166.jpg", "225879.jpg", "206712.jpg", "192894.jpg", "214448.jpg", "190754.jpg", "277339.jpg", "229835.jpg", "220021.jpg", "190425.jpg"], "style_labels": ["Impressionism", "Post-Impressionism", "Neo-Romanticism", "Art Nouveau (Modern)", "Ukiyo-e", "Romanticism", "High Renaissance", "Neoclassicism, Surrealism", "Na\u00efve Art (Primitivism)", "Symbolism", "Baroque", "Cloisonnism", "Realism"], "Romanticism": 0.003408618794690133, "Neoclassicism, Surrealism": 0.0030643810379635365, "Na\u00efve Art (Primitivism)": 0.003163000674073784}