{"Impressionism": 0.003230679950150825, "style": ["Realism", "Symbolism", "Post-Impressionism", "Symbolism", "Magic Realism", "Symbolism", "Post-Impressionism", "Impressionism", "Post-Impressionism", "Post-Impressionism", "Symbolism", "Surrealism", "Realism", "Symbolism", "Realism", "Realism", "Impressionism", "Na\u00efve Art (Primitivism)", "High Renaissance", "Impressionism"], "style_labels": ["Impressionism", "Surrealism", "High Renaissance", "Magic Realism", "Na\u00efve Art (Primitivism)", "Symbolism", "Post-Impressionism", "Realism"], "Surrealism": 0.0032962617834043375, "contentId": ["207149.jpg", "225498.jpg", "207356.jpg", "226073.jpg", "278027.jpg", "225405.jpg", "206711.jpg", "215939.jpg", "206371.jpg", "230519.jpg", "225317.jpg", "221418.jpg", "205900.jpg", "226519.jpg", "199475.jpg", "230009.jpg", "219344.jpg", "202951.jpg", "193151.jpg", "219422.jpg"], "artist": ["van Gogh Vincent ", "Roerich Nicholas", "van Gogh Vincent ", "Roerich Nicholas", "Earle Eyvind", "Roerich Nicholas", "van Gogh Vincent ", "Cezanne Paul", "van Gogh Vincent ", "Toulouse-Lautrec Henri de", "Roerich Nicholas", "Dali Salvador", "van Gogh Vincent ", "Roerich Nicholas", "Corot Camille ", "Kustodiev Boris", "Renoir Pierre-Auguste", "Chagall Marc", "Michelangelo", "Renoir Pierre-Auguste"], "style_counts": [0.00022568828608138247, 0.00016010645282782399, 0.0, 0.0005266197527648009, 9.724498375329738e-06, 0.0006212246055594672, 0.000513401441785355, 0.0005230930688129298], "High Renaissance": 0.0034563682362321827, "Magic Realism": 0.002929748483467373, "Na\u00efve Art (Primitivism)": 0.003446643737856858, "scores": [0.0064834194206263, 0.00778099197419464, 0.008409396932782176, 0.00845171545934922, 0.008468062274353214, 0.00851534258646625, 0.008688419206007127, 0.009009130676357835, 0.009360473596477946, 0.009381424021406185, 0.009389531749063935, 0.009527421965384341, 0.00957125707294777, 0.009680164849814661, 0.009766414074542833, 0.009900597684782976, 0.009957450093893438, 0.009962081719431134, 0.00999018913489488, 0.010068175806320604], "year": [1885.0, 1915.0, 1886.0, "unknown", "unknown", 1939.0, 1887.0, 1879.0, 1889.0, 1895.0, 1942.0, 1982.0, 1882.0, 1944.0, 1840.0, "unknown", "unknown", 1931.0, 1490.0, "unknown"], "Symbolism": 0.0028351436306726977, "title": ["The Parsonage Garden at Nuenen with Pond and Figures", "Cloud", "View of Paris from Montmartre", "Landscape", "Copy of Sea mist and Pastures", "Book of Life", "Restaurant de la Sirene at Asnieres", "The Bridge at Maincy", "Olive Picking", "Miss May Belfort", "Alexander Nevsky", "Saint Sebastian", "Entrance to the Pawn Bank, The Hague", "Santana", "Children beside a brook in the countryside, Lormes", "Portrait of Elizabeth Pushkina", "Two Women and a Child", "Rainbow in the sky, a sign of Covenant between God and Earth", "Madonna of the Stairs", "Woman in a Park"], "Post-Impressionism": 0.002942966794446832, "style_dict": {"Impressionism": 3, "Surrealism": 1, "High Renaissance": 1, "Magic Realism": 1, "Na\u00efve Art (Primitivism)": 1, "Symbolism": 5, "Post-Impressionism": 4, "Realism": 4}, "Realism": 0.002933275167419294}