{"style": ["Op Art", "Expressionism", "Expressionism", "Surrealism", "Expressionism", "Ukiyo-e", "Proto Renaissance", "Surrealism", "Art Nouveau (Modern)", "Op Art", "Surrealism", "Proto Renaissance", "Proto Renaissance", "Expressionism", "Expressionism", "Surrealism", "Expressionism", "Cubism", "Surrealism", "Metaphysical art"], "style_labels": ["Op Art", "Art Nouveau (Modern)", "Ukiyo-e", "Cubism", "Surrealism", "Expressionism", "Metaphysical art", "Proto Renaissance"], "artist": ["Escher M.C.", "Escher M.C.", "Escher M.C.", "Escher M.C.", "Kirchner Ernst Ludwig", "Hokusai Katsushika", "Giotto", "Picasso Pablo", "Vallotton  Felix", "Escher M.C.", "Picasso Pablo", "Giotto", "Giotto", "Escher M.C.", "Kirchner Ernst Ludwig", "Escher M.C.", "Escher M.C.", "Escher M.C.", "Beksinski Zdislav", "de Chirico Giorgio "], "Op Art": 0.005553899226162641, "contentId": ["204483.jpg", "204582.jpg", "204552.jpg", "204550.jpg", "252146.jpg", "222136.jpg", "192810.jpg", "223731.jpg", "271119.jpg", "204823.jpg", "223797.jpg", "192811.jpg", "192815.jpg", "204863.jpg", "252136.jpg", "204447.jpg", "204822.jpg", "204778.jpg", "259114.jpg", "194490.jpg"], "Art Nouveau (Modern)": 0.006920745633266075, "title": ["Dolphins", "Life Force", "Hand with Fir Cone", "Grasshopper", "Self-portrait with Model", "A depiction of Sun Wukong wielding his staff", "The Crucifixion", "Bather", "Fyodor Dostojevsky", "Scholastica Illustration", "Bust of woman", "The Crucifixion", "The Crucifixion", "Sunflowers", "Self-portrait", "Castle in the Air", "Scholastica Illustration", "Portrait of a Bearded Man", "Untitled", "Metaphysical Triangle"], "Ukiyo-e": 0.005465792097440435, "style_counts": [0.00629821076092274, 0.004931364353819356, 0.0063863178896449435, 0.0008109140762156963, 0.003982670748131634, 0.005148652173680768, 0.0, 0.004100526464258181], "Cubism": 0.011041195910869673, "scores": [0.009042833529489388, 0.010819215472628088, 0.01481738098140386, 0.014853275661893772, 0.015501643786881077, 0.015798171112973873, 0.018645367416055776, 0.019815016725024982, 0.02000352772197547, 0.02366340120626183, 0.02518725925143596, 0.025310636296181126, 0.02570900307921143, 0.027098103354601395, 0.027174213287819868, 0.029003269002339266, 0.030701362320598294, 0.03191316083417632, 0.03276503321795489, 0.034257003978150596], "Surrealism": 0.007869439238953741, "Expressionism": 0.006703457813404677, "Metaphysical art": 0.01185210998708536, "year": [1923.0, 1919.0, 1921.0, 1935.0, "unknown", "unknown", 1317.0, 1931.0, 1895.0, 1932.0, 1931.0, 1300.0, 1330.0, 1918.0, "unknown", 1928.0, 1931.0, 1919.0, "unknown", 1958.0], "style_dict": {"Op Art": 2, "Art Nouveau (Modern)": 1, "Ukiyo-e": 1, "Cubism": 1, "Surrealism": 5, "Expressionism": 6, "Metaphysical art": 1, "Proto Renaissance": 3}, "Proto Renaissance": 0.007751583522827198}