{"Impressionism": 0.002833289703802052, "style": ["Neo-Romanticism", "Symbolism", "Surrealism", "Realism", "Impressionism", "Surrealism", "Post-Impressionism", "Realism", "Realism", "Surrealism", "Surrealism", "Symbolism", "Surrealism", "Expressionism", "Realism", "Art Nouveau (Modern)", "Cloisonnism", "Surrealism", "Realism", "Post-Impressionism"], "Post-Impressionism": 0.003150959680357806, "Neo-Romanticism": 0.0025249241359537287, "artist": ["Kittelsen Theodor Severin", "Roerich Nicholas", "Dali Salvador", "Levitan Isaac", "Hassam Childe", "Dali Salvador", "van Gogh Vincent ", "Levitan Isaac", "Repin Ilya", "Escher M.C.", "Beksinski Zdislav", "Roerich Nicholas", "Chagall Marc", "Kirchner Ernst Ludwig", "Kittelsen Theodor Severin", "Roerich Nicholas", "Dali Salvador", "Chagall Marc", "Corot Camille ", "van Gogh Vincent "], "contentId": ["321911.jpg", "226007.jpg", "221706.jpg", "210030.jpg", "243996.jpg", "220853.jpg", "207425.jpg", "210048.jpg", "214945.jpg", "204687.jpg", "258777.jpg", "225465.jpg", "203054.jpg", "251917.jpg", "321881.jpg", "226410.jpg", "220971.jpg", "202842.jpg", "199633.jpg", "205771.jpg"], "Art Nouveau (Modern)": 0.0033885725237149623, "title": ["Husmand", "Krishna-Lel", "The Triumph of Nautilus", "A creek", "Feeding Pigeons in the Piazza", "Cannibalism of the Objects", "Wheat Field with Cypresses at the Haude Galline near Eygalieres", "About nightfall. Grove.", "Cavalcade in Abramtzevo", "NOT DETECTED", "Untitled", "Castles of King Gesar", "Song of Songs V", "Female Dancer", "Fra Lofoten", "Putivl", "Festival of St. Lucia At, Villamalla", "Noah and the Rainbow", "Mount Soracte", "Canal with Bridge and Women Washing"], "style_counts": [0.0005884162547558081, 0.00027074627820000696, 0.0008967818226041091, 3.313343484290243e-05, 0.0005440545887984705, 6.426415834670518e-05, 0.0005535377847940559, 0.0, 0.0005106522503999233], "scores": [0.007297969413391033, 0.007391411605882179, 0.0079070520481777, 0.00812964665649178, 0.00818926054180744, 0.008448912066371085, 0.008529935041465691, 0.008544156582740416, 0.00862172793359324, 0.008951350123934198, 0.009369165267624952, 0.009498880733387529, 0.009560051343968316, 0.009704254958110314, 0.00971353264355606, 0.009794234322128658, 0.009890002266440646, 0.009900624501969442, 0.009981889163229219, 0.010025681967789014], "Surrealism": 0.0028776513697593214, "style_labels": ["Impressionism", "Post-Impressionism", "Neo-Romanticism", "Art Nouveau (Modern)", "Surrealism", "Expressionism", "Symbolism", "Cloisonnism", "Realism"], "Expressionism": 0.0033574418002111322, "year": ["unknown", 1932.0, 1941.0, 1885.0, 1883.0, 1937.0, 1889.0, "unknown", 1879.0, 1933.0, "unknown", 1929.0, 1965.0, 1933.0, "unknown", 1914.0, 1921.0, 1963.0, 1827.0, 1888.0], "Symbolism": 0.002868168173763833, "Cloisonnism": 0.0034217059585578543, "style_dict": {"Impressionism": 1, "Cloisonnism": 1, "Neo-Romanticism": 1, "Art Nouveau (Modern)": 1, "Surrealism": 6, "Expressionism": 1, "Symbolism": 2, "Post-Impressionism": 2, "Realism": 5}, "Realism": 0.0029110537081578755}