{"style": ["Expressionism", "Expressionism", "Op Art", "Na\u00efve Art (Primitivism)", "New Realism", "Expressionism", "Na\u00efve Art (Primitivism)", "Realism", "Realism", "Pop Art", "Pop Art", "Cubism", "Regionalism", "Expressionism", "Expressionism", "Realism", "Expressionism", "Art Nouveau (Modern)", "Abstract Expressionism, Symbolism", "Neo-Romanticism"], "style_labels": ["Neo-Romanticism", "Op Art", "Art Nouveau (Modern)", "Abstract Expressionism, Symbolism", "Na\u00efve Art (Primitivism)", "Expressionism", "New Realism", "Pop Art", "Cubism", "Realism", "Regionalism"], "Neo-Romanticism": 0.009317737495603506, "artist": ["Escher M.C.", "Escher M.C.", "Escher M.C.", "Chagall Marc", "Hopper Edward", "Escher M.C.", "Chagall Marc", "Kittelsen Theodor Severin", "Kittelsen Theodor Severin", "Warhol Andy", "Warhol Andy", "Chagall Marc", "Rockwell Norman", "Kirchner Ernst Ludwig", "Escher M.C.", "Kittelsen Theodor Severin", "Klee Paul", "Kustodiev Boris", "Dali Salvador", "Kittelsen Theodor Severin"], "Op Art": 0.0062433445006212585, "contentId": ["204439.jpg", "204590.jpg", "204735.jpg", "203311.jpg", "235538.jpg", "204658.jpg", "202582.jpg", "322047.jpg", "321902.jpg", "300213.jpg", "229385.jpg", "202375.jpg", "247792.jpg", "252180.jpg", "204430.jpg", "322043.jpg", "202293.jpg", "229716.jpg", "246746.jpg", "321888.jpg"], "Art Nouveau (Modern)": 0.009151872278820444, "title": ["Bookplate A.R.A. Wertheim", "Merry Christmas & Happy New Year", "Unicorns", "Uncle Mitiai & Uncle Miniai", "Cape Cod Morning", "NOT DETECTED", "Gathering of peasants", "Ingrid plukker myruld", "Herreguud Lok Op Da Jenter", "Self-Portrait in Drag", "Skull", "A poet", "Sailors", "Street in the Rain", "Baby", "Humle", "Remembrance of a Garden", "At The Fair", "Iesus a Satana tentatur (Mark 1:13)", "Gamle Joergen Rod"], "style_counts": [0.0, 0.0030743929949822446, 0.00016586521678307875, 2.8247378955792435e-05, 0.0019405902946320053, 0.0022571239936828302, 0.0018510285373504187, 0.001061128675467815, 0.0007228483205350411, 0.0011689175478717395, 0.0005328525187945354], "scores": [0.01574774340663133, 0.018002495516091142, 0.018045586619412017, 0.021064792371504444, 0.021581564697364934, 0.022135198058481527, 0.022378327175673608, 0.023568669473454998, 0.02394237575536605, 0.023944333322543657, 0.0246778283689299, 0.0248424249338654, 0.025391583433334773, 0.025547962734091434, 0.025596326299118937, 0.02572400349758034, 0.025801350762687258, 0.026452313166575425, 0.02685007987841396, 0.02693172530478251], "Abstract Expressionism, Symbolism": 0.009289490116647665, "Na\u00efve Art (Primitivism)": 0.0073771472009714805, "Expressionism": 0.007060613501920697, "year": [1954.0, 1961.0, 1951.0, 1923.0, 1950.0, 1922.0, 1923.0, "unknown", "unknown", 1982.0, "unknown", "unknown", "unknown", 1926.0, 1917.0, "unknown", 1914.0, 1906.0, 1964.0, "unknown"], "New Realism": 0.007466708958253059, "Pop Art": 0.008256608820135628, "style_dict": {"Neo-Romanticism": 1, "Op Art": 1, "Art Nouveau (Modern)": 1, "Abstract Expressionism, Symbolism": 1, "Na\u00efve Art (Primitivism)": 2, "Expressionism": 6, "New Realism": 1, "Pop Art": 2, "Cubism": 1, "Realism": 3, "Regionalism": 1}, "Cubism": 0.00859488917506848, "Realism": 0.00814881994773172, "Regionalism": 0.00878488497680891}