{"Art Nouveau (Modern), Symbolism": 0.0038580316425021726, "Impressionism": 0.0037867188861829136, "Social Realism": 0.00387532522833636, "style_labels": ["Art Nouveau (Modern), Symbolism", "Impressionism", "Social Realism", "Ukiyo-e", "Northern Renaissance", "Romanticism", "Magic Realism", "Na\u00efve Art (Primitivism)", "Symbolism", "Baroque", "Realism"], "artist": ["Bruegel the Elder Pieter", "B\u00f6cklin Arnold", "Roerich Nicholas", "Roerich Nicholas", "Roerich Nicholas", "Roerich Nicholas", "Aivazovsky Ivan ", "Roerich Nicholas", "Roerich Nicholas", "Roerich Nicholas", "Rembrandt", "Hokusai Katsushika", "Roerich Nicholas", "Earle Eyvind", "Levitan Isaac", "Monet Claude", "Roerich Nicholas", "Roerich Nicholas", "Hopper Edward", "Chagall Marc"], "Ukiyo-e": 0.003589906119670637, "title": ["Parable of the Sower", "Villa by the Sea", "Himalayas", "Mongolia", "Castles of King Gesar", "Maitreya", "The Great Roads at Kronstadt", "Bhagavan", "Teacher's order", "Maitreya the Conqueror", "The Syndics", "Fuji at Torigoe", "Tibet", "California Miniature", "Evening", "Spring", "Idols", "Warrior", "New York, New Haven and Hartford", "Cain and Abel"], "Northern Renaissance": 0.002079873251438377, "Romanticism": 0.002670800869656162, "style_dict": {"Art Nouveau (Modern), Symbolism": 1, "Impressionism": 1, "Social Realism": 1, "Northern Renaissance": 1, "Ukiyo-e": 1, "Romanticism": 2, "Magic Realism": 1, "Na\u00efve Art (Primitivism)": 1, "Symbolism": 9, "Baroque": 1, "Realism": 1}, "Magic Realism": 0.0037047979337538617, "year": [1557.0, 1878.0, 1924.0, 1927.0, 1929.0, 1933.0, 1836.0, 1943.0, 1931.0, 1926.0, 1662.0, "unknown", 1933.0, 1991.0, 1877.0, 1875.0, 1943.0, "unknown", 1931.0, 1911.0], "Na\u00efve Art (Primitivism)": 0.003917386924882329, "scores": [0.006011606905961153, 0.006563851950539961, 0.007904189679958661, 0.008060792138352795, 0.008519592918069162, 0.00855668022173176, 0.009164168421874497, 0.009793409004081313, 0.01019563268529498, 0.010286911966608667, 0.010329507602095087, 0.010376163261794618, 0.010546950886090286, 0.010708243316434227, 0.010730049755105626, 0.010945025323715114, 0.010958299007241424, 0.011151145700558031, 0.01120113059264592, 0.011322704532431588], "contentId": ["9223372032559808852.jpg", "260700.jpg", "225704.jpg", "226166.jpg", "225465.jpg", "226115.jpg", "196887.jpg", "225387.jpg", "226802.jpg", "226119.jpg", "220676.jpg", "222190.jpg", "226906.jpg", "278011.jpg", "210174.jpg", "212373.jpg", "225891.jpg", "227064.jpg", "235592.jpg", "202474.jpg"], "Symbolism": 0.002892706677641858, "Baroque": 0.0035737643691943974, "style": ["Northern Renaissance", "Romanticism", "Symbolism", "Symbolism", "Symbolism", "Symbolism", "Romanticism", "Symbolism", "Symbolism", "Symbolism", "Baroque", "Ukiyo-e", "Symbolism", "Magic Realism", "Realism", "Impressionism", "Symbolism", "Art Nouveau (Modern), Symbolism", "Social Realism", "Na\u00efve Art (Primitivism)"], "Realism": 0.0037123424437677816, "style_counts": [5.935528238010246e-05, 0.000130668038699433, 4.2061696545969696e-05, 0.00032748080521172174, 0.00183751367344398, 0.0012465860552260954, 0.00021258899112841512, 0.0, 0.0010246802472404504, 0.0003436225556878725, 0.00020504448111446916]}