{"year": [1916.0, 1868.0, 1628.0, 1914.0, 1938.0, "unknown", 1860.0, "unknown", "unknown", "unknown", 1935.0, 1891.0, "unknown", 1808.0, 1909.0, "unknown", 1964.0, 1918.0, 1913.0, 1889.0], "style": ["Cubism, Fauvism", "Realism", "Baroque", "Cubism", "Neo-Romanticism", "Na\u00efve Art (Primitivism)", "Realism", "Surrealism", "Magic Realism", "Expressionism", "Neo-Romanticism", "Romanticism", "Orphism", "Symbolism", "Art Nouveau (Modern)", "Ukiyo-e", "Abstract Expressionism", "Realism", "Neo-Romanticism", "Post-Impressionism"], "Neo-Romanticism": 0.0032541641712180488, "title": ["Still Life with Rose", "Horse and Rider in a Gorge", "Presentation in the Temple", "Still life with Class and an Apple", "Landscape with Magnolia", "Still Life with Watermelon", "View near Epernon", "The World Beyond", "Early Autumn", "The Painter's Mother", "Workmen In The House", "Portrait of Ignacy Jan Paderewski", "The Roundel, the plane smashed", "The Casting of the Rebel Angels into Hell", "The Tree of Life, Stoclet Frieze", "Snake curling around a bamboo stalk with a sparrow on it", "School of Athens", "Gassed", "Apple Gatherers", "Wheat Field behind Saint Paul Hospital with a Reaper"], "Art Nouveau (Modern)": 0.0036372027005114912, "Ukiyo-e": 0.0036728728331181424, "Cubism, Fauvism": 0.0015786395250726886, "Expressionism": 0.003346957213807729, "Symbolism": 0.003573224572054549, "style_dict": {"Abstract Expressionism": 1, "Neo-Romanticism": 3, "Magic Realism": 1, "Art Nouveau (Modern)": 1, "Ukiyo-e": 1, "Romanticism": 1, "Surrealism": 1, "Na\u00efve Art (Primitivism)": 1, "Expressionism": 1, "Orphism": 1, "Symbolism": 1, "Baroque": 1, "Post-Impressionism": 1, "Cubism": 1, "Realism": 3, "Cubism, Fauvism": 1}, "Magic Realism": 0.0033184765906275437, "scores": [0.004562855099168713, 0.006162994177186398, 0.0065358651300233455, 0.008100703363312449, 0.008578102210918353, 0.008961004465629602, 0.008962170706245555, 0.009205260701675289, 0.009591631016789405, 0.009673950605676695, 0.009801456193290155, 0.0099957646197891, 0.010178145398913438, 0.010327947387687077, 0.010512867963302076, 0.010615967907188752, 0.010697306328539696, 0.010849085780259083, 0.010866255489274446, 0.010969039257481598], "Baroque": 0.0022612541491135564, "Post-Impressionism": 0.003795027137085546, "Realism": 0.002890139292818764, "style_counts": [9.40131414581824e-05, 0.0005408629658675279, 0.0006102255016117164, 0.0001578244365740833, 0.00012215430396744775, 0.00033672991546285225, 0.00047655054645801, 0.0022163876120129267, 0.00044806992327783846, 0.00027363049628736924, 0.00022180256503101514, 0.0015337729879719708, 0.0, 0.0009923761143643128, 0.0009048878442667885, 0.0006947323597271682], "Abstract Expressionism": 0.0037010139956273375, "artist": ["Miro Joan", "Corot Camille ", "Rembrandt", "Picasso Pablo", "Spencer Stanley", "Botero Fernando", "Corot Camille ", "Varo Remedios", "Earle Eyvind", "Freud Lucian", "Spencer Stanley", "Alma-Tadema Lawrence ", "Leger Fernand ", "Blake William ", "Klimt Gustav", "Hokusai Katsushika", "Twombly Cy", "Sargent John Singer", "Spencer Stanley", "van Gogh Vincent "], "contentId": ["228024.jpg", "199556.jpg", "220389.jpg", "224478.jpg", "298585.jpg", "281238.jpg", "199880.jpg", "276509.jpg", "278323.jpg", "232142.jpg", "298534.jpg", "214572.jpg", "196293.jpg", "192945.jpg", "191612.jpg", "223578.jpg", "231550.jpg", "266407.jpg", "298636.jpg", "207416.jpg"], "style_labels": ["Abstract Expressionism", "Neo-Romanticism", "Surrealism", "Art Nouveau (Modern)", "Ukiyo-e", "Romanticism", "Magic Realism", "Cubism, Fauvism", "Expressionism", "Orphism", "Symbolism", "Baroque", "Post-Impressionism", "Cubism", "Realism", "Na\u00efve Art (Primitivism)"], "Romanticism": 0.0034582972216227257, "Surrealism": 0.0031848016354739045, "Na\u00efve Art (Primitivism)": 0.0031002947773583673, "Orphism": 0.003521396640798164, "Cubism": 0.0028026510227213003}