{"Fauvism": 0.004438115875908678, "Impressionism": 0.0047596556481722995, "style": ["Abstract Art, Op Art", "Art Nouveau (Modern)", "Expressionism", "Neo-baroque", "Expressionism", "Surrealism", "Suprematism", "Expressionism", "Symbolism", "Op Art", "Pop Art", "Op Art", "Fauvism", "Surrealism", "Surrealism", "Surrealism", "Expressionism", "Impressionism", "Op Art", "Post-Impressionism"], "Suprematism": 0.0039047752711382703, "artist": ["Dali Salvador", "Roerich Nicholas", "Chagall Marc", "de Chirico Giorgio ", "Chagall Marc", "Chagall Marc", "Malevich Kazimir", "Kandinsky Wassily", "Roerich Nicholas", "Escher M.C.", "Warhol Andy", "Escher M.C.", "Matisse Henri", "Dali Salvador", "Escher M.C.", "Beksinski Zdislav", "Schiele Egon", "Hassam Childe", "Escher M.C.", "van Gogh Vincent "], "Op Art": 0.004372133963294217, "contentId": ["221292.jpg", "225522.jpg", "203329.jpg", "194550.jpg", "203328.jpg", "203211.jpg", "219852.jpg", "189418.jpg", "225657.jpg", "204608.jpg", "300235.jpg", "204607.jpg", "214269.jpg", "221689.jpg", "204561.jpg", "259159.jpg", "232841.jpg", "243967.jpg", "204603.jpg", "205938.jpg"], "Art Nouveau (Modern)": 0.002647856957888714, "title": ["Pierrot Lunaire", "Cover of \"Literary Digest\"", "Station in Vitebsk", "Self Portrait", "Street in Vitebsk", "The Jacob's Dream", "Suprematism", "The cow", "Grand Canyon", "Metamorphosis III excerpt 7", "La Grande Passion", "Metamorphosis III excerpt 6", "The Lying Nude", "The Surrealist Mystery of New York", "House of Stairs", "Untitled", "Two Girls Lying Entwined", "Cos Cob", "Metamorphosis III excerpt 2", "Field with Flowers"], "year": [1978.0, 1896.0, 1914.0, "unknown", 1914.0, 1963.0, 1919.0, 1910.0, 1921.0, 1968.0, 1984.0, 1968.0, 1906.0, 1935.0, 1951.0, "unknown", 1915.0, 1902.0, 1968.0, 1888.0], "style_counts": [0.00038422304320917533, 6.26832709456071e-05, 0.000917563647979569, 0.00045020495582370756, 0.0021744819612291577, 0.002455669790778825, 0.0005868550209149337, 0.0011869844073860714, 0.0013672688389445575, 0.0005880559324200618, 0.0004214158111626176, 0.0], "Abstract Art, Op Art": 0.002366669128339063, "scores": [0.006840553608835961, 0.007653290970030393, 0.008784262293081423, 0.009986436981285044, 0.010282181438605202, 0.011199478759552973, 0.011286252164629395, 0.011456675768501354, 0.012238651959691513, 0.01257450079294355, 0.012720303859906492, 0.01279441039042534, 0.012827804785997043, 0.013148003224163507, 0.013570925545403532, 0.013661695521660012, 0.01374855401999886, 0.013757174262788177, 0.013924317271057128, 0.01393835221882185], "Surrealism": 0.004235483898202902, "style_labels": ["Fauvism", "Impressionism", "Suprematism", "Op Art", "Art Nouveau (Modern)", "Abstract Art, Op Art", "Surrealism", "Expressionism", "Neo-baroque", "Symbolism", "Pop Art", "Post-Impressionism"], "Expressionism": 0.0036353545117318543, "Neo-baroque": 0.0034550700801733347, "Symbolism": 0.00423428298669779, "Pop Art": 0.004400923107955259, "Post-Impressionism": 0.004822338919117885, "style_dict": {"Fauvism": 1, "Impressionism": 1, "Suprematism": 1, "Op Art": 3, "Art Nouveau (Modern)": 1, "Abstract Art, Op Art": 1, "Surrealism": 4, "Expressionism": 4, "Neo-baroque": 1, "Symbolism": 1, "Pop Art": 1, "Post-Impressionism": 1}}