{"Impressionism": 0.002854719702355363, "style": ["Symbolism", "Analytical Cubism", "Realism, Surrealism", "Symbolism", "Symbolism", "Na\u00efve Art (Primitivism)", "Realism", "Symbolism", "Impressionism", "Realism", "Realism", "Surrealism", "Orientalism", "Symbolism", "Impressionism", "Orientalism", "Realism", "Realism", "Neoclassicism", "Expressionism"], "style_labels": ["Impressionism", "Analytical Cubism", "Orientalism", "Realism", "Surrealism", "Na\u00efve Art (Primitivism)", "Expressionism", "Symbolism", "Realism, Surrealism", "Neoclassicism"], "Analytical Cubism": 0.0024717672490359244, "artist": ["Roerich Nicholas", "Braque Georges ", "Dali Salvador", "Roerich Nicholas", "Roerich Nicholas", "Rousseau Henri", "Kustodiev Boris", "Roerich Nicholas", "Hassam Childe", "Sargent John Singer", "Levitan Isaac", "Freud Lucian", "Gerome Jean-Leon", "Roerich Nicholas", "Monet Claude", "Delacroix Eugene ", "Corot Camille ", "van Gogh Vincent ", "Bouguereau William-Adolphe", "Serebriakova Zinaida"], "contentId": ["227054.jpg", "193806.jpg", "221322.jpg", "226704.jpg", "225510.jpg", "191396.jpg", "230038.jpg", "226115.jpg", "244354.jpg", "265660.jpg", "210194.jpg", "232169.jpg", "279295.jpg", "225407.jpg", "212373.jpg", "187698.jpg", "199490.jpg", "205815.jpg", "232575.jpg", "227281.jpg"], "Orientalism": 0.002993463084442964, "title": ["Vyas Kund", "Violin and Clarinet on a Table", "Portrait of Dr. Brian Mercer", "Steps of the Himalayas", "Conversation with God", "The Fishermen and the Biplane", "Portrait of Isaak Izrailevich Brodsky", "Maitreya", "The North Gorge, Appledore, Isles of Shoals", "Portrait of Mrs Harold Wilson", "Fog over water", "Woman with a Tulip", "A Muezzin Calling from the Top of a Minaret the Faithful to Prayer", "Border of Tibet", "Spring", "A Moroccan Saddling a Horse", "Cowherd and Her Child", "Cottage with Trees", "Young Shepherdess", "Lake Geneva"], "Realism": 0.0027588831813491273, "style_counts": [0.0003579551132540937, 0.0007409075665735232, 0.00021921173116656867, 0.00045379163426040314, 0.0003140178257675652, 0.0005802853887808546, 0.0, 0.0007116217577919359, 0.0006955804751166417, 1.1891121086127221e-05], "scores": [0.006947506009938809, 0.0071443262487061315, 0.007275338393720725, 0.007490936504216438, 0.007514497546186313, 0.007608584055089846, 0.007644142780799204, 0.007905211996829043, 0.007955787542999056, 0.0083106005400304, 0.008349029352816041, 0.008378196299267407, 0.008598327741238095, 0.008796153841908051, 0.00885530838942004, 0.009029811035821232, 0.009156219784910796, 0.009179132728475566, 0.009251454793784777, 0.009285824554342063], "Surrealism": 0.002898656989841924, "Na\u00efve Art (Primitivism)": 0.002632389426828596, "Expressionism": 0.0032126748156095335, "year": [1932.0, 1912.0, 1973.0, 1924.0, "unknown", 1908.0, 1920.0, 1933.0, 1912.0, 1897.0, 1895.0, 1945.0, 1879.0, 1940.0, 1875.0, 1855.0, 1870.0, 1885.0, 1868.0, 1954.0], "Symbolism": 0.0025010530578175676, "style_dict": {"Impressionism": 2, "Analytical Cubism": 1, "Orientalism": 2, "Neoclassicism": 1, "Surrealism": 1, "Na\u00efve Art (Primitivism)": 1, "Expressionism": 1, "Symbolism": 5, "Realism, Surrealism": 1, "Realism": 5}, "Realism, Surrealism": 0.0025170943404928224, "Neoclassicism": 0.00320078369452333}