{"Impressionism": 0.003872325620988851, "style": ["Impressionism", "High Renaissance", "Post-Impressionism", "Surrealism", "Impressionism", "Surrealism", "Orientalism", "Orientalism", "Surrealism", "Romanticism", "Symbolism", "Surrealism", "Impressionism", "Expressionism", "Symbolism", "Na\u00efve Art (Primitivism)", "Symbolism", "Realism", "Abstract Expressionism", "Magic Realism"], "Abstract Expressionism": 0.005026137586151687, "Surrealism": 0.004107147213209046, "contentId": ["244253.jpg", "224922.jpg", "222123.jpg", "224655.jpg", "337093.jpg", "221634.jpg", "279300.jpg", "279417.jpg", "221399.jpg", "309335.jpg", "225960.jpg", "220993.jpg", "218448.jpg", "232059.jpg", "226704.jpg", "191415.jpg", "226658.jpg", "191712.jpg", "345404.jpg", "271258.jpg"], "Orientalism": 0.004416027296459783, "artist": ["Hassam Childe", "Titian", "Bonnard Pierre", "Picasso Pablo", "Cezanne Paul", "Dali Salvador", "Gerome Jean-Leon", "Gerome Jean-Leon", "Dali Salvador", "Turner William", "Roerich Nicholas", "Dali Salvador", "Renoir Pierre-Auguste", "Freud Lucian", "Roerich Nicholas", "Rousseau Henri", "Roerich Nicholas", "Courbet Gustave", "Holbrook Carter Clarence", "Vallotton  Felix"], "Romanticism": 0.0045856711376992855, "High Renaissance": 0.003629365566813755, "scores": [0.009373679945139091, 0.010490215733399283, 0.010520921903398584, 0.011417337347067163, 0.011561213119582579, 0.012072001597180864, 0.012907881020053441, 0.013097564789464916, 0.013151428184573478, 0.013254294347405588, 0.013367645960305579, 0.013376440253771174, 0.013866459444797231, 0.013870600646359286, 0.014045283830546772, 0.014210301940700122, 0.0142152143597391, 0.014441680059609462, 0.014527406130313236, 0.014543166754911234], "Magic Realism": 0.00503159038804644, "style_labels": ["Impressionism", "Abstract Expressionism", "Surrealism", "Orientalism", "Romanticism", "High Renaissance", "Magic Realism", "Na\u00efve Art (Primitivism)", "Expressionism", "Symbolism", "Post-Impressionism", "Realism"], "Na\u00efve Art (Primitivism)": 0.004916427065784602, "Expressionism": 0.004798898483721478, "year": [1883.0, 1530.0, 1906.0, 1946.0, 1884.0, 1950.0, "unknown", 1865.0, 1945.0, 1845.0, 1918.0, "unknown", 1867.0, 1994.0, 1924.0, 1899.0, "unknown", 1863.0, 1978.0, 1907.0], "Symbolism": 0.004631938632398309, "title": ["Scene in Holland", "Virgin and Child with Saint and Saint John", "Young Womwn in an Interior", "Ulysses and sirens", "Rose Bouquet", "The Madonna of Port Lligat", "A View of Cairo", "Prayer in Cairo", "Resurrection of the Flesh", "Figures on a Beach", "Karelia", "Flaming Giraffe", "Frederic Bazille Painting The Heron (Frederic Bazille at his Easel)", "Naked Girl Perched on a Chair", "Steps of the Himalayas", "The storm tossed vessel", "Snowy peaks", "Basket of Flowers", "Tulip", "Portrait of Gertrude Stein"], "Post-Impressionism": 0.003639989172554233, "style_dict": {"Impressionism": 3, "Abstract Expressionism": 1, "Magic Realism": 1, "Orientalism": 2, "Romanticism": 1, "High Renaissance": 1, "Surrealism": 4, "Na\u00efve Art (Primitivism)": 1, "Expressionism": 1, "Symbolism": 3, "Post-Impressionism": 1, "Realism": 1}, "Realism": 0.004996478401145613, "style_counts": [0.0011592647670576328, 5.452801894789694e-06, 0.0009244431748374193, 0.0006155630915867238, 0.00044591925034720425, 0.001402224821232756, 0.0, 0.00011516332226180204, 0.00023269190432495535, 0.000399651755648156, 0.0013916012154921997, 3.511198690087092e-05]}