{"Impressionism": 0.004185954460358956, "Neo-Suprematism": 0.0038431540555409743, "Abstract Expressionism": 0.003836086967323619, "artist": ["Roerich Nicholas", "Roerich Nicholas", "Roerich Nicholas", "Roerich Nicholas", "Roerich Nicholas", "Roerich Nicholas", "Roerich Nicholas", "Holbrook Carter Clarence", "Malevich Kazimir", "Roerich Nicholas", "Roerich Nicholas", "Rembrandt", "Dali Salvador", "Roerich Nicholas", "Monet Claude", "Beksinski Zdislav", "Roerich Nicholas", "Bruegel the Elder Pieter", "Roerich Nicholas", "Hokusai Katsushika"], "Ukiyo-e": 0.0043363307532674, "title": ["Kangchenjunga", "Temple in Naggar", "Himalayas", "White horsemen", "On Himalayan peaks", "Tibetian camp", "The Church in the name of St. Sergius in America", "Teal Mandala", "Harvesting", "Mongolia", "Final journey", "Woman Standing with Raised Hands", "Design for the set of 'Romeo and Juliet'", "Sentinels", "The Sea and the Alps", "Untitled", "Himalayas", "Parable of the Sower", "Morning rider", "Kajikazawa in Kai Province"], "Northern Renaissance": 0.004194112798041223, "style": ["Symbolism", "Symbolism", "Symbolism", "Symbolism", "Symbolism", "Symbolism", "Symbolism", "Abstract Expressionism", "Neo-Suprematism", "Symbolism", "Symbolism", "Baroque", "Expressionism", "Symbolism", "Impressionism", "Surrealism", "Symbolism", "Northern Renaissance", "Symbolism", "Ukiyo-e"], "scores": [0.006771488574407193, 0.006800376188365448, 0.009595296028883947, 0.01002181967535101, 0.01002286709909699, 0.01038871540732607, 0.010565443966808696, 0.011087717431185735, 0.01110814394337974, 0.011266513177077962, 0.01177475923808454, 0.011796468484436776, 0.01184792046531941, 0.011943781334803148, 0.012098964552061007, 0.01210947415316698, 0.012115787253156037, 0.012122545180889212, 0.012375499990952272, 0.012533607942140694], "Surrealism": 0.004189590532804399, "style_labels": ["Impressionism", "Neo-Suprematism", "Abstract Expressionism", "Ukiyo-e", "Northern Renaissance", "Surrealism", "Expressionism", "Symbolism", "Baroque"], "year": ["unknown", 1929.0, 1924.0, 1918.0, 1933.0, 1936.0, 1931.0, 1969.0, 1929.0, 1927.0, 1922.0, "unknown", 1942.0, "unknown", 1888.0, "unknown", "unknown", 1557.0, 1918.0, "unknown"], "Expressionism": 0.004099099167071588, "contentId": ["225945.jpg", "226806.jpg", "225704.jpg", "227082.jpg", "226295.jpg", "226931.jpg", "226824.jpg", "345403.jpg", "219677.jpg", "226166.jpg", "225597.jpg", "220732.jpg", "220926.jpg", "226537.jpg", "212672.jpg", "258711.jpg", "225811.jpg", "9223372032559808852.jpg", "226223.jpg", "222218.jpg"], "Symbolism": 0.0030598823253873415, "Baroque": 0.004081298003348592, "style_dict": {"Impressionism": 1, "Neo-Suprematism": 1, "Abstract Expressionism": 1, "Ukiyo-e": 1, "Northern Renaissance": 1, "Surrealism": 1, "Expressionism": 1, "Symbolism": 12, "Baroque": 1}, "style_counts": [0.00015037629290848287, 0.0004931766977265273, 0.0005002437859438214, 0.0, 0.00014221795522617597, 0.00014674022046301527, 0.00023723158619581852, 0.0012764484278801058, 0.00025503274991889313]}