{"Impressionism": 0.0019628277521079136, "style": ["Realism", "Northern Renaissance", "Realism", "Impressionism", "Impressionism", "Symbolism", "Impressionism", "Romanticism", "Impressionism", "Surrealism", "Realism", "Impressionism", "Impressionism", "Impressionism", "Post-Impressionism", "Surrealism", "Impressionism", "Realism", "Baroque", "Impressionism"], "style_labels": ["Impressionism", "Northern Renaissance", "Romanticism", "Surrealism", "Symbolism", "Baroque", "Post-Impressionism", "Realism"], "artist": ["Courbet Gustave", "Durer Albrecht", "Corot Camille ", "Hassam Childe", "Hassam Childe", "Redon Odilon", "Pissarro Camille ", "Turner William", "Degas Edgar", "Ernst Max", "Levitan Isaac", "Hassam Childe", "Hassam Childe", "Pissarro Camille ", "van Gogh Vincent ", "Beksinski Zdislav", "Degas Edgar", "van Gogh Vincent ", "Rembrandt", "Renoir Pierre-Auguste"], "contentId": ["191874.jpg", "201027.jpg", "199556.jpg", "244392.jpg", "244391.jpg", "248007.jpg", "208587.jpg", "238834.jpg", "213811.jpg", "234177.jpg", "210443.jpg", "244359.jpg", "244294.jpg", "208446.jpg", "206373.jpg", "258595.jpg", "213541.jpg", "205925.jpg", "220099.jpg", "218724.jpg"], "title": ["The Beach at Trouville at Low Tide", "Saint John`s Church", "Horse and Rider in a Gorge", "View of Broadway and Fifth Avenue", "View of Broadway and Fifth Avenue", "Flowers in a Pot on a Red Background", "Sunset", "The Brunig Pass, from Meringen", "View of Naples", "Flying Geese", "Village", "The Quai St. Michel", "Sunrise, Autumn", "Pont Neuf Fog", "Olive Picking", "Untitled", "Mademoiselle Didau at the Piano", "Farmhouses in Loosduinen near The Hague at Twilight", "Christ on the Cross", "Madame Paul Berard"], "Northern Renaissance": 0.001548346592517886, "Romanticism": 0.0020968342774373536, "Surrealism": 0.0022377906014155184, "scores": [0.00197177054370804, 0.004475297262448458, 0.005093745771875723, 0.005169663002435309, 0.005169663002435309, 0.005443297341499861, 0.0058940664495753595, 0.006060630576493538, 0.006071063278392435, 0.006157805032865532, 0.0061820653133394556, 0.006544023335246483, 0.0068315411260002415, 0.006854961539945416, 0.006872037153811288, 0.007020270715174795, 0.0073613159987514325, 0.007395096537983479, 0.007579944557606119, 0.0076594430020955504], "year": [1865.0, 1489.0, 1868.0, 1890.0, 1890.0, "unknown", 1872.0, 1848.0, 1860.0, "unknown", 1895.0, 1888.0, "unknown", 1902.0, 1889.0, "unknown", 1872.0, 1883.0, 1631.0, 1879.0], "Symbolism": 0.0018832516359286297, "Baroque": 0.0026224808407079745, "Post-Impressionism": 0.0023775616873634576, "style_dict": {"Impressionism": 9, "Northern Renaissance": 1, "Romanticism": 1, "Surrealism": 2, "Symbolism": 1, "Baroque": 1, "Post-Impressionism": 1, "Realism": 4}, "Realism": 0.0016950670087968296, "style_counts": [0.000659653088600054, 0.0010741342481900285, 0.0005256465632705876, 0.00038469023929244006, 0.0007392292047793125, 0.0, 0.00024491915334445835, 0.0009274138319110836]}