{"Impressionism": 0.0020269672954019023, "style": ["Symbolism", "Impressionism", "Realism", "Impressionism", "Realism", "Surrealism", "Symbolism", "Cubism", "Symbolism", "Post-Impressionism", "Impressionism", "Realism", "Impressionism", "Symbolism", "Post-Impressionism", "Realism", "Expressionism", "Symbolism", "Realism", "Symbolism"], "style_labels": ["Impressionism", "Surrealism", "Expressionism", "Symbolism", "Post-Impressionism", "Cubism", "Realism"], "artist": ["Roerich Nicholas", "Gauguin Paul ", "Corot Camille ", "Pissarro Camille ", "Savrasov Aleksey", "Varo Remedios", "Serebriakova Zinaida", "Derain Andre", "Roerich Nicholas", "van Gogh Vincent ", "Sorolla Joaqu\u00edn", "Corot Camille ", "Hassam Childe", "Roerich Nicholas", "Matisse Henri", "Levitan Isaac", "Serebriakova Zinaida", "Roerich Nicholas", "Shishkin Ivan", "Roerich Nicholas"], "contentId": ["225395.jpg", "190494.jpg", "199903.jpg", "208099.jpg", "237170.jpg", "276532.jpg", "227211.jpg", "256139.jpg", "225745.jpg", "206656.jpg", "251293.jpg", "199438.jpg", "244404.jpg", "226163.jpg", "213939.jpg", "210058.jpg", "227209.jpg", "225766.jpg", "228818.jpg", "225722.jpg"], "title": ["Blue temples", "Blue roofs of Rouen", "Ville d'Avray the Pond and the Cabassud House", "Boulevard des Batignolles", "Spring", "My friend Agustin Lazo", "Churchyard", "Martigues Landscape", "Himalayas", "Portrait of Doctor Gachet", "Sierra Nevada, Granada", "A View near Colterra", "West Wind, Appledore", "Monastery in Himalayas", "Conversation under the Olive Trees", "Apiary", "Cassis.\u00a0The roofs of the city", "Himalayas", "Near the monastery", "Himalayas"], "style_counts": [0.0005599192117655694, 0.0005102455850765075, 0.0, 0.00045135503670412636, 0.00015334277830092446, 0.0002808026386968976, 0.00045886561955488236], "scores": [0.0040614507607010806, 0.004891577919422045, 0.005183683072747254, 0.005688002481157821, 0.0057970412860022325, 0.006002264272503209, 0.006635295957593117, 0.006665439684767303, 0.006963942562657338, 0.006980567819243923, 0.007038053073744569, 0.007049151074198325, 0.007066956171206177, 0.00727702743347837, 0.0073502742063173325, 0.007362281312342024, 0.007477063701199343, 0.007486135376781992, 0.007496857780928847, 0.007751827350221944], "Surrealism": 0.0020766409220909767, "Expressionism": 0.0025868865071674127, "year": [1921.0, 1884.0, 1840.0, 1879.0, 1874.0, 1945.0, 1912.0, 1908.0, 1929.0, 1890.0, 1917.0, 1838.0, 1904.0, 1931.0, 1921.0, 1885.0, 1928.0, "unknown", 1870.0, 1941.0], "Symbolism": 0.002135531470463287, "Post-Impressionism": 0.0024335437288665195, "style_dict": {"Impressionism": 4, "Surrealism": 1, "Expressionism": 1, "Symbolism": 6, "Post-Impressionism": 2, "Cubism": 1, "Realism": 5}, "Cubism": 0.002306083868470582, "Realism": 0.002128020887612582}