{"Impressionism": 0.004080389461733709, "style": ["Baroque", "Impressionism", "Regionalism", "Expressionism", "Orientalism", "Art Nouveau (Modern)", "Neoclassicism", "Impressionism", "Magic Realism", "Surrealism", "Neoclassicism", "Ukiyo-e", "Symbolism", "Neoclassicism", "Symbolism", "Expressionism", "Surrealism", "Expressionism", "Abstract Art", "Baroque"], "style_labels": ["Impressionism", "Surrealism", "Art Nouveau (Modern)", "Ukiyo-e", "Magic Realism", "Expressionism", "Symbolism", "Abstract Art", "Baroque", "Orientalism", "Neoclassicism", "Regionalism"], "Surrealism": 0.004609187735943121, "contentId": ["220732.jpg", "218376.jpg", "247800.jpg", "227157.jpg", "279397.jpg", "225484.jpg", "193316.jpg", "243934.jpg", "278027.jpg", "258746.jpg", "193368.jpg", "223656.jpg", "225496.jpg", "193411.jpg", "225704.jpg", "222130.jpg", "259104.jpg", "220926.jpg", "189424.jpg", "216551.jpg"], "Art Nouveau (Modern)": 0.004375057587323313, "artist": ["Rembrandt", "Renoir Pierre-Auguste", "Rockwell Norman", "Serebriakova Zinaida", "Gerome Jean-Leon", "Roerich Nicholas", "Ingres Jean Auguste Dominique ", "Hassam Childe", "Earle Eyvind", "Beksinski Zdislav", "Ingres Jean Auguste Dominique ", "Hokusai Katsushika", "Roerich Nicholas", "Ingres Jean Auguste Dominique ", "Roerich Nicholas", "Klee Paul", "Beksinski Zdislav", "Dali Salvador", "Kandinsky Wassily", "Rubens Peter Paul"], "Ukiyo-e": 0.0046878172322748065, "style_counts": [0.0007340793538607171, 0.00020528107965134268, 0.0004394112282711804, 0.00012665158331959248, 0.0002455262801139835, 0.0003285751236361545, 0.00017206703987970862, 0.0, 0.0008170050530359463, 0.00044958624700641714, 0.0003637785365434576, 0.0005888586915758776], "scores": [0.009622615439671857, 0.010901032707609282, 0.012213584162343524, 0.012609803900079406, 0.012616133302780235, 0.012645542889568637, 0.012907823679995052, 0.013127882855008124, 0.013205942468003065, 0.013313983768376253, 0.013484769329244337, 0.013549534534346066, 0.013601657512723728, 0.013606636516398981, 0.013736879978008015, 0.013798259260300285, 0.013828960295637429, 0.013907546365815152, 0.013915604693865843, 0.013917960800893449], "Magic Realism": 0.004568942535480408, "title": ["Woman Standing with Raised Hands", "Coco", "Sleeping Boy", "A basket with flowers", "Pho Xai", "Christ the saviour. Saint Peter and Saint Paul.", "Charles Thevenin", "Carriage, Rue Bonaparte", "Copy of Sea mist and Pastures", "Untitled", "Lady William Henry Cavendish Bentinck, born Lady Mary Acheson", "Woman\u00a0profile", "Cloud", "Monsieur de Norvins", "Himalayas", "Death for the Idea", "Untitled", "Design for the set of 'Romeo and Juliet'", "To the Unknown Voice", "Portrait of Helena Fourment"], "Expressionism": 0.004485893691958257, "year": ["unknown", 1904.0, "unknown", 1934.0, "unknown", 1906.0, "unknown", 1888.0, "unknown", "unknown", "unknown", "unknown", 1915.0, 1812.0, 1924.0, 1915.0, "unknown", 1942.0, 1916.0, 1638.0], "Symbolism": 0.004642401775714703, "Abstract Art": 0.004814468815594397, "Baroque": 0.003997463762558522, "style_dict": {"Impressionism": 2, "Surrealism": 2, "Art Nouveau (Modern)": 1, "Ukiyo-e": 1, "Magic Realism": 1, "Expressionism": 3, "Symbolism": 2, "Abstract Art": 1, "Baroque": 2, "Orientalism": 1, "Neoclassicism": 3, "Regionalism": 1}, "Orientalism": 0.004364882568588073, "Neoclassicism": 0.004450690279051008, "Regionalism": 0.004225610124018619}