{"Impressionism": 0.0027396174455344927, "style": ["Orientalism", "New Realism", "Symbolism", "Post-Impressionism", "Surrealism", "Academicism", "Impressionism", "Symbolism", "Expressionism", "Symbolism", "Realism", "Color Field Painting", "Symbolism", "Expressionism", "Symbolism", "Symbolism", "Impressionism", "Romanticism", "Neo-Expressionism", "Realism"], "style_labels": ["Impressionism", "Neo-Expressionism", "Orientalism", "Romanticism", "Surrealism", "Color Field Painting", "Expressionism", "New Realism", "Academicism", "Post-Impressionism", "Symbolism", "Realism"], "Neo-Expressionism": 0.0031905539533365534, "contentId": ["279417.jpg", "235582.jpg", "225940.jpg", "185978.jpg", "258739.jpg", "279466.jpg", "248244.jpg", "226248.jpg", "227183.jpg", "225711.jpg", "210103.jpg", "290299.jpg", "225414.jpg", "227385.jpg", "192945.jpg", "225778.jpg", "313773.jpg", "196901.jpg", "231509.jpg", "199659.jpg"], "Orientalism": 0.0018775385172623421, "artist": ["Gerome Jean-Leon", "Hopper Edward", "Roerich Nicholas", "Mondrian Piet", "Beksinski Zdislav", "Gerome Jean-Leon", "Redon Odilon", "Roerich Nicholas", "Serebriakova Zinaida", "Roerich Nicholas", "Levitan Isaac", "Rothko Mark", "Roerich Nicholas", "Serebriakova Zinaida", "Blake William ", "Roerich Nicholas", "Churchill Winston", "Aivazovsky Ivan ", "Twombly Cy", "Corot Camille "], "Romanticism": 0.0031595680536619587, "style_dict": {"Impressionism": 2, "Surrealism": 1, "Orientalism": 1, "Neo-Expressionism": 1, "Romanticism": 1, "Symbolism": 6, "Color Field Painting": 1, "Expressionism": 2, "New Realism": 1, "Academicism": 1, "Post-Impressionism": 1, "Realism": 2}, "scores": [0.005426784304657314, 0.006459457180813172, 0.00663322128070609, 0.0066907815856280025, 0.0068361776687641965, 0.0071135654968590666, 0.007171709367000346, 0.007438642983562153, 0.0077048199678723134, 0.008446476507653067, 0.008505950820800232, 0.008524720123205263, 0.008561312752098973, 0.008591988271325788, 0.00868027051048764, 0.008698710842190012, 0.008961563422271957, 0.009132326269455478, 0.009221887038767931, 0.009267330911768377], "Surrealism": 0.0023651551569754104, "Color Field Painting": 0.002949350753901018, "title": ["Prayer in Cairo", "Lighthouse HIll", "Kangchenjunga", "Dune Landscape", "Untitled", "The End of the Corrida", "The Port of Morgat", "Mountains Soshing", "Basket with grapes on the window", "Himalayas", "Autumn. River.", "No. 6 (Yellow, White, Blue Over Yellow on Gray)", "Boundary of sword (study)", "Portrait of Abbe Esten", "The Casting of the Rebel Angels into Hell", "Himalayas", "Mountains and Sea at Sunset", "The Ninth Wave. Study", "Leaving Paphos Ringed With Waves V", "On the Banks of the Tiber"], "Expressionism": 0.002767387667821812, "year": [1865.0, 1927.0, 1924.0, 1911.0, "unknown", 1870.0, 1882.0, 1924.0, 1931.0, 1938.0, 1899.0, 1954.0, 1933.0, 1935.0, 1808.0, "unknown", "unknown", 1857.0, 2009.0, 1826.0], "New Realism": 0.002234818812897225, "Academicism": 0.0024611247592720973, "Post-Impressionism": 0.002314851564456909, "Symbolism": 0.002575810570813957, "Realism": 0.003018110047164258, "style_counts": [0.00045093650780203554, 0.0, 0.0013130154360742052, 3.0985899674651485e-05, 0.0008253987963611209, 0.0002412031994355468, 0.0004231662855147533, 0.0009557351404393399, 0.0007294291940644904, 0.0008757023888796844, 0.0006147433825226534, 0.00017244390617232597]}