{"Northern Renaissance": 0.003979241975140363, "High Renaissance": 0.004188793192660658, "year": [1903.0, 1861.0, 1956.0, 1845.0, 1870.0, 1636.0, 1928.0, 1827.0, 1957.0, 1856.0, 1500.0, 1903.0, 1893.0, 1880.0, "unknown", 1659.0, "unknown", 1534.0, 1917.0, "unknown"], "style": ["Art Nouveau (Modern)", "Realism", "Na\u00efve Art (Primitivism)", "Realism", "Realism", "Baroque", "Symbolism", "Neoclassicism", "Neo-baroque", "Romanticism", "Northern Renaissance", "Impressionism", "Impressionism", "Realism", "Pop Art", "Baroque", "Impressionism", "High Renaissance", "Expressionism", "Symbolism"], "title": ["They build the ships", "Windmill in the field", "David killed a lion that threatened his flock (I Samuel, XVII, 34, 36)", "Nemi, the Lake's Edge", "The Walk around the Pond", "A Woman with a Child Frightened by a Dog", "Clouds Gesar Khan", "Studies for The Apotheosis of Homer", "Poster for Fiat 1400", "Tempest. Sunset", "Nuremberg Woman Dressed for Church", "Venice, Sailing Boat", "Portrait of lawyer Don Silverio de la Torre y Eguia", "Still Life with Brioche", "Red Race Riot", "Tobit and Anna", "Floral Headband", "Cleopatra", "Reclining nude", "Study to \"Teacher's Testament'"], "Art Nouveau (Modern)": 0.0021548493236296447, "Expressionism": 0.004248063909007319, "Symbolism": 0.0038984824289428626, "style_dict": {"Impressionism": 3, "Art Nouveau (Modern)": 1, "Northern Renaissance": 1, "Romanticism": 1, "High Renaissance": 1, "Neoclassicism": 1, "Na\u00efve Art (Primitivism)": 1, "Expressionism": 1, "Neo-baroque": 1, "Symbolism": 2, "Pop Art": 1, "Baroque": 2, "Realism": 4}, "Neoclassicism": 0.0038970204661003755, "Impressionism": 0.003930773727086365, "scores": [0.006228315627540777, 0.009546568605100336, 0.009890801906499703, 0.009990990637371211, 0.010513856202751106, 0.010642331854210152, 0.010677790235356052, 0.011263837895159872, 0.011334024296132398, 0.011474009557456708, 0.011501488622780656, 0.011635073201501494, 0.011665637738267672, 0.011690707996253692, 0.011711840202872026, 0.011872857677543789, 0.012025926203043028, 0.012107169543734073, 0.012278483948332737, 0.0122798970113936], "Baroque": 0.003823341168056386, "Realism": 0.0034276413046153724, "style_counts": [0.0003172901819209484, 0.0020932145853777007, 0.0002688219338670139, 0.0002783290380132808, 5.927071634670433e-05, 0.0008204226043919682, 0.0008260812939755446, 0.0, 0.0003267606146580837, 0.00034958148006447587, 0.00019604528168837287, 0.00042472274095095575, 0.0003510434429069287], "artist": ["Roerich Nicholas", "Shishkin Ivan", "Chagall Marc", "Corot Camille ", "Corot Camille ", "Rembrandt", "Roerich Nicholas", "Ingres Jean Auguste Dominique ", "de Chirico Giorgio ", "Aivazovsky Ivan ", "Durer Albrecht", "Sargent John Singer", "Sorolla Joaqu\u00edn", "Manet Edouard", "Warhol Andy", "Rembrandt", "Renoir Pierre-Auguste", "Michelangelo", "Modigliani Amedeo ", "Roerich Nicholas"], "contentId": ["226889.jpg", "229020.jpg", "202536.jpg", "199644.jpg", "199855.jpg", "219993.jpg", "225500.jpg", "193517.jpg", "194536.jpg", "196853.jpg", "200886.jpg", "266379.jpg", "251114.jpg", "192126.jpg", "229375.jpg", "220707.jpg", "218431.jpg", "193117.jpg", "189696.jpg", "226768.jpg"], "style_labels": ["Impressionism", "Art Nouveau (Modern)", "Northern Renaissance", "Romanticism", "High Renaissance", "Realism", "Na\u00efve Art (Primitivism)", "Expressionism", "Neo-baroque", "Symbolism", "Pop Art", "Baroque", "Neoclassicism"], "Romanticism": 0.003969734870994026, "Na\u00efve Art (Primitivism)": 0.0034219826150318432, "Neo-baroque": 0.003921303294349297, "Pop Art": 0.0040520186273190015}