{"style_counts": [0.0014047258185176936, 0.0006629627917716929, 0.0011235342657509584, 0.0027406301425545454, 0.0005038372228476362, 0.0022187750016503527, 0.0, 0.003075162881598814], "style": ["Surrealism", "Romanticism", "Realism", "Surrealism", "Realism", "Surrealism", "Expressionism", "Analytical Cubism", "Expressionism", "Surrealism", "Analytical Cubism", "Surrealism", "Na\u00efve Art (Primitivism)", "Ukiyo-e", "Cubism", "Na\u00efve Art (Primitivism)", "Analytical Cubism", "Na\u00efve Art (Primitivism)", "Romanticism", "Romanticism"], "style_labels": ["Analytical Cubism", "Ukiyo-e", "Romanticism", "Surrealism", "Na\u00efve Art (Primitivism)", "Expressionism", "Cubism", "Realism"], "Analytical Cubism": 0.00840708757417663, "artist": ["Beksinski Zdislav", "Goya Francisco", "Levitan Isaac", "Chagall Marc", "Roerich Nicholas", "Beksinski Zdislav", "Freud Lucian", "Picasso Pablo", "Modigliani Amedeo ", "Beksinski Zdislav", "Picasso Pablo", "Beksinski Zdislav", "Ernst Max", "Hokusai Katsushika", "Leger Fernand ", "Chagall Marc", "Picasso Pablo", "Chagall Marc", "Goya Francisco", "Goya Francisco"], "contentId": ["258887.jpg", "193847.jpg", "210169.jpg", "203188.jpg", "227112.jpg", "258884.jpg", "231919.jpg", "224719.jpg", "189748.jpg", "258890.jpg", "224442.jpg", "258654.jpg", "234128.jpg", "223637.jpg", "196415.jpg", "203141.jpg", "224444.jpg", "202360.jpg", "193980.jpg", "193995.jpg"], "title": ["Untitled", "Allegory: War or Evil", "Edge of forest", "The green branch", "Yellow arhaluk. Huntsman. Merry old gentleman. Musket of Moscow case. (Humorous triptych)", "Untitled", "Bella Final Version State II", "Violin, glass, pipe and inkwell", "Teresa", "Untitled", "Souvenir from Havre", "Untitled", "All lanes of lilac evening", "Two\u00a0carps", "Two Women (Two Sisters)", "The bouquet of roses", "Spanish Still life", "A blue painter", "Mob", "Old Beggar with a Maja"], "Ukiyo-e": 0.009148850600922616, "Romanticism": 0.008688279126943376, "Surrealism": 0.00707118325013974, "Na\u00efve Art (Primitivism)": 0.009307976169846695, "Expressionism": 0.0075930383910439905, "year": ["unknown", "unknown", 1891.0, 1984.0, 1894.0, "unknown", 1987.0, 1912.0, 1915.0, "unknown", 1912.0, 2001.0, 1975.0, "unknown", 1935.0, 1980.0, 1912.0, 1980.0, 1814.0, "unknown"], "scores": [0.018886638464083387, 0.018985401510381545, 0.019509163319752436, 0.019867232716042127, 0.020162149388029692, 0.021233022687541854, 0.02163857864668255, 0.022015327183296556, 0.023075897771111766, 0.02400614852579698, 0.02483819740168163, 0.025293595714826502, 0.026242036316670263, 0.02644357939411808, 0.028359788323991157, 0.028469455524344038, 0.028702626132688806, 0.028941121999429314, 0.02922330328443693, 0.0298745697518708], "style_dict": {"Analytical Cubism": 3, "Ukiyo-e": 1, "Romanticism": 3, "Surrealism": 5, "Na\u00efve Art (Primitivism)": 3, "Expressionism": 2, "Cubism": 1, "Realism": 2}, "Cubism": 0.009811813392694371, "Realism": 0.006736650511095483}