{"style_labels": ["Impressionism", "Cubism, Surrealism", "Art Nouveau (Modern)", "Romanticism", "Surrealism", "Na\u00efve Art (Primitivism)", "Expressionism", "Symbolism", "Pop Art", "Baroque", "Rococo", "Synthetic Cubism", "Orientalism", "Realism", "Regionalism"], "year": [1751.0, 1861.0, 1915.0, 1918.0, "unknown", 1918.0, "unknown", 1921.0, 1896.0, 1967.0, 1874.0, 1878.0, 1911.0, 1646.0, 1934.0, 1866.0, 1810.0, 1885.0, 1914.0, 1951.0], "Rococo": 0.0024292894573288344, "Cubism, Surrealism": 0.0036300329972803655, "title": ["Clara the Rhinoceros", "The Prisoner", "Arrows of sky - spears of land", "Night rider", "James Dean", "Night rider", "The Road to Louveciennes Montbuisson", "A Drum for Tommy", "Mrs. Walter Bacon (Virginia Purdy Barker)", "The Gladiolas", "Return of the Hayers to Marcoussis", "Two woman", "Kneeling Semi-Nude", "The man of Gibeah", "A bullfight", "Pere Gallien's House at Pontoise", "Dona Narcisa Baranana de Goicoechea", "Peasant Woman, Seen against the Window, Head and Whole Figure", "The Violin", "Pandora's Box"], "Art Nouveau (Modern)": 0.0027866493280388465, "Expressionism": 0.0034021560916674513, "Symbolism": 0.0028126282420101486, "style_dict": {"Impressionism": 1, "Cubism, Surrealism": 1, "Orientalism": 1, "Romanticism": 1, "Surrealism": 1, "Na\u00efve Art (Primitivism)": 1, "Expressionism": 1, "Symbolism": 2, "Pop Art": 1, "Baroque": 1, "Rococo": 1, "Synthetic Cubism": 1, "Art Nouveau (Modern)": 1, "Realism": 5, "Regionalism": 1}, "Regionalism": 0.0031361191493825364, "Impressionism": 0.003081368990330831, "style": ["Rococo", "Orientalism", "Art Nouveau (Modern)", "Symbolism", "Pop Art", "Symbolism", "Impressionism", "Regionalism", "Realism", "Na\u00efve Art (Primitivism)", "Realism", "Realism", "Expressionism", "Baroque", "Cubism, Surrealism", "Realism", "Romanticism", "Realism", "Synthetic Cubism", "Surrealism"], "scores": [0.007021549639218162, 0.007059591563277656, 0.008054452516923806, 0.008099546765070584, 0.008295468363920328, 0.00846367769428754, 0.008906301905309253, 0.009064550218772626, 0.009095290353143727, 0.009342252341014606, 0.009629498177573543, 0.009736879842920841, 0.009833495883309996, 0.010227679721131993, 0.010492144855570333, 0.010577456442263808, 0.010639399502927319, 0.010721582417974152, 0.01093818046031068, 0.01104740421644777], "Baroque": 0.0035385343401557754, "Realism": 0.003219671549953169, "style_counts": [0.0007407705618799332, 0.00019210655493040463, 0.001035490224171931, 0.00014115994332075665, 0.0, 0.0005899420622191842, 0.00041998346054328284, 0.0010095113102006614, 0.0009521044637285092, 0.00028360521205494926, 0.0013928500948819922, 3.778882624316804e-05, 0.0013796884924148767, 0.0006024680022576057, 0.0006860204028282801], "artist": ["Longhi Pietro ", "Gerome Jean-Leon", "Roerich Nicholas", "Roerich Nicholas", "Warhol Andy", "Roerich Nicholas", "Sisley Alfred", "Rockwell Norman", "Sargent John Singer", "Chagall Marc", "Corot Camille ", "Repin Ilya", "Schiele Egon", "Rembrandt", "Picasso Pablo", "Pissarro Camille ", "Goya Francisco", "van Gogh Vincent ", "Braque Georges ", "Magritte Rene"], "contentId": ["185165.jpg", "279482.jpg", "225358.jpg", "226266.jpg", "229325.jpg", "226267.jpg", "238364.jpg", "247594.jpg", "266275.jpg", "203186.jpg", "199702.jpg", "215426.jpg", "232653.jpg", "220622.jpg", "223678.jpg", "208424.jpg", "193905.jpg", "206554.jpg", "193792.jpg", "211410.jpg"], "Orientalism": 0.0024424510597959104, "Synthetic Cubism": 0.0037843507259676286, "Romanticism": 0.0036809796088899975, "Surrealism": 0.003822139552210724, "Na\u00efve Art (Primitivism)": 0.003232197489991605, "Pop Art": 0.002870035088482324}