{"style_labels": ["Surrealism", "Neo-Expressionism", "Northern Renaissance", "Neoplasticism", "Purism", "Magic Realism", "Color Field Painting", "Na\u00efve Art (Primitivism)", "Expressionism", "Pop Art", "Symbolism", "Constructivism", "Baroque", "Cubism", "Realism", "Regionalism"], "Northern Renaissance": 0.005942296123935041, "Color Field Painting": 0.004862114034979242, "year": [1918.0, 1942.0, 1954.0, 1952.0, 1943.0, "unknown", 1913.0, 1992.0, 1913.0, "unknown", 1660.0, 1964.0, 1923.0, 1979.0, "unknown", 1924.0, "unknown", 1951.0, 1944.0, 1948.0], "style": ["Cubism", "Expressionism", "Color Field Painting", "Cubism", "Neoplasticism", "Regionalism", "Constructivism", "Neo-Expressionism", "Constructivism", "Northern Renaissance", "Baroque", "Pop Art", "Surrealism", "Magic Realism", "Regionalism", "Symbolism", "Realism", "Na\u00efve Art (Primitivism)", "Purism", "Surrealism"], "Neo-Expressionism": 0.00569205869258628, "Expressionism": 0.004745734649406845, "Symbolism": 0.006123749733259463, "style_dict": {"Neo-Expressionism": 1, "Northern Renaissance": 1, "Neoplasticism": 1, "Purism": 1, "Surrealism": 2, "Magic Realism": 1, "Color Field Painting": 1, "Na\u00efve Art (Primitivism)": 1, "Expressionism": 1, "Pop Art": 1, "Symbolism": 1, "Constructivism": 2, "Baroque": 1, "Cubism": 2, "Realism": 1, "Regionalism": 2}, "Regionalism": 0.005774832053686303, "Purism": 0.006246170077729667, "Magic Realism": 0.006070006422044603, "scores": [0.01206119378540352, 0.0137169374011148, 0.014053317090374565, 0.015727057593672912, 0.015757595270672442, 0.016311273218980592, 0.016401005746752774, 0.01645216568933875, 0.016742803430666846, 0.01717544489367769, 0.01721440400183803, 0.01732698752160885, 0.017384348327076707, 0.017544575132526066, 0.01769600797504688, 0.017699913281437323, 0.017815715651621412, 0.018012214624448353, 0.01805375358768592, 0.01829858653664356], "Constructivism": 0.0056282044579511895, "Baroque": 0.005955775050323631, "Realism": 0.006163814603761927, "style_counts": [0.00018679253311126853, 0.0005541113851433854, 0.0003038739537946089, 0.0007944162583033432, 0.0, 0.00017616365568506875, 0.0013840560427503812, 1.4371494989839917e-05, 0.0015004354283227883, 0.0002514438027190202, 0.00012242034447018657, 0.0006179656197784489, 0.00029039502740602074, 0.0015274016509267963, 8.235547396773235e-05, 0.0004713380240433107], "artist": ["Chagall Marc", "Dali Salvador", "Rothko Mark", "Leger Fernand ", "Mondrian Piet", "Rockwell Norman", "Malevich Kazimir", "Twombly Cy", "Malevich Kazimir", "Bosch Hieronymus", "Rembrandt", "Warhol Andy", "Solar Xul", "Holbrook Carter Clarence", "Rockwell Norman", "Roerich Nicholas", "Courbet Gustave", "Leger Fernand ", "Leger Fernand ", "Solar Xul"], "contentId": ["202947.jpg", "220919.jpg", "242142.jpg", "196321.jpg", "186025.jpg", "247661.jpg", "219734.jpg", "231552.jpg", "219724.jpg", "195377.jpg", "219997.jpg", "229383.jpg", "345149.jpg", "345421.jpg", "247775.jpg", "226514.jpg", "191851.jpg", "195902.jpg", "196050.jpg", "345165.jpg"], "title": ["Purim", "Design for a poster for 'The Secret Life of Salvador Dali'", "Ochre and Red on Red", "The woman with black hair", "Broadway Boogie Woogie", "Fire Rescue", "Old Timer", "Souvenir", "Neron", "Studies of Monsters", "A Young Man at a Table (possibly Govaert Flinck)", "Sixteen Jackies", "T\u00fa y Yo", "Untitled - Country Road", "Pipe", "Sanga Chelling", "Standing Fermale Nude", "A worker with the lamp", "New York", "Muros Biombos"], "Neoplasticism": 0.005451753819426341, "Surrealism": 0.006059377544618359, "Na\u00efve Art (Primitivism)": 0.006231798582739762, "Pop Art": 0.005994726275010647, "Cubism": 0.004718768426802851}