{"Impressionism": 0.0038295356973319667, "style": ["Post-Impressionism", "Neo-Romanticism", "Action painting", "Neo-Expressionism", "Post-Impressionism", "Realism", "Realism", "Symbolism", "Realism", "Symbolism", "Symbolism", "Surrealism", "Impressionism", "Surrealism", "unknown", "Symbolism", "Realism", "Symbolism", "Impressionism", "Realism"], "style_labels": ["Impressionism", "Neo-Romanticism", "Neo-Expressionism", "unknown", "Surrealism", "Action painting", "Symbolism", "Post-Impressionism", "Realism"], "Neo-Romanticism": 0.0028757160165481794, "Neo-Expressionism": 0.0029937780702793118, "unknown": 0.0039189963338511664, "artist": ["van Gogh Vincent ", "Kittelsen Theodor Severin", "Pollock Jackson ", "Twombly Cy", "van Gogh Vincent ", "Corot Camille ", "Shishkin Ivan", "Roerich Nicholas", "van Gogh Vincent ", "Roerich Nicholas", "Roerich Nicholas", "Beksinski Zdislav", "Renoir Pierre-Auguste", "Dali Salvador", "Matisse Henri", "Roerich Nicholas", "van Gogh Vincent ", "Roerich Nicholas", "Monet Claude", "van Gogh Vincent "], "year": [1889.0, 1900.0, 1950.0, 2009.0, 1888.0, 1834.0, 1885.0, 1939.0, 1885.0, 1925.0, 1924.0, "unknown", "unknown", 1930.0, 1919.0, 1942.0, 1884.0, 1925.0, 1895.0, 1883.0], "style_counts": [8.946063651915637e-05, 0.0010432803173030525, 0.0009252182635718365, 0.0, 0.0001275610285671469, 0.0009689602205072978, 0.0003889948915063446, 0.0011337859473491418, 0.00046321338828514413], "Surrealism": 0.003791435305283978, "Action painting": 0.0029500361133439207, "scores": [0.007098957242901598, 0.008311888357960517, 0.008526701066783037, 0.008653131583744202, 0.009302806811489775, 0.009610851632519, 0.010191169970878097, 0.010257033672292798, 0.010610117430801546, 0.010667109030228071, 0.01086838079296622, 0.011015502109726167, 0.011079864699569507, 0.011311797690005745, 0.01132735632266202, 0.011330337556790186, 0.011339190237392828, 0.011434060541242661, 0.011471803659097647, 0.011658529700089893], "contentId": ["205888.jpg", "321743.jpg", "282422.jpg", "231509.jpg", "206142.jpg", "199717.jpg", "228928.jpg", "225717.jpg", "206042.jpg", "225868.jpg", "226248.jpg", "258701.jpg", "218634.jpg", "221606.jpg", "9223372032559820500.jpg", "225854.jpg", "207443.jpg", "227077.jpg", "212425.jpg", "206627.jpg"], "Symbolism": 0.003530001442344839, "title": ["Enclosed Field with a Sower in the Rain", "She Is Making Her Way Through the Country", "Autumn Rhythm (Number 30)", "Leaving Paphos Ringed With Waves V", "Hill with Bushes", "Rouen Seen from Hills Overlooking the City", "Shore", "Himalayas", "Hands", "Horse of Happyness", "Mountains Soshing", "Untitled", "Landscape", "The Great Masturbator", "In the Nice Countryside, Garden of Irises", "Himalayas. Snowy peaks.", "Wheat Harvest", "Whispers of Desert (Story about New Era)", "The Banks of the Fjord at Christiania", "Plowman with Two Women"], "Post-Impressionism": 0.00278521038650199, "style_dict": {"Impressionism": 2, "Neo-Romanticism": 1, "Neo-Expressionism": 1, "unknown": 1, "Surrealism": 2, "Action painting": 1, "Symbolism": 5, "Post-Impressionism": 2, "Realism": 5}, "Realism": 0.0034557829455660375}