{"Impressionism": 0.003066319557547186, "style": ["Realism", "Mannerism (Late Renaissance)", "Baroque", "Expressionism", "Surrealism", "Romanticism", "Baroque", "Expressionism", "Neoclassicism", "Realism", "Baroque", "Post-Impressionism", "Symbolism", "Surrealism", "Romanticism", "Impressionism", "Realism", "High Renaissance", "Post-Impressionism", "Realism"], "style_labels": ["Impressionism", "Romanticism", "High Renaissance", "Surrealism", "Mannerism (Late Renaissance)", "Realism", "Expressionism", "Symbolism", "Baroque", "Post-Impressionism", "Neoclassicism"], "artist": ["Malevich Kazimir", "Titian", "Rubens Peter Paul", "Serebriakova Zinaida", "Beksinski Zdislav", "Alma-Tadema Lawrence ", "Rubens Peter Paul", "Modigliani Amedeo ", "Bouguereau William-Adolphe", "Malevich Kazimir", "Rubens Peter Paul", "Vallotton  Felix", "Blake William ", "Picasso Pablo", "Gerome Jean-Leon", "Renoir Pierre-Auguste", "Sargent John Singer", "Titian", "Toulouse-Lautrec Henri de", "Sargent John Singer"], "contentId": ["219762.jpg", "224878.jpg", "216612.jpg", "227360.jpg", "258675.jpg", "214557.jpg", "216496.jpg", "189779.jpg", "232535.jpg", "219757.jpg", "216562.jpg", "271350.jpg", "192951.jpg", "366365.jpg", "279352.jpg", "219021.jpg", "265821.jpg", "224843.jpg", "230565.jpg", "265893.jpg"], "title": ["Portrait of a Woman", "Doge Antonio Grimani Kneeling Before the Faith", "St. Sebastian", "Portrait of Andronikova-Halpern", "Untitled", "My Studio", "Marchesa Brigida Spinola Doria", "Viking Eggeling", "The Thank Offering", "Portrait of a Man", "Portrait of Marchesa Brigida Spinola Doria", "The Poker Game", "The Great Red Dragon and the Woman clothed with the sun", "Woman in an Armchair", "Entry of the Christ in Jerusalem", "Seated couple", "Charles Stewart, Sixth Marquess of Londonderry, Carrying the Great Sword of State at the Coronat", "Annunciation", "Poupoule in chemise by her bed", "Miss Elsie Palmer"], "Romanticism": 0.0027941288796229998, "High Renaissance": 0.0030938636272250086, "scores": [0.004534105105451391, 0.006271110112775373, 0.006916411102269907, 0.007220692002317829, 0.007483977409936645, 0.007703162248620375, 0.007782435555250674, 0.007976233267787774, 0.008024758067440437, 0.008069971229595652, 0.00829955224067395, 0.008354065062398015, 0.008501407310539503, 0.008579077336862691, 0.008751121723332856, 0.008862803449819049, 0.008864980887463177, 0.008942416050913352, 0.008946401406414685, 0.009044487991387577], "Surrealism": 0.0027276936048691233, "Mannerism (Late Renaissance)": 0.002169655199419735, "Realism": 0.002505610143960267, "Expressionism": 0.002580614741489361, "year": [1934.0, 1576.0, 1614.0, 1925.0, "unknown", 1867.0, 1606.0, 1916.0, 1867.0, 1930.0, 1606.0, 1902.0, 1810.0, 1941.0, 1897.0, 1912.0, 1904.0, 1535.0, "unknown", 1890.0], "Symbolism": 0.0029412850742519996, "Baroque": 0.0025590180516932895, "Post-Impressionism": 0.0029378205137248923, "style_dict": {"Impressionism": 1, "Romanticism": 2, "High Renaissance": 1, "Surrealism": 2, "Mannerism (Late Renaissance)": 1, "Neoclassicism": 1, "Expressionism": 2, "Symbolism": 1, "Baroque": 3, "Post-Impressionism": 2, "Realism": 4}, "Neoclassicism": 0.0027763757535748533, "style_counts": [2.7544069677754024e-05, 0.00029973474760192076, 0.0, 0.0003661700223558384, 0.0009242084278052731, 0.0005882534832647446, 0.0005132488857355622, 0.00015257855297301504, 0.0005348455755316284, 0.0001560431135000373, 0.0003174878736501574]}