{"Suprematism": 0.004054230659622575, "Synthetic Cubism": 0.003856340913203797, "Northern Renaissance": 0.004232532801227345, "High Renaissance": 0.0036414909507886182, "Color Field Painting": 0.004367354735254919, "Expressionism, Symbolism": 0.004439255325710281, "year": [1959.0, 1503.0, 1913.0, 1971.0, 1975.0, 1913.0, 1919.0, 1919.0, 1891.0, 1957.0, "unknown", 1520.0, 1953.0, "unknown", 1977.0, 1896.0, 1883.0, "unknown", 1967.0, 1997.0], "Hard Edge Painting": 0.004320145202923841, "style": ["Na\u00efve Art (Primitivism)", "High Renaissance", "Expressionism", "Na\u00efve Art (Primitivism)", "Na\u00efve Art (Primitivism)", "Synthetic Cubism", "Expressionism", "Suprematism", "Art Nouveau (Modern)", "Surrealism", "Baroque", "Northern Renaissance", "Hard Edge Painting", "Color Field Painting", "Na\u00efve Art (Primitivism)", "Symbolism", "Realism", "Na\u00efve Art (Primitivism)", "Expressionism, Symbolism", "Surrealism"], "title": ["Couple with a bird", "Galloping Rider and other figures", "Woman in Black Stockings", "Creation of World", "A man with Thora", "Head of a man", "Dancer", "Speakers on Tribune", "Waltz", "Song of Songs II", "Old man", "Mary at the gate", "Number 17", "Untitled", "A tree in blossom", "Junius", "The trunk of an old tree", "Untitled", "Asperges me hyssopo et mundabor", "Untitled"], "Art Nouveau (Modern)": 0.004088770776471187, "Expressionism": 0.0038308759605325217, "Symbolism": 0.004383922877113644, "style_dict": {"Hard Edge Painting": 1, "Suprematism": 1, "Art Nouveau (Modern)": 1, "Northern Renaissance": 1, "High Renaissance": 1, "Surrealism": 2, "Color Field Painting": 1, "Expressionism, Symbolism": 1, "Na\u00efve Art (Primitivism)": 5, "Expressionism": 2, "Symbolism": 1, "Baroque": 1, "Synthetic Cubism": 1, "Realism": 1}, "scores": [0.008307492798004266, 0.010525262600793873, 0.010901890246702857, 0.010953312874520563, 0.011023489951747543, 0.011146258864343759, 0.011657670758384414, 0.01171823379856983, 0.01181806757682349, 0.012173127151999422, 0.012227772973184052, 0.012233593273036657, 0.012486825684541665, 0.012623278783494899, 0.012655246175794135, 0.012671166872804174, 0.012749100571016527, 0.012749456545916405, 0.012831098219523135, 0.0128705471114351], "Baroque": 0.004230519115674023, "Realism": 0.004410886086257743, "style_counts": [0.00011911012278653654, 0.0003850246660876966, 0.0003504845492391384, 0.0002067225244829496, 0.0007977643749217389, 0.00018654802889883637, 7.19005904553649e-05, 0.0, 0.0008360050186511092, 0.0006083793651777691, 5.533244859667885e-05, 0.0002087362100362533, 0.0005829144125065744, 2.836923945259695e-05], "artist": ["Chagall Marc", "da Vinci Leonardo", "Schiele Egon", "Chagall Marc", "Chagall Marc", "Picasso Pablo", "Picasso Pablo", "Malevich Kazimir", "Zorn Anders", "Chagall Marc", "Rembrandt", "Durer Albrecht", "Reinhardt Ad", "Rothko Mark", "Chagall Marc", "Klimt Gustav", "Levitan Isaac", "Chagall Marc", "Dali Salvador", "Beksinski Zdislav"], "contentId": ["202511.jpg", "225156.jpg", "232861.jpg", "202517.jpg", "202372.jpg", "224006.jpg", "223861.jpg", "219818.jpg", "277354.jpg", "203024.jpg", "220266.jpg", "200860.jpg", "283526.jpg", "242175.jpg", "202380.jpg", "191508.jpg", "210418.jpg", "203319.jpg", "246723.jpg", "258921.jpg"], "style_labels": ["Hard Edge Painting", "Suprematism", "Art Nouveau (Modern)", "Northern Renaissance", "High Renaissance", "Surrealism", "Color Field Painting", "Expressionism, Symbolism", "Na\u00efve Art (Primitivism)", "Expressionism", "Symbolism", "Baroque", "Synthetic Cubism", "Realism"], "Surrealism": 0.004252707296811479, "Na\u00efve Art (Primitivism)": 0.003603250307059267}