{"style": ["Art Nouveau (Modern)", "Surrealism", "Art Nouveau (Modern)", "Pop Art", "Na\u00efve Art (Primitivism)", "Pop Art", "Na\u00efve Art (Primitivism)", "Surrealism", "Realism", "Realism", "Art Nouveau (Modern)", "Art Nouveau (Modern)", "Surrealism", "Realism", "Na\u00efve Art (Primitivism)", "Baroque", "Na\u00efve Art (Primitivism)", "Surrealism", "Surrealism", "Art Nouveau (Modern)"], "style_labels": ["Art Nouveau (Modern)", "Surrealism", "Na\u00efve Art (Primitivism)", "Pop Art", "Baroque", "Realism"], "artist": ["Roerich Nicholas", "Leger Fernand ", "Roerich Nicholas", "Warhol Andy", "Chagall Marc", "Warhol Andy", "Chagall Marc", "Chagall Marc", "Sargent John Singer", "Roerich Nicholas", "Roerich Nicholas", "Roerich Nicholas", "Escher M.C.", "Roerich Nicholas", "Chagall Marc", "Rembrandt", "Leger Fernand ", "Miro Joan", "Chagall Marc", "Roerich Nicholas"], "contentId": ["225640.jpg", "196215.jpg", "225448.jpg", "229367.jpg", "202528.jpg", "300209.jpg", "202504.jpg", "203301.jpg", "266425.jpg", "225343.jpg", "226640.jpg", "225994.jpg", "204702.jpg", "226368.jpg", "202978.jpg", "220239.jpg", "196005.jpg", "227984.jpg", "202374.jpg", "227017.jpg"], "Art Nouveau (Modern)": 0.00447324834524913, "title": ["Girl", "The alignment star", "Captive", "Paramount", "David", "Tatum O'Neal", "Concert on the square", "Three nudes", "Drawing 3", "Approach to Gryzovo village", "Smolensk", "Konchak", "NOT DETECTED", "Plitnaia Hill", "Scene in studio", "Men in oriental dress and two studies of a beggar in the half figure", "Hive", "unknown title", "A painer with chandelier", "Vignette for book \"N. K. Roerich\""], "style_counts": [0.001086547174946162, 0.0006926554894889358, 0.0007388414496284357, 0.0010754936836964157, 0.0, 0.00045572738337684715], "Surrealism": 0.004867140030706292, "Na\u00efve Art (Primitivism)": 0.004820954070566775, "scores": [0.00926827175415661, 0.012115839086624359, 0.012221957286715527, 0.01283143979163664, 0.012909708397077146, 0.013576066451833242, 0.013652499007867039, 0.014524001790655851, 0.01481076234088375, 0.015029906804190507, 0.015532586691487816, 0.015535995412655223, 0.01574167758354563, 0.016030595786582516, 0.016063158003792252, 0.01606987595124994, 0.01608464594756203, 0.016393495272427415, 0.016447668573510987, 0.016576191552884312], "year": [1913.0, 1952.0, 1909.0, "unknown", 1956.0, 1987.0, 1983.0, 1984.0, "unknown", 1893.0, "unknown", 1909.0, 1934.0, 1893.0, 1983.0, 1645.0, "unknown", "unknown", 1984.0, 1918.0], "Pop Art": 0.004484301836498875, "Baroque": 0.005559795520195241, "style_dict": {"Art Nouveau (Modern)": 5, "Surrealism": 5, "Na\u00efve Art (Primitivism)": 4, "Pop Art": 2, "Baroque": 1, "Realism": 3}, "Realism": 0.005104068136818441}