{"style": ["Realism", "Post-Impressionism", "Post-Impressionism", "Post-Impressionism", "Realism", "Symbolism", "Post-Impressionism", "Post-Impressionism", "Realism", "Realism", "Realism", "Realism", "Realism", "Surrealism", "Na\u00efve Art (Primitivism)", "Realism", "Realism", "Realism", "Realism", "Post-Impressionism"], "style_labels": ["Symbolism", "Surrealism", "Post-Impressionism", "Na\u00efve Art (Primitivism)", "Realism"], "artist": ["Zorn Anders", "van Gogh Vincent ", "van Gogh Vincent ", "van Gogh Vincent ", "van Gogh Vincent ", "Roerich Nicholas", "van Gogh Vincent ", "van Gogh Vincent ", "van Gogh Vincent ", "van Gogh Vincent ", "van Gogh Vincent ", "van Gogh Vincent ", "van Gogh Vincent ", "Leger Fernand ", "Leger Fernand ", "van Gogh Vincent ", "van Gogh Vincent ", "van Gogh Vincent ", "van Gogh Vincent ", "van Gogh Vincent "], "contentId": ["277383.jpg", "207081.jpg", "206308.jpg", "205756.jpg", "206291.jpg", "225709.jpg", "205856.jpg", "207218.jpg", "206417.jpg", "206740.jpg", "206485.jpg", "206546.jpg", "206572.jpg", "196212.jpg", "196213.jpg", "206474.jpg", "205772.jpg", "206460.jpg", "205629.jpg", "206146.jpg"], "title": ["Opal", "The Courtyard of the Hospital at Arles", "Mask of an Egyptian Mummy 2", "Boy with Spade", "Man with Rake", "Himalayas", "Death's Head Moth", "Three Peasants at a Meal", "Orphan Man with Top Hat and Umbrella Looking at his Watch", "Saw Mill", "Peasant with Walking Stick, and Little Sketch of the Same Figure", "Peasant Woman, Pitching Wheat or Hay", "Peasant, Seen from the Back and Three Hands Holding a Stick", "Tails of comets (study for a screen)", "The acrobat and his partner", "Peasant Sitting by the Fireplace (Worn Out)", "Carpenter", "Peasant Boy, Digging", "A Carpenter with Apron", "Horse and Carriage"], "style_counts": [0.0004950960762871714, 4.537617569100316e-05, 0.0009063357044795106, 0.0, 0.0010149788932977133], "Surrealism": 0.006304122737700153, "Na\u00efve Art (Primitivism)": 0.006349498913391173, "scores": [0.015571599389582757, 0.01562897253127728, 0.016245087194111683, 0.016728998767014128, 0.016919966959947828, 0.016921400619712673, 0.017049760938267215, 0.017248576165744944, 0.017276010678986296, 0.017549149721565942, 0.017592184062593705, 0.017922918003643082, 0.01805369644276357, 0.018221258319359574, 0.018352412336058232, 0.018468620703387846, 0.018544971597487664, 0.018654270035924195, 0.01897944078044847, 0.019500644950989937], "year": [1891.0, 1889.0, 1889.0, "unknown", 1883.0, 1937.0, 1889.0, 1890.0, 1882.0, 1882.0, 1885.0, 1885.0, 1885.0, "unknown", 1948.0, 1881.0, 1882.0, 1885.0, 1882.0, 1890.0], "Symbolism": 0.005854402837104032, "Post-Impressionism": 0.005443163208911662, "style_dict": {"Symbolism": 1, "Surrealism": 1, "Post-Impressionism": 6, "Na\u00efve Art (Primitivism)": 1, "Realism": 11}, "Realism": 0.005334520020093531}