{"style": ["Realism", "Neoclassicism", "Realism", "Na\u00efve Art (Primitivism)", "Realism", "Magic Realism", "Baroque", "Color Field Painting", "Realism", "High Renaissance", "Surrealism", "High Renaissance", "Realism", "Surrealism", "Abstract Art, Surrealism", "Art Nouveau (Modern)", "Magic Realism", "Expressionism", "Realism", "Realism"], "style_labels": ["Surrealism", "Art Nouveau (Modern)", "Realism", "High Renaissance", "Magic Realism", "Color Field Painting", "Na\u00efve Art (Primitivism)", "Expressionism", "Abstract Art, Surrealism", "Baroque", "Neoclassicism"], "Surrealism": 0.00526855831427428, "contentId": ["221554.jpg", "232415.jpg", "266168.jpg", "203059.jpg", "266376.jpg", "278385.jpg", "216609.jpg", "242185.jpg", "230004.jpg", "225047.jpg", "220766.jpg", "224991.jpg", "228905.jpg", "234176.jpg", "221748.jpg", "230306.jpg", "277999.jpg", "221781.jpg", "266338.jpg", "266264.jpg"], "Art Nouveau (Modern)": 0.005640669726486408, "artist": ["Dali Salvador", "Bouguereau William-Adolphe", "Sargent John Singer", "Chagall Marc", "Sargent John Singer", "Earle Eyvind", "Rubens Peter Paul", "Rothko Mark", "Kustodiev Boris", "Titian", "Dali Salvador", "Titian", "Shishkin Ivan", "Ernst Max", "Dali Salvador", "Kustodiev Boris", "Earle Eyvind", "Dali Salvador", "Sargent John Singer", "Sargent John Singer"], "Realism": 0.004541663901362441, "style_counts": [0.00040862399142926886, 3.651257921721829e-05, 0.0011355184043411182, 0.0006255547414057983, 0.0007131465636429635, 0.0008330706168178104, 0.0012778393859637083, 0.0, 7.221275347724099e-05, 0.0008516377595177982, 0.0014461061336606962], "High Renaissance": 0.005051627564297781, "Magic Realism": 0.004964035742060596, "Color Field Painting": 0.004844111688885786, "Na\u00efve Art (Primitivism)": 0.004399342919739879, "Expressionism": 0.005677182305703564, "year": [1926.0, 1870.0, 1906.0, 1978.0, 1882.0, 1999.0, 1613.0, 1969.0, 1905.0, 1529.0, 1937.0, 1540.0, 1869.0, "unknown", 1936.0, 1924.0, 1974.0, 1981.0, 1909.0, 1884.0], "scores": [0.01189200087435632, 0.012229383073180175, 0.012646578793304431, 0.0127157365285166, 0.012716282250619097, 0.01292269457400157, 0.013947617672765098, 0.014001283617650169, 0.014314410128835872, 0.014439241586577261, 0.014912140025029035, 0.015309176630522758, 0.015919088780923248, 0.01611375690409221, 0.016200445697622877, 0.016303632473056197, 0.016309906091795678, 0.01640916740083341, 0.016727610401161004, 0.016819595275945332], "title": ["The Basket of Bread", "Lady with Glove", "Katherine Lewis", "St. Mark and St. Matthew", "Venetian Glass Workers", "Oak Tree", "St. James the Apostle", "Untitled (brown and gray)", "Portrait of Dr. S. Y. Lyubimov with dog", "The Death of St Peter Martyr", "Anatomical Studies - Transfer Series", "Portrait of Pietro Bembo", "Promenading in the Forest", "Flying geese", "Two Figures", "View in Tula, a sketch for E. Zamyatin's play, 'The Flea'", "Big Sur and Branch", "Untitled (Head of a Woman; unfinished)", "The Earl of Wemyss and March", "Mrs. Kate Moore"], "Abstract Art, Surrealism": 0.005604969552226323, "style_dict": {"Surrealism": 2, "Art Nouveau (Modern)": 1, "High Renaissance": 2, "Magic Realism": 2, "Color Field Painting": 1, "Realism": 7, "Expressionism": 1, "Baroque": 1, "Abstract Art, Surrealism": 1, "Neoclassicism": 1, "Na\u00efve Art (Primitivism)": 1}, "Baroque": 0.00482554454618573, "Neoclassicism": 0.004231076172042887}