{"style_counts": [0.0002102784952995318, 0.0, 0.00017884552862990066, 0.0017123645987724423, 0.0015086162873717557, 0.001497329169254824, 0.0007958891509478594], "style": ["Surrealism", "Surrealism", "Symbolism", "Na\u00efve Art (Primitivism)", "Na\u00efve Art (Primitivism)", "Realism", "Surrealism", "Symbolism", "Symbolism", "Surrealism", "Realism", "Surrealism", "Na\u00efve Art (Primitivism)", "Analytical Cubism", "Realism", "Romanticism", "Surrealism", "Realism", "Art Nouveau (Modern)", "Analytical Cubism"], "style_labels": ["Analytical Cubism", "Art Nouveau (Modern)", "Romanticism", "Surrealism", "Na\u00efve Art (Primitivism)", "Symbolism", "Realism"], "Analytical Cubism": 0.005997412029288938, "artist": ["Beksinski Zdislav", "Beksinski Zdislav", "Redon Odilon", "Chagall Marc", "Chagall Marc", "Roerich Nicholas", "Chagall Marc", "Redon Odilon", "Redon Odilon", "Chagall Marc", "Roerich Nicholas", "Escher M.C.", "Chagall Marc", "Picasso Pablo", "Repin Ilya", "Goya Francisco", "Beksinski Zdislav", "Roerich Nicholas", "Mucha Alphonse", "Picasso Pablo"], "contentId": ["258882.jpg", "258880.jpg", "247979.jpg", "202504.jpg", "203281.jpg", "226368.jpg", "202374.jpg", "248273.jpg", "247874.jpg", "203188.jpg", "225666.jpg", "204702.jpg", "203140.jpg", "224719.jpg", "215173.jpg", "194145.jpg", "258654.jpg", "226579.jpg", "227618.jpg", "224442.jpg"], "Art Nouveau (Modern)": 0.0062076905245884734, "title": ["Untitled", "Untitled", "Face of Mystery", "Concert on the square", "The tree of Jesse", "Plitnaia Hill", "A painer with chandelier", "Upon awakening I saw the Goddess of the Intelligible with her severe and hard profile", "A madman in a dismal landscape", "The green branch", "Gryzovo Church", "NOT DETECTED", "The bouquet of Queen", "Violin, glass, pipe and inkwell", "Portrait of Maria Artsybasheva", "The Prisoners in Chains", "Untitled", "Skalon resting", "Byzantine Head. The Blonde", "Souvenir from Havre"], "Romanticism": 0.006028844995958521, "Surrealism": 0.004495325925816009, "Na\u00efve Art (Primitivism)": 0.004699074237216767, "scores": [0.008809382666319556, 0.010445429512290563, 0.010772864457147296, 0.012003618490025129, 0.01313482911470018, 0.014024868897836891, 0.01470007053540913, 0.015363827127132029, 0.016196253012543765, 0.016215446254436015, 0.01681392580248161, 0.016914929420709705, 0.017093057440043805, 0.017334628215589246, 0.017338238406736876, 0.017425603309052125, 0.0174851522455097, 0.017728369735149276, 0.01794253337403015, 0.01798339929073085], "year": ["unknown", "unknown", 1885.0, 1983.0, 1960.0, 1893.0, 1984.0, 1885.0, 1885.0, 1984.0, 1893.0, 1934.0, 1984.0, 1912.0, 1880.0, "unknown", 2001.0, 1893.0, 1897.0, 1912.0], "Symbolism": 0.004710361355333593, "style_dict": {"Analytical Cubism": 2, "Art Nouveau (Modern)": 1, "Romanticism": 1, "Surrealism": 6, "Na\u00efve Art (Primitivism)": 3, "Symbolism": 3, "Realism": 4}, "Realism": 0.005411801373640571}