{"Impressionism": 0.00271895979963639, "style": ["Impressionism", "Realism", "Realism", "New Realism", "Impressionism", "Abstract Expressionism", "Art Nouveau (Modern)", "Impressionism", "Realism", "Impressionism", "Abstract Expressionism", "Romanticism", "Realism", "Expressionism", "Realism", "Surrealism", "Realism", "Impressionism", "Surrealism", "Baroque"], "Abstract Expressionism": 0.0031199525757265372, "artist": ["Renoir Pierre-Auguste", "Shishkin Ivan", "Shishkin Ivan", "Hopper Edward", "Renoir Pierre-Auguste", "Matisse Henri", "Roerich Nicholas", "Monet Claude", "Kustodiev Boris", "Renoir Pierre-Auguste", "Twombly Cy", "Goya Francisco", "Kustodiev Boris", "Escher M.C.", "Repin Ilya", "Picasso Pablo", "Repin Ilya", "Renoir Pierre-Auguste", "Beksinski Zdislav", "Rembrandt"], "contentId": ["219073.jpg", "228773.jpg", "228954.jpg", "235656.jpg", "218214.jpg", "214302.jpg", "226943.jpg", "212744.jpg", "230184.jpg", "218477.jpg", "231544.jpg", "193913.jpg", "230216.jpg", "204523.jpg", "215284.jpg", "224530.jpg", "215302.jpg", "218993.jpg", "258977.jpg", "220210.jpg"], "Art Nouveau (Modern)": 0.0030661712235847747, "title": ["Still Life", "Kama", "Suuch Khan. Crimea", "The Cat Boat", "Anemones", "The Toboggan", "Tmutarakan", "The Train in the Country", "Headpiece (Winter Street)", "Garland of Fruit and Flowers", "Quattro stagioni, Part III Autunno", "Duke of San Carlos", "Sketch", "Fireworks", "Portrait of the Poet Afanasy Fet", "The beach in Garoupe", "Portrait of V.A. Zhirkevich", "Roses in a Vase", "Untitled", "Landscape with a shepherd and a dog"], "Romanticism": 0.003410242053871782, "scores": [0.0038829167078163747, 0.006465823891049925, 0.007241938330443556, 0.00782282161250171, 0.008645629852171856, 0.0088167989651214, 0.00886237470952336, 0.009360165595483014, 0.009367294943219414, 0.0094772485312323, 0.009556220989118503, 0.009856867320100809, 0.009986065255821953, 0.010280386563848939, 0.010386346371439554, 0.010564108345369114, 0.010621085626198862, 0.010656140161549968, 0.010672371918726381, 0.01071348352730189], "Surrealism": 0.0036062014554140067, "style_labels": ["Impressionism", "Abstract Expressionism", "Art Nouveau (Modern)", "Romanticism", "Surrealism", "Expressionism", "New Realism", "Baroque", "Realism"], "Expressionism": 0.003556769656278332, "year": ["unknown", 1895.0, 1879.0, 1922.0, 1909.0, 1943.0, 1919.0, 1871.0, 1922.0, 1915.0, 1994.0, 1815.0, 1917.0, 1933.0, 1882.0, 1955.0, 1891.0, 1912.0, "unknown", 1653.0], "New Realism": 0.002706510534892495, "Baroque": 0.003706610922291875, "style_dict": {"Impressionism": 5, "Abstract Expressionism": 2, "Art Nouveau (Modern)": 1, "Romanticism": 1, "Surrealism": 2, "Expressionism": 1, "New Realism": 1, "Baroque": 1, "Realism": 6}, "Realism": 0.0028740048986796904, "style_counts": [0.0009876511226554197, 0.0005866583465653497, 0.0006404396987070848, 0.0002963688684201049, 0.0001004094668778377, 0.00014984126601347292, 0.0010001003873993941, 0.0, 0.0008326060236121258]}