{"Neo-Suprematism": 0.008211421417698239, "Northern Renaissance": 0.008517584010457172, "year": ["unknown", "unknown", "unknown", "unknown", 1911.0, 1937.0, 1880.0, 1985.0, 1908.0, 1918.0, "unknown", "unknown", "unknown", 1934.0, 1920.0, "unknown", 1936.0, 1982.0, 1928.0, 1528.0], "style": ["Na\u00efve Art (Primitivism)", "Purism", "Neo-Romanticism", "Neo-Romanticism", "Neo-Romanticism", "Expressionism", "Romanticism", "Pop Art", "Symbolism", "Art Nouveau (Modern)", "Regionalism", "Regionalism", "Romanticism", "Surrealism", "Cubism", "Neo-Suprematism", "Surrealism", "Pop Art", "Abstract Art", "Northern Renaissance"], "Neo-Romanticism": 0.005426440821135311, "title": ["Portrait of Nadia", "Title given the bird in the flowers, study for the Circus", "Troll Som Vasker Ungen Sin", "Dancing troll", "Troll wonders how old he is - Trollet som grunner p\u00e5 hvor gammelt det er", "NOT DETECTED", "Self-portrait", "Bunny Multiple", "Two dryads", "Vignette for book \"N. K. Roerich\"", "Farmer", "Choosin Up", "Consequences of War", "Illustration to \"A Week of Kindness\"", "Seated Female Nude I", "Mystic", "Metamorphose", "Self-Portrait in Drag", "Picture II, Gnomus. (Stage set for Mussorgsky's Pictures at an Exhibition in Friedrich Theater, Dessau)", "Studies on the Proportions of the Female Body"], "Art Nouveau (Modern)": 0.007047375615540034, "Expressionism": 0.00623870535124899, "Symbolism": 0.006785002468011626, "style_dict": {"Neo-Suprematism": 1, "Neo-Romanticism": 3, "Art Nouveau (Modern)": 1, "Northern Renaissance": 1, "Romanticism": 2, "Purism": 1, "Surrealism": 2, "Na\u00efve Art (Primitivism)": 1, "Expressionism": 1, "Abstract Art": 1, "Symbolism": 1, "Pop Art": 2, "Cubism": 1, "Regionalism": 2}, "Regionalism": 0.00716193652951316, "Purism": 0.003895526490791929, "scores": [0.010949583596067795, 0.011259519751121345, 0.014367351571852857, 0.01703401823851952, 0.017367121884845235, 0.01803217775308575, 0.018195435710494354, 0.019591713202092388, 0.019611179510796578, 0.020369535446443012, 0.02047977082426579, 0.021695999343363342, 0.022648043789083992, 0.02265511496166626, 0.023566221929401193, 0.023734060557898676, 0.023967276631391442, 0.024074444905308398, 0.02453887025643817, 0.024618984269333358], "Abstract Art": 0.008489866464201634, "style_counts": [0.00030616259275895175, 0.00309114318932191, 0.001470208394917183, 0.0, 0.0015818859388434525, 0.004622057519665268, 0.0006005594222525668, 0.004729288070270732, 0.0022788786592081722, 0.0011025622666949175, 0.0017325815424455993, 2.7717546255523473e-05, 0.00036423077310254737, 0.0013556474809440777], "artist": ["Leger Fernand ", "Leger Fernand ", "Kittelsen Theodor Severin", "Kittelsen Theodor Severin", "Kittelsen Theodor Severin", "Escher M.C.", "Aivazovsky Ivan ", "Warhol Andy", "Malevich Kazimir", "Roerich Nicholas", "Rockwell Norman", "Rockwell Norman", "Goya Francisco", "Ernst Max", "Escher M.C.", "Malevich Kazimir", "Miro Joan", "Warhol Andy", "Kandinsky Wassily", "Durer Albrecht"], "contentId": ["196121.jpg", "196406.jpg", "322006.jpg", "322032.jpg", "322008.jpg", "204715.jpg", "196767.jpg", "229268.jpg", "219902.jpg", "227024.jpg", "247660.jpg", "247634.jpg", "193887.jpg", "234350.jpg", "204827.jpg", "219721.jpg", "227923.jpg", "300212.jpg", "189367.jpg", "201126.jpg"], "style_labels": ["Neo-Suprematism", "Neo-Romanticism", "Art Nouveau (Modern)", "Northern Renaissance", "Romanticism", "Purism", "Surrealism", "Na\u00efve Art (Primitivism)", "Expressionism", "Pop Art", "Symbolism", "Abstract Art", "Cubism", "Regionalism"], "Romanticism": 0.006935698071613795, "Surrealism": 0.00791702458820463, "Na\u00efve Art (Primitivism)": 0.003788295940186513, "Pop Art": 0.0074150217437622895, "Cubism": 0.008153353237354668}