{"style": ["Metaphysical art", "Realism", "Surrealism", "Realism", "Cubism", "Orientalism", "Northern Renaissance", "Surrealism", "Neoclassicism", "Neoclassicism", "Cubism", "Surrealism", "Surrealism", "Neoclassicism", "High Renaissance", "Realism", "Expressionism", "Neoclassicism", "Realism", "Surrealism"], "style_labels": ["Orientalism", "Northern Renaissance", "High Renaissance", "Surrealism", "Realism", "Expressionism", "Metaphysical art", "Cubism", "Neoclassicism"], "artist": ["Delvaux Paul", "Courbet Gustave", "Ernst Max", "Manet Edouard", "Chagall Marc", "Gerome Jean-Leon", "Bruegel the Elder Pieter", "Delvaux Paul", "Bouguereau William-Adolphe", "Ingres Jean Auguste Dominique ", "Braque Georges ", "Chagall Marc", "Delvaux Paul", "Bouguereau William-Adolphe", "Titian", "Courbet Gustave", "Freud Lucian", "Bouguereau William-Adolphe", "van Gogh Vincent ", "Delvaux Paul"], "contentId": ["243063.jpg", "191816.jpg", "234176.jpg", "192089.jpg", "202690.jpg", "279489.jpg", "186840.jpg", "243165.jpg", "232467.jpg", "193365.jpg", "193601.jpg", "202604.jpg", "243214.jpg", "232352.jpg", "225041.jpg", "191779.jpg", "232032.jpg", "232522.jpg", "206629.jpg", "243019.jpg"], "Orientalism": 0.0028386460380363005, "title": ["Lunar City", "Reclining nude", "Flying geese", "Portrait of Ernest Cabaner", "Jew in Green", "The Standard Bearer", "Christ and the Woman taken in Adultery", "Small square station", "Portrait of Mlle Brissac", "Jupiter and Antiope", "Big trees at Estaque", "Holy Family", "Tribute to Jules Verne", "Baigneuse", "The Annunciation", "Marc Trapadoux is Examining the Book of Prints", "Leigh Bowery", "The Nymphaeum", "Pollard Willow", "Abandonment"], "Northern Renaissance": 0.002860137920935314, "style_counts": [0.0006662517476279106, 0.0006447598647288943, 5.541092689942406e-05, 0.000500420352808506, 0.0006097219596884473, 0.0, 0.00119330241927873, 0.0005117246719624768, 0.00031850721031201346], "High Renaissance": 0.003449486858764837, "scores": [0.006681369962684358, 0.007016391714305105, 0.007681987464482502, 0.007886666219308527, 0.00810870106901092, 0.008204742339003965, 0.008266861870359285, 0.008972392185349868, 0.009276991842688388, 0.009384265447462101, 0.0095177301057419, 0.009547620874251983, 0.009810616257697191, 0.009944101194305607, 0.00997029939580784, 0.009976618140112423, 0.01013045757399677, 0.010198791923584333, 0.0103780349796245, 0.010422219693788176], "Surrealism": 0.003004477432855689, "Realism": 0.002895175825975758, "Expressionism": 0.0035048977856642557, "Metaphysical art": 0.002311595366385525, "year": [1944.0, "unknown", "unknown", 1880.0, 1914.0, 1876.0, 1565.0, 1963.0, 1863.0, 1851.0, 1908.0, 1976.0, 1971.0, 1870.0, 1519.0, 1848.0, 1991.0, 1878.0, 1882.0, 1964.0], "style_dict": {"Orientalism": 1, "Northern Renaissance": 1, "High Renaissance": 1, "Surrealism": 5, "Neoclassicism": 4, "Expressionism": 1, "Metaphysical art": 1, "Cubism": 2, "Realism": 4}, "Cubism": 0.002993173113701748, "Neoclassicism": 0.003186390575352163}