{"style": ["Symbolism", "New Realism", "Post-Impressionism", "Pop Art", "Post-Impressionism", "Realism", "Realism", "Symbolism", "Realism", "Orientalism", "Realism", "Surrealism", "Post-Impressionism", "Pop Art", "Surrealism", "Post-Impressionism", "Academicism", "Proto Renaissance", "Realism", "Symbolism"], "style_labels": ["Symbolism", "Orientalism", "Surrealism", "Pop Art", "New Realism", "Academicism", "Post-Impressionism", "Proto Renaissance", "Realism"], "Symbolism": 0.003195676395991546, "contentId": ["226568.jpg", "362026.jpg", "344302.jpg", "300236.jpg", "206435.jpg", "206738.jpg", "192010.jpg", "226073.jpg", "228964.jpg", "279455.jpg", "206739.jpg", "221604.jpg", "205945.jpg", "300235.jpg", "221790.jpg", "206215.jpg", "279405.jpg", "192722.jpg", "205811.jpg", "226483.jpg"], "Orientalism": 0.0035520819827037117, "artist": ["Roerich Nicholas", "Hopper Edward", "Derain Andre", "Warhol Andy", "van Gogh Vincent ", "van Gogh Vincent ", "Manet Edouard", "Roerich Nicholas", "Shishkin Ivan", "Gerome Jean-Leon", "van Gogh Vincent ", "Dali Salvador", "van Gogh Vincent ", "Warhol Andy", "Dali Salvador", "van Gogh Vincent ", "Gerome Jean-Leon", "Giotto", "van Gogh Vincent ", "Roerich Nicholas"], "year": [1938.0, 1920.0, 1906.0, 1976.0, 1889.0, 1883.0, 1864.0, "unknown", "unknown", 1869.0, 1883.0, 1941.0, 1890.0, 1984.0, 1965.0, 1890.0, "unknown", 1325.0, 1885.0, 1917.0], "style_counts": [0.0006106135740080454, 0.00025420798729580696, 0.0001716660805890502, 0.0004710110395321765, 0.0008704555739734721, 8.545609965993073e-06, 0.0005995053433424102, 0.0, 0.0005200325909321402], "Surrealism": 0.0036346238894105435, "title": ["Shirin and Khosrau", "Les Deux Pigeons", "The Seine at Chatou", "Mimosas", "Park at Arles", "Sand Diggers in Dekkersduin near The Hague", "Battle of Kearsage and Alabama", "Landscape", "The Edge of a Pine Forest", "The Carpet Merchant of Cairo", "Sand Diggers in Dekkersduin near The Hague 2", "The Golden Age - Family of Marsupial Centaurs", "Field with Two Sowers and Trees", "La Grande Passion", "Untitled (St. John from Behind)", "Landscape with Cottages", "Portrait of a Cactus Collector", "Crucifixion", "Cottage with Decrepit Barn and Stooping Woman", "Sacred island"], "scores": [0.007629732095506527, 0.008485652824133947, 0.008758430365306625, 0.008816951580777206, 0.008830759858437388, 0.009571521535525922, 0.009634252834044295, 0.010014256332838438, 0.01014961991762127, 0.01026683744453862, 0.010361908349310101, 0.01055192211563191, 0.010595511724725766, 0.010824098997744176, 0.010851934393547964, 0.010867809046746398, 0.010976893041950299, 0.011001593031650218, 0.011072502720295883, 0.011076184317574768], "Pop Art": 0.0033352789304673743, "New Realism": 0.0029358343960260874, "Academicism": 0.0037977443600335095, "Post-Impressionism": 0.0032067846266570915, "style_dict": {"Surrealism": 2, "Orientalism": 1, "New Realism": 1, "Academicism": 1, "Symbolism": 3, "Pop Art": 2, "Post-Impressionism": 4, "Proto Renaissance": 1, "Realism": 5}, "Proto Renaissance": 0.003806289969999577, "Realism": 0.0032862573790674414}