{"Fauvism": 0.0032352971566058986, "style_counts": [0.0002592951707457436, 0.00033079170005967384, 0.0006723537012647274, 0.0, 0.0001830598213427015, 0.0003637340191761096, 0.0007662776195638266, 0.00010495025378154388, 0.0004289259799944434, 0.0005633498768454759], "Neo-Suprematism": 0.0031638006272919766, "style_labels": ["Fauvism", "Neo-Suprematism", "Surrealism", "Romanticism", "Magic Realism", "Realism", "Symbolism", "Baroque", "Post-Impressionism", "Neoclassicism"], "Surrealism": 0.002822238626086862, "contentId": ["226806.jpg", "258746.jpg", "225704.jpg", "232569.jpg", "210033.jpg", "225546.jpg", "243058.jpg", "206672.jpg", "258832.jpg", "226166.jpg", "219657.jpg", "185974.jpg", "225891.jpg", "278383.jpg", "226424.jpg", "206097.jpg", "216498.jpg", "212844.jpg", "210421.jpg", "194160.jpg"], "artist": ["Roerich Nicholas", "Beksinski Zdislav", "Roerich Nicholas", "Bouguereau William-Adolphe", "Levitan Isaac", "Roerich Nicholas", "Delvaux Paul", "van Gogh Vincent ", "Beksinski Zdislav", "Roerich Nicholas", "Malevich Kazimir", "Mondrian Piet", "Roerich Nicholas", "Earle Eyvind", "Roerich Nicholas", "van Gogh Vincent ", "Rubens Peter Paul", "Monet Claude", "Levitan Isaac", "Goya Francisco"], "Romanticism": 0.0034945923273515867, "Magic Realism": 0.0033115325060088675, "style": ["Symbolism", "Surrealism", "Symbolism", "Neoclassicism", "Realism", "Symbolism", "Surrealism", "Post-Impressionism", "Surrealism", "Symbolism", "Neo-Suprematism", "Fauvism", "Symbolism", "Magic Realism", "Symbolism", "Realism", "Baroque", "Realism", "Realism", "Romanticism"], "Realism": 0.003130858308175494, "scores": [0.006519158873703491, 0.007461796588142226, 0.007789447846805994, 0.008472380394489418, 0.008517195528898944, 0.008737832040430453, 0.008824245719310458, 0.008860915429533954, 0.009077971700064576, 0.00909273131219697, 0.009144559980738898, 0.009351211529855455, 0.009485656268543087, 0.00957156003072314, 0.009702863571337457, 0.009734210962760868, 0.009797325718823567, 0.009853803723231093, 0.010022663259401442, 0.010100670968337654], "year": [1929.0, "unknown", 1924.0, 1869.0, 1895.0, "unknown", 1945.0, 1888.0, "unknown", 1927.0, 1933.0, 1911.0, 1943.0, "unknown", 1945.0, 1885.0, 1625.0, 1858.0, 1892.0, 1779.0], "Symbolism": 0.002728314707787747, "title": ["Temple in Naggar", "Untitled", "Himalayas", "Washerwomen of Fouesnant", "A dull  day. Stubble.", "Dogra Yumtso", "Lamp", "Portrait of Postman Roulin", "Untitled", "Mongolia", "Female Torso", "Church tower at Domburg", "Idols", "Morning Fog", "Remember", "Head of a Peasant Woman with White Cap", "Marie de Medicis as Bellona", "View At Rouelles Le Havre", "The Vladimir's road", "The Swing"], "Baroque": 0.0033896420735700854, "Post-Impressionism": 0.0030656663473572036, "style_dict": {"Fauvism": 1, "Neo-Suprematism": 1, "Magic Realism": 1, "Romanticism": 1, "Surrealism": 3, "Neoclassicism": 1, "Symbolism": 6, "Baroque": 1, "Post-Impressionism": 1, "Realism": 4}, "Neoclassicism": 0.0029312424505061833}