{"High Renaissance": 0.003436522693709278, "year": [1871.0, "unknown", 1950.0, 1867.0, 1860.0, 1893.0, 1935.0, 1882.0, 1981.0, "unknown", 1873.0, 1870.0, 1817.0, 1927.0, 1938.0, 1516.0, 1514.0, 1613.0, 1908.0, 1510.0], "New Realism": 0.003519509913995212, "Baroque": 0.0035952340619682583, "style": ["Neoclassicism", "Regionalism", "Expressionism", "Realism", "Orientalism", "Impressionism", "Expressionism, Neoclassicism", "Realism", "Expressionism", "Orientalism", "Realism", "Romanticism", "Neoclassicism", "New Realism", "Surrealism", "High Renaissance", "High Renaissance", "Baroque", "Art Nouveau (Modern)", "High Renaissance"], "title": ["Little\u00a0sulky", "Piano Tune", "Oysters", "Tatyana Repina, the Artist's Mother", "Arab Horses Fighting in a Stable", "Portrait of Antonio Elegido", "The Cup of Tea", "The Daughters of Edward Darley Boit", "Guy and Speck", "Bashi-Bazouk and his Dog", "The Trout", "The Halberdsman", "Henry IV Recieving The Ambassador of Spain", "Automat", "Imperial Violets", "The Tribute Money", "The Liberation of St. Peter, in the Stanza D'Eliodoro", "Jupiter and Callisto", "Prologue. Forest.", "Christ and the Adulteress"], "Art Nouveau (Modern)": 0.003601884457443654, "Expressionism": 0.0029664382603329553, "style_dict": {"Impressionism": 1, "Art Nouveau (Modern)": 1, "Orientalism": 2, "Romanticism": 1, "High Renaissance": 3, "Surrealism": 1, "Neoclassicism": 2, "Expressionism": 2, "New Realism": 1, "Expressionism, Neoclassicism": 1, "Baroque": 1, "Realism": 3, "Regionalism": 1}, "Neoclassicism": 0.003117996099008611, "Regionalism": 0.002852950268909213, "Impressionism": 0.0029064091031493875, "scores": [0.008217636480209692, 0.008246086883937458, 0.00827959621982725, 0.008344329207132836, 0.008357213717935129, 0.00840060278863531, 0.008523547840251125, 0.008674803843015461, 0.009189396666202825, 0.009408040542599777, 0.009739227724313052, 0.009845214670822356, 0.010143862021410023, 0.01017269205704732, 0.010196899108235727, 0.010197703121201223, 0.01023051756559477, 0.010391562995739363, 0.010410785111000288, 0.01045648514024075], "Expressionism, Neoclassicism": 0.0029489451718332665, "Realism": 0.0029773867545598498, "style_counts": [0.0006954753542942615, 0.0005851375684380322, 0.0, 0.00019567394354480516, 0.00016536176373438405, 7.399947850317279e-05, 0.0006244977028838639, 0.0006354461971107561, 8.237454344850459e-05, 0.0006529392856103877, 6.650395475427118e-06, 0.0004838883584350473, 0.0007489341885345002], "artist": ["Bouguereau William-Adolphe", "Rockwell Norman", "Braque Georges ", "Repin Ilya", "Delacroix Eugene ", "Sorolla Joaqu\u00edn", "Derain Andre", "Sargent John Singer", "Freud Lucian", "Gerome Jean-Leon", "Courbet Gustave", "Corot Camille ", "Ingres Jean Auguste Dominique ", "Hopper Edward", "Dali Salvador", "Titian", "Raphael", "Rubens Peter Paul", "Roerich Nicholas", "Titian"], "contentId": ["232422.jpg", "247773.jpg", "193682.jpg", "215394.jpg", "187940.jpg", "251109.jpg", "256184.jpg", "265698.jpg", "231994.jpg", "279323.jpg", "191938.jpg", "199799.jpg", "193348.jpg", "235527.jpg", "221061.jpg", "225064.jpg", "210621.jpg", "216472.jpg", "226401.jpg", "224856.jpg"], "Orientalism": 0.003016746889005692, "style_labels": ["Impressionism", "Orientalism", "Art Nouveau (Modern)", "Romanticism", "High Renaissance", "Surrealism", "Realism", "Expressionism", "New Realism", "Expressionism, Neoclassicism", "Baroque", "Neoclassicism", "Regionalism"], "Romanticism": 0.003406210513898898, "Surrealism": 0.0035278849789405}