{"Impressionism": 0.003453835275210258, "style": ["Synthetic Cubism", "Impressionism", "Impressionism", "Post-Impressionism", "Cubism, Expressionism", "Cubism, Expressionism", "unknown", "Surrealism", "Na\u00efve Art (Primitivism)", "Impressionism", "Post-Impressionism", "Surrealism", "Na\u00efve Art (Primitivism)", "Impressionism", "Na\u00efve Art (Primitivism)", "Baroque", "Northern Renaissance", "Na\u00efve Art (Primitivism)", "Post-Impressionism", "Impressionism"], "style_labels": ["Impressionism", "Cubism, Expressionism", "unknown", "Northern Renaissance", "Surrealism", "Na\u00efve Art (Primitivism)", "Baroque", "Post-Impressionism", "Synthetic Cubism"], "Cubism, Expressionism": 0.003676384509845452, "unknown": 0.003800983541388146, "artist": ["Braque Georges ", "Pissarro Camille ", "Renoir Pierre-Auguste", "Cezanne Paul", "Dali Salvador", "Braque Georges ", "Matisse Henri", "Beksinski Zdislav", "Chagall Marc", "Renoir Pierre-Auguste", "van Gogh Vincent ", "Dali Salvador", "Rousseau Henri", "Renoir Pierre-Auguste", "Chagall Marc", "Rubens Peter Paul", "Bosch Hieronymus", "Chagall Marc", "Cezanne Paul", "Degas Edgar"], "Northern Renaissance": 0.004149509868008284, "style_counts": [0.0006956745927980679, 0.0004731253581629069, 0.000348526326620191, 0.0, 0.0003508004970708134, 0.00030334242802587674, 4.066397529445265e-05, 0.0003878271467191441, 0.0019413346228716044], "style_dict": {"Impressionism": 5, "Cubism, Expressionism": 2, "unknown": 1, "Northern Renaissance": 1, "Surrealism": 2, "Na\u00efve Art (Primitivism)": 4, "Baroque": 1, "Post-Impressionism": 3, "Synthetic Cubism": 1}, "Surrealism": 0.0037987093709374825, "Na\u00efve Art (Primitivism)": 0.003846167439982404, "scores": [0.006382447365028668, 0.008957769282662672, 0.009230148740570439, 0.010256250950818183, 0.010747575380056402, 0.010902204326328909, 0.010986255480256444, 0.011060072338067984, 0.0111430020976654, 0.01125674944581377, 0.011271221089041081, 0.011310063546558318, 0.01163411341144644, 0.011649686590519133, 0.011796075605078756, 0.011876092125847915, 0.011993626131602587, 0.012265781166880148, 0.012279510953249946, 0.012285403253341036], "contentId": ["193807.jpg", "208610.jpg", "218604.jpg", "216012.jpg", "221092.jpg", "193621.jpg", "9223372032559820498.jpg", "258646.jpg", "202803.jpg", "219439.jpg", "206269.jpg", "221187.jpg", "191313.jpg", "219021.jpg", "202769.jpg", "216690.jpg", "195326.jpg", "202671.jpg", "215535.jpg", "213267.jpg"], "year": [1913.0, 1870.0, 1890.0, 1886.0, 1923.0, 1937.0, 1918.0, 1957.0, 1931.0, 1915.0, 1890.0, 1934.0, 1910.0, 1912.0, 1931.0, 1612.0, 1502.0, 1931.0, 1902.0, 1907.0], "title": ["Violin and Glass", "The Banks of the Oise at Pontoise", "Landscape", "Trees and houses", "Landscape Near Cadaques", "Figure double", "Autumn in Cagnes", "Untitled", "Moses spreads death among the Egyptians", "Woman in White in the Garden at Colettes", "Mademoiselle Gachet at the Piano", "Night Spectre on the Beach", "Jungle with Lion", "Seated couple", "Moses  breaks Tablets of Law", "The Resurrection of Christ", "Haywain (detail)", "Jacob weeps over Joseph's tunic", "Child in a Straw Hat", "After Bathing, Woman Drying Herself"], "Baroque": 0.004108845892713902, "Post-Impressionism": 0.0037616827212891817, "Synthetic Cubism": 0.0022081752451367383}