{"Impressionism": 0.0019937818656623005, "style": ["Baroque", "Neoclassicism", "Baroque", "Expressionism", "Realism", "Realism", "Baroque", "Baroque", "Impressionism", "Romanticism", "Rococo", "Impressionism", "Op Art", "Surrealism", "Romanticism", "Romanticism", "Romanticism", "Romanticism", "Symbolism", "Realism"], "style_labels": ["Impressionism", "Op Art", "Romanticism", "Surrealism", "Neoclassicism", "Expressionism", "Symbolism", "Baroque", "Rococo", "Realism"], "artist": ["Rembrandt", "Ingres Jean Auguste Dominique ", "Rembrandt", "Modigliani Amedeo ", "Sargent John Singer", "Corot Camille ", "Rubens Peter Paul", "Rembrandt", "Sorolla Joaqu\u00edn", "Delacroix Eugene ", "Longhi Pietro ", "Sorolla Joaqu\u00edn", "Escher M.C.", "Dali Salvador", "Goya Francisco", "Goya Francisco", "Goya Francisco", "Goya Francisco", "B\u00f6cklin Arnold", "Sargent John Singer"], "Op Art": 0.002119689888024178, "contentId": ["220158.jpg", "193450.jpg", "220687.jpg", "189779.jpg", "266114.jpg", "199604.jpg", "216454.jpg", "220237.jpg", "251265.jpg", "187920.jpg", "185170.jpg", "251129.jpg", "204784.jpg", "221669.jpg", "193898.jpg", "193843.jpg", "193929.jpg", "194062.jpg", "260617.jpg", "265816.jpg"], "title": ["Hendrickje Stoffels in velvet beret", "Portrait of a young man", "The Virgin of Sorrow", "Viking Eggeling", "Flora Priestley (also known as Lamplight Study)", "Madame Corot, the Artist's Mother, Born Marie Francoise Oberson", "Helena Fourment", "Mater Dolorosa", "Queen Victoria Eugenia of Spain", "Two Figures", "The Pharmacist", "A Portrait of Basil Mundy", "Prelim Drawing Ceiling Decoration for Philips_", "The Royal Heart", "Don Andres del Peral", "Actress Antonia Zarate", "Francisco Bayeu", "Self portrait with spectacles", "Medusa", "Caroline de Bassano, Marquise d'Espeuilles"], "Romanticism": 0.002021967790899729, "scores": [0.004468418658815076, 0.004733312979774295, 0.004940491606076585, 0.005018733723976791, 0.005139328642459809, 0.005373203087762952, 0.005555055047301529, 0.005680855508296265, 0.005724497560519012, 0.00587958408405806, 0.0058930316041838305, 0.006016640521903516, 0.0061266917878431675, 0.00613008819271775, 0.006184463484081856, 0.006327104353611975, 0.0063441384771996435, 0.006514651006019425, 0.006544736298654797, 0.006600585580732882], "Surrealism": 0.0021208649634674335, "Neoclassicism": 0.0016376139044548253, "Expressionism": 0.0017363627049932885, "year": ["unknown", 1804.0, 1661.0, 1916.0, 1889.0, 1835.0, "unknown", 1660.0, 1911.0, "unknown", "unknown", 1908.0, 1951.0, "unknown", 1798.0, 1811.0, 1795.0, 1801.0, "unknown", 1884.0], "Symbolism": 0.0022643233628253275, "Baroque": 0.001695242952120174, "Rococo": 0.0020388490124444176, "style_dict": {"Impressionism": 2, "Op Art": 1, "Romanticism": 5, "Surrealism": 1, "Neoclassicism": 1, "Expressionism": 1, "Symbolism": 1, "Baroque": 4, "Rococo": 1, "Realism": 3}, "Realism": 0.0019041662992860923, "style_counts": [0.0002705414971629905, 0.00014463347480120348, 0.00024235557192564539, 0.00014345839935792082, 0.0006267094583705113, 0.0005279606578320051, 0.0, 0.0005690804107051362, 0.00022547435038089425, 0.0003601570635392015]}