{"Fauvism": 0.00399359524363666, "style": ["Realism", "Surrealism", "Expressionism", "Symbolism", "Post-Impressionism", "Fauvism", "Neo-Expressionism", "Na\u00efve Art (Primitivism)", "Realism", "Symbolism", "Cubism", "Realism", "Surrealism", "Symbolism", "Baroque", "Pop Art", "Post-Impressionism", "Symbolism", "Realism", "High Renaissance"], "style_labels": ["Fauvism", "Neo-Expressionism", "High Renaissance", "Surrealism", "Na\u00efve Art (Primitivism)", "Expressionism", "Symbolism", "Pop Art", "Baroque", "Post-Impressionism", "Cubism", "Realism"], "Neo-Expressionism": 0.004085937007079834, "contentId": ["215008.jpg", "203031.jpg", "221493.jpg", "225781.jpg", "205839.jpg", "185984.jpg", "231509.jpg", "202493.jpg", "210307.jpg", "226704.jpg", "202959.jpg", "229970.jpg", "224475.jpg", "226783.jpg", "219997.jpg", "229264.jpg", "207384.jpg", "185359.jpg", "277380.jpg", "199156.jpg"], "artist": ["Repin Ilya", "Chagall Marc", "Dali Salvador", "Roerich Nicholas", "van Gogh Vincent ", "Mondrian Piet", "Twombly Cy", "Chagall Marc", "Levitan Isaac", "Roerich Nicholas", "Chagall Marc", "Kustodiev Boris", "Picasso Pablo", "Roerich Nicholas", "Rembrandt", "Warhol Andy", "van Gogh Vincent ", "Munch Edvard ", "Zorn Anders", "Perugino Pietro "], "style_counts": [0.0005050134689837948, 0.0004126717055406015, 0.0, 0.0007227001828872259, 0.00039960955079698657, 0.0007731406966599019, 0.00047961353596048806, 6.474453428761962e-05, 8.942087719543412e-05, 0.00038463193761728576, 0.00022726309809406597, 0.0006804595498322019], "High Renaissance": 0.004498608712620405, "scores": [0.00920733565040065, 0.009775027205999882, 0.010767987538277696, 0.011279400498635612, 0.011357623280465608, 0.011542974904675856, 0.011809876929806331, 0.011847631412974373, 0.011966814171510142, 0.01211816525666708, 0.012345776732440682, 0.012424322640516416, 0.012460837307426975, 0.01266938851581692, 0.012744191994771548, 0.012815515799400773, 0.012869083870943432, 0.012876729698654388, 0.012899290724307105, 0.01300265157278364], "Surrealism": 0.0037759085297331832, "title": ["In the township board", "Song of Songs II", "Still Life (Pulpo y scorpa)", "Himalayas", "Crab on It`s Back", "Mill in Sunlight: The Winkel Mill", "Leaving Paphos Ringed With Waves V", "Clock", "Moonlit Night", "Steps of the Himalayas", "Red Jew", "Portrait of a priest and a deacon", "Still life with candle", "Sunset", "A Young Man at a Table (possibly Govaert Flinck)", "Big electric chair", "Vincent's House", "Four Ages in Life", "Old soldier", "St.\u00a0Augustine and four States of a fraternity"], "Na\u00efve Art (Primitivism)": 0.004098999161823389, "Expressionism": 0.0037254680159605033, "year": [1877.0, 1957.0, 1922.0, "unknown", 1889.0, 1908.0, 2009.0, 1914.0, 1899.0, 1924.0, 1915.0, 1907.0, 1937.0, 1933.0, 1660.0, 1967.0, 1888.0, 1902.0, 1911.0, 1498.0], "Symbolism": 0.004018995176659973, "Pop Art": 0.004433864178332857, "Baroque": 0.004409187835424933, "Post-Impressionism": 0.004113976775003082, "style_dict": {"Fauvism": 1, "Neo-Expressionism": 1, "High Renaissance": 1, "Surrealism": 2, "Na\u00efve Art (Primitivism)": 1, "Expressionism": 1, "Symbolism": 4, "Pop Art": 1, "Baroque": 1, "Post-Impressionism": 2, "Cubism": 1, "Realism": 4}, "Cubism": 0.004271345614526379, "Realism": 0.0038181491627882007}