{"Impressionism": 0.0031469758072308427, "style": ["Surrealism", "Impressionism", "Realism", "Surrealism", "Romanticism", "Realism", "Realism", "Symbolism", "Expressionism", "Na\u00efve Art (Primitivism)", "Surrealism", "Surrealism", "Symbolism", "Romanticism", "Art Nouveau (Modern)", "Realism", "Expressionism", "Ukiyo-e", "Expressionism", "Impressionism"], "style_labels": ["Impressionism", "Art Nouveau (Modern)", "Ukiyo-e", "Romanticism", "Surrealism", "Na\u00efve Art (Primitivism)", "Expressionism", "Symbolism", "Realism"], "artist": ["Dali Salvador", "Sorolla Joaqu\u00edn", "Kustodiev Boris", "Chagall Marc", "Cezanne Paul", "Sargent John Singer", "Kustodiev Boris", "Roerich Nicholas", "Pollock Jackson ", "Chagall Marc", "Beksinski Zdislav", "Beksinski Zdislav", "Roerich Nicholas", "Aivazovsky Ivan ", "Toulouse-Lautrec Henri de", "Sargent John Singer", "Kirchner Ernst Ludwig", "Hokusai Katsushika", "Pollock Jackson ", "Sorolla Joaqu\u00edn"], "contentId": ["221767.jpg", "251193.jpg", "229755.jpg", "203048.jpg", "215757.jpg", "266421.jpg", "230189.jpg", "226158.jpg", "185285.jpg", "203115.jpg", "258866.jpg", "258867.jpg", "225809.jpg", "196776.jpg", "230476.jpg", "266169.jpg", "252105.jpg", "222193.jpg", "185292.jpg", "251315.jpg"], "Art Nouveau (Modern)": 0.003743488077357784, "title": ["Untitled - Scene with Marine Allegory", "Fishing Nets", "By Window", "Song of Songs IV", "Portrait of Gustave Boyer", "Nude Study", "Self Portrait", "Mists", "Landscape with Steer", "Tchitchikov on his bed", "Untitled", "Untitled", "Himalayas", "Ship at sea", "La Goulue and Valentin, Waltz", "Kneeling Model", "Railway in Dresden", "Fuji\u00a0Blue", "Mask", "The Net"], "Ukiyo-e": 0.0038774389824627656, "Romanticism": 0.00332357361160934, "scores": [0.0068661654372983326, 0.007109671384473916, 0.00869757242535241, 0.00874471223004986, 0.008766525680413558, 0.008836143191461945, 0.009418266144877304, 0.009430687520385023, 0.009548362125715772, 0.0096694893297776, 0.010103557767238817, 0.010347439259347608, 0.01051904708018101, 0.010805593703889487, 0.010820072214815952, 0.011024335181908979, 0.011077475402487547, 0.011207240127876019, 0.01134919585197412, 0.011422485082134618], "Surrealism": 0.0029612094697600835, "Na\u00efve Art (Primitivism)": 0.0033454137182740117, "Expressionism": 0.003557842786603425, "year": [1945.0, 1893.0, 1921.0, 1958.0, 1871.0, "unknown", 1920.0, "unknown", 1937.0, 1923.0, "unknown", "unknown", "unknown", 1870.0, "unknown", "unknown", 1909.0, "unknown", 1941.0, 1893.0], "Symbolism": 0.0033876970692416465, "style_dict": {"Impressionism": 2, "Art Nouveau (Modern)": 1, "Ukiyo-e": 1, "Romanticism": 2, "Surrealism": 4, "Na\u00efve Art (Primitivism)": 1, "Expressionism": 3, "Symbolism": 2, "Realism": 4}, "Realism": 0.003118413291445297, "style_counts": [0.0007304631752318436, 0.00013395090510492924, 0.0, 0.0005538653708534458, 0.0009162295127026487, 0.000532025264188718, 0.0003195961958593063, 0.0004897419132210423, 0.0007590256910174897]}