{"High Renaissance": 0.003902358363784369, "year": [1967.0, 1978.0, 1974.0, 1862.0, 1508.0, 1867.0, 1931.0, "unknown", 1979.0, 1925.0, "unknown", 1957.0, 1943.0, 1934.0, 1865.0, 1881.0, 1913.0, 1614.0, 1978.0, 1910.0], "style": ["Abstract Expressionism", "Abstract Expressionism", "Surrealism", "Realism", "High Renaissance", "Neoclassicism", "Surrealism", "Romanticism", "Magic Realism", "Realism", "Na\u00efve Art (Primitivism)", "Surrealism", "Symbolism", "Post-Impressionism", "Realism", "Realism", "Abstract Art", "Baroque", "Surrealism", "Expressionism"], "title": ["Red Mandala", "Tulip", "Cranach Metamorphosis (Woman in a Mirror)", "Sleeping Nude Woman", "Portrait of a Man", "The\u00a0bird\u00a0Ch\u00a0ri", "Nocturnes", "Bather Sleeping by a Brook", "Antique Shop", "Figure from the Back", "The Musicians", "The birds", "Slavic land", "Portrait of Artist s Daughter", "Jesus mocked by the Soldiers", "Dr. Pozzi at Home", "Color Study: Squares with Concentric Circles", "Venus Frigida", "Ampurdanese Landscape,", "The cow"], "Expressionism": 0.004878433822010106, "Symbolism": 0.004464144888082764, "style_dict": {"Abstract Expressionism": 2, "Magic Realism": 1, "Romanticism": 1, "High Renaissance": 1, "Surrealism": 4, "Neoclassicism": 1, "Expressionism": 1, "Symbolism": 1, "Abstract Art": 1, "Baroque": 1, "Post-Impressionism": 1, "Realism": 4, "Na\u00efve Art (Primitivism)": 1}, "Neoclassicism": 0.004221305918997669, "Magic Realism": 0.00431482578378605, "scores": [0.007125363091277658, 0.009471716975211916, 0.01045775824473161, 0.010484135297738225, 0.011279266403872227, 0.012201143409710777, 0.012331763372035953, 0.012447233143863975, 0.012471450585697383, 0.012523320646327166, 0.01258361550091914, 0.012867047868932852, 0.012903038307670955, 0.012984858971990025, 0.013157624737285654, 0.013261332006232512, 0.013389651334074644, 0.013699113392426729, 0.014039680128274123, 0.014100487341903455], "Abstract Art": 0.004632501441205842, "Baroque": 0.004739567965609379, "Post-Impressionism": 0.00449245289520868, "Realism": 0.0040586342931128744, "style_counts": [0.0020600565039670116, 0.0007976419547693903, 0.0008197995288972137, 0.0005719866980858912, 0.0009760754582257558, 0.0005636080382240838, 0.0005248016407718437, 0.0, 0.00041428893392736477, 0.00024593238080428126, 0.00013886585640077165, 0.0003859809268014214, 0.0006571279030124222], "Abstract Expressionism": 0.002818377318043138, "artist": ["Holbrook Carter Clarence", "Holbrook Carter Clarence", "Dali Salvador", "Courbet Gustave", "Titian", "Bouguereau William-Adolphe", "Delvaux Paul", "Courbet Gustave", "Holbrook Carter Clarence", "Dali Salvador", "Botero Fernando", "Chagall Marc", "Roerich Nicholas", "Malevich Kazimir", "Manet Edouard", "Sargent John Singer", "Kandinsky Wassily", "Rubens Peter Paul", "Dali Salvador", "Kandinsky Wassily"], "contentId": ["345402.jpg", "345404.jpg", "220888.jpg", "191846.jpg", "224946.jpg", "232544.jpg", "243072.jpg", "191713.jpg", "345408.jpg", "220978.jpg", "281243.jpg", "203132.jpg", "226638.jpg", "219765.jpg", "192045.jpg", "266095.jpg", "282911.jpg", "216723.jpg", "220762.jpg", "189418.jpg"], "style_labels": ["Abstract Expressionism", "Surrealism", "Realism", "Romanticism", "High Renaissance", "Magic Realism", "Na\u00efve Art (Primitivism)", "Expressionism", "Symbolism", "Abstract Art", "Baroque", "Post-Impressionism", "Neoclassicism"], "Romanticism": 0.0043064471239243046, "Surrealism": 0.00408079186724072, "Na\u00efve Art (Primitivism)": 0.004353632181238329}