{"Northern Renaissance": 0.006326658261641169, "year": [1958.0, 1918.0, 1951.0, 1951.0, 1918.0, 1928.0, 1939.0, 1951.0, "unknown", 1878.0, 1900.0, 1967.0, 1869.0, 1918.0, 1557.0, 1921.0, 1860.0, 1927.0, 1958.0, 1637.0], "Baroque": 0.0066742119735454086, "style": ["Surrealism", "Abstract Art", "Purism", "Purism", "Abstract Art, Precisionism", "Abstract Art", "Surrealism", "Purism", "Neoclassicism", "Neoclassicism", "Neo-Romanticism", "Abstract Expressionism", "Neoclassicism", "Expressionism", "Northern Renaissance", "Cubism", "Romanticism", "Symbolism", "Surrealism", "Baroque"], "Neo-Romanticism": 0.005990535179317216, "title": ["Landscape Near Port Lligat", "Series I, No. 8", "Sacred Heart of Audincourt", "Sacred Heart of Audincourt", "Music Pink and Blue", "Neuer Stadtteil in M", "The Dream of Venus", "Sacred Heart of Audincourt", "Charity", "Prayer", "Me, me, me, me they will lead far away from the country", "Red Mandala", "The Knitting Girl", "Young Farmer", "Parable of the Sower", "The Breakfast", "The Kiss of the Muse", "The unspilling vessel", "Ascension", "The Rape of the Sabine Women"], "Expressionism": 0.006170870645453373, "Symbolism": 0.006592297005474331, "style_dict": {"Abstract Expressionism": 1, "Neo-Romanticism": 1, "Northern Renaissance": 1, "Romanticism": 1, "Purism": 3, "Surrealism": 3, "Baroque": 1, "Expressionism": 1, "Symbolism": 1, "Abstract Art": 2, "Abstract Art, Precisionism": 1, "Cubism": 1, "Neoclassicism": 3}, "Neoclassicism": 0.005783209091092017, "Purism": 0.005138689220372157, "scores": [0.012309311002841562, 0.013145486312481015, 0.013713880220327084, 0.016035871580758476, 0.0160623897946979, 0.0160772055141532, 0.01633992097732634, 0.016432659622613043, 0.016983611103518058, 0.017283331023015866, 0.017314873696981918, 0.017319284590993387, 0.017707896230151662, 0.017836110235248906, 0.018286394361308078, 0.018697521726316668, 0.019023921955236514, 0.019054189084286462, 0.01912264630296512, 0.019290953794548073], "Abstract Art": 0.00496235310587198, "Abstract Art, Precisionism": 0.005557205487777581, "style_counts": [0.0006821507296314033, 0.0006836767942282052, 0.0003475537119043137, 9.238667606759066e-05, 0.00020531340531204645, 0.0015355227531732574, 0.0013586637290357029, 0.000503341328092044, 8.1914968071084e-05, 0.0017118588676734436, 0.0011170064857678463, 0.0, 0.0008910028824534733], "Abstract Expressionism": 0.005992061243914069, "artist": ["Dali Salvador", "O'Keeffe Georgia", "Leger Fernand ", "Leger Fernand ", "O'Keeffe Georgia", "Klee Paul", "Dali Salvador", "Leger Fernand ", "Bouguereau William-Adolphe", "Bouguereau William-Adolphe", "Kittelsen Theodor Severin", "Holbrook Carter Clarence", "Bouguereau William-Adolphe", "Modigliani Amedeo ", "Bruegel the Elder Pieter", "Leger Fernand ", "Cezanne Paul", "Roerich Nicholas", "Dali Salvador", "Rubens Peter Paul"], "contentId": ["221094.jpg", "231852.jpg", "196141.jpg", "196140.jpg", "231737.jpg", "282742.jpg", "221575.jpg", "196139.jpg", "232362.jpg", "232471.jpg", "321766.jpg", "345402.jpg", "232513.jpg", "9223372032559820562.jpg", "9223372032559808852.jpg", "196228.jpg", "215975.jpg", "226880.jpg", "220795.jpg", "216689.jpg"], "style_labels": ["Abstract Expressionism", "Neo-Romanticism", "Northern Renaissance", "Romanticism", "Cubism", "Purism", "Surrealism", "Expressionism", "Symbolism", "Abstract Art", "Abstract Art, Precisionism", "Baroque", "Neoclassicism"], "Romanticism": 0.006581825297477855, "Surrealism": 0.005315548244509713, "Cubism": 0.00646889856823337}