{"style_labels": ["Abstract Expressionism", "Cubo-Futurism", "Cubism, Expressionism", "Op Art", "Art Nouveau (Modern)", "Neo-Expressionism", "Dada", "High Renaissance", "Surrealism", "Na\u00efve Art (Primitivism)", "Expressionism", "Abstract Art", "Post-Impressionism", "Cubism", "Realism"], "High Renaissance": 0.0037778423543538943, "year": [1928.0, 1914.0, 1941.0, 1913.0, "unknown", 1520.0, 1923.0, 1899.0, "unknown", "unknown", 1907.0, 1883.0, 1968.0, 1891.0, 1916.0, 1964.0, 1981.0, 1886.0, 1890.0, 1883.0], "style": ["Expressionism", "Dada", "Surrealism", "Cubo-Futurism", "Na\u00efve Art (Primitivism)", "High Renaissance", "Cubism, Expressionism", "Realism", "Art Nouveau (Modern)", "Na\u00efve Art (Primitivism)", "Cubism", "Realism", "Op Art", "Realism", "Abstract Art", "Abstract Expressionism", "Neo-Expressionism", "Realism", "Post-Impressionism", "Realism"], "Neo-Expressionism": 0.004289804914342719, "Art Nouveau (Modern)": 0.004063313121507656, "Expressionism": 0.002688747473608334, "style_dict": {"Abstract Expressionism": 1, "Cubo-Futurism": 1, "Cubism, Expressionism": 1, "Op Art": 1, "Art Nouveau (Modern)": 1, "Neo-Expressionism": 1, "Dada": 1, "High Renaissance": 1, "Surrealism": 1, "Na\u00efve Art (Primitivism)": 2, "Expressionism": 1, "Abstract Art": 1, "Post-Impressionism": 1, "Cubism": 1, "Realism": 5}, "Cubo-Futurism": 0.0034846953538754757, "Cubism, Expressionism": 0.003927331440949509, "Dada": 0.003082546251795043, "scores": [0.0077714797618321915, 0.008909704628597071, 0.010008582715520202, 0.010072065035713656, 0.010759795543099398, 0.01091936884680845, 0.011351447880818108, 0.011513449871562241, 0.011744485489894636, 0.01188974975000818, 0.01197207531189487, 0.012016774919783299, 0.012024425038705232, 0.012082768323896221, 0.01217885798257105, 0.012374646833645071, 0.012399130971300371, 0.012420778719608094, 0.012584517831860003, 0.01260026009728979], "Abstract Art": 0.004213595690346685, "Post-Impressionism": 0.004353944366319157, "Realism": 0.003923209263351448, "style_counts": [7.261038226025196e-05, 0.0008692490124436736, 0.0004266129253697182, 0.00019377880773463474, 0.00029063124481154556, 6.413945197647486e-05, 0.001271398114524147, 0.0005761020119653404, 0.0008912123879230016, 0.0005077880266283197, 0.0016651968927108296, 0.00014034867597245704, 0.0, 0.00021189057023274227, 0.00043073510296776085], "Abstract Expressionism": 0.004281333984058955, "artist": ["Serebriakova Zinaida", "Ray Man", "Dali Salvador", "Malevich Kazimir", "Leger Fernand ", "Titian", "Dali Salvador", "Bouguereau William-Adolphe", "Vallotton  Felix", "Leger Fernand ", "Picasso Pablo", "van Gogh Vincent ", "Escher M.C.", "Repin Ilya", "Kandinsky Wassily", "Miro Joan", "Basquiat Jean-Michel ", "Bouguereau William-Adolphe", "van Gogh Vincent ", "van Gogh Vincent "], "Op Art": 0.004160165558584594, "contentId": ["227289.jpg", "210864.jpg", "220759.jpg", "219718.jpg", "196109.jpg", "225034.jpg", "221092.jpg", "232426.jpg", "271101.jpg", "196220.jpg", "224555.jpg", "207221.jpg", "204603.jpg", "215107.jpg", "189424.jpg", "325169.jpg", "203825.jpg", "232563.jpg", "206293.jpg", "206450.jpg"], "title": ["Market in Marrakesh", "Ridgefield Landscape", "Allegory of Sunset Air (Allegory of the Everning)", "Moving Carriage", "Part campaign", "Studies of Saint Sebastian", "Landscape Near Cadaques", "Love\u00a0and\u00a0Psyche", "Cover of the Romanian Symbolist and avant garde magazine Chemarea (The Calling)", "The Bathers", "The girls of Avignon (study)", "Three Persons Returning from the Potato Field", "Metamorphosis III excerpt 2", "Portrait of Aleksandr Zhirkevich", "To the Unknown Voice", "Untitled", "Gringo Pilot (Anola Gay)", "Thirst", "Man with Scythe in Wheat Field", "Path to the Beach"], "Surrealism": 0.00346273197839617, "Na\u00efve Art (Primitivism)": 0.0038461563396908266, "Cubism": 0.004142053796086448}