{"Impressionism": 0.0014571592008219682, "style": ["Na\u00efve Art (Primitivism)", "Impressionism", "Impressionism", "Abstract Expressionism", "Impressionism", "Symbolism", "Na\u00efve Art (Primitivism)", "Impressionism", "Surrealism", "Impressionism", "Symbolism", "Symbolism", "Impressionism", "Symbolism", "Realism", "Symbolism", "Impressionism", "Romanticism", "Impressionism", "Symbolism"], "Abstract Expressionism": 0.0014785538620350376, "artist": ["Chagall Marc", "Renoir Pierre-Auguste", "Sisley Alfred", "Rothko Mark", "Sargent John Singer", "Roerich Nicholas", "Chagall Marc", "Degas Edgar", "Beksinski Zdislav", "Sargent John Singer", "Roerich Nicholas", "Redon Odilon", "Monet Claude", "Roerich Nicholas", "Roerich Nicholas", "Roerich Nicholas", "Sisley Alfred", "Aivazovsky Ivan ", "Sisley Alfred", "Roerich Nicholas"], "contentId": ["265151.jpg", "218702.jpg", "238208.jpg", "242117.jpg", "265727.jpg", "226162.jpg", "202591.jpg", "213598.jpg", "258726.jpg", "265714.jpg", "226120.jpg", "248189.jpg", "211929.jpg", "226799.jpg", "226281.jpg", "226048.jpg", "238257.jpg", "196526.jpg", "238203.jpg", "226800.jpg"], "title": ["Now the King loved science and geometry...", "Low Tide at Yport", "Village of Champagne at Sunset April", "Untitled", "Palazzo Labia, Venice", "Monastery (Brahmaputra)", "Gogol and Chagall", "Portrait of Eugene Manet (study)", "Untitled", "A boating party", "Maitreya. Tibet.", "The Birth of Venus", "Flood at Giverny", "Tarbagatai", "Old Ladoga. Fortress.", "Lake Hyumpola", "Haystacks at Moret Morning Light", "Fishermen Returning Near Naples", "The Port of Saint Mammes, Morning", "Tashiding"], "Romanticism": 0.0019614768787541755, "Surrealism": 0.001703794243380784, "style_labels": ["Impressionism", "Abstract Expressionism", "Romanticism", "Surrealism", "Na\u00efve Art (Primitivism)", "Symbolism", "Realism"], "Na\u00efve Art (Primitivism)": 0.0012237011168825325, "scores": [0.002577991063774046, 0.0028595791611816905, 0.0036536481603974317, 0.0042735703253543745, 0.004338935989675553, 0.004444096849564578, 0.004628235471022828, 0.004659431980499425, 0.004924598762333882, 0.005255019802474459, 0.005341565085275472, 0.0054226049544148945, 0.0054454800703470346, 0.005515379813611479, 0.005525270134277175, 0.005580116302849353, 0.005618698521071285, 0.005669397374117388, 0.005692522510433921, 0.005727442607639043], "year": [1948.0, 1883.0, 1885.0, 1949.0, 1913.0, 1937.0, 1923.0, 1875.0, "unknown", 1889.0, 1937.0, 1912.0, 1897.0, "unknown", 1899.0, "unknown", 1890.0, 1874.0, 1885.0, 1924.0], "Symbolism": 0.0017026133366061678, "style_dict": {"Impressionism": 8, "Abstract Expressionism": 1, "Romanticism": 1, "Surrealism": 1, "Na\u00efve Art (Primitivism)": 2, "Symbolism": 6, "Realism": 1}, "Realism": 0.0019116122758889994, "style_counts": [0.0005043176779321312, 0.00048292301671915006, 0.0, 0.00025768263537340186, 0.0007377757618716174, 0.00025886354214799123, 4.986460286515726e-05]}