{"High Renaissance": 0.002820599436267043, "Color Field Painting": 0.002737344533887739, "year": ["unknown", 1899.0, 1883.0, 1908.0, 1893.0, 1949.0, 1922.0, 1517.0, "unknown", 1914.0, 1899.0, 1935.0, 1967.0, "unknown", 1882.0, 1963.0, 1901.0, 1891.0, 1997.0, 1913.0], "style": ["Surrealism", "Post-Impressionism", "Post-Impressionism", "Realism", "Post-Impressionism", "Color Field Painting", "Expressionism", "High Renaissance", "Na\u00efve Art (Primitivism)", "Art Nouveau (Modern)", "Romanticism", "Purism", "Abstract Expressionism, Symbolism", "Neo-Romanticism", "Realism", "Na\u00efve Art (Primitivism)", "Post-Impressionism", "Realism", "Surrealism", "Cubism"], "Neo-Romanticism": 0.0030162324106900815, "title": ["Untitled", "Horsewoman and Dog", "Ren\u00e9 Princeteau", "Ilex Wood, Majorca", "The moment of truth II", "Violet, Black, Orange, Yellow on White and Red", "Madrid. Drunk Man", "San Lorenzo, fa\u00e7ade", "Eve", "Clowns Skula and Yeroshka", "The Tempest", "Project design stage for a fitness", "Ecce quasi filius hominis in nubibus us caeli (Ezekiel 1:4)", "Paa Kirsebaergrenen", "A Girl in a Wood", "Clown in Love", "Man and Woman Riding through the Woods", "By the whirlpool", "Untitled", "Arithmetics"], "Art Nouveau (Modern)": 0.0029078088312373012, "Expressionism": 0.0027795928460529478, "style_dict": {"Neo-Romanticism": 1, "Art Nouveau (Modern)": 1, "Abstract Expressionism, Symbolism": 1, "Romanticism": 1, "High Renaissance": 1, "Purism": 1, "Surrealism": 2, "Color Field Painting": 1, "Na\u00efve Art (Primitivism)": 2, "Expressionism": 1, "Post-Impressionism": 4, "Cubism": 1, "Realism": 3}, "Purism": 0.0029778565974921695, "scores": [0.006832728996758602, 0.00699610298031173, 0.007280392991271697, 0.007454200184868955, 0.00755371352732904, 0.007911943332380562, 0.008034056660681662, 0.008152580950924103, 0.008251261860673436, 0.00840464852316935, 0.008443559618103192, 0.008607112608456133, 0.008705498255100138, 0.008718032975109678, 0.008745456632443215, 0.008845887200810712, 0.008914344023540554, 0.0089144761316846, 0.008957938219402054, 0.009084489986645204], "Post-Impressionism": 0.002524579318377648, "Realism": 0.0027944345105760052, "style_counts": [0.00012678542493171907, 0.00023520900438445125, 0.00040567330173402194, 0.00022174668943220066, 0.00032241839935476246, 0.00016516123812959638, 0.0004615788029420642, 0.00013112214043387027, 0.00023972298345198428, 0.00036342498956876135, 0.0006184385172440798, 0.0, 0.000348583325045726], "artist": ["Beksinski Zdislav", "Toulouse-Lautrec Henri de", "Toulouse-Lautrec Henri de", "Sargent John Singer", "Gauguin Paul ", "Rothko Mark", "Dali Salvador", "Michelangelo", "Chagall Marc", "Roerich Nicholas", "Aivazovsky Ivan ", "Leger Fernand ", "Dali Salvador", "Kittelsen Theodor Severin", "van Gogh Vincent ", "Chagall Marc", "Toulouse-Lautrec Henri de", "Levitan Isaac", "Beksinski Zdislav", "Malevich Kazimir"], "contentId": ["258722.jpg", "230446.jpg", "230575.jpg", "266152.jpg", "190867.jpg", "242187.jpg", "221130.jpg", "193170.jpg", "202564.jpg", "225501.jpg", "196941.jpg", "196125.jpg", "246725.jpg", "321970.jpg", "205637.jpg", "202495.jpg", "230502.jpg", "210135.jpg", "258921.jpg", "219603.jpg"], "style_labels": ["Neo-Romanticism", "Art Nouveau (Modern)", "Color Field Painting", "Romanticism", "High Renaissance", "Purism", "Surrealism", "Abstract Expressionism, Symbolism", "Na\u00efve Art (Primitivism)", "Expressionism", "Post-Impressionism", "Cubism", "Realism"], "Romanticism": 0.0029212711461895358, "Surrealism": 0.0026814390326796544, "Abstract Expressionism, Symbolism": 0.003011895695187899, "Na\u00efve Art (Primitivism)": 0.0029032948521698163, "Cubism": 0.0031430178356218084}