{"Impressionism": 0.0043117350200455075, "style": ["Realism", "Realism", "Realism", "Realism", "Realism", "High Renaissance", "Realism", "Dada", "Romanticism", "Realism", "Realism", "Realism", "Romanticism", "Impressionism", "Realism", "High Renaissance", "Realism", "Romanticism", "Neoclassicism", "Expressionism"], "style_labels": ["Impressionism", "Dada", "Romanticism", "High Renaissance", "Neoclassicism", "Expressionism", "Realism"], "artist": ["Sargent John Singer", "Sargent John Singer", "Sargent John Singer", "Sargent John Singer", "Sargent John Singer", "Titian", "Repin Ilya", "Ray Man", "Aivazovsky Ivan ", "Sargent John Singer", "Sargent John Singer", "Sargent John Singer", "Goya Francisco", "Renoir Pierre-Auguste", "Kustodiev Boris", "Raphael", "Sargent John Singer", "Turner William", "Bouguereau William-Adolphe", "Matisse Henri"], "contentId": ["266264.jpg", "266197.jpg", "266272.jpg", "266210.jpg", "266227.jpg", "225043.jpg", "215235.jpg", "210895.jpg", "196732.jpg", "266234.jpg", "266141.jpg", "265737.jpg", "194224.jpg", "218349.jpg", "230073.jpg", "210610.jpg", "266136.jpg", "238804.jpg", "232415.jpg", "214023.jpg"], "title": ["Mrs. Kate Moore", "Madame Paul Escudier", "Mrs. Thomas Lincoln Manson Jr (Mary Groot)", "Mary Turner Austin", "Mrs. Augustus Allusen (Osma Mary Dorothy Stanley)", "The Beauty", "Portrait of the Art Critic Vladimir Stasov", "The Coat Stand", "Sea view", "Mrs. Charles Pelham Curtis", "Henry James", "George Nathaniel, Marquis Curzon of Kedleston", "Young People Laughing", "Child with a hoop", "Portrait of N.K. von Meck", "The Grand Duke's Madonna", "Helen Brice", "Self-Portrait", "Lady with Glove", "Leda and the Swan"], "Dada": 0.003572001614145375, "Romanticism": 0.004117590897738002, "High Renaissance": 0.003857023977392848, "Neoclassicism": 0.004807292186219609, "Expressionism": 0.004807829683273659, "year": [1884.0, 1882.0, 1890.0, 1880.0, 1907.0, 1536.0, 1873.0, 1920.0, 1841.0, 1903.0, 1913.0, 1914.0, 1823.0, 1875.0, 1913.0, 1505.0, 1907.0, 1799.0, 1870.0, 1945.0], "scores": [0.007513071966900464, 0.007688084960472678, 0.009175971287730284, 0.009343572837723621, 0.009422852937379263, 0.009981409148434865, 0.010092392481379574, 0.010324412584685305, 0.010982465440098845, 0.011666398850771162, 0.012064701681307554, 0.01209029399160318, 0.012221242762904016, 0.012462517129471388, 0.012551125879677695, 0.012732134336795296, 0.012921877926837523, 0.013801891621934785, 0.013894861567004067, 0.013896415133309045], "style_dict": {"Impressionism": 1, "Dada": 1, "Romanticism": 3, "High Renaissance": 2, "Realism": 11, "Expressionism": 1, "Neoclassicism": 1}, "Realism": 0.003124612998884445, "style_counts": [0.000496094663228086, 0.001235828069128253, 0.0006902387855356462, 0.0009508057058807973, 5.374970540872326e-07, 0.0, 0.0016832166843891994]}