{"Impressionism": 0.004467424768064597, "style": ["Expressionism", "Art Nouveau (Modern)", "Symbolism", "Symbolism", "Art Nouveau (Modern)", "Symbolism", "Baroque", "Post-Impressionism", "Na\u00efve Art (Primitivism)", "Baroque", "Abstract Expressionism", "Art Nouveau (Modern)", "Cubism", "Neo-Romanticism", "Realism", "Art Nouveau (Modern)", "Art Nouveau (Modern)", "Art Nouveau (Modern)", "Impressionism", "Art Nouveau (Modern)"], "Abstract Expressionism": 0.004130005276826247, "Neo-Romanticism": 0.0044013365661031345, "artist": ["Schiele Egon", "Roerich Nicholas", "Serebriakova Zinaida", "Roerich Nicholas", "Roerich Nicholas", "Roerich Nicholas", "Rembrandt", "Cezanne Paul", "Chagall Marc", "Rembrandt", "Twombly Cy", "Roerich Nicholas", "Leger Fernand ", "Kittelsen Theodor Severin", "Shishkin Ivan", "Roerich Nicholas", "Roerich Nicholas", "Roerich Nicholas", "Hassam Childe", "Schiele Egon"], "contentId": ["232607.jpg", "226555.jpg", "227333.jpg", "225638.jpg", "226129.jpg", "226949.jpg", "220717.jpg", "215658.jpg", "202517.jpg", "219958.jpg", "231567.jpg", "226128.jpg", "195918.jpg", "321948.jpg", "228941.jpg", "225913.jpg", "226484.jpg", "225518.jpg", "244388.jpg", "232712.jpg"], "Art Nouveau (Modern)": 0.0036977510601684535, "title": ["Composition with Three Male Figures (Self Portrait)", "Shchegolikha", "Nude", "Gilgit Road", "Mariners", "Town", "Two Women Teaching a Child to Walk", "Leaves in a Green Pot", "Creation of World", "A Man Seated at a Table Covered with Books", "Untitled", "Mariners", "Animated Landscape", "Kveld Paa Soletunet I Eggedal", "Study", "Isolde", "Sacrificer", "Courtier", "Venice", "Portrait of Miss Waerndorfer"], "style_counts": [0.0, 0.00033741949123833326, 6.608820196152276e-05, 0.0007696737078961569, 0.000412466678230472, 0.00238428515563216, 0.0008155004318839421, 0.0004866166667494287, 0.0004489419524565941, 0.00014107139101393606, 6.121863273012007e-05], "scores": [0.006021047903529453, 0.007559546211246721, 0.01065905157994605, 0.010774714152980275, 0.011085972981004645, 0.0113867970504946, 0.011538735639449908, 0.011614909239824403, 0.011720336342309262, 0.011903757444737853, 0.011937250612100714, 0.012086400348542043, 0.012504769615705907, 0.012721498907660186, 0.012735573773039502, 0.01275495156652707, 0.012807850807001305, 0.012828107483913912, 0.012912518380139735, 0.013138734044855011], "style_labels": ["Impressionism", "Abstract Expressionism", "Neo-Romanticism", "Art Nouveau (Modern)", "Na\u00efve Art (Primitivism)", "Expressionism", "Symbolism", "Baroque", "Post-Impressionism", "Cubism", "Realism"], "Na\u00efve Art (Primitivism)": 0.00405495808983417, "Expressionism": 0.0020831396124324285, "year": [1911.0, 1912.0, 1923.0, 1925.0, 1912.0, 1925.0, "unknown", 1902.0, 1971.0, 1636.0, 2008.0, 1912.0, 1921.0, "unknown", 1884.0, 1912.0, 1913.0, 1912.0, 1883.0, 1913.0], "Symbolism": 0.0036519243361806614, "Baroque": 0.003980808101315152, "Post-Impressionism": 0.004018482815607993, "style_dict": {"Impressionism": 1, "Abstract Expressionism": 1, "Neo-Romanticism": 1, "Art Nouveau (Modern)": 7, "Na\u00efve Art (Primitivism)": 1, "Expressionism": 1, "Symbolism": 3, "Baroque": 2, "Post-Impressionism": 1, "Cubism": 1, "Realism": 1}, "Cubism": 0.004326353377050654, "Realism": 0.004406206135334451}