{"Northern Renaissance": 0.00508566245524367, "year": [1914.0, "unknown", 1918.0, 1895.0, "unknown", 1862.0, 1903.0, 1938.0, 1868.0, 1614.0, 1910.0, 1806.0, 1917.0, 1895.0, "unknown", 1884.0, "unknown", 1814.0, 1923.0, 1877.0], "style": ["Symbolism", "Neo-Romanticism", "Symbolism", "Art Nouveau (Modern)", "Surrealism", "Romanticism", "Realism", "Neoclassicism", "Romanticism", "Baroque", "Expressionism", "Neoclassicism", "Fauvism", "Symbolism", "Northern Renaissance", "Impressionism", "Constructivism", "Neoclassicism", "Regionalism", "Romanticism"], "Neo-Romanticism": 0.0037766075134759666, "title": ["Glow", "On the Landing (Looking at a Drawing)", "Night rider", "Effect of night", "Untitled", "Venantius Fortunatus Reading His Poems to Radegonda VI", "Portrait of Theodore Roosevelt", "The clearing, or the luncheon on the grass", "The Siesta", "Descent from the Cross (right wing)", "Female Nude", "Portrait of Bartolini", "Portrait of E.C. Ricart", "Love", "St.\u00a0Jacob and the\u00a0magician", "Woman Trying on a Hat", "Composition Mechanical Movement cart", "The Sistine Chapel", "Top Hat and Tails", "Architecture in Ancient Rome"], "Art Nouveau (Modern)": 0.0039184049466991335, "Expressionism": 0.0049248416604502545, "Symbolism": 0.003990816445949125, "style_dict": {"Fauvism": 1, "Impressionism": 1, "Neo-Romanticism": 1, "Art Nouveau (Modern)": 1, "Northern Renaissance": 1, "Romanticism": 3, "Surrealism": 1, "Neoclassicism": 3, "Expressionism": 1, "Symbolism": 3, "Constructivism": 1, "Baroque": 1, "Realism": 1, "Regionalism": 1}, "Neoclassicism": 0.004736627114098718, "Regionalism": 0.0051845207239204555, "Fauvism": 0.0049533778510288526, "Impressionism": 0.00510778335742575, "scores": [0.010229186247059721, 0.010915799697609392, 0.011307229724726621, 0.0113256469939398, 0.011684793951839433, 0.012176090665856669, 0.01270088748125233, 0.013460275944654817, 0.0140841987845844, 0.014214371234379096, 0.014234623247475868, 0.014273638706310612, 0.01431710344680219, 0.014329836903093151, 0.014699455130829172, 0.014763392761755438, 0.014786807603570741, 0.014835085489523862, 0.014985192278647063, 0.01499678095074223], "Constructivism": 0.005115884336737956, "Baroque": 0.004917834944777281, "Realism": 0.004394205501958342, "style_counts": [0.00023114287289160984, 7.673736649471685e-05, 0.0014079132104445335, 0.001266115777221355, 9.8858268676838e-05, 0.0005938712450606065, 0.001141859457279626, 0.0007903152219621568, 0.0002596790634702417, 0.0011937042779713858, 6.863638718257459e-05, 0.00026668577914323865, 0.00044789360982178117, 0.0], "artist": ["Roerich Nicholas", "Spencer Stanley", "Roerich Nicholas", "Zorn Anders", "Beksinski Zdislav", "Alma-Tadema Lawrence ", "Sargent John Singer", "Derain Andre", "Alma-Tadema Lawrence ", "Rubens Peter Paul", "Schiele Egon", "Ingres Jean Auguste Dominique ", "Miro Joan", "Klimt Gustav", "Bosch Hieronymus", "Degas Edgar", "Leger Fernand ", "Ingres Jean Auguste Dominique ", "Rockwell Norman", "Alma-Tadema Lawrence "], "contentId": ["225654.jpg", "298489.jpg", "226267.jpg", "277244.jpg", "258612.jpg", "214638.jpg", "265736.jpg", "256183.jpg", "214624.jpg", "216425.jpg", "232621.jpg", "193456.jpg", "228006.jpg", "191516.jpg", "195374.jpg", "213869.jpg", "195949.jpg", "193559.jpg", "247844.jpg", "214490.jpg"], "style_labels": ["Fauvism", "Impressionism", "Neo-Romanticism", "Art Nouveau (Modern)", "Northern Renaissance", "Romanticism", "Surrealism", "Realism", "Expressionism", "Symbolism", "Constructivism", "Baroque", "Neoclassicism", "Regionalism"], "Romanticism": 0.004590649478859907, "Surrealism": 0.004042661266640844}