{"Impressionism": 0.0023697708068123585, "style": ["Surrealism", "Color Field Painting", "Impressionism", "Realism", "Realism", "Romanticism", "Symbolism", "Symbolism", "Impressionism", "Expressionism", "Symbolism", "Baroque", "Realism", "Art Deco", "Symbolism", "Symbolism", "Realism", "Romanticism", "Romanticism", "Symbolism"], "style_labels": ["Impressionism", "Romanticism", "Surrealism", "Color Field Painting", "Expressionism", "Symbolism", "Art Deco", "Baroque", "Realism"], "artist": ["Beksinski Zdislav", "Rothko Mark", "Churchill Winston", "Corot Camille ", "Corot Camille ", "Aivazovsky Ivan ", "Roerich Nicholas", "Roerich Nicholas", "Degas Edgar", "Freud Lucian", "Roerich Nicholas", "Rembrandt", "Corot Camille ", "Serebriakova Zinaida", "Roerich Nicholas", "Roerich Nicholas", "Courbet Gustave", "Delacroix Eugene ", "Goya Francisco", "Roerich Nicholas"], "contentId": ["258739.jpg", "292727.jpg", "313772.jpg", "199706.jpg", "199633.jpg", "196479.jpg", "225940.jpg", "295497.jpg", "213723.jpg", "232153.jpg", "225638.jpg", "220569.jpg", "199754.jpg", "227338.jpg", "225717.jpg", "226248.jpg", "191765.jpg", "187961.jpg", "194160.jpg", "225395.jpg"], "title": ["Untitled", "Untitled (No. 17)", "Mountain near Lochmore", "Rocks at Civita Castellana", "Mount Soracte", "Clash soldiers with murids on Gunib", "Kangchenjunga", "Famagusta", "The Fallen Jockey", "Triple Portrait", "Gilgit Road", "The Ascension Of Christ", "The Artist's Studio", "Nymph Justice", "Himalayas", "Mountains Soshing", "Landscape", "The Crusaders' entry into Constantinople, 12th April 1204, 1840 (oil on canvas)", "The Swing", "Blue temples"], "Romanticism": 0.0025958619822296805, "scores": [0.004407593892502487, 0.006365448644254452, 0.006636171394750064, 0.006661422885595644, 0.006717830483373353, 0.006836942465230349, 0.007102243674513972, 0.00727493843825599, 0.007319119675787961, 0.007386422253252951, 0.007416028493416398, 0.0075309164608569805, 0.007621351328707032, 0.007826831726523409, 0.007971497201308544, 0.00805326047396116, 0.008058777016140436, 0.008180914016774569, 0.008311666071566953, 0.00837788580469457], "Surrealism": 0.0015249228340477124, "Color Field Painting": 0.0022022940913620456, "Expressionism": 0.0025555267183448257, "year": ["unknown", 1961.0, "unknown", 1826.0, 1827.0, 1869.0, 1924.0, 1917.0, 1898.0, 1987.0, 1925.0, 1636.0, 1870.0, 1935.0, 1939.0, 1924.0, 1873.0, 1840.0, 1779.0, 1921.0], "Symbolism": 0.0024555328392072574, "Art Deco": 0.002707897939128903, "style_dict": {"Impressionism": 2, "Romanticism": 3, "Surrealism": 1, "Color Field Painting": 1, "Expressionism": 1, "Symbolism": 6, "Baroque": 1, "Art Deco": 1, "Realism": 4}, "Baroque": 0.0026055182833430958, "Realism": 0.0023862019666659076, "style_counts": [0.0003381271323166235, 0.00011203595689923684, 0.001182975105081252, 0.0005056038477668778, 0.00015237122078415322, 0.0002523650999216587, 0.0, 0.00010237965578585584, 0.00032169597246300974]}