{"style_counts": [0.0010291540933182741, 0.0, 0.0011601818082971338, 0.0013850307600323797, 0.0013346365990860587, 0.0002940921328066226, 0.0009032178305566907, 0.0021535914800266953], "style": ["Baroque", "High Renaissance", "Baroque", "Magic Realism", "Magic Realism", "Romanticism", "Surrealism", "High Renaissance", "Romanticism", "Abstract Art", "Magic Realism", "Magic Realism", "High Renaissance", "Pop Art", "High Renaissance", "Neo-Expressionism", "High Renaissance", "Baroque", "Baroque", "Magic Realism"], "style_labels": ["Surrealism", "Neo-Expressionism", "Romanticism", "High Renaissance", "Magic Realism", "Pop Art", "Abstract Art", "Baroque"], "Surrealism": 0.007106523511798848, "Neo-Expressionism": 0.008135677605117183, "contentId": ["220314.jpg", "199195.jpg", "220322.jpg", "278155.jpg", "278157.jpg", "187850.jpg", "258483.jpg", "225028.jpg", "193891.jpg", "283515.jpg", "278062.jpg", "278090.jpg", "225017.jpg", "229322.jpg", "225026.jpg", "203839.jpg", "225016.jpg", "220327.jpg", "220388.jpg", "278091.jpg"], "artist": ["Rembrandt", "Perugino Pietro ", "Rembrandt", "Earle Eyvind", "Earle Eyvind", "Delacroix Eugene ", "Beksinski Zdislav", "Titian", "Goya Francisco", "Reinhardt Ad", "Earle Eyvind", "Earle Eyvind", "Titian", "Warhol Andy", "Titian", "Basquiat Jean-Michel ", "Titian", "Rembrandt", "Rembrandt", "Earle Eyvind"], "year": ["unknown", 1500.0, "unknown", 1981.0, 2000.0, 1852.0, "unknown", "unknown", 1780.0, 1941.0, 1992.0, 1990.0, "unknown", "unknown", "unknown", 1982.0, "unknown", "unknown", 1634.0, 1992.0], "Romanticism": 0.006975495796819947, "High Renaissance": 0.006750646845084705, "Magic Realism": 0.006801041006031109, "title": ["Portrait of a Man Wearing a Black Hat", "Virgin and Child between Sts John the Baptist and Catherine", "Portrait of a Woman Wearing a Gold Chain", "Spring", "Summer Afternoon", "Sketch for Peace Descends to Earth", "Untitled", "St Matthew", "Crucified Christ", "Red and Blue Composition", "Forest Symphony", "Little Jewels", "St Augustine", "Jackie", "St Luke", "Jawbone of an Ass", "St Ambrose", "Portrait of a Young Woman", "Portrait-Of-Johannes-Elison", "Live Oak Country"], "scores": [0.006914638914276683, 0.014274897595665392, 0.017712736073585013, 0.01822070888143887, 0.019113557892482223, 0.020241087569009605, 0.02054049485532846, 0.02078594919066966, 0.020836755877327032, 0.020904497472509505, 0.021371001486336985, 0.021860470237660627, 0.022137337439944817, 0.022665097186295252, 0.023503595289743752, 0.023515132781179008, 0.023630900412907413, 0.024096122620003057, 0.02412688412106212, 0.02454579388544582], "Pop Art": 0.007841585472310545, "Abstract Art": 0.007232459774560422, "Baroque": 0.005982086125090409, "style_dict": {"Surrealism": 1, "Neo-Expressionism": 1, "Romanticism": 2, "High Renaissance": 5, "Magic Realism": 5, "Pop Art": 1, "Abstract Art": 1, "Baroque": 4}}