{"High Renaissance": 0.005700395219993502, "year": [1956.0, 1925.0, 1916.0, 1940.0, 1845.0, 1951.0, 1870.0, 1952.0, 1504.0, 1860.0, 1884.0, 1882.0, 1924.0, 1907.0, 1945.0, 1914.0, 1931.0, 1908.0, 1956.0, 1898.0], "Academicism": 0.00565845183174152, "style": ["Na\u00efve Art (Primitivism)", "Neoclassicism", "Metaphysical art", "Surrealism", "Romanticism", "Abstract Expressionism", "Academicism", "Action painting", "High Renaissance", "Romanticism", "Realism", "Realism", "Realism", "Symbolism", "Realism, Surrealism", "Art Nouveau (Modern)", "Na\u00efve Art (Primitivism)", "Realism", "Na\u00efve Art (Primitivism)", "Post-Impressionism"], "title": ["Isaiah", "Apollo in His Chariot with the Hours", "The predictor", "March of Time Comittee - Papillon", "Figures on a Beach", "Number 14", "The End of the Corrida", "Convergence", "David", "Portrait of Dante Alighieri", "Woman Reeling Yarn", "Sien Nursing Baby, Half-Figure", "Tatar, who sells watermelons", "Venta. Finland.", "Untitled - Portrait of a Woman", "Kneeling warriors (Study of murals for the chapel in Pskov)", "Noah lets go the dove through the window of the Ark (Genesis VIII, 6 9)", "Walk", "Rainbow in the sky, a sign of Covenant between God and Earth, (Genesis, IX, 8 17)", "Village of Saint Mamm\u00e8s"], "Art Nouveau (Modern)": 0.006053804993976468, "Symbolism": 0.005966543697859573, "style_dict": {"Abstract Expressionism": 1, "Art Nouveau (Modern)": 1, "Realism": 4, "Romanticism": 2, "High Renaissance": 1, "Surrealism": 1, "Na\u00efve Art (Primitivism)": 3, "Metaphysical art": 1, "Symbolism": 1, "Academicism": 1, "Post-Impressionism": 1, "Realism, Surrealism": 1, "Neoclassicism": 1, "Action painting": 1}, "Realism, Surrealism": 0.005998637652529437, "Neoclassicism": 0.005134445075147343, "Na\u00efve Art (Primitivism)": 0.0053795404584451815, "scores": [0.012896986594775992, 0.01484045503767493, 0.015575050506708436, 0.015604221508213934, 0.01599769264273337, 0.016066687233882174, 0.01635502936788151, 0.016404267179665748, 0.016476261352715512, 0.016811421233924723, 0.017023276118345504, 0.017085861552840913, 0.01712852189709535, 0.017245529396546656, 0.01733829285672363, 0.017497746982400343, 0.017533165958721873, 0.017778237055809082, 0.01791683635126312, 0.0179638266669393], "Post-Impressionism": 0.006215057498352655, "Realism": 0.005667218589764959, "style_counts": [0.0006563651986545294, 0.00016125250437615257, 0.0005478389085876723, 0.0006436881969676955, 0.0005146622783590571, 0.0008163673590703135, 0.0005395705528234984, 0.0008264598329625894, 0.0002485138004930665, 0.0005566056666110875, 0.0, 0.0002164198458232125, 0.0010806124232052294, 0.0008355170399074741], "Abstract Expressionism": 0.005558692299698066, "artist": ["Chagall Marc", "Sargent John Singer", "de Chirico Giorgio ", "Dali Salvador", "Turner William", "Pollock Jackson ", "Gerome Jean-Leon", "Pollock Jackson ", "Michelangelo", "Dore Gustave ", "van Gogh Vincent ", "van Gogh Vincent ", "Kustodiev Boris", "Roerich Nicholas", "Dali Salvador", "Roerich Nicholas", "Chagall Marc", "Zorn Anders", "Chagall Marc", "Sisley Alfred"], "contentId": ["202662.jpg", "265789.jpg", "194612.jpg", "221136.jpg", "309335.jpg", "185277.jpg", "279466.jpg", "282427.jpg", "193121.jpg", "201778.jpg", "207487.jpg", "206833.jpg", "230256.jpg", "227003.jpg", "221765.jpg", "225987.jpg", "202853.jpg", "277352.jpg", "202953.jpg", "238362.jpg"], "style_labels": ["Abstract Expressionism", "Art Nouveau (Modern)", "Realism", "Romanticism", "High Renaissance", "Surrealism", "Action painting", "Metaphysical art", "Symbolism", "Academicism", "Post-Impressionism", "Realism, Surrealism", "Neoclassicism", "Na\u00efve Art (Primitivism)"], "Romanticism": 0.005571369301384917, "Surrealism": 0.005398690139282253, "Action painting": 0.005675486945529124, "Metaphysical art": 0.005388597665389991}