{"style_counts": [0.00023197325080415165, 0.0003048609175160255, 0.00010075671365950001, 0.00020088844394705596, 0.00017713899846394376, 0.0009435354148364938, 0.0008353739083147849, 0.0006517956681647563, 0.0007195970597041468, 0.00038048603950935345, 2.523494297335116e-05, 0.0], "style": ["Surrealism", "Abstract Expressionism, Symbolism", "Surrealism", "Expressionism", "Symbolism", "Na\u00efve Art (Primitivism)", "Surrealism", "Surrealism", "unknown", "Romanticism", "Neo-Expressionism", "High Renaissance", "Art Nouveau (Modern)", "Surrealism", "Realism, Surrealism", "Symbolism", "Realism", "Symbolism", "Romanticism", "Surrealism"], "style_labels": ["Neo-Expressionism", "unknown", "Art Nouveau (Modern)", "Romanticism", "High Renaissance", "Surrealism", "Abstract Expressionism, Symbolism", "Na\u00efve Art (Primitivism)", "Expressionism", "Symbolism", "Realism, Surrealism", "Realism"], "Neo-Expressionism": 0.004145019880683501, "unknown": 0.00407213221397165, "Art Nouveau (Modern)": 0.0042762364178281324, "artist": ["Dali Salvador", "Dali Salvador", "Dali Salvador", "Modigliani Amedeo ", "Roerich Nicholas", "Chagall Marc", "Picasso Pablo", "Magritte Rene", "Solar Xul", "Alma-Tadema Lawrence ", "Twombly Cy", "Titian", "Kustodiev Boris", "Dali Salvador", "Dali Salvador", "Roerich Nicholas", "Kustodiev Boris", "Roerich Nicholas", "Aivazovsky Ivan ", "Chagall Marc"], "year": [1956.0, 1964.0, 1954.0, 1917.0, 1943.0, 1923.0, 1932.0, 1960.0, 1930.0, 1884.0, 1992.0, 1520.0, 1906.0, 1977.0, 1954.0, 1939.0, 1909.0, 1918.0, 1893.0, 1958.0], "Romanticism": 0.004176104687540631, "High Renaissance": 0.0041998541330237164, "scores": [0.005816529272855544, 0.010236596179881019, 0.010241320121562866, 0.010571234313323422, 0.01060834620793456, 0.01076720554057491, 0.011410895480756696, 0.011475685156316605, 0.01176997594568284, 0.011906183341406203, 0.01198064839904572, 0.01213913977337523, 0.012359912972177495, 0.01249975072176474, 0.012578198965274996, 0.012645008349318369, 0.012651137331757281, 0.012664041273527944, 0.01268638750474244, 0.01314934011392543], "Surrealism": 0.003433457716651148, "Abstract Expressionism, Symbolism": 0.0035416192231728706, "Na\u00efve Art (Primitivism)": 0.0037251974633228883, "Expressionism": 0.003657396071783507, "contentId": ["221783.jpg", "246749.jpg", "221147.jpg", "189572.jpg", "225599.jpg", "202652.jpg", "224774.jpg", "211541.jpg", "345157.jpg", "214620.jpg", "231552.jpg", "224894.jpg", "229716.jpg", "220967.jpg", "221359.jpg", "225717.jpg", "230094.jpg", "226267.jpg", "196835.jpg", "203048.jpg"], "Symbolism": 0.003996507091978352, "title": ["Untitled (Landscape with Butterflies)", "In principiodeus creavit...", "Melting Watch", "Marcelle", "Fire", "Illustration to Nikolai Gogol's \"Dead Souls\"", "Woman with book", "The heartstrings", "Soto Con Trio", "The Roman Potter", "Souvenir", "Girolamo and Cardinal Marco Corner Investing Marco, Abbot of Carrara, with His Benefice", "At The Fair", "Fertility", "Portrait of Mrs. Reeves", "Himalayas", "Portrait of R.I. Notgaft", "Night rider", "Surf", "Song of Songs IV"], "style_dict": {"Neo-Expressionism": 1, "unknown": 1, "Art Nouveau (Modern)": 1, "Romanticism": 2, "High Renaissance": 1, "Surrealism": 6, "Abstract Expressionism, Symbolism": 1, "Na\u00efve Art (Primitivism)": 1, "Expressionism": 1, "Symbolism": 3, "Realism, Surrealism": 1, "Realism": 1}, "Realism, Surrealism": 0.004351758188514262, "Realism": 0.00437699313148761}