{"Impressionism": 0.0032123185580458396, "style": ["Realism", "Realism", "Impressionism", "Realism", "Realism", "Impressionism", "Rococo", "Impressionism", "Symbolism", "Pop Art", "Romanticism", "Intimism", "Realism", "Baroque", "High Renaissance", "Realism", "Northern Renaissance", "Realism", "Romanticism", "Neoclassicism"], "style_labels": ["Impressionism", "Northern Renaissance", "Romanticism", "High Renaissance", "Realism", "Intimism", "Symbolism", "Pop Art", "Baroque", "Rococo", "Neoclassicism"], "artist": ["Courbet Gustave", "Repin Ilya", "Gauguin Paul ", "Repin Ilya", "Repin Ilya", "Renoir Pierre-Auguste", "Longhi Pietro ", "Renoir Pierre-Auguste", "B\u00f6cklin Arnold", "Warhol Andy", "Goya Francisco", "Vallotton  Felix", "van Gogh Vincent ", "Caravaggio", "Raphael", "Zorn Anders", "Bosch Hieronymus", "Sargent John Singer", "Goya Francisco", "Corot Camille "], "contentId": ["191897.jpg", "215310.jpg", "190499.jpg", "215016.jpg", "215394.jpg", "218253.jpg", "185141.jpg", "219443.jpg", "260586.jpg", "229264.jpg", "194062.jpg", "271120.jpg", "206099.jpg", "186693.jpg", "210658.jpg", "277234.jpg", "195374.jpg", "265662.jpg", "193866.jpg", "199733.jpg"], "title": ["The German Huntsman", "Portrait of Vera Repina, the Artist's Wife", "Bouquet", "Jew praying", "Tatyana Repina, the Artist's Mother", "Bather Drying Her Feet", "The Tailor", "Woman Playing Cards", "Assassin pursued by furies", "Big electric chair", "Self portrait with spectacles", "Gabrielle Vallotton at the Piano", "Head of a Peasant Woman with White Cap", "Saint Jerome Writing", "The Virgin of the Rose", "Baking the Bread", "St.\u00a0Jacob and the\u00a0magician", "Mrs Charles E. Inches (Louise Pomeroy)", "Birth of the Virgin", "Silenus"], "Northern Renaissance": 0.003989788241640831, "Romanticism": 0.003966980330926274, "High Renaissance": 0.003930594533354783, "scores": [0.007908651870494918, 0.008325470926129322, 0.008404384778758295, 0.008600416498180994, 0.009756857046738086, 0.009885653585142297, 0.010044899610688232, 0.010579700767922433, 0.010848260377479591, 0.011202984677649158, 0.011246409193825834, 0.011290541717017044, 0.011302822090059136, 0.011350690543640508, 0.011360879430949718, 0.01136169911937111, 0.011531971253624856, 0.012028657740441595, 0.01211465383810598, 0.012235103185949942], "Realism": 0.0031144206481608016, "Intimism": 0.0039062593544143855, "year": [1859.0, 1876.0, 1884.0, 1875.0, 1867.0, 1907.0, "unknown", 1917.0, "unknown", 1967.0, 1801.0, 1904.0, 1885.0, 1607.0, 1518.0, 1889.0, "unknown", 1887.0, 1772.0, 1838.0], "Symbolism": 0.0037532405123470317, "Pop Art": 0.00387596669772457, "Baroque": 0.003927069420268075, "Rococo": 0.0034752967618254353, "style_dict": {"Impressionism": 3, "Northern Renaissance": 1, "Romanticism": 2, "High Renaissance": 1, "Neoclassicism": 1, "Intimism": 1, "Symbolism": 1, "Pop Art": 1, "Baroque": 1, "Rococo": 1, "Realism": 7}, "Neoclassicism": 0.0042330551952443635, "style_counts": [0.0010207366371985938, 0.00024326695360354922, 0.0002660748643181776, 0.0003024606618896586, 0.0011186345470836079, 0.0003267958408300631, 0.0004798146828973726, 0.00035708849751980853, 0.00030598577497631396, 0.0007577584334189646, 0.0]}