{"High Renaissance": 0.003563951624695751, "Mannerism (Late Renaissance)": 0.0030520537784175616, "year": [1576.0, 1907.0, 1535.0, 1924.0, 1891.0, 1874.0, 1890.0, 1944.0, 1878.0, "unknown", 1910.0, 1518.0, 1907.0, "unknown", 1917.0, "unknown", "unknown", 1861.0, 1625.0, "unknown"], "Academicism": 0.0035648067953625504, "style": ["Mannerism (Late Renaissance)", "Byzantine", "High Renaissance", "Symbolism", "Academicism", "Impressionism", "Impressionism", "Surrealism", "Romanticism", "Neo-Romanticism", "Expressionism", "High Renaissance", "Byzantine", "Realism", "Expressionism", "Romanticism", "Neo-Romanticism", "Orientalism", "Baroque", "Post-Impressionism"], "Neo-Romanticism": 0.003995325010625583, "Byzantine": 0.003528890323067579, "title": ["The Flaying of Marsyas", "The King's Gate with the gate canopy", "Giacomo Doria", "Sanga Chelling", "The Pain", "Portrait of a woman (Mme. Georges Hartmann)", "View from the Ship Island pier", "Untitled -The Seven Arts", "A Love Missle", "On the Landing (Looking at a Drawing)", "Boy with Hand to Face", "Vision of Ezekiel", "The Virgin Holidays. Adoration of the Magi. Three kings.", "Portrait of R\u00e9gis Courbet", "Cafe Singer", "Portrait of actress Fanny Janauscher", "Ormen Risler Under Lying", "The Prisoner", "Old man with turban", "Portrait of the Postman Joseph Roulin"], "Expressionism": 0.00393622586719398, "Symbolism": 0.0035511990952440038, "style_dict": {"Impressionism": 2, "Neo-Romanticism": 2, "Byzantine": 2, "Orientalism": 1, "Romanticism": 2, "High Renaissance": 2, "Surrealism": 1, "Mannerism (Late Renaissance)": 1, "Expressionism": 2, "Symbolism": 1, "Academicism": 1, "Baroque": 1, "Post-Impressionism": 1, "Realism": 1}, "Impressionism": 0.003558399154251394, "scores": [0.008821570044718398, 0.009134769881671192, 0.009455080422312469, 0.01026428557155968, 0.010303616883672248, 0.010434062912063915, 0.010520915434357483, 0.011061905995431687, 0.011458109209908463, 0.011466906558058597, 0.01152807548304072, 0.011532595744922998, 0.011646434559215671, 0.011648664254700668, 0.011651878265297635, 0.011766518375117486, 0.012061074833390483, 0.012124485406298008, 0.012157296930591829, 0.012172220302604939], "Baroque": 0.004206136078301861, "Post-Impressionism": 0.00421129921068175, "Realism": 0.004030161249284924, "style_counts": [0.0006529000564303722, 0.00021597420005614598, 0.0006824088876141721, 1.6515140717321408e-05, 0.00026748720619584887, 0.0006473475859859468, 0.0003841423872690264, 0.0011592454322641998, 0.0002750733434877528, 0.0006601001154377117, 0.000646492415319222, 5.1631323798595474e-06, 0.0, 0.0001811379613968489], "artist": ["Titian", "Roerich Nicholas", "Titian", "Roerich Nicholas", "Gerome Jean-Leon", "Renoir Pierre-Auguste", "Zorn Anders", "Dali Salvador", "Alma-Tadema Lawrence ", "Spencer Stanley", "Schiele Egon", "Raphael", "Roerich Nicholas", "Courbet Gustave", "Modigliani Amedeo ", "B\u00f6cklin Arnold", "Kittelsen Theodor Severin", "Gerome Jean-Leon", "Rembrandt", "van Gogh Vincent "], "contentId": ["225050.jpg", "226848.jpg", "224889.jpg", "226514.jpg", "279480.jpg", "218886.jpg", "277351.jpg", "221798.jpg", "214460.jpg", "298489.jpg", "232599.jpg", "210665.jpg", "226883.jpg", "191812.jpg", "189484.jpg", "260639.jpg", "321968.jpg", "279482.jpg", "220277.jpg", "206678.jpg"], "Orientalism": 0.004194784069964461, "style_labels": ["Impressionism", "Neo-Romanticism", "Byzantine", "Orientalism", "Romanticism", "High Renaissance", "Surrealism", "Mannerism (Late Renaissance)", "Expressionism", "Symbolism", "Academicism", "Baroque", "Post-Impressionism", "Realism"], "Romanticism": 0.003943812004485954, "Surrealism": 0.003827156823412707}