{"Impressionism": 0.004706327962076399, "style": ["Symbolism", "Symbolism", "Symbolism", "Realism", "Symbolism", "Neoclassicism", "Na\u00efve Art (Primitivism)", "Cloisonnism", "Na\u00efve Art (Primitivism)", "Symbolism", "Symbolism", "Impressionism", "Symbolism", "Romanticism", "Symbolism", "Neoclassicism", "Northern Renaissance", "Symbolism", "Symbolism", "Symbolism"], "style_labels": ["Impressionism", "Northern Renaissance", "Romanticism", "Neoclassicism", "Na\u00efve Art (Primitivism)", "Symbolism", "Cloisonnism", "Realism"], "artist": ["Roerich Nicholas", "Roerich Nicholas", "Roerich Nicholas", "Levitan Isaac", "Roerich Nicholas", "Ingres Jean Auguste Dominique ", "Rousseau Henri", "Vallotton  Felix", "Chagall Marc", "Roerich Nicholas", "Roerich Nicholas", "Sisley Alfred", "Roerich Nicholas", "Aivazovsky Ivan ", "Roerich Nicholas", "Ingres Jean Auguste Dominique ", "Bruegel the Elder Pieter", "Roerich Nicholas", "Roerich Nicholas", "Roerich Nicholas"], "contentId": ["226806.jpg", "225704.jpg", "226028.jpg", "210033.jpg", "226906.jpg", "193460.jpg", "191364.jpg", "271358.jpg", "202951.jpg", "226240.jpg", "226267.jpg", "238364.jpg", "226880.jpg", "196887.jpg", "226250.jpg", "193312.jpg", "9223372032559808852.jpg", "225811.jpg", "226357.jpg", "225597.jpg"], "title": ["Temple in Naggar", "Himalayas", "Ladakh. Kashmir.", "A dull  day. Stubble.", "Tibet", "Portrait of Charles-Joseph-Laurent Cordier", "Nude and Bear", "The Third Gallery at The Theatre", "Rainbow in the sky, a sign of Covenant between God and Earth", "Mountain Abode", "Night rider", "The Road to Louveciennes Montbuisson", "The unspilling vessel", "The Great Roads at Kronstadt", "Mstislav's duel with Rededia", "Caroline Murat, Queen of Naples", "Parable of the Sower", "Himalayas", "Pilgrim", "Final journey"], "Northern Renaissance": 0.004895565431318783, "Romanticism": 0.004821936415364848, "Neoclassicism": 0.004508703799118393, "Na\u00efve Art (Primitivism)": 0.004402773260936804, "scores": [0.007240304157081503, 0.009497305949261401, 0.009798321616205065, 0.010175153698691628, 0.011169505388123214, 0.012514025808683125, 0.012887732281327328, 0.013011852629005057, 0.013039662130540794, 0.01321768792530051, 0.013465240017572138, 0.013603037424982634, 0.01362106499771673, 0.013937188833341626, 0.013992060515935378, 0.014037180614596901, 0.014150004061616565, 0.014180889827326475, 0.014260384959002167, 0.014340135655576038], "year": [1929.0, 1924.0, 1943.0, 1895.0, 1933.0, 1811.0, 1901.0, 1894.0, 1931.0, 1933.0, 1918.0, "unknown", 1927.0, 1836.0, 1943.0, 1814.0, 1557.0, "unknown", 1932.0, 1922.0], "Symbolism": 0.003677142553349188, "Cloisonnism": 0.004501792059605539, "style_dict": {"Impressionism": 1, "Northern Renaissance": 1, "Romanticism": 1, "Realism": 1, "Symbolism": 11, "Cloisonnism": 1, "Neoclassicism": 2, "Na\u00efve Art (Primitivism)": 2}, "Realism": 0.0035203615835555663, "style_counts": [0.00018923746924237594, 0.0, 7.362901595386884e-05, 0.00038686163220036374, 0.0004927921703818949, 0.0012184228779695827, 0.0003937733717132019, 0.001375203847763129]}