{"style": ["Post-Impressionism", "Symbolism", "Surrealism", "Surrealism", "Post-Impressionism", "Symbolism", "Symbolism", "Symbolism", "Symbolism", "Realism", "Symbolism", "Symbolism", "Post-Impressionism", "Realism", "Expressionism", "Art Nouveau (Modern)", "Symbolism", "Expressionism", "Symbolism", "New Realism"], "style_labels": ["Symbolism", "Art Nouveau (Modern)", "Surrealism", "Expressionism", "New Realism", "Post-Impressionism", "Realism"], "Symbolism": 0.0023970765612995677, "contentId": ["185978.jpg", "226248.jpg", "234145.jpg", "234440.jpg", "223863.jpg", "225533.jpg", "225395.jpg", "225789.jpg", "226949.jpg", "266275.jpg", "260653.jpg", "226163.jpg", "185995.jpg", "191951.jpg", "284623.jpg", "227818.jpg", "271374.jpg", "189784.jpg", "226481.jpg", "235661.jpg"], "Art Nouveau (Modern)": 0.003088759053717211, "artist": ["Mondrian Piet", "Roerich Nicholas", "Ernst Max", "Ernst Max", "Picasso Pablo", "Roerich Nicholas", "Roerich Nicholas", "Roerich Nicholas", "Roerich Nicholas", "Sargent John Singer", "B\u00f6cklin Arnold", "Roerich Nicholas", "Mondrian Piet", "Courbet Gustave", "Reinhardt Ad", "Mucha Alphonse", "Vallotton  Felix", "Modigliani Amedeo ", "Roerich Nicholas", "Hopper Edward"], "style_counts": [0.00078458282574978, 9.290033333220205e-05, 0.0013407793547784985, 0.00013394198902283438, 0.0, 0.00100364916921869, 0.00020389089280059558], "scores": [0.004623694447326854, 0.004636014179726274, 0.0053873801249773425, 0.0054533377209978005, 0.0061382968685261925, 0.006803850010746192, 0.006935585573681863, 0.008080307578339307, 0.008217652512326349, 0.008705187891143565, 0.008710599960972627, 0.0087522714777838, 0.008812215189204194, 0.008830527359656587, 0.008911678666693481, 0.00892766193581031, 0.008970051009474175, 0.009035957141773047, 0.009182829308632455, 0.009196178435572817], "Surrealism": 0.0018408800322708863, "Expressionism": 0.0030477173980266075, "year": [1911.0, 1924.0, 1953.0, 1942.0, 1903.0, 1918.0, 1921.0, "unknown", 1925.0, 1896.0, "unknown", 1931.0, "unknown", 1877.0, 1946.0, "unknown", 1904.0, 1918.0, 1934.0, 1930.0], "New Realism": 0.0031816593870494033, "title": ["Dune Landscape", "Mountains Soshing", "Colorado of Medusa, Color Raft of Medusa", "Surrealism and Painting", "Dawn at Riera de Sant Joan", "Daughter of viking", "Blue temples", "Himalayas", "Town", "Mrs. Walter Bacon (Virginia Purdy Barker)", "Self-portrait", "Monastery in Himalayas", "not identified", "The White Sail", "The rescue of art", "Ruby", "Twilight", "Woman with a Green Necklace (Madame Menier)", "Sacred Himalayas", "The Long Leg"], "Post-Impressionism": 0.0021780102178306873, "style_dict": {"New Realism": 1, "Art Nouveau (Modern)": 1, "Surrealism": 2, "Expressionism": 2, "Symbolism": 9, "Post-Impressionism": 3, "Realism": 2}, "Realism": 0.0029777684942488515}