{"Fauvism": 0.004239442206074797, "style": ["Symbolism", "Symbolism", "Symbolism", "Realism", "Symbolism", "Art Nouveau (Modern)", "Realism", "Symbolism", "Magic Realism", "Post-Impressionism", "Baroque", "Post-Impressionism", "Realism", "Fauvism", "Realism", "Realism", "Realism", "Symbolism", "Na\u00efve Art (Primitivism)", "Expressionism"], "style_labels": ["Fauvism", "Art Nouveau (Modern)", "Magic Realism", "Na\u00efve Art (Primitivism)", "Expressionism", "Symbolism", "Baroque", "Post-Impressionism", "Realism"], "artist": ["Roerich Nicholas", "Roerich Nicholas", "Roerich Nicholas", "Sargent John Singer", "Roerich Nicholas", "Serebriakova Zinaida", "Repin Ilya", "B\u00f6cklin Arnold", "Vallotton  Felix", "Toulouse-Lautrec Henri de", "Rembrandt", "van Gogh Vincent ", "Courbet Gustave", "Mondrian Piet", "Renoir Pierre-Auguste", "Kustodiev Boris", "Sargent John Singer", "Roerich Nicholas", "Chagall Marc", "Modigliani Amedeo "], "contentId": ["226711.jpg", "226248.jpg", "226775.jpg", "265933.jpg", "225788.jpg", "227399.jpg", "215256.jpg", "260653.jpg", "271269.jpg", "230560.jpg", "220099.jpg", "205908.jpg", "191811.jpg", "186024.jpg", "219398.jpg", "230231.jpg", "266219.jpg", "225857.jpg", "203186.jpg", "189767.jpg"], "Art Nouveau (Modern)": 0.0033767680624430807, "title": ["Stronghold of Tibet", "Mountains Soshing", "Stupa at Chung-Chu", "Portrait of Ernse Ange Duez", "Himalayas", "Portrait of Boris Serebryakov", "Portrait of the Artist Vasily Surikov", "Self-portrait", "Portrait of Thadee Nathanson", "Portrait of Octave Raquin", "Christ on the Cross", "Factories Seen from a Hillside in Moonlight", "Portrait of Pierre Joseph Proudhon", "Sun", "William Sisley", "State Secretary General Mikhail Galkin-Vrasky", "Mr. and Mrs. John W. Field", "Himalayas. Sunrise.", "The Gladiolas", "The Servant"], "style_counts": [0.0003649180658316098, 0.0012275922094633351, 0.0009172999632082179, 3.578315109231678e-05, 0.0, 0.001665842644266613, 0.0005189501181724898, 0.0006110298506738499, 0.0008781692880743819], "scores": [0.00551040423601838, 0.008057907282672876, 0.008385236270848927, 0.009147242467501027, 0.009622231144912147, 0.009760115040651232, 0.010101122311141927, 0.010588757184330737, 0.010656974985921183, 0.011634715730908308, 0.011808354127774714, 0.011881519767027672, 0.012238031471522554, 0.012253564021671607, 0.012678284281356847, 0.01286692899390514, 0.01306909213808663, 0.013117694030437638, 0.013204886283771571, 0.013308312893097255], "Magic Realism": 0.003687060308698197, "Na\u00efve Art (Primitivism)": 0.004568577120814073, "Expressionism": 0.004604360271906363, "year": ["unknown", 1924.0, 1928.0, 1885.0, "unknown", 1913.0, 1885.0, "unknown", 1897.0, 1901.0, 1631.0, 1887.0, 1865.0, "unknown", 1864.0, 1903.0, 1882.0, 1937.0, 1967.0, 1916.0], "Symbolism": 0.002938517627639697, "Baroque": 0.004085410153733908, "Post-Impressionism": 0.003993330421232458, "style_dict": {"Fauvism": 1, "Art Nouveau (Modern)": 1, "Magic Realism": 1, "Na\u00efve Art (Primitivism)": 1, "Expressionism": 1, "Symbolism": 6, "Baroque": 1, "Post-Impressionism": 2, "Realism": 6}, "Realism": 0.0037261909838319264}