{"Hard Edge Painting": 0.0052184436152486295, "style": ["Magic Realism", "Op Art", "Symbolism", "Surrealism", "Hard Edge Painting", "Expressionism", "Baroque", "Expressionism", "Surrealism", "Symbolism", "Baroque", "Northern Renaissance", "Neo-Romanticism", "Magic Realism", "Cubism", "Northern Renaissance", "Na\u00efve Art (Primitivism)", "Na\u00efve Art (Primitivism)", "Realism", "Baroque"], "style_labels": ["Hard Edge Painting", "Neo-Romanticism", "Surrealism", "Op Art", "Northern Renaissance", "Magic Realism", "Na\u00efve Art (Primitivism)", "Expressionism", "Symbolism", "Baroque", "Cubism", "Realism"], "Neo-Romanticism": 0.005994294424038563, "Surrealism": 0.0053867750268573765, "Op Art": 0.004170027730546098, "contentId": ["278113.jpg", "204736.jpg", "226159.jpg", "202465.jpg", "283526.jpg", "204590.jpg", "220148.jpg", "185378.jpg", "221596.jpg", "226888.jpg", "216563.jpg", "200900.jpg", "321878.jpg", "278001.jpg", "196256.jpg", "200497.jpg", "202511.jpg", "202437.jpg", "266401.jpg", "220364.jpg"], "artist": ["Earle Eyvind", "Escher M.C.", "Roerich Nicholas", "Chagall Marc", "Reinhardt Ad", "Escher M.C.", "Rembrandt", "Munch Edvard ", "Dali Salvador", "Roerich Nicholas", "Rubens Peter Paul", "Durer Albrecht", "Kittelsen Theodor Severin", "Earle Eyvind", "Leger Fernand ", "Durer Albrecht", "Chagall Marc", "Chagall Marc", "Sargent John Singer", "Rembrandt"], "Northern Renaissance": 0.00601257522838537, "style_counts": [0.0012101213483859397, 0.0004342705395959934, 0.001041789936777171, 0.0022585372330884423, 0.00041598973524914484, 0.0016928062201898575, 0.00021847458746926396, 0.0007806727031233196, 0.0011404324087538331, 0.0005890571649458387, 0.00015546227030061033, 0.0], "scores": [0.009976008194010405, 0.01205293038201428, 0.014004730538697193, 0.014596654777888416, 0.015083242045688196, 0.01616510634896947, 0.016674084663243525, 0.017094641894993698, 0.017125405944269995, 0.017136436704482075, 0.01719684477345558, 0.017207111627062004, 0.017325739311755517, 0.017912297086242826, 0.018131598859194874, 0.018200210108194885, 0.01825202162566704, 0.018318442709787712, 0.01858094261469017, 0.018609876485907086], "Magic Realism": 0.004735758743444619, "Na\u00efve Art (Primitivism)": 0.006210090376165261, "Expressionism": 0.005647892260511182, "year": [1996.0, 1951.0, 1925.0, "unknown", 1953.0, 1961.0, 1645.0, 1887.0, 1930.0, "unknown", 1606.0, 1507.0, "unknown", 1995.0, "unknown", 1528.0, 1959.0, 1923.0, "unknown", 1634.0], "Symbolism": 0.005288132554880661, "title": ["Pasture Through the Fog", "Plane-filling Motif with Fish and Bird", "Mohammed on mount Hira", "Bride with Blue Face", "Number 17", "Merry Christmas & Happy New Year", "Girl in the Window", "Jurisprudence", "The Font", "The way", "Portrait of Maria Serra Pallavicino", "Pattern from the Series of Six Knots", "The Forest Court", "Black Silken Hair", "The Face (Face and Hands)", "A sea monster bearing away a princess", "Couple with a bird", "Banquet degenerates into brawl", "Study for a devil and victim in Judgement", "Portrait Of Maerten Soolmans"], "Baroque": 0.005839507798688735, "style_dict": {"Hard Edge Painting": 1, "Neo-Romanticism": 1, "Surrealism": 2, "Op Art": 1, "Northern Renaissance": 2, "Magic Realism": 2, "Na\u00efve Art (Primitivism)": 2, "Expressionism": 2, "Symbolism": 2, "Baroque": 3, "Cubism": 1, "Realism": 1}, "Cubism": 0.006273102693333971, "Realism": 0.006428564963634579}