{"style_counts": [0.0, 0.0003204926974724742, 0.0032803669032525073, 0.003708842779289956, 0.001136392402116826, 0.00314520320309164, 0.004973058841753142, 0.002708769026874336, 0.0020114394481668407, 0.004410991975479117, 0.001107628853604825], "Neo-Suprematism": 0.011097739809456572, "style_labels": ["Neo-Suprematism", "Neo-Romanticism", "Art Nouveau (Modern)", "Ukiyo-e", "High Renaissance", "Proto Renaissance", "Surrealism", "Expressionism", "Pop Art", "Cubism", "Regionalism"], "Neo-Romanticism": 0.010777247111984162, "artist": ["Dali Salvador", "Beksinski Zdislav", "Giotto", "Escher M.C.", "Escher M.C.", "Hokusai Katsushika", "Escher M.C.", "Vallotton  Felix", "Giotto", "Giotto", "Warhol Andy", "Escher M.C.", "Picasso Pablo", "Rockwell Norman", "Michelangelo", "Michelangelo", "Giotto", "Kittelsen Theodor Severin", "Braque Georges ", "Malevich Kazimir"], "contentId": ["221757.jpg", "259114.jpg", "192810.jpg", "204828.jpg", "204863.jpg", "222136.jpg", "204552.jpg", "271264.jpg", "192815.jpg", "192811.jpg", "229361.jpg", "204582.jpg", "223797.jpg", "247620.jpg", "193177.jpg", "193274.jpg", "192812.jpg", "321745.jpg", "193769.jpg", "219888.jpg"], "Art Nouveau (Modern)": 0.00781737290620415, "title": ["Untitled - Design for the ball in the dream sequence in 'Spellbound'", "Untitled", "The Crucifixion", "Seated Female Nude III", "Sunflowers", "A depiction of Sun Wukong wielding his staff", "Hand with Fir Cone", "Portrait of Matilde Serao", "The Crucifixion", "The Crucifixion", "Muhammad Ali", "Life Force", "Bust of woman", "Boy Reading Adventure Story", "Sistine Chapel Ceiling: David and Goliath", "The Rape of Ganymede", "The Crucifixion", "Hun Soper Hver Krok", "The Pedestal", "Three heads"], "Ukiyo-e": 0.007388897030166701, "style": ["Surrealism", "Surrealism", "Proto Renaissance", "Cubism", "Expressionism", "Ukiyo-e", "Expressionism", "Art Nouveau (Modern)", "Proto Renaissance", "Proto Renaissance", "Pop Art", "Expressionism", "Surrealism", "Regionalism", "High Renaissance", "High Renaissance", "Proto Renaissance", "Neo-Romanticism", "Expressionism", "Neo-Suprematism"], "High Renaissance": 0.00996134740733974, "Proto Renaissance": 0.00795253660636492, "Surrealism": 0.0061246809677034855, "Expressionism": 0.00838897078258225, "year": [1944.0, "unknown", 1317.0, 1920.0, 1918.0, "unknown", 1921.0, 1891.0, 1330.0, 1300.0, "unknown", 1919.0, 1931.0, "unknown", 1509.0, 1533.0, 1317.0, 1900.0, 1921.0, "unknown"], "scores": [0.008724701494037857, 0.017452501482564213, 0.018358015551347615, 0.019327187091501812, 0.020560620201152454, 0.021356659297996676, 0.022314912487038638, 0.022595113869035136, 0.024305425240709937, 0.02446776718736977, 0.026262785948033714, 0.027282030983771813, 0.02886651034391159, 0.028875134565043, 0.02925376705530115, 0.029407392127078238, 0.029715496560152203, 0.031150250680347026, 0.03200407543594864, 0.032076593721733236], "Pop Art": 0.009086300361289787, "style_dict": {"Neo-Suprematism": 1, "Neo-Romanticism": 1, "Art Nouveau (Modern)": 1, "Ukiyo-e": 1, "High Renaissance": 2, "Cubism": 1, "Surrealism": 3, "Expressionism": 4, "Pop Art": 1, "Proto Renaissance": 4, "Regionalism": 1}, "Cubism": 0.006686747833977463, "Regionalism": 0.009990110955851766}