{"Northern Renaissance": 0.0050937497949569786, "Abstract Expressionism, Symbolism": 0.004913100029548596, "year": ["unknown", 1890.0, 1883.0, 1889.0, 1883.0, 1890.0, 1885.0, 1909.0, 1890.0, 1967.0, "unknown", 1983.0, 1906.0, "unknown", "unknown", 1908.0, 1887.0, 1976.0, 1983.0, "unknown"], "style": ["Magic Realism", "Neo-Romanticism", "Realism", "Post-Impressionism", "Realism", "Post-Impressionism", "Realism", "Cubism", "Post-Impressionism", "Abstract Expressionism, Symbolism", "Neoclassicism", "Neo-Expressionism", "Symbolism", "Northern Renaissance", "Regionalism", "Art Nouveau (Modern)", "Post-Impressionism", "Pop Art", "Neo-Expressionism", "Symbolism"], "Neo-Romanticism": 0.004287582058456905, "Neo-Expressionism": 0.005047184220527177, "Art Nouveau (Modern)": 0.005215320899899801, "Symbolism": 0.005107700231625542, "style_dict": {"Neo-Romanticism": 1, "Neo-Expressionism": 2, "Art Nouveau (Modern)": 1, "Northern Renaissance": 1, "Magic Realism": 1, "Abstract Expressionism, Symbolism": 1, "Neoclassicism": 1, "Symbolism": 2, "Pop Art": 1, "Post-Impressionism": 4, "Cubism": 1, "Realism": 3, "Regionalism": 1}, "Neoclassicism": 0.004972931785569676, "Regionalism": 0.005108503274503242, "Magic Realism": 0.004217378336699058, "scores": [0.01218979123675806, 0.012392706091426139, 0.012939348124366305, 0.013253306365723937, 0.013327328022244504, 0.013493568686612369, 0.013594237692870347, 0.013806505872842018, 0.01414710893692788, 0.014200685569126074, 0.014373621586954736, 0.014517063821525594, 0.014635160237901085, 0.01472283054913303, 0.014765473589744248, 0.015074216237435996, 0.015086465667258075, 0.015199069354184917, 0.01520518808638242, 0.01544346307389032], "Post-Impressionism": 0.004596816972252493, "Realism": 0.004435299975609648, "Pop Art": 0.005258517113815135, "style_counts": [0.0009709350553581686, 0.00021133289328789662, 4.319621391524198e-05, 0.00016476731885806117, 0.0010411387771159797, 0.0003454170842664972, 0.0008232171382054343, 0.0001508168821895417, 0.0, 0.0006617001415626378, 0.0004817938998810112, 0.00028558532824540794, 0.00015001383931179113], "artist": ["Earle Eyvind", "Kittelsen Theodor Severin", "van Gogh Vincent ", "van Gogh Vincent ", "van Gogh Vincent ", "van Gogh Vincent ", "van Gogh Vincent ", "Picasso Pablo", "van Gogh Vincent ", "Dali Salvador", "Ingres Jean Auguste Dominique ", "Basquiat Jean-Michel ", "Roerich Nicholas", "Durer Albrecht", "Rockwell Norman", "Roerich Nicholas", "van Gogh Vincent ", "Warhol Andy", "Basquiat Jean-Michel ", "Blake William "], "contentId": ["278027.jpg", "321825.jpg", "206409.jpg", "206602.jpg", "206738.jpg", "207035.jpg", "206523.jpg", "223810.jpg", "205831.jpg", "246797.jpg", "193402.jpg", "203935.jpg", "226592.jpg", "200561.jpg", "247682.jpg", "226819.jpg", "207177.jpg", "300236.jpg", "203904.jpg", "192915.jpg"], "style_labels": ["Neo-Romanticism", "Neo-Expressionism", "Art Nouveau (Modern)", "Northern Renaissance", "Magic Realism", "Abstract Expressionism, Symbolism", "Realism", "Symbolism", "Pop Art", "Post-Impressionism", "Cubism", "Neoclassicism", "Regionalism"], "title": ["Copy of Sea mist and Pastures", "Peer Gynt In the Hall of the Mountain King", "Orphan Man with Cap, Head", "Pine Trees Seen against the Wall of the Asylum", "Sand Diggers in Dekkersduin near The Hague", "Study of a Fruit Tree", "Peasant Woman, Digging, Seen from the Side", "Carnival at the bistro", "Couple Arm in Arm and Other Figures, with a Windmill in the Background", "Seduxisti me, Domine", "Mademoiselle Jeanne Hayard", "Undiscovered Genius", "Sketch made by travelling in Italy and Switzerland", "Blessing Savior", "Girl Broom Kitten", "Terem of Yaroslavna.  By the monastery wall.", "The Seine with the Pont de Clichy", "Mimosas", "Replicas", "Minotaur"], "Cubism": 0.004776723213934064}