{"Impressionism": 0.0027563064355449612, "Neo-Suprematism": 0.0013826732678215968, "style_labels": ["Impressionism", "Neo-Suprematism", "Neo-Romanticism", "Surrealism", "Art Nouveau (Modern)", "Romanticism", "Neoclassicism, Surrealism", "Realism", "Symbolism", "Realism, Surrealism", "Neoclassicism"], "Neo-Romanticism": 0.0024455555934422978, "Surrealism": 0.002266561134463885, "contentId": ["226318.jpg", "219905.jpg", "211557.jpg", "226751.jpg", "277293.jpg", "220780.jpg", "221765.jpg", "226815.jpg", "225645.jpg", "187920.jpg", "321849.jpg", "196453.jpg", "225476.jpg", "262776.jpg", "226654.jpg", "212899.jpg", "244084.jpg", "220888.jpg", "243071.jpg", "220755.jpg"], "Art Nouveau (Modern)": 0.0018288506092487083, "artist": ["Roerich Nicholas", "Malevich Kazimir", "Magritte Rene", "Roerich Nicholas", "Zorn Anders", "Dali Salvador", "Dali Salvador", "Roerich Nicholas", "Roerich Nicholas", "Delacroix Eugene ", "Kittelsen Theodor Severin", "Aivazovsky Ivan ", "Roerich Nicholas", "Piranesi Giovanni Battista", "Roerich Nicholas", "Monet Claude", "Hassam Childe", "Dali Salvador", "Delvaux Paul", "Dali Salvador"], "Romanticism": 0.0024191413203301505, "Neoclassicism, Surrealism": 0.0029659550407517966, "style": ["Art Nouveau (Modern)", "Neo-Suprematism", "Surrealism", "Art Nouveau (Modern)", "Realism", "Surrealism", "Realism, Surrealism", "Art Nouveau (Modern)", "Art Nouveau (Modern)", "Romanticism", "Neo-Romanticism", "Romanticism", "Symbolism", "Neoclassicism", "Symbolism", "Impressionism", "Impressionism", "Surrealism", "Surrealism", "Neoclassicism, Surrealism"], "Realism": 0.0021496853461096285, "scores": [0.0030284894412912697, 0.003996439763709543, 0.004511571988261366, 0.005312489572695708, 0.006213389812758511, 0.006512708330467576, 0.0068801025307948, 0.006915545627278931, 0.0070153822191414686, 0.007045938478389052, 0.007068564819650612, 0.007200089520995474, 0.007486025673556194, 0.007668017539117928, 0.007886472968630577, 0.008065203587816427, 0.008166348626875364, 0.008169466820868481, 0.0084086377817912, 0.008572712684978761], "year": [1912.0, 1932.0, 1939.0, 1912.0, 1888.0, 1934.0, 1945.0, 1910.0, "unknown", "unknown", "unknown", 1898.0, 1932.0, "unknown", 1920.0, 1907.0, 1912.0, 1974.0, "unknown", 1982.0], "Symbolism": 0.002610429143031293, "title": ["Oze's room", "Two Male Figures", "The Ladder Of Fire", "Study of scene design for \"Tristan und Isolde\"", "Mrs Symons", "Apparition of My Cousin Carolinetta on the Beach at Rosas", "Untitled - Portrait of a Woman", "Terem of Kikimora", "Girls", "Two Figures", "Boelgen", "Between the waves", "Charaka", "The Prisons (plate VI)", "Snow Maiden", "Water Lilies", "Jelly Fish", "Cranach Metamorphosis (Woman in a Mirror)", "Night\u00a0garden", "After the Head of 'Giuliano di Medici"], "style_dict": {"Impressionism": 2, "Neo-Suprematism": 1, "Neo-Romanticism": 1, "Neoclassicism, Surrealism": 1, "Art Nouveau (Modern)": 4, "Romanticism": 2, "Surrealism": 4, "Neoclassicism": 1, "Symbolism": 2, "Realism, Surrealism": 1, "Realism": 1}, "Realism, Surrealism": 0.0023803521162975485, "Neoclassicism": 0.0026529520011291914, "style_counts": [0.00020964860520689133, 0.0015832817729302118, 0.0005203994473095275, 0.0006993939062879262, 0.0011371044315030554, 0.0005468137204216461, 0.0, 0.0008162696946422132, 0.0003555258977204767, 0.0005856029244543093, 0.0003130030396226724]}