{"style": ["Symbolism", "Orientalism", "Neo-Romanticism", "Art Nouveau (Modern)", "Symbolism", "Regionalism", "Symbolism", "Symbolism", "Magic Realism", "Color Field Painting", "unknown", "Realism", "Color Field Painting", "Realism", "Magic Realism", "Symbolism", "New Realism", "Expressionism", "Magic Realism", "Post-Impressionism"], "style_labels": ["Neo-Romanticism", "Symbolism", "unknown", "Art Nouveau (Modern)", "Magic Realism", "Color Field Painting", "Expressionism", "New Realism", "Post-Impressionism", "Orientalism", "Realism", "Regionalism"], "Neo-Romanticism": 0.002597881084360105, "Symbolism": 0.002630519658941639, "unknown": 0.0030729481575623974, "Art Nouveau (Modern)": 0.002662601880889299, "artist": ["Roerich Nicholas", "Gerome Jean-Leon", "Kittelsen Theodor Severin", "Kustodiev Boris", "Roerich Nicholas", "Rockwell Norman", "Roerich Nicholas", "Roerich Nicholas", "Vallotton  Felix", "Rothko Mark", "Roerich Nicholas", "Levitan Isaac", "Rothko Mark", "van Gogh Vincent ", "Earle Eyvind", "Roerich Nicholas", "Hopper Edward", "Modigliani Amedeo ", "Holbrook Carter Clarence", "Cezanne Paul"], "year": [1924.0, "unknown", "unknown", 1914.0, 1933.0, 1946.0, "unknown", 1935.0, 1907.0, "unknown", 1936.0, 1881.0, 1950.0, 1884.0, "unknown", 1945.0, 1927.0, 1918.0, 1977.0, 1895.0], "style_counts": [0.000895915988784024, 0.0008632774142024457, 0.00042084891558169524, 0.00083119519225483, 0.000362399931945645, 0.000415899355043603, 5.145863905220427e-05, 6.471637417382325e-05, 0.0, 0.001029920990405886, 0.0002939641068931964, 0.000731582077944215], "scores": [0.0063601861942876314, 0.0071215178445023595, 0.007508842116607111, 0.007695909279043638, 0.007702347607468918, 0.007983828211363125, 0.008378655070455139, 0.00846797601361831, 0.00846877359387927, 0.008750857299803207, 0.008881962568097406, 0.009359927335092364, 0.009374506730322217, 0.00948349849020957, 0.009670110201942961, 0.00974607481508123, 0.009911318007850525, 0.009949637791019844, 0.010003598635786839, 0.010098372388036207], "Magic Realism": 0.003131397141198491, "Color Field Painting": 0.0030778977181005543, "Expressionism": 0.003442338434091938, "contentId": ["226248.jpg", "279435.jpg", "321948.jpg", "230268.jpg", "226774.jpg", "247716.jpg", "225799.jpg", "226105.jpg", "271258.jpg", "242102.jpg", "226235.jpg", "210357.jpg", "242109.jpg", "206095.jpg", "278323.jpg", "225378.jpg", "235582.jpg", "189502.jpg", "345390.jpg", "215824.jpg"], "New Realism": 0.003429080698970276, "title": ["Mountains Soshing", "Sketch for the Excursion of the Harem", "Kveld Paa Soletunet I Eggedal", "The Harvest", "Stupa", "Maternity Waiting Room", "Himalayas", "Madonna Laboris", "Portrait of Gertrude Stein", "No.2", "Mount Fuji", "Road in a Wood", "No.5/No.22", "Head of a Peasant Woman with White Cap", "Early Autumn", "Beda the Preacher", "Lighthouse HIll", "Elvira with a white collar", "Eschatos 18", "Seated Woman"], "Post-Impressionism": 0.0034937970731441764, "style_dict": {"New Realism": 1, "Neo-Romanticism": 1, "unknown": 1, "Orientalism": 1, "Magic Realism": 3, "Color Field Painting": 2, "Expressionism": 1, "Symbolism": 5, "Post-Impressionism": 1, "Art Nouveau (Modern)": 1, "Realism": 2, "Regionalism": 1}, "Orientalism": 0.0024638760827382115, "Realism": 0.0031998329662509153, "Regionalism": 0.0027622149951999153}