{"Impressionism": 0.003921955850207749, "style": ["Art Nouveau (Modern)", "Baroque", "Baroque", "Symbolism", "Surrealism", "Surrealism", "Expressionism", "Impressionism", "Baroque", "Baroque", "Realism", "Na\u00efve Art (Primitivism)", "Surrealism", "Realism", "Expressionism", "Realism", "Art Nouveau (Modern)", "Art Nouveau (Modern)", "Surrealism", "Realism"], "style_labels": ["Impressionism", "Art Nouveau (Modern)", "Surrealism", "Na\u00efve Art (Primitivism)", "Expressionism", "Symbolism", "Baroque", "Realism"], "artist": ["Schiele Egon", "Rembrandt", "Rembrandt", "Roerich Nicholas", "Beksinski Zdislav", "Dali Salvador", "Picasso Pablo", "Sisley Alfred", "Rembrandt", "Rembrandt", "Repin Ilya", "Picasso Pablo", "Beksinski Zdislav", "Sargent John Singer", "Schiele Egon", "Repin Ilya", "Roerich Nicholas", "Serebriakova Zinaida", "Magritte Rene", "Savrasov Aleksey"], "contentId": ["232795.jpg", "220268.jpg", "220367.jpg", "225750.jpg", "259089.jpg", "221388.jpg", "224516.jpg", "238193.jpg", "220738.jpg", "220458.jpg", "215268.jpg", "224413.jpg", "258833.jpg", "266380.jpg", "232766.jpg", "215199.jpg", "226374.jpg", "227261.jpg", "211384.jpg", "237203.jpg"], "Art Nouveau (Modern)": 0.003837301399310492, "title": ["Standing Girl in a Plaid Garment", "Old man Dressed as Saint Paul", "Portrait of Margheride Geer, Wife of Jacob Trip", "Himalayas", "Untitled", "Puzzle of Autumn", "Teenagers", "Saint Mammes Evening", "Young Woman Trying Earrings", "Self-portrait", "A Peasant with an Evil Eye", "Sebastia Junyer-Vidal as rhapsode", "Untitled", "Vernon Lee", "Self Portrait as St. Sebastian (poster)", "Portrait of painter Grigory Grigoryevich Myasoyedov", "Polovtsian camp", "In ballet dressing room", "Memory of a Voyage", "Sunset"], "style_counts": [0.00012530075851380218, 0.00020995520941102797, 0.0002649572771379338, 0.0, 0.00011734553810616166, 0.00032557061537541454, 0.00043188077726907803, 0.00011960857650439305], "scores": [0.010173830704589482, 0.010440204225177576, 0.010654094088923916, 0.010757056086925298, 0.010946358765703637, 0.011093543196277908, 0.011175568377270458, 0.011335910425156118, 0.011466372369706877, 0.011467700674831681, 0.011582511477633502, 0.011698076198807368, 0.011724183625421249, 0.01190853054239523, 0.011967198304684675, 0.012033063574471831, 0.01210632058438484, 0.01220643164683067, 0.012297095137367469, 0.012307144651759949], "Surrealism": 0.003782299331583597, "Na\u00efve Art (Primitivism)": 0.004047256608721547, "Expressionism": 0.003929911070615354, "year": [1909.0, 1632.0, "unknown", "unknown", "unknown", 1935.0, 1906.0, 1885.0, 1654.0, "unknown", 1877.0, 1903.0, "unknown", 1881.0, 1914.0, 1883.0, 1908.0, 1924.0, 1955.0, 1870.0], "Symbolism": 0.003721685993346099, "Baroque": 0.0036153758314524673, "style_dict": {"Impressionism": 1, "Art Nouveau (Modern)": 3, "Surrealism": 4, "Na\u00efve Art (Primitivism)": 1, "Expressionism": 2, "Symbolism": 1, "Baroque": 4, "Realism": 4}, "Realism": 0.0039276480322170725}