{"Color Field Painting": 0.0034036168313865294, "year": ["unknown", 1934.0, 1963.0, 1954.0, 1923.0, 1945.0, 1944.0, 1891.0, "unknown", 1935.0, 1988.0, 1951.0, 1941.0, 1924.0, 1816.0, 1934.0, 1922.0, 1925.0, "unknown", 1948.0], "New Realism": 0.0049920920676265555, "style": ["Realism", "Surrealism", "Na\u00efve Art (Primitivism)", "Color Field Painting", "Na\u00efve Art (Primitivism)", "Surrealism", "Neo-Romanticism", "Impressionism", "Neo-Romanticism, Symbolism", "Abstract Art", "Neo-Expressionism", "Surrealism", "Surrealism", "Symbolism", "Neoclassicism", "Surrealism", "Symbolism", "Neoclassicism", "Pop Art", "New Realism"], "Neo-Romanticism": 0.004196138973222107, "Neo-Romanticism, Symbolism": 0.004554655393706418, "Neo-Expressionism": 0.004644492795407998, "Symbolism": 0.004704512995495836, "style_dict": {"Impressionism": 1, "New Realism": 1, "Neo-Romanticism": 1, "Neo-Romanticism, Symbolism": 1, "Neo-Expressionism": 1, "Neoclassicism": 2, "Surrealism": 5, "Color Field Painting": 1, "Na\u00efve Art (Primitivism)": 2, "Pop Art": 1, "Symbolism": 2, "Abstract Art": 1, "Realism": 1}, "Neoclassicism": 0.004798826907156011, "Impressionism": 0.004315433997469107, "scores": [0.009439864510318013, 0.00953661475534067, 0.009641114790909011, 0.009837717964139656, 0.01019965610863869, 0.0120476683140673, 0.01212840158040859, 0.012473208549349654, 0.013164647316918465, 0.013271454646895553, 0.013424310805599486, 0.013444397133176496, 0.013641054122946503, 0.013643576968415446, 0.013946653327075956, 0.01396724751536416, 0.014060725915450576, 0.014313052672329829, 0.014428737101446227, 0.014429001925085266], "Abstract Art": 0.004591608193873145, "Realism": 0.0032659689828927314, "Pop Art": 0.0049920004449353515, "style_counts": [0.0006766580701573766, 0.0007959530944043891, 0.00043743667392015517, 0.00034759927221850173, 0.0017261230847337439, 0.0009392857548020661, 0.0015884752362399501, 0.0016228983027136712, 9.162269121176791e-08, 0.0, 0.0004004838737533545, 0.0002875790721307281, 0.00019326516047046827], "artist": ["Kittelsen Theodor Severin", "Dali Salvador", "Chagall Marc", "Reinhardt Ad", "Chagall Marc", "Dali Salvador", "Spencer Stanley", "Cassatt Mary", "Kittelsen Theodor Severin", "Kandinsky Wassily", "Twombly Cy", "Dali Salvador", "Miro Joan", "Roerich Nicholas", "Ingres Jean Auguste Dominique ", "Picasso Pablo", "Roerich Nicholas", "Sargent John Singer", "Warhol Andy", "Hopper Edward"], "contentId": ["321848.jpg", "220983.jpg", "202549.jpg", "283527.jpg", "203233.jpg", "220928.jpg", "298661.jpg", "190150.jpg", "321944.jpg", "282903.jpg", "231585.jpg", "221342.jpg", "227888.jpg", "225947.jpg", "193500.jpg", "224636.jpg", "226676.jpg", "265789.jpg", "229364.jpg", "235634.jpg"], "style_labels": ["Impressionism", "Neo-Romanticism", "Neo-Romanticism, Symbolism", "Neo-Expressionism", "Realism", "Surrealism", "Color Field Painting", "Na\u00efve Art (Primitivism)", "Pop Art", "New Realism", "Abstract Art", "Symbolism", "Neoclassicism"], "Surrealism": 0.004052806312824471, "Na\u00efve Art (Primitivism)": 0.003369193764912824, "title": ["Bjoernen Og Reven", "Figure with Drawers for a Four-part Screen", "Drawing by Marc Chagall for Vladimir Mayakovsky's 70th birthday", "Untitled", "The over-flowing table", "Design for the set of the film 'Spellbound'", "Garden Scene. Port Glasgow.", "Baby`s First Cess", "Kornstaurer i Maaneskinn", "Movement I", "Untitled Part I", "Portrait of Katharina Cornell", "Ciphers and Constellations, in Love with a Woman", "Kangchenjunga", "Portrait of the painter Charles Thevenin, director of the Academy of France in Rome", "Two figures", "Spell words", "Apollo in His Chariot with the Hours", "Only Way Out Is In", "Seven A.M."]}