{"style": ["Symbolism", "Na\u00efve Art (Primitivism)", "Surrealism", "Surrealism", "Realism", "High Renaissance", "Realism", "Symbolism", "Surrealism", "Magic Realism", "Color Field Painting", "Realism", "unknown", "Realism", "Post-Impressionism", "Regionalism", "Minimalism", "Na\u00efve Art (Primitivism)", "Expressionism", "Surrealism"], "style_labels": ["Surrealism", "unknown", "High Renaissance", "Magic Realism", "Color Field Painting", "Na\u00efve Art (Primitivism)", "Expressionism", "Minimalism", "Post-Impressionism", "Symbolism", "Realism", "Regionalism"], "Surrealism": 0.005355089532213043, "unknown": 0.006168663971045296, "artist": ["Roerich Nicholas", "Chagall Marc", "Solar Xul", "Miro Joan", "Roerich Nicholas", "Michelangelo", "Roerich Nicholas", "Roerich Nicholas", "Escher M.C.", "Earle Eyvind", "Rothko Mark", "Sargent John Singer", "Solar Xul", "Roerich Nicholas", "Kandinsky Wassily", "Rockwell Norman", "Rothko Mark", "Chagall Marc", "Freud Lucian", "Chagall Marc"], "year": [1926.0, 1958.0, 1948.0, 1945.0, 1893.0, 1506.0, 1893.0, 1932.0, 1934.0, 1996.0, 1967.0, 1908.0, 1939.0, 1893.0, 1902.0, "unknown", 1964.0, 1976.0, 1995.0, 1958.0], "style_counts": [0.0011368291296712796, 0.0003232546908390477, 0.0008900689612265644, 0.0005368154574787454, 0.00040762283277884226, 0.0014620729724200698, 0.0, 0.00012102263293445326, 0.00023308310184277925, 0.0020617044016046915, 0.0008967487284066156, 0.0002042328822396966], "High Renaissance": 0.005601849700657767, "style_dict": {"Magic Realism": 1, "unknown": 1, "High Renaissance": 1, "Surrealism": 4, "Color Field Painting": 1, "Na\u00efve Art (Primitivism)": 2, "Expressionism": 1, "Symbolism": 2, "Post-Impressionism": 1, "Minimalism": 1, "Realism": 4, "Regionalism": 1}, "scores": [0.00933261635765403, 0.011192605695503654, 0.014146345899203213, 0.015108208332861466, 0.015712908562353505, 0.016191428166760294, 0.01670318419495446, 0.01675637475039885, 0.01716142716507427, 0.017212462117370826, 0.01758587683113213, 0.017783077560058987, 0.017829732125860927, 0.017939311304026324, 0.018090361540060433, 0.018173749400010365, 0.01841425795456957, 0.018427541718998547, 0.01876405835486961, 0.0187987795502228], "Magic Realism": 0.005955103204405576, "Color Field Painting": 0.006084295829105557, "Na\u00efve Art (Primitivism)": 0.0050298456894643405, "Expressionism": 0.006491918661884358, "contentId": ["226027.jpg", "202938.jpg", "345160.jpg", "228057.jpg", "226312.jpg", "193129.jpg", "225544.jpg", "226288.jpg", "204702.jpg", "278061.jpg", "290284.jpg", "266067.jpg", "345150.jpg", "226368.jpg", "326983.jpg", "247783.jpg", "290285.jpg", "202469.jpg", "231920.jpg", "203043.jpg"], "Minimalism": 0.006370896028949883, "title": ["Ladakh. Himalayas.", "Project of vitrage for the north apse of the cathedral of Metz", "Barreras Mel\u00f3dicas", "Women Sonando Evasion", "Ozertitsy", "Holy Family with St. John the Baptist", "Distillery in Izvara", "Om mani padme hum", "NOT DETECTED", "Fog and Storm and Rain", "No. 3", "Betty Wertheimer", "Ciuda Lagui", "Plitnaia Hill", "Kochel \u2013 Gabriele Munter", "Radio Phone", "No. 2", "Bushes and angel (sketch to vitrage in Chapelle des Cordeliers in Sarrebourg)", "Bella in her Pluto T-Shirt", "Song of Songs IV"], "Post-Impressionism": 0.006258835560041589, "Symbolism": 0.004430214260279657, "Realism": 0.005595169933477696, "Regionalism": 0.006287685779644699}