{"Color Field Painting": 0.0041379933713073585, "year": [1869.0, 1964.0, 1772.0, 1913.0, 1907.0, 1917.0, 1902.0, 1944.0, "unknown", 1937.0, 1921.0, 1943.0, 1914.0, 1607.0, 1906.0, 1953.0, 1633.0, 1879.0, 1919.0, 1606.0], "style": ["Neoclassicism", "Pop Art", "Romanticism", "Art Nouveau (Modern)", "Symbolism", "Expressionism", "Realism", "Surrealism", "Baroque", "Surrealism", "Neoclassicism", "Abstract Expressionism", "Neo-Romanticism", "Baroque", "Impressionism", "Color Field Painting", "Baroque", "Realism", "Impressionism", "Baroque"], "Neo-Romanticism": 0.004054530603155108, "title": ["Young Worker", "Sixteen Jackies", "The Burial of Christ", "Yard in front of castle", "Self-Portrait", "Marcelle", "The Earle of Comer", "Untitled -The Seven Arts", "A Woman Weeping", "Revolution of the Viaduct", "Portrait of Alice Derain", "The Circus", "The Centurion's Servant", "Saint Gregory with Saints Domitilla, Maurus, and Papianus", "A Seating Bather", "Untitled (Purple, White, and Red)", "Bellona", "Send off of recruit", "Madelaine in a White Blouse and a Bouquet of Flowers", "Equestrian Portrait of Giancarlo Doria"], "Art Nouveau (Modern)": 0.003641358565532544, "Expressionism": 0.0038047062290701116, "Symbolism": 0.003797852341822296, "style_dict": {"Impressionism": 2, "Abstract Expressionism": 1, "Neo-Romanticism": 1, "Art Nouveau (Modern)": 1, "Romanticism": 1, "Surrealism": 2, "Color Field Painting": 1, "Realism": 2, "Expressionism": 1, "Symbolism": 1, "Pop Art": 1, "Baroque": 4, "Neoclassicism": 2}, "Neoclassicism": 0.003464978658065898, "Impressionism": 0.004090517785392757, "scores": [0.008847706901423787, 0.009143758410568498, 0.009838864298337364, 0.010524879958188555, 0.010977205149462975, 0.010997015431595866, 0.01111338481872012, 0.011309478072314864, 0.011414223212061592, 0.011542919732195128, 0.011557129544154322, 0.011649023545148057, 0.011719100746885227, 0.011761389446534643, 0.011875089425138837, 0.011960339174788327, 0.012091291990191998, 0.012168151092519335, 0.012213470599429196, 0.012275112649580935], "Baroque": 0.0039038977598995182, "Realism": 0.003953475700459307, "style_counts": [4.747558591466916e-05, 0.00010770781605851099, 8.346276815229814e-05, 0.0004966348057748871, 0.0007339799355067234, 0.0002573903147992107, 0.0, 0.00018451767084803894, 0.00033328714223723743, 0.00034014102948509706, 0.0009744700682621232, 0.0002340956114078585, 0.0006730147132414377], "Abstract Expressionism": 0.0040302855552488215, "artist": ["Bouguereau William-Adolphe", "Warhol Andy", "Goya Francisco", "Roerich Nicholas", "Malevich Kazimir", "Modigliani Amedeo ", "Sargent John Singer", "Dali Salvador", "Rembrandt", "Klee Paul", "Derain Andre", "Matisse Henri", "Spencer Stanley", "Rubens Peter Paul", "Renoir Pierre-Auguste", "Rothko Mark", "Rembrandt", "Repin Ilya", "Renoir Pierre-Auguste", "Rubens Peter Paul"], "contentId": ["232578.jpg", "229383.jpg", "194096.jpg", "227097.jpg", "219801.jpg", "189572.jpg", "266339.jpg", "221798.jpg", "219992.jpg", "202294.jpg", "256157.jpg", "290269.jpg", "298602.jpg", "216580.jpg", "218179.jpg", "242124.jpg", "220062.jpg", "215369.jpg", "218734.jpg", "216434.jpg"], "style_labels": ["Impressionism", "Abstract Expressionism", "Neo-Romanticism", "Art Nouveau (Modern)", "Romanticism", "Surrealism", "Color Field Painting", "Realism", "Expressionism", "Symbolism", "Pop Art", "Baroque", "Neoclassicism"], "Romanticism": 0.003404013435800677, "Surrealism": 0.0038806030565081396, "Pop Art": 0.003163523303045291}