{"Impressionism": 0.004316988640178949, "style": ["Realism", "Art Nouveau (Modern)", "Symbolism", "Cubism", "Surrealism", "Expressionism", "Impressionism", "Realism", "Realism", "Expressionism", "Neoclassicism, Surrealism", "Impressionism", "Neoclassicism", "Expressionism", "Neoclassicism", "Impressionism", "Expressionism", "Surrealism", "Realism", "Expressionism"], "style_labels": ["Impressionism", "Surrealism", "Art Nouveau (Modern)", "Neoclassicism, Surrealism", "Realism", "Expressionism", "Symbolism", "Cubism", "Neoclassicism"], "Surrealism": 0.004213033674302841, "contentId": ["265784.jpg", "226401.jpg", "225476.jpg", "256169.jpg", "221517.jpg", "185504.jpg", "219116.jpg", "191816.jpg", "266263.jpg", "232010.jpg", "223749.jpg", "190422.jpg", "193582.jpg", "231921.jpg", "232467.jpg", "244010.jpg", "221828.jpg", "221769.jpg", "266075.jpg", "231895.jpg"], "Art Nouveau (Modern)": 0.003302563845603557, "artist": ["Sargent John Singer", "Roerich Nicholas", "Roerich Nicholas", "Derain Andre", "Dali Salvador", "Munch Edvard ", "Renoir Pierre-Auguste", "Courbet Gustave", "Sargent John Singer", "Freud Lucian", "Picasso Pablo", "Cassatt Mary", "Ingres Jean Auguste Dominique ", "Freud Lucian", "Bouguereau William-Adolphe", "Hassam Childe", "Dali Salvador", "Dali Salvador", "Sargent John Singer", "Freud Lucian"], "style_counts": [0.0001432896554660612, 0.0002472446213421797, 0.001157714450041425, 2.646337020006939e-05, 0.000512388831416799, 0.0002453034341294291, 0.0008347965025881088, 0.0007524729742482972, 0.0], "scores": [0.00914286144040155, 0.00954563726798147, 0.010478990183418323, 0.010716935784742108, 0.011368764747147547, 0.012242754941089246, 0.012685173585627436, 0.012685318190829667, 0.012748057435770729, 0.012771387543062486, 0.012815373440244603, 0.012825168956587762, 0.013034366407721928, 0.013153246324544643, 0.013231668135532636, 0.013287284039634905, 0.013425747156749759, 0.013441276395168636, 0.013501515154976723, 0.013550195218467339], "Neoclassicism, Surrealism": 0.004433814925444961, "Realism": 0.003947889464228203, "Expressionism": 0.0042149748615155636, "year": [1908.0, 1908.0, 1932.0, 1912.0, 1942.0, 1920.0, 1880.0, "unknown", 1903.0, 1954.0, 1934.0, 1889.0, 1867.0, 1995.0, 1863.0, 1916.0, 1981.0, 1942.0, 1910.0, 2001.0], "Symbolism": 0.0036254817930568696, "title": ["Almina, Daughter of Asher Wertheimer", "Prologue. Forest.", "Charaka", "Still Life", "Study for the set of 'Romeo and Juliet'", "Workers on their way home I", "Still life with pheasant and partridge", "Reclining nude", "Mrs. Joseph E. Widener", "Hotel Bedroom", "Blind Minotaur is guided by girl through the night", "Woman\u00a0and\u00a0child\u00a0in front of\u00a0a\u00a0shelf\u00a0which\u00a0are\u00a0placed\u00a0a jug\u00a0and basin", "Women's Group", "Benefits Supervisor Sleeping (also known as Big Sue)", "Portrait of Mlle Brissac", "Flagstone Sidewalk, Portsmouth, New Hampshire", "Woman on a Ram", "Untitled - Set Design (Figures Cut in Three)", "Cecily Homer", "After Breakfast"], "style_dict": {"Impressionism": 3, "Neoclassicism, Surrealism": 1, "Art Nouveau (Modern)": 1, "Surrealism": 2, "Neoclassicism": 2, "Expressionism": 5, "Symbolism": 1, "Cubism": 1, "Realism": 4}, "Cubism": 0.0037078053213966916, "Neoclassicism": 0.00446027829564503}