{"style_counts": [0.0013348402617365807, 0.0005091749064521922, 7.89705807008323e-05, 0.0016904753296074215, 0.001091066501586635, 0.0025300167074251423, 0.0, 0.006281093975521346, 0.0013750770012639357, 0.001788938918243499], "style": ["Cubism", "Surrealism", "Expressionism", "Realism", "Expressionism", "Regionalism", "Surrealism", "Analytical Cubism", "Na\u00efve Art (Primitivism)", "Analytical Cubism", "Na\u00efve Art (Primitivism)", "Op Art", "Na\u00efve Art (Primitivism)", "Surrealism", "Realism", "Na\u00efve Art (Primitivism)", "Romanticism", "Surrealism", "Symbolism", "Romanticism"], "style_labels": ["Analytical Cubism", "Op Art", "Romanticism", "Surrealism", "Na\u00efve Art (Primitivism)", "Expressionism", "Symbolism", "Cubism", "Realism", "Regionalism"], "Analytical Cubism": 0.007044701966575574, "artist": ["Malevich Kazimir", "Chagall Marc", "Escher M.C.", "Kittelsen Theodor Severin", "Freud Lucian", "Rockwell Norman", "Chagall Marc", "Picasso Pablo", "Chagall Marc", "Picasso Pablo", "Chagall Marc", "Escher M.C.", "Chagall Marc", "Miro Joan", "Sargent John Singer", "Chagall Marc", "Goya Francisco", "Beksinski Zdislav", "Redon Odilon", "Goya Francisco"], "Op Art": 0.007870367321859924, "contentId": ["219710.jpg", "202374.jpg", "204440.jpg", "322073.jpg", "231919.jpg", "247655.jpg", "203188.jpg", "224444.jpg", "203140.jpg", "224719.jpg", "202504.jpg", "204690.jpg", "203198.jpg", "227984.jpg", "266425.jpg", "202978.jpg", "193847.jpg", "258654.jpg", "248273.jpg", "194145.jpg"], "title": ["Man. Illogical figures of men and women", "A painer with chandelier", "Bookplate B.G. Escher [Beer]", "Smeden Og Bageren", "Bella Final Version State II", "Endless Debate", "The green branch", "Spanish Still life", "The bouquet of Queen", "Violin, glass, pipe and inkwell", "Concert on the square", "Design for Wrapping-paper: De Bijenkorf", "The island of Poros", "unknown title", "Drawing 3", "Scene in studio", "Allegory: War or Evil", "Untitled", "Upon awakening I saw the Goddess of the Intelligible with her severe and hard profile", "The Prisoners in Chains"], "Romanticism": 0.008300571647611327, "scores": [0.006065295565273202, 0.014662747341940754, 0.016472082683113138, 0.01751374240304893, 0.017975059223544296, 0.019049293674919348, 0.01928431638494843, 0.019833793381183434, 0.020296914677963913, 0.021651596752807763, 0.021697058597781965, 0.022748287431372798, 0.022872595934858946, 0.02336303007632454, 0.023734698482424675, 0.023893142336668546, 0.023900368329134534, 0.02414996323894495, 0.024219992200811856, 0.02498068508804665], "Surrealism": 0.006689066898704758, "Na\u00efve Art (Primitivism)": 0.007288475726725509, "Expressionism": 0.0058495255208870535, "year": [1916.0, 1984.0, 1922.0, "unknown", 1987.0, "unknown", 1984.0, 1912.0, 1984.0, 1912.0, 1983.0, 1933.0, 1980.0, "unknown", "unknown", 1983.0, "unknown", 2001.0, 1885.0, "unknown"], "Symbolism": 0.008379542228312192, "style_dict": {"Analytical Cubism": 2, "Op Art": 1, "Romanticism": 2, "Surrealism": 4, "Na\u00efve Art (Primitivism)": 4, "Expressionism": 2, "Symbolism": 1, "Cubism": 1, "Realism": 2, "Regionalism": 1}, "Cubism": 0.0020984482527908422, "Realism": 0.007004465227048259, "Regionalism": 0.00659060331006863}