{"style_counts": [8.901017623796914e-05, 0.00015983406772113185, 0.00046903900258477016, 0.0006012652484584935, 5.272745845141813e-05, 0.0005353197808037891, 0.0005008400292807469, 0.0004160953347157603, 0.0, 0.00016074049137870805, 0.0007472427584603869], "style": ["Romanticism", "Neoclassicism", "Surrealism", "Expressionism", "Surrealism", "Realism", "Neoclassicism", "Symbolism", "Expressionism", "Surrealism", "Surrealism", "Expressionism", "Proto Renaissance", "Art Nouveau (Modern)", "Romanticism", "Neo-baroque, Surrealism", "Mannerism (Late Renaissance)", "Surrealism", "Romanticism", "Baroque"], "style_labels": ["Neo-baroque, Surrealism", "Art Nouveau (Modern)", "Romanticism", "Surrealism", "Mannerism (Late Renaissance)", "Realism", "Expressionism", "Symbolism", "Baroque", "Proto Renaissance", "Neoclassicism"], "Neo-baroque, Surrealism": 0.0030548501235094314, "artist": ["Alma-Tadema Lawrence ", "Bouguereau William-Adolphe", "Picasso Pablo", "Kirchner Ernst Ludwig", "Dali Salvador", "Sargent John Singer", "Bouguereau William-Adolphe", "Roerich Nicholas", "Modigliani Amedeo ", "Chagall Marc", "Delvaux Paul", "Freud Lucian", "Giotto", "Roerich Nicholas", "Alma-Tadema Lawrence ", "Dali Salvador", "Titian", "Dali Salvador", "Goya Francisco", "Caravaggio"], "contentId": ["214620.jpg", "232544.jpg", "224570.jpg", "252003.jpg", "220888.jpg", "265840.jpg", "232546.jpg", "225476.jpg", "189572.jpg", "203131.jpg", "243035.jpg", "232096.jpg", "192724.jpg", "226684.jpg", "214588.jpg", "221758.jpg", "225015.jpg", "221147.jpg", "193956.jpg", "186630.jpg"], "Art Nouveau (Modern)": 0.002984026232026343, "title": ["The Roman Potter", "The\u00a0bird\u00a0Ch\u00a0ri", "The Luncheon on the Grass", "Mountain Forest", "Cranach Metamorphosis (Woman in a Mirror)", "Ena and Betty, Daughters of Asher and Mrs. Wertheimer", "The\u00a0chilly", "Charaka", "Marcelle", "The Big Wheel", "Crucifixion", "Pregnant Girl", "Death and Ascension of St. Francis", "St. George the Victorious", "Self-Portrait", "Untitled - Equestrian Figure of Prince Baltasar Carlos, after Velazquez, with Figures in the Courtyard of the Escorial", "Spain Succouring Religion", "Melting Watch", "Judith and Holovernes", "Amor Victorious"], "Romanticism": 0.002674821297162711, "scores": [0.0061488040094864775, 0.006285774774958973, 0.006488315539229104, 0.00723774516890731, 0.007373853879364111, 0.007539651845282665, 0.007827613438480445, 0.00788425481710623, 0.007930634662335208, 0.008040757554374306, 0.008457061806946086, 0.008584963540441385, 0.008622325244529688, 0.008624945145870248, 0.008812438914404228, 0.008829652521597271, 0.008934523064387374, 0.008936357446251292, 0.009077902533808944, 0.009086925021161039], "Surrealism": 0.002542595051288973, "Mannerism (Late Renaissance)": 0.0030911328412960306, "Realism": 0.002608540518943696, "Expressionism": 0.002643020270466748, "year": [1884.0, 1867.0, 1962.0, 1920.0, 1974.0, 1901.0, 1879.0, 1932.0, 1917.0, "unknown", 1952.0, 1961.0, 1300.0, 1920.0, 1896.0, 1982.0, 1575.0, 1954.0, 1823.0, 1602.0], "Symbolism": 0.002727764965031695, "Baroque": 0.0031438602997474635, "style_dict": {"Neo-baroque, Surrealism": 1, "Art Nouveau (Modern)": 1, "Romanticism": 3, "Surrealism": 5, "Mannerism (Late Renaissance)": 1, "Neoclassicism": 2, "Expressionism": 3, "Symbolism": 1, "Baroque": 1, "Proto Renaissance": 1, "Realism": 1}, "Proto Renaissance": 0.002983119808368762, "Neoclassicism": 0.0023966175412870783}