{"Northern Renaissance": 0.0030763200028756338, "High Renaissance": 0.0028888331135100446, "Color Field Painting": 0.0026625523552559, "year": [1500.0, "unknown", 1962.0, "unknown", "unknown", 1963.0, "unknown", 1915.0, 1968.0, "unknown", 1968.0, "unknown", 1914.0, 1917.0, 1914.0, 1925.0, 1915.0, 1951.0, 1500.0, 1984.0], "style": ["High Renaissance", "Orientalism", "Color Field Painting", "Surrealism", "Northern Renaissance", "Na\u00efve Art (Primitivism)", "Cubo-Futurism", "Cubism", "Op Art", "Surrealism", "Op Art", "Northern Renaissance", "Cubo-Futurism", "Realism", "Expressionism", "Symbolism", "Art Nouveau (Modern)", "Op Art", "High Renaissance", "Pop Art"], "title": ["Design for a helicopter", "Leaving the Mosque", "Untitled (Red-Brown, Black, Green, Red)", "Untitled", "The Alchemist", "Clown in Love", "Sketch to the Portrait of a Builder", "Red Jew", "Metamorphosis III excerpt 6", "Untitled", "Metamorphosis III excerpt 7", "Group of Male Figures", "Death of the Mounted General", "On the bridge (the wife and daughter of the artist)", "Station in Vitebsk", "Stronghold of walls", "Portrait of a young Woman", "Mosaic I", "Drawing of an equestrian monument", "La Grande Passion"], "Art Nouveau (Modern)": 0.00353231917479555, "Expressionism": 0.0034642278566413554, "Symbolism": 0.003529359724986098, "style_dict": {"Art Nouveau (Modern)": 1, "Cubo-Futurism": 2, "Op Art": 3, "Orientalism": 1, "Northern Renaissance": 2, "High Renaissance": 2, "Surrealism": 2, "Color Field Painting": 1, "Na\u00efve Art (Primitivism)": 1, "Expressionism": 1, "Symbolism": 1, "Pop Art": 1, "Cubism": 1, "Realism": 1}, "Cubo-Futurism": 0.0031674492139713833, "scores": [0.0066716610826077286, 0.007424937844301136, 0.00769576613155157, 0.008210641660977297, 0.008527364913636828, 0.008972688045074988, 0.00899567854516545, 0.009099959663845341, 0.009215757548569589, 0.009287625727923035, 0.00934432931390801, 0.009588708144076034, 0.00965704331512944, 0.009725192545389607, 0.010012906359753337, 0.010201161672555992, 0.010209715582704143, 0.010334499591286368, 0.010340324564843722, 0.01036493426389143], "Realism": 0.003364685708273164, "style_counts": [0.00041857193904315526, 0.00037093784835895427, 0.0010171689546711882, 5.370197821896738e-05, 0.0005097011501389304, 0.0006971880395044705, 0.0006146117414576047, 0.0009234687977586198, 0.0004816841345799405, 0.00012179329637318492, 5.6661428028403904e-05, 0.0, 0.00043765117638949746, 0.00022133544474134403], "artist": ["da Vinci Leonardo", "Gerome Jean-Leon", "Rothko Mark", "Beksinski Zdislav", "Bruegel the Elder Pieter", "Chagall Marc", "Malevich Kazimir", "Chagall Marc", "Escher M.C.", "Beksinski Zdislav", "Escher M.C.", "Bosch Hieronymus", "Malevich Kazimir", "Kustodiev Boris", "Chagall Marc", "Roerich Nicholas", "Serebriakova Zinaida", "Escher M.C.", "da Vinci Leonardo", "Warhol Andy"], "Op Art": 0.0032150833046555747, "contentId": ["225128.jpg", "279372.jpg", "341039.jpg", "259159.jpg", "186866.jpg", "202495.jpg", "219809.jpg", "202959.jpg", "204607.jpg", "258841.jpg", "204608.jpg", "195316.jpg", "219648.jpg", "229931.jpg", "203329.jpg", "226712.jpg", "227381.jpg", "204613.jpg", "225139.jpg", "300235.jpg"], "Orientalism": 0.0025688521983433642, "style_labels": ["Cubo-Futurism", "Op Art", "Orientalism", "Art Nouveau (Modern)", "Northern Renaissance", "High Renaissance", "Surrealism", "Color Field Painting", "Na\u00efve Art (Primitivism)", "Expressionism", "Symbolism", "Pop Art", "Cubism", "Realism"], "Surrealism": 0.0029714094115569053, "Na\u00efve Art (Primitivism)": 0.0031043370184346123, "Pop Art": 0.0035860211530145273, "Cubism": 0.0031483699766250805}