{"Impressionism": 0.0037468346738005506, "style": ["Symbolism", "Symbolism", "Surrealism", "Surrealism", "Symbolism", "Art Nouveau (Modern)", "Symbolism", "Expressionism, Surrealism", "Art Nouveau (Modern)", "Art Nouveau (Modern)", "Surrealism", "Surrealism", "Impressionism", "Symbolism", "Impressionism", "Realism", "Art Nouveau (Modern)", "Expressionism, Surrealism", "Surrealism", "Symbolism"], "style_labels": ["Impressionism", "Expressionism, Surrealism", "Art Nouveau (Modern)", "Surrealism", "Symbolism", "Realism"], "artist": ["Roerich Nicholas", "Roerich Nicholas", "Dali Salvador", "Dali Salvador", "Roerich Nicholas", "Roerich Nicholas", "Roerich Nicholas", "Dali Salvador", "Mucha Alphonse", "Roerich Nicholas", "Chagall Marc", "Klee Paul", "Hassam Childe", "Roerich Nicholas", "Monet Claude", "Levitan Isaac", "Roerich Nicholas", "Dali Salvador", "Magritte Rene", "Roerich Nicholas"], "Expressionism, Surrealism": 0.0036814239093056096, "Art Nouveau (Modern)": 0.0034476443784716383, "title": ["Spell words", "Hunting", "Pentagonal Sardana", "Amphitrite", "Silhouette", "Father Frost", "Qaidam", "Untitled (Figures, Pieta, Catastrophic Signs)", "Girl with Loose Hair and Tulips", "The great sacrifice", "Child with a Dove", "Siblings", "Afternoon Sky, Harney Desert", "Flying Carpet", "Water Lilies", "Sea. Finland.", "Polovtsian camp", "St. George and the Dragon", "The heartstrings", "Snow Maiden and Berendey"], "year": [1922.0, 1937.0, 1979.0, 1981.0, 1924.0, 1912.0, 1928.0, 1983.0, 1920.0, 1910.0, 1977.0, 1930.0, 1908.0, 1916.0, 1903.0, 1896.0, "unknown", 1962.0, 1960.0, 1920.0], "style_counts": [0.00014709931729128822, 0.00021251008178624353, 0.0004462896126201654, 0.0005340762046133207, 0.0008267901461350702, 0.0], "Surrealism": 0.0033598577864785667, "scores": [0.00693386717349965, 0.008710997843561226, 0.009307485259925382, 0.009530772126657483, 0.009652726909325619, 0.009883826764974344, 0.009983529630866383, 0.010247773803348837, 0.010289229295550772, 0.010382067557430244, 0.010722292499310608, 0.010847845981103485, 0.010861826028716555, 0.010894581150193983, 0.011202826095344877, 0.011254916834963713, 0.011430599052236357, 0.01143168231144063, 0.011518919409261797, 0.011526368004261286], "contentId": ["226676.jpg", "225879.jpg", "221282.jpg", "220761.jpg", "226574.jpg", "225587.jpg", "226412.jpg", "221779.jpg", "227652.jpg", "226838.jpg", "202482.jpg", "202303.jpg", "243878.jpg", "225606.jpg", "212869.jpg", "210362.jpg", "226373.jpg", "221477.jpg", "211541.jpg", "226655.jpg"], "Symbolism": 0.0030671438449567847, "style_dict": {"Impressionism": 2, "Expressionism, Surrealism": 2, "Art Nouveau (Modern)": 4, "Surrealism": 5, "Symbolism": 6, "Realism": 1}, "Realism": 0.0038939339910918276}