{"Impressionism": 0.002752991170336332, "style": ["Symbolism", "Neo-Expressionism", "Symbolism", "Symbolism", "Symbolism", "Ukiyo-e", "Impressionism, Realism", "Symbolism", "Symbolism", "Art Nouveau (Modern)", "Na\u00efve Art (Primitivism)", "Symbolism", "Symbolism", "Symbolism", "Impressionism", "Symbolism", "Symbolism", "Na\u00efve Art (Primitivism)", "Realism", "Symbolism"], "style_labels": ["Impressionism", "Neo-Expressionism", "Art Nouveau (Modern)", "Impressionism, Realism", "Ukiyo-e", "Na\u00efve Art (Primitivism)", "Symbolism", "Realism"], "Neo-Expressionism": 0.0017549844465569488, "contentId": ["226166.jpg", "231552.jpg", "226331.jpg", "225407.jpg", "226906.jpg", "222190.jpg", "237914.jpg", "226806.jpg", "225704.jpg", "226414.jpg", "202591.jpg", "225891.jpg", "227054.jpg", "225940.jpg", "244237.jpg", "225414.jpg", "225781.jpg", "202957.jpg", "210183.jpg", "226115.jpg"], "Art Nouveau (Modern)": 0.0025786651526185757, "Impressionism, Realism": 0.002476950955584601, "Ukiyo-e": 0.0024624207793259192, "style_counts": [7.59777624177449e-05, 0.0010739844861971104, 0.0002503037801354635, 0.0003520179771694387, 0.00036654815342818114, 0.00016952269224890237, 0.0007100394459861326, 0.0], "Na\u00efve Art (Primitivism)": 0.0026594462405051308, "scores": [0.00390277626305444, 0.005072557479875235, 0.006257124126648453, 0.00685056245992458, 0.0069236793383724606, 0.007117311476620301, 0.007159309087715647, 0.00721295780110787, 0.007370106218426844, 0.0074533009301997345, 0.0074860893362669835, 0.007514192451426607, 0.007565912301700247, 0.007626658417939067, 0.007957167928477643, 0.007997489338688369, 0.008157328623145714, 0.008175065010814924, 0.008176771907198142, 0.008241961757512916], "year": [1927.0, 1992.0, 1927.0, 1940.0, 1933.0, "unknown", 1866.0, 1929.0, 1924.0, 1913.0, 1923.0, 1943.0, 1932.0, 1924.0, 1883.0, 1933.0, "unknown", 1923.0, 1898.0, 1933.0], "Symbolism": 0.0021189294867679106, "title": ["Mongolia", "Souvenir", "Pass Tangla", "Border of Tibet", "Tibet", "Fuji at Torigoe", "Street of Marlotte (also known as Women Going to the Woods)", "Temple in Naggar", "Himalayas", "Queen Anna's tower", "Gogol and Chagall", "Idols", "Vyas Kund", "Kangchenjunga", "Rialto Market, Venice", "Boundary of sword (study)", "Himalayas", "Reclining on the bed", "Felling", "Maitreya"], "artist": ["Roerich Nicholas", "Twombly Cy", "Roerich Nicholas", "Roerich Nicholas", "Roerich Nicholas", "Hokusai Katsushika", "Sisley Alfred", "Roerich Nicholas", "Roerich Nicholas", "Roerich Nicholas", "Chagall Marc", "Roerich Nicholas", "Roerich Nicholas", "Roerich Nicholas", "Hassam Childe", "Roerich Nicholas", "Roerich Nicholas", "Chagall Marc", "Levitan Isaac", "Roerich Nicholas"], "style_dict": {"Impressionism": 1, "Impressionism, Realism": 1, "Art Nouveau (Modern)": 1, "Neo-Expressionism": 1, "Ukiyo-e": 1, "Na\u00efve Art (Primitivism)": 2, "Symbolism": 12, "Realism": 1}, "Realism": 0.002828968932754113}