{"Impressionism": 0.004802930569037069, "Neo-Suprematism": 0.0041149906540431025, "Abstract Expressionism": 0.00411909299173895, "artist": ["Roerich Nicholas", "Roerich Nicholas", "Modigliani Amedeo ", "Roerich Nicholas", "Roerich Nicholas", "Roerich Nicholas", "Malevich Kazimir", "Picasso Pablo", "Twombly Cy", "Holbrook Carter Clarence", "Roerich Nicholas", "Chagall Marc", "Chagall Marc", "Renoir Pierre-Auguste", "Malevich Kazimir", "Balthus", "Perugino Pietro ", "Matisse Henri", "Kirchner Ernst Ludwig", "Dali Salvador"], "style_labels": ["Impressionism", "Neo-Suprematism", "Abstract Expressionism", "unknown", "High Renaissance", "Surrealism", "Expressionism, Neo-Suprematism", "Expressionism", "Symbolism", "Cubism"], "unknown": 0.005012863050177461, "title": ["Charaka", "Kalki Avatar", "Young Farmer", "Ice sphinx", "Himalayas", "Temple of Tripura Sundari", "Woman with Rake", "Bull (plate IX)", "Hero and Leandro (A Painting in Four Parts) Part III", "Red Mandala", "Clouds above the expanses", "Bella in Mourillon", "A Group of People", "Bather drying her leg", "Landscape with Five Houses", "Girl on a Bed", "The vision of St. Bernard", "Laurette with a White Blouse", "Mountains and Houses in the Snow", "Cranach Metamorphosis (Woman in a Mirror)"], "year": [1932.0, 1932.0, 1918.0, 1938.0, 1939.0, 1932.0, 1932.0, 1946.0, 1984.0, 1967.0, 1917.0, 1926.0, 1914.0, 1910.0, 1932.0, 1950.0, 1493.0, 1916.0, 1924.0, 1974.0], "style": ["Symbolism", "Symbolism", "Expressionism", "Symbolism", "Symbolism", "Symbolism", "Neo-Suprematism", "Cubism", "Abstract Expressionism", "Abstract Expressionism", "Symbolism", "Surrealism", "Expressionism", "Impressionism", "Expressionism, Neo-Suprematism", "Expressionism", "High Renaissance", "unknown", "Expressionism", "Surrealism"], "High Renaissance": 0.005001551907941899, "scores": [0.00709782971571808, 0.008980332983858383, 0.010201557582651373, 0.01039877679251324, 0.010589050192134967, 0.011202396507725866, 0.01189385277045285, 0.012055464105382812, 0.012086014125271475, 0.012170821802103472, 0.013257992380933321, 0.013780199339023035, 0.013860899124803792, 0.013882254871880897, 0.013886582945278125, 0.013942274400329132, 0.014456344380366942, 0.014489037786434159, 0.014504915545216022, 0.014554607793933399], "Surrealism": 0.004811579953505763, "Expressionism, Neo-Suprematism": 0.004804427979667865, "Expressionism": 0.0043118130780032135, "contentId": ["225476.jpg", "225933.jpg", "9223372032559820562.jpg", "225886.jpg", "225748.jpg", "226808.jpg", "219928.jpg", "223770.jpg", "231502.jpg", "345402.jpg", "225499.jpg", "202446.jpg", "202366.jpg", "218254.jpg", "219698.jpg", "244700.jpg", "199190.jpg", "9223372032559820540.jpg", "252006.jpg", "220888.jpg"], "Symbolism": 0.0032704242848603893, "style_dict": {"Impressionism": 1, "Neo-Suprematism": 1, "Abstract Expressionism": 2, "unknown": 1, "High Renaissance": 1, "Surrealism": 2, "Expressionism, Neo-Suprematism": 1, "Expressionism": 4, "Symbolism": 6, "Cubism": 1}, "Cubism": 0.004170904338671544, "style_counts": [0.00020993248114042906, 0.0008978723961343693, 0.0008937700584384922, 0.0, 1.1311142235514993e-05, 0.00020128309667166722, 0.00020843507050960497, 0.0007010499721742391, 0.0017424387653171003, 0.0008419587115059413]}