{"Art Nouveau (Modern), Symbolism": 0.003309325647345065, "Impressionism": 0.0024946412895783883, "style": ["Impressionism", "Symbolism", "Romanticism", "Romanticism", "Magic Realism", "Symbolism", "Art Nouveau (Modern)", "Na\u00efve Art (Primitivism)", "Surrealism", "Art Nouveau (Modern), Symbolism", "Surrealism", "Symbolism", "Expressionism", "Romanticism", "Symbolism", "Realism", "Symbolism", "Realism", "Symbolism", "Symbolism"], "style_labels": ["Art Nouveau (Modern), Symbolism", "Impressionism", "Surrealism", "Art Nouveau (Modern)", "Romanticism", "Magic Realism", "Na\u00efve Art (Primitivism)", "Expressionism", "Symbolism", "Realism"], "Surrealism": 0.0032176126594841204, "contentId": ["212171.jpg", "226268.jpg", "279426.jpg", "187731.jpg", "278383.jpg", "225482.jpg", "226845.jpg", "202661.jpg", "258832.jpg", "225691.jpg", "258746.jpg", "226806.jpg", "227390.jpg", "196887.jpg", "225466.jpg", "206236.jpg", "225781.jpg", "205779.jpg", "226906.jpg", "225940.jpg"], "Art Nouveau (Modern)": 0.003134431437116156, "artist": ["Monet Claude", "Roerich Nicholas", "Gerome Jean-Leon", "Delacroix Eugene ", "Earle Eyvind", "Roerich Nicholas", "Roerich Nicholas", "Chagall Marc", "Beksinski Zdislav", "Roerich Nicholas", "Beksinski Zdislav", "Roerich Nicholas", "Serebriakova Zinaida", "Aivazovsky Ivan ", "Roerich Nicholas", "van Gogh Vincent ", "Roerich Nicholas", "van Gogh Vincent ", "Roerich Nicholas", "Roerich Nicholas"], "Romanticism": 0.00310720986632106, "scores": [0.007210440729479041, 0.008752055422410615, 0.008755360084772366, 0.008781018518367587, 0.008848173832226611, 0.008890905344488092, 0.009059672102902424, 0.009173730535586538, 0.009253506504805614, 0.009565181388767618, 0.009694621764083266, 0.009698790996243857, 0.010313476223931998, 0.010388728028590189, 0.010469909727817412, 0.01051482753650246, 0.010661937897434349, 0.010675302880632216, 0.01068509037310107, 0.010703645186923069], "Magic Realism": 0.0030612580572220213, "Na\u00efve Art (Primitivism)": 0.003173892946651225, "Expressionism": 0.003568217892994824, "year": [1908.0, 1910.0, 1888.0, 1853.0, "unknown", 1937.0, 1909.0, 1918.0, "unknown", 1912.0, "unknown", 1929.0, 1942.0, 1836.0, 1913.0, 1884.0, "unknown", 1884.0, 1933.0, 1924.0], "Symbolism": 0.0031403916034257653, "title": ["Palazzo Dario 4", "Nightingale the Robber", "Quaerens Quem Devoret", "Christ on the Cross", "Morning Fog", "China's heroics", "The Hut of Dead", "Interior with Flowers", "Untitled", "Hermitage at the lake", "Untitled", "Temple in Naggar", "Portrait of Alexandre Popoff in a smoking jacket", "The Great Roads at Kronstadt", "Caucasus. Arc mountain.", "Lane in Autumn", "Himalayas", "Cart with Black Ox", "Tibet", "Kangchenjunga"], "style_dict": {"Art Nouveau (Modern), Symbolism": 1, "Impressionism": 1, "Surrealism": 2, "Art Nouveau (Modern)": 1, "Romanticism": 3, "Magic Realism": 1, "Na\u00efve Art (Primitivism)": 1, "Expressionism": 1, "Symbolism": 7, "Realism": 2}, "Realism": 0.003598330712075671, "style_counts": [0.0002890050647306186, 0.0011036894224972782, 0.00038071805259154434, 0.0004638992749596005, 0.0004911208457546445, 0.0005370726548536986, 0.0004244377654244458, 3.0112819080940767e-05, 0.0004579391086499962, 0.0]}