{"Impressionism": 0.003571102727372866, "style": ["Na\u00efve Art (Primitivism)", "Surrealism", "Cubism", "Realism", "Romanticism", "Impressionism", "Impressionism", "Surrealism", "unknown", "Post-Impressionism", "Symbolism", "Impressionism", "Symbolism", "Realism", "Post-Impressionism", "Romanticism", "Impressionism", "Surrealism", "Realism", "Impressionism"], "style_labels": ["Impressionism", "unknown", "Romanticism", "Surrealism", "Na\u00efve Art (Primitivism)", "Symbolism", "Post-Impressionism", "Cubism", "Realism"], "artist": ["Rousseau Henri", "Dali Salvador", "Derain Andre", "Courbet Gustave", "Alma-Tadema Lawrence ", "Sorolla Joaqu\u00edn", "Pissarro Camille ", "Magritte Rene", "Matisse Henri", "van Gogh Vincent ", "Blake William ", "Monet Claude", "Roerich Nicholas", "van Gogh Vincent ", "van Gogh Vincent ", "Alma-Tadema Lawrence ", "Degas Edgar", "Dali Salvador", "Dali Salvador", "Pissarro Camille "], "unknown": 0.0037032056162851967, "title": ["Jungle with Lion", "Paranoiac Woman-Horse (Invisible Sleeping Woman, Lion, Horse)", "Still Life", "Beach in Normandy", "The Women of Amphissa", "The Relic", "Laundresses at Eragny", "The treachery of images (This is not a pipe)", "Pont Saint Michel, Paris", "Doctor Gachet Sitting at a Table with Books and a Glass with Sprigs of Foxglove", "The Soldiers Casting Lots for Christ's Garments", "Train in the Snow at Argenteuil", "The unspilling vessel", "Orphans", "Enclosed Field with Ploughman", "Proclaiming Claudius Emperor", "Two Dancers Resting", "Design for 'Destino'", "Study for 'The Battle of Tetuan'", "The Roundelay"], "year": [1910.0, 1930.0, 1912.0, 1875.0, 1887.0, 1893.0, 1898.0, 1966.0, 1895.0, 1890.0, 1800.0, 1875.0, 1927.0, 1882.0, 1889.0, 1867.0, 1896.0, 1947.0, 1962.0, 1892.0], "Romanticism": 0.0036300066863053124, "Surrealism": 0.0034823352407207047, "Na\u00efve Art (Primitivism)": 0.002736985828040963, "scores": [0.007910906539131648, 0.009049849240070261, 0.009318319192655584, 0.009545277746301909, 0.009850672672425315, 0.010080391730316406, 0.010383335580830499, 0.010494819468640523, 0.010703640926993193, 0.010829539569578647, 0.011207747620508786, 0.011213697765697533, 0.011258175710257126, 0.011360925082437192, 0.011501419988694639, 0.011525993691159017, 0.011679976708016302, 0.011751763495173477, 0.011817611753977946, 0.011834748893205252], "contentId": ["191313.jpg", "221277.jpg", "256169.jpg", "191715.jpg", "214630.jpg", "251127.jpg", "208317.jpg", "211634.jpg", "9223372032559820486.jpg", "205868.jpg", "192963.jpg", "212785.jpg", "226880.jpg", "206431.jpg", "205891.jpg", "214580.jpg", "213800.jpg", "220920.jpg", "221515.jpg", "208800.jpg"], "Symbolism": 0.003814975193869688, "Post-Impressionism": 0.0037920567748690615, "style_dict": {"Impressionism": 5, "unknown": 1, "Romanticism": 2, "Surrealism": 3, "Na\u00efve Art (Primitivism)": 1, "Symbolism": 2, "Post-Impressionism": 2, "Cubism": 1, "Realism": 3}, "Cubism": 0.003223917188921807, "Realism": 0.003641159221914837, "style_counts": [0.00024387246649681948, 0.00011176957758440853, 0.00018496850756433147, 0.0003326399531489166, 0.001077989365828702, 0.0, 2.291841900059488e-05, 0.0005910580049478531, 0.0001738159719547605]}