{"Synthetic Cubism": 0.0030489781850561613, "year": [1924.0, 1909.0, 1921.0, 1962.0, 1980.0, 1940.0, 1926.0, 1921.0, 1880.0, 1947.0, 1913.0, 1918.0, 1962.0, 1999.0, 1956.0, 1951.0, 1922.0, 1889.0, 1977.0, 1884.0], "Cloisonnism": 0.003524005126236978, "style": ["Symbolism", "Art Nouveau (Modern)", "Neoclassicism", "Surrealism", "Expressionism", "Surrealism", "Expressionism, Orientalism", "Synthetic Cubism", "Post-Impressionism", "Symbolism", "Neo-Romanticism", "Art Nouveau (Modern), Japonism", "Realism, Surrealism", "Expressionism", "Na\u00efve Art (Primitivism)", "Surrealism", "Symbolism", "Cloisonnism", "Surrealism", "Romanticism"], "Neo-Romanticism": 0.0032878576551474232, "title": ["Kangchenjunga", "Gifts", "Orestes Pursued by the Furies", "The Alchemist", "Naked Portrait with Reflection", "March of Time Comittee - Papillon", "Odalisque, Harmony in Red", "Still life", "Nude Female with Attendants", "Abode of King Gesar", "Apple Gatherers", "The dancer", "The Sacred Heart of Jesus", "Head of an Irishman", "Moses with the Tablets of the Law", "Landscape with Cavalier and Gala", "Final journey", "Yellow Christ", "Child with a Dove", "The Roman Potter"], "Art Nouveau (Modern)": 0.0028063820017752016, "Expressionism, Orientalism": 0.003046413323573644, "Expressionism": 0.003166504381805176, "Symbolism": 0.002839461561289584, "style_dict": {"Art Nouveau (Modern), Japonism": 1, "Neo-Romanticism": 1, "Art Nouveau (Modern)": 1, "Romanticism": 1, "Expressionism, Orientalism": 1, "Surrealism": 4, "Cloisonnism": 1, "Na\u00efve Art (Primitivism)": 1, "Expressionism": 2, "Symbolism": 3, "Post-Impressionism": 1, "Synthetic Cubism": 1, "Realism, Surrealism": 1, "Neoclassicism": 1}, "Realism, Surrealism": 0.003400370638206623, "Neoclassicism": 0.0028132545109703943, "scores": [0.006190261957928359, 0.008111487279799146, 0.008131351386282813, 0.008641050689442736, 0.00871911608147196, 0.008789692407913274, 0.00880526703333585, 0.008812680436527835, 0.008986252046288504, 0.009261950639272942, 0.009503130910420819, 0.009794399422678776, 0.00982833525905178, 0.009928041777505026, 0.009984185657895602, 0.010002616296913356, 0.010066587318812327, 0.01018568489155667, 0.010241015324785661, 0.010249137678789483], "Post-Impressionism": 0.003109029840794387, "style_counts": [0.00015732863942796715, 0.0002581006288657761, 0.0007395762822379748, 0.0, 0.0004995449604394686, 0.00045233888313045423, 9.166710827779312e-05, 0.00037945390220794906, 0.0007064967227236041, 0.0004369284432187426, 2.1953157776199994e-05, 0.000496980098957045, 0.00014558764580652195, 0.0007327037730427977], "Art Nouveau (Modern), Japonism": 0.003388629644585199, "artist": ["Roerich Nicholas", "Roerich Nicholas", "Sargent John Singer", "Dali Salvador", "Freud Lucian", "Dali Salvador", "Matisse Henri", "Picasso Pablo", "Cezanne Paul", "Roerich Nicholas", "Spencer Stanley", "Klimt Gustav", "Dali Salvador", "Freud Lucian", "Chagall Marc", "Dali Salvador", "Roerich Nicholas", "Gauguin Paul ", "Chagall Marc", "Alma-Tadema Lawrence "], "contentId": ["225947.jpg", "225636.jpg", "265915.jpg", "221545.jpg", "232072.jpg", "221136.jpg", "214120.jpg", "224457.jpg", "215726.jpg", "225311.jpg", "298636.jpg", "191600.jpg", "221672.jpg", "232004.jpg", "202816.jpg", "221098.jpg", "225597.jpg", "190951.jpg", "202482.jpg", "214620.jpg"], "style_labels": ["Art Nouveau (Modern), Japonism", "Neo-Romanticism", "Art Nouveau (Modern)", "Romanticism", "Expressionism, Orientalism", "Surrealism", "Na\u00efve Art (Primitivism)", "Expressionism", "Symbolism", "Post-Impressionism", "Cloisonnism", "Synthetic Cubism", "Realism, Surrealism", "Neoclassicism"], "Romanticism": 0.003545958284013125, "Surrealism": 0.003093619400882662, "Na\u00efve Art (Primitivism)": 0.0034542911757354227}