{"Impressionism": 0.004564907552241669, "style": ["Realism", "Neo-Romanticism", "Post-Impressionism", "Realism", "Post-Impressionism", "Expressionism", "Realism", "Neo-Expressionism", "Byzantine", "Ukiyo-e", "Realism", "Ukiyo-e", "Neo-Romanticism", "Realism", "Impressionism", "Realism", "Realism", "Expressionism", "Post-Impressionism", "Art Nouveau (Modern)"], "style_labels": ["Impressionism", "Neo-Romanticism", "Byzantine", "Neo-Expressionism", "Art Nouveau (Modern)", "Ukiyo-e", "Expressionism", "Post-Impressionism", "Realism"], "Neo-Romanticism": 0.004050331043485982, "Byzantine": 0.004294184441182171, "Neo-Expressionism": 0.004261166879013852, "contentId": ["206351.jpg", "321822.jpg", "205745.jpg", "206120.jpg", "207177.jpg", "252198.jpg", "206121.jpg", "203849.jpg", "226851.jpg", "223538.jpg", "206124.jpg", "222180.jpg", "321698.jpg", "206040.jpg", "219566.jpg", "191973.jpg", "207216.jpg", "232790.jpg", "205660.jpg", "225460.jpg"], "Art Nouveau (Modern)": 0.004660661652432184, "artist": ["van Gogh Vincent ", "Kittelsen Theodor Severin", "van Gogh Vincent ", "van Gogh Vincent ", "van Gogh Vincent ", "Kirchner Ernst Ludwig", "van Gogh Vincent ", "Basquiat Jean-Michel ", "Roerich Nicholas", "Hokusai Katsushika", "van Gogh Vincent ", "Hokusai Katsushika", "Kittelsen Theodor Severin", "van Gogh Vincent ", "Renoir Pierre-Auguste", "Courbet Gustave", "van Gogh Vincent ", "Schiele Egon", "van Gogh Vincent ", "Roerich Nicholas"], "Ukiyo-e": 0.004277693184075309, "style_counts": [9.575410019047048e-05, 0.000610330608946219, 0.0003664772112500492, 0.0003994947734182741, 0.0, 0.00038296846835683684, 0.0003776686899449322, 0.0006498092501323605, 0.0009384345103089498], "Expressionism": 0.004282992962487209, "year": [1882.0, 1885.0, 1889.0, 1885.0, 1887.0, 1904.0, 1885.0, 1983.0, 1907.0, "unknown", 1885.0, 1832.0, 1890.0, 1885.0, 1877.0, 1858.0, 1884.0, 1910.0, 1888.0, 1912.0], "scores": [0.007051577182936662, 0.010829944822222111, 0.010861640123655173, 0.011613595052177069, 0.011718889944187594, 0.011865739166537792, 0.011957167631096556, 0.012316356402784182, 0.012411789431990072, 0.012520066406034433, 0.012658395993651136, 0.012670746698177452, 0.013021960383713905, 0.013039476871043558, 0.013194279866406231, 0.013195836127236793, 0.013290018727007014, 0.013356283685947979, 0.013465789890250957, 0.013471044813299655], "title": ["Old Man Reading", "Krigen Mellom Froskene Og Musene 13", "Bloaters on a Piece of Yellow Paper", "Head of a Woman", "The Seine with the Pont de Clichy", "The Caf\u00e9", "Head of a Woman", "Leeches", "The King's Gate with the gate canopy. The Last Supper.", "Ono Shindon in the Suraga province", "Head of a Woman", "Ejiri in the Suruga province", "July", "Hand with Bowl and a Cat", "Young Woman Lifting Her Skirt", "Woman of Frankfurt", "Three Hands, Two with Knives", "Sleeping Child", "A Pair of Shoes", "Castle of King Mark"], "Post-Impressionism": 0.004010852402299858, "style_dict": {"Impressionism": 1, "Neo-Romanticism": 2, "Byzantine": 1, "Neo-Expressionism": 1, "Art Nouveau (Modern)": 1, "Ukiyo-e": 2, "Expressionism": 2, "Post-Impressionism": 3, "Realism": 7}, "Realism": 0.0037222271421232327}