{"style_counts": [0.0007799906841610138, 0.000554346843955944, 0.0008572510934180544, 0.00015594932202100953, 0.0005363935737903169, 0.0003104342716341302, 0.0, 0.0005267418486761821, 0.0011136286393100825, 0.0004214722311348673], "style": ["Romanticism", "Cubism", "High Renaissance", "Realism", "Cubism, Expressionism", "Expressionism", "Baroque", "Romanticism", "Metaphysical art", "Romanticism", "Realism", "Realism", "Surrealism", "Surrealism", "Romanticism", "Realism", "Symbolism", "Romanticism", "Romanticism", "Realism"], "style_labels": ["Cubism, Expressionism", "Romanticism", "High Renaissance", "Surrealism", "Expressionism", "Metaphysical art", "Symbolism", "Baroque", "Cubism", "Realism"], "Cubism, Expressionism": 0.0021736851202140035, "contentId": ["194117.jpg", "211355.jpg", "225296.jpg", "266057.jpg", "224338.jpg", "202885.jpg", "220420.jpg", "194055.jpg", "194618.jpg", "194185.jpg", "265699.jpg", "206095.jpg", "276546.jpg", "258652.jpg", "215816.jpg", "190389.jpg", "192865.jpg", "193834.jpg", "191955.jpg", "230231.jpg"], "artist": ["Goya Francisco", "Magritte Rene", "da Vinci Leonardo", "Sargent John Singer", "Picasso Pablo", "Chagall Marc", "Rembrandt", "Goya Francisco", "de Chirico Giorgio ", "Goya Francisco", "Sargent John Singer", "van Gogh Vincent ", "Varo Remedios", "Beksinski Zdislav", "Cezanne Paul", "Cassatt Mary", "Blake William ", "Goya Francisco", "Courbet Gustave", "Kustodiev Boris"], "year": [1784.0, 1923.0, 1490.0, 1883.0, 1908.0, 1914.0, 1641.0, 1795.0, 1913.0, 1820.0, 1880.0, 1884.0, "unknown", 2000.0, 1867.0, 1872.0, 1794.0, 1814.0, 1845.0, 1903.0], "Romanticism": 0.0023993289604190234, "High Renaissance": 0.002096424710956908, "scores": [0.004492018892106207, 0.005318420359100387, 0.006059446777105477, 0.0062811344803069095, 0.006282758082025685, 0.006986844290146238, 0.007014741363831119, 0.007329785394776276, 0.0076399506755323145, 0.007660264289872388, 0.007704607065154478, 0.008012249235859756, 0.008123405890914382, 0.008352063924464116, 0.008414279845518185, 0.008462491603926092, 0.008537221126946838, 0.008567550280163932, 0.008674593762593892, 0.00867526134190723], "Surrealism": 0.0027977264823539735, "Expressionism": 0.0024172822305846917, "Metaphysical art": 0.0026432415327408473, "Symbolism": 0.002953675804375035, "title": ["The Family of the Infante Don Luis", "Georgette at the Piano", "Madonna Litta (Madonna and the Child)", "Albert de Belleroche", "Reclining Nude", "Nude Lying Down", "Saskia with a Red Flower", "Self portrait", "The Red Tower", "Tio Paquete", "My Friend Chadwick", "Head of a Peasant Woman with White Cap", "The emigrants", "Untitled", "Satyres and Nymphs", "The Mandolin Player", "Glad Day or The Dance of Albion", "A Prison Scene", "The Wounded Man", "State Secretary General Mikhail Galkin-Vrasky"], "Baroque": 0.00242693395569883, "style_dict": {"Cubism, Expressionism": 1, "Romanticism": 6, "High Renaissance": 1, "Surrealism": 2, "Expressionism": 1, "Metaphysical art": 1, "Symbolism": 1, "Baroque": 1, "Cubism": 1, "Realism": 5}, "Cubism": 0.0018400471650648648, "Realism": 0.0025322035732401387}