{"Impressionism": 0.003731746094000675, "style": ["Realism", "Romanticism", "Post-Impressionism", "Cubism", "Realism", "Metaphysical art", "Baroque", "Post-Impressionism", "Baroque", "Surrealism", "Impressionism", "Realism", "Impressionism", "Expressionism", "Cubism", "Surrealism", "Impressionism", "Impressionism", "Surrealism", "Surrealism"], "style_labels": ["Impressionism", "Romanticism", "Surrealism", "Expressionism", "Metaphysical art", "Baroque", "Post-Impressionism", "Cubism", "Realism"], "artist": ["Sargent John Singer", "Goya Francisco", "Toulouse-Lautrec Henri de", "Braque Georges ", "Bouguereau William-Adolphe", "Delvaux Paul", "Rubens Peter Paul", "Cezanne Paul", "Rubens Peter Paul", "Beksinski Zdislav", "Hassam Childe", "van Gogh Vincent ", "Sorolla Joaqu\u00edn", "Balthus", "Chagall Marc", "Delvaux Paul", "Monet Claude", "Hassam Childe", "Chagall Marc", "Dali Salvador"], "contentId": ["265675.jpg", "194213.jpg", "230654.jpg", "193694.jpg", "232374.jpg", "243063.jpg", "216458.jpg", "215881.jpg", "216493.jpg", "259116.jpg", "243943.jpg", "206682.jpg", "251282.jpg", "244787.jpg", "202690.jpg", "243182.jpg", "212557.jpg", "244205.jpg", "202604.jpg", "221587.jpg"], "title": ["Mrs Knowles and her Children", "Wife of Juan Agust\u00edn Ce\u00e1n Berm\u00fadez", "The Spanish Dancer", "Road near Estaque", "Daisies", "Lunar City", "Hercules as Heroic Virtue Overcoming Discord", "Still Life with Fruit and a Ginger Pot", "Louis XIII", "Untitled", "Central Park", "Portrait of Woman in Blue", "Sad Inheritance", "The Cat in the Mirror", "Jew in Green", "The girls\u00a0from the provinces", "The Japanese Bridge (The Bridge over the Water-Lily Pond)", "Paris Street Scene", "Holy Family", "The Eye"], "year": [1902.0, 1785.0, 1888.0, 1908.0, 1894.0, 1944.0, 1633.0, 1895.0, 1625.0, "unknown", 1906.0, 1885.0, 1899.0, 1990.0, 1914.0, 1962.0, 1905.0, 1887.0, 1976.0, 1945.0], "Romanticism": 0.0028559741292130615, "Surrealism": 0.0037882917486396633, "Expressionism": 0.003984859469911399, "Metaphysical art": 0.003446641457077773, "scores": [0.007827682166740084, 0.008254826964359524, 0.008938058419426373, 0.009236790000793964, 0.00977376673302938, 0.009962075127131681, 0.010020667787901871, 0.010139196053939068, 0.010291294552108107, 0.01089378283750104, 0.010929453229864494, 0.01102171029606582, 0.011142685139054052, 0.01151772527101699, 0.011542792701290907, 0.011566937050471775, 0.011650942857009615, 0.01172245763435903, 0.01181078948562354, 0.01186264754390747], "Baroque": 0.003449207554262208, "Post-Impressionism": 0.003239539791509984, "style_dict": {"Impressionism": 4, "Romanticism": 1, "Surrealism": 4, "Expressionism": 1, "Metaphysical art": 1, "Baroque": 2, "Post-Impressionism": 2, "Cubism": 2, "Realism": 3}, "Cubism": 0.003528614932948533, "Realism": 0.003184881756459294, "style_counts": [0.0002531133759108295, 0.0011288853406984378, 0.00019656772127174538, 0.0, 0.0005382180128337133, 0.0005356519156491935, 0.0007453196784014127, 0.0004562445369629131, 0.0007999777134521935]}