{"year": [1899.0, 1964.0, 1885.0, 1887.0, 1883.0, 1916.0, 1954.0, 1891.0, 1890.0, 1950.0, 1983.0, 1983.0, 1920.0, 1891.0, 1942.0, 1913.0, "unknown", "unknown", 1927.0, 1937.0], "New Realism": 0.00536393587179804, "style": ["Art Nouveau (Modern)", "Abstract Expressionism", "Neo-Romanticism", "Post-Impressionism", "Realism", "Abstract Art", "Na\u00efve Art (Primitivism)", "Post-Impressionism", "Post-Impressionism", "Abstract Expressionism", "Neo-Expressionism", "Neo-Expressionism", "Neoclassicism", "Post-Impressionism", "Symbolism", "Abstract Art", "Romanticism", "Orientalism", "Symbolism", "New Realism"], "Neo-Romanticism": 0.0038557874016325352, "Neo-Expressionism": 0.005001383008595469, "Art Nouveau (Modern)": 0.0033199182626092666, "Symbolism": 0.005171091822291963, "style_dict": {"Abstract Expressionism": 2, "Neo-Romanticism": 1, "Neo-Expressionism": 2, "Art Nouveau (Modern)": 1, "Romanticism": 1, "Neoclassicism": 1, "New Realism": 1, "Na\u00efve Art (Primitivism)": 1, "Symbolism": 2, "Abstract Art": 2, "Post-Impressionism": 4, "Orientalism": 1, "Realism": 1}, "Neoclassicism": 0.005163878948253105, "scores": [0.009595797984769526, 0.010550553737103657, 0.011144659010130516, 0.01293663091691182, 0.013046293364726692, 0.013158091410571594, 0.01403273241090551, 0.014191178169588065, 0.014252851687501863, 0.014274998253337234, 0.014673360671136199, 0.014779173489362245, 0.014925529873225324, 0.01497877781912673, 0.015025462960191128, 0.015240919787659398, 0.015344343421626312, 0.015409569425403303, 0.01542646569261942, 0.015503768755011197], "Abstract Art": 0.004822482550864519, "Post-Impressionism": 0.004627937529282253, "Realism": 0.004513707736413392, "style_counts": [0.0011482682750002526, 0.00150814847016556, 0.00036255286320263647, 0.0020440176091888196, 0.0008502281353847119, 5.515737999772785e-05, 0.00019284404950614675, 0.0005089436471578113, 0.0, 0.0005414533209335826, 0.000735998342515809, 3.259073140005064e-05, 0.00020005692354496674], "Abstract Expressionism": 0.004215667596797831, "artist": ["Mucha Alphonse", "Miro Joan", "Kittelsen Theodor Severin", "van Gogh Vincent ", "van Gogh Vincent ", "Kandinsky Wassily", "Leger Fernand ", "Cezanne Paul", "van Gogh Vincent ", "Matisse Henri", "Basquiat Jean-Michel ", "Basquiat Jean-Michel ", "Picasso Pablo", "Cezanne Paul", "Roerich Nicholas", "Kandinsky Wassily", "Delacroix Eugene ", "Gerome Jean-Leon", "Roerich Nicholas", "Hopper Edward"], "contentId": ["227647.jpg", "325169.jpg", "321822.jpg", "207177.jpg", "207221.jpg", "189424.jpg", "196253.jpg", "215946.jpg", "207004.jpg", "290268.jpg", "203794.jpg", "203935.jpg", "224517.jpg", "215671.jpg", "226327.jpg", "282911.jpg", "187901.jpg", "279297.jpg", "226880.jpg", "235559.jpg"], "Orientalism": 0.005331345140397987, "style_labels": ["Abstract Expressionism", "Neo-Romanticism", "Neo-Expressionism", "Art Nouveau (Modern)", "Realism", "Romanticism", "Symbolism", "Na\u00efve Art (Primitivism)", "New Realism", "Abstract Art", "Post-Impressionism", "Orientalism", "Neoclassicism"], "Romanticism": 0.0053087784918003445, "Na\u00efve Art (Primitivism)": 0.004854992224640202, "title": ["Flirt Lefevre Utile", "Untitled", "Krigen Mellom Froskene Og Musene 13", "The Seine with the Pont de Clichy", "Three Persons Returning from the Potato Field", "To the Unknown Voice", "The dancers (yellow background)", "The Drinker", "Still Life with Thistles", "The Beasts of the Sea", "Boxer Rebellion", "Undiscovered Genius", "The Abduction", "Madame Cezanne in a Yellow Chair", "Partisans", "Color Study: Squares with Concentric Circles", "The Miraculous Draught of Fishes", "A Seated Female Nude", "The unspilling vessel", "Five A.M."]}