{"Impressionism": 0.0042426535924588735, "style": ["Realism", "Realism", "Romanticism", "Expressionism", "Symbolism", "Symbolism", "Post-Impressionism", "Post-Impressionism", "Post-Impressionism", "Pop Art", "Impressionism", "Orientalism", "Realism", "Mannerism (Late Renaissance)", "Post-Impressionism", "Baroque", "Post-Impressionism", "Neoclassicism", "Impressionism", "Art Nouveau (Modern)"], "style_labels": ["Impressionism", "Art Nouveau (Modern)", "Romanticism", "Mannerism (Late Renaissance)", "Realism", "Expressionism", "Symbolism", "Pop Art", "Baroque", "Post-Impressionism", "Orientalism", "Neoclassicism"], "artist": ["Courbet Gustave", "Zorn Anders", "Gerome Jean-Leon", "Freud Lucian", "Roerich Nicholas", "Roerich Nicholas", "van Gogh Vincent ", "Derain Andre", "van Gogh Vincent ", "Warhol Andy", "Sorolla Joaqu\u00edn", "Gerome Jean-Leon", "van Gogh Vincent ", "Titian", "van Gogh Vincent ", "Rembrandt", "Bonnard Pierre", "Bouguereau William-Adolphe", "Degas Edgar", "Roerich Nicholas"], "contentId": ["191792.jpg", "277306.jpg", "279458.jpg", "232149.jpg", "226704.jpg", "226906.jpg", "206675.jpg", "344302.jpg", "206674.jpg", "229383.jpg", "251080.jpg", "279295.jpg", "205815.jpg", "225050.jpg", "206672.jpg", "220277.jpg", "221852.jpg", "232566.jpg", "213703.jpg", "225484.jpg"], "Art Nouveau (Modern)": 0.004474876649771611, "title": ["Portrait of a Young Girl", "Our daily bread", "The Conspirators, Presented at the Salon", "The Pearce Family", "Steps of the Himalayas", "Tibet", "Portrait of the Postman Joseph Roulin", "The Seine at Chatou", "Portrait of the Artist's Mother", "Sixteen Jackies", "Academic study from life", "A Muezzin Calling from the Top of a Minaret the Faithful to Prayer", "Cottage with Trees", "The Flaying of Marsyas", "Portrait of Postman Roulin", "Old man with turban", "At the Races, Longchamp", "Virgin and Child", "The Billiard Room at Menil-Hubert", "Christ the saviour. Saint Peter and Saint Paul."], "Romanticism": 0.0038718876709874245, "scores": [0.006232875928978106, 0.008984436035703623, 0.011191194773968408, 0.011458159884483395, 0.011618273325502304, 0.01172857465928124, 0.01176944062976874, 0.011796766745848135, 0.011993217738392872, 0.012003862128196287, 0.012177504591333578, 0.012360339723230983, 0.012389253467713504, 0.012396931219669678, 0.01249104948702751, 0.012616742672322897, 0.01272090615061331, 0.012761071831907646, 0.012806964634139294, 0.01293405708856887], "Mannerism (Late Renaissance)": 0.004289043852508828, "Realism": 0.003071765978121953, "Expressionism": 0.003964251260475756, "year": [1857.0, 1886.0, 1892.0, 1998.0, 1924.0, 1933.0, 1888.0, 1906.0, 1888.0, 1964.0, 1887.0, 1879.0, 1885.0, 1576.0, 1888.0, 1625.0, 1894.0, 1888.0, 1892.0, 1906.0], "Symbolism": 0.003964566450514955, "Pop Art": 0.004153051279788876, "Baroque": 0.004365093395981123, "Post-Impressionism": 0.00393209615646815, "style_dict": {"Impressionism": 2, "Orientalism": 1, "Romanticism": 1, "Mannerism (Late Renaissance)": 1, "Neoclassicism": 1, "Expressionism": 1, "Symbolism": 2, "Pop Art": 1, "Baroque": 1, "Post-Impressionism": 5, "Art Nouveau (Modern)": 1, "Realism": 3}, "Orientalism": 0.0042763840635599735, "Neoclassicism": 0.004415027858283579, "style_counts": [0.0002322230573127415, 0.0, 0.0006029889787841913, 0.00018583279726280821, 0.0014031106716496655, 0.0005106253892959156, 0.000510310199256736, 0.00032182536998281996, 0.00010978325379051856, 0.0005427804933034741, 0.00019849258621162935, 5.984879148801525e-05]}