{"Impressionism": 0.003306325226492988, "style": ["Post-Impressionism", "Baroque", "Impressionism", "Surrealism", "Surrealism", "Romanticism", "Realism", "Realism, Surrealism", "Impressionism", "Realism", "Baroque", "Realism", "Neo-Romanticism", "Romanticism", "Impressionism", "Baroque", "Neoclassicism", "Romanticism", "Realism", "Realism"], "style_labels": ["Impressionism", "Neo-Romanticism", "Romanticism", "Surrealism", "Neoclassicism", "Baroque", "Post-Impressionism", "Realism, Surrealism", "Realism"], "Neo-Romanticism": 0.0036908117122368004, "artist": ["Toulouse-Lautrec Henri de", "Rembrandt", "Monet Claude", "Magritte Rene", "Klee Paul", "Dore Gustave ", "Courbet Gustave", "Dali Salvador", "Toulouse-Lautrec Henri de", "Courbet Gustave", "Rembrandt", "Courbet Gustave", "Spencer Stanley", "Alma-Tadema Lawrence ", "Gauguin Paul ", "Caravaggio", "Piranesi Giovanni Battista", "Dore Gustave ", "Courbet Gustave", "Corot Camille "], "contentId": ["230398.jpg", "220364.jpg", "212077.jpg", "211570.jpg", "202208.jpg", "201885.jpg", "191852.jpg", "221181.jpg", "230568.jpg", "191933.jpg", "220630.jpg", "191975.jpg", "298591.jpg", "214540.jpg", "190785.jpg", "186640.jpg", "262735.jpg", "202087.jpg", "191732.jpg", "199451.jpg"], "title": ["Coffee Pot", "Portrait Of Maerten Soolmans", "Lunch on the Grass, Left Panel", "The magician (Self-portrait with four arms)", "In the box", "The Christian Martyrs", "Still Life", "Mystical Carnation", "Princeteau in His Studio", "The Stream", "The Nightwatch", "Woman with Garland", "Self-Portrait", "Interrupted", "Still life with oysters", "Christ at the Column", "Vedute di Roma", "The Wandering Jew", "Deer in the Snow", "At Civita Castellana, Wooded Rocks"], "Romanticism": 0.003450638047806848, "Surrealism": 0.003090777845474269, "Neoclassicism": 0.0037509567909260757, "scores": [0.006744675183431673, 0.008867073129895355, 0.008952373784680168, 0.008956700569962544, 0.009244512958354469, 0.009316237735029065, 0.009379376424299873, 0.009578243482643608, 0.009984364223899546, 0.010165228402185245, 0.010206506330415636, 0.01047348752629361, 0.010667817936761633, 0.010750417873531991, 0.010777857555032543, 0.01077821406467987, 0.010841659573581557, 0.010944907683943881, 0.010956254476891115, 0.011079862678860738], "year": [1884.0, 1634.0, 1865.0, 1952.0, 1908.0, 1871.0, 1872.0, 1951.0, 1882.0, "unknown", 1642.0, 1856.0, 1936.0, 1880.0, 1876.0, 1607.0, "unknown", "unknown", 1867.0, "unknown"], "Baroque": 0.003321591161368608, "Post-Impressionism": 0.0023334974696614694, "style_dict": {"Impressionism": 3, "Neo-Romanticism": 1, "Romanticism": 3, "Surrealism": 2, "Neoclassicism": 1, "Baroque": 3, "Post-Impressionism": 1, "Realism, Surrealism": 1, "Realism": 5}, "Realism, Surrealism": 0.003313844821683212, "Realism": 0.0033680682354896418, "style_counts": [0.0004446315644330845, 6.0145078689233245e-05, 0.00030031874311919893, 0.0006601789454517837, 0.0, 0.0004293656295574211, 0.0014174593212645803, 0.0004371119692428982, 0.00038288855543644473]}