{"style_counts": [0.0006362520828998575, 0.00043250674437700365, 0.0004706264674259053, 0.000974656918853789, 0.0012720469297345938, 0.0, 0.0007046671192488807], "style": ["Symbolism", "Symbolism", "Surrealism", "Symbolism", "Surrealism", "Symbolism", "Realism", "unknown", "High Renaissance", "Romanticism", "Surrealism", "Symbolism", "Symbolism", "Surrealism", "Surrealism", "Post-Impressionism", "Surrealism", "Symbolism", "Symbolism", "Symbolism"], "style_labels": ["unknown", "Romanticism", "High Renaissance", "Surrealism", "Symbolism", "Post-Impressionism", "Realism"], "artist": ["Roerich Nicholas", "Roerich Nicholas", "Dali Salvador", "Roerich Nicholas", "Dali Salvador", "Roerich Nicholas", "Levitan Isaac", "Matisse Henri", "Michelangelo", "Aivazovsky Ivan ", "Solar Xul", "Roerich Nicholas", "Roerich Nicholas", "Dali Salvador", "Dali Salvador", "van Gogh Vincent ", "Solar Xul", "Roerich Nicholas", "Roerich Nicholas", "Roerich Nicholas"], "unknown": 0.005409440431226641, "title": ["Om mani padme hum", "Mongolia. Yurtas.", "Music - The Red Orchestra", "Sentinels", "Landscape with Girl Skipping Rope", "Landscape", "Brisk wind, Volga", "Street at Biskra", "Madonna of the Stairs", "Pushkin and Countess Raevskaya by the sea near Gurzuf and Partenit", "Fiordo", "Himalayas", "Kangchenjunga", "Vision of Fatima", "Necrophiliac Springtime", "Mother Roulin with Her Baby", "Plurentes", "Fires of victory (Sentinel lights on the towers in Gobi)", "Kangchenjunga", "Himalayas"], "year": [1932.0, 1938.0, 1957.0, "unknown", 1936.0, "unknown", 1885.0, 1906.0, 1490.0, 1886.0, 1943.0, 1937.0, 1944.0, 1962.0, 1936.0, 1888.0, 1949.0, 1940.0, "unknown", "unknown"], "Romanticism": 0.005613185769749419, "High Renaissance": 0.00557506604670054, "Surrealism": 0.005071035595272612, "scores": [0.011671730761224203, 0.01236689208989341, 0.0127776050462145, 0.013963137565062633, 0.014603555809515554, 0.015099657517687853, 0.015437548959560402, 0.015635293848439133, 0.01611401344978906, 0.016224193620708365, 0.016288057744089757, 0.016728121042401664, 0.016746964617735144, 0.016919236102140703, 0.017163130469001597, 0.017474298899755318, 0.017649631495526525, 0.017659561313425873, 0.017708869137290705, 0.018032049325517933], "contentId": ["226288.jpg", "226169.jpg", "221175.jpg", "226537.jpg", "221100.jpg", "226073.jpg", "210125.jpg", "9223372032559820539.jpg", "193151.jpg", "196669.jpg", "345164.jpg", "225709.jpg", "225948.jpg", "221817.jpg", "221183.jpg", "206333.jpg", "345167.jpg", "225602.jpg", "225944.jpg", "225782.jpg"], "Symbolism": 0.0047736455843919124, "Post-Impressionism": 0.006045692514126439, "style_dict": {"unknown": 1, "Romanticism": 1, "High Renaissance": 1, "Surrealism": 6, "Symbolism": 9, "Post-Impressionism": 1, "Realism": 1}, "Realism": 0.0053410253948775925}