{"High Renaissance": 0.003271833627431137, "year": [1921.0, 1944.0, 1958.0, 1922.0, 1890.0, 1973.0, 1963.0, 1968.0, "unknown", 1942.0, 1913.0, 1958.0, 1913.0, 1500.0, 1503.0, 1935.0, 1901.0, "unknown", 1912.0, 1618.0], "Academicism": 0.0027379080607263105, "style": ["Symbolism", "Regionalism", "Metaphysical art", "Expressionism", "Academicism", "Surrealism", "Na\u00efve Art (Primitivism)", "Op Art", "Neo-baroque", "Realism, Surrealism", "Art Nouveau (Modern)", "Surrealism, Symbolism", "Art Nouveau (Modern)", "High Renaissance", "High Renaissance", "Symbolism", "Post-Impressionism", "Symbolism", "Art Nouveau (Modern)", "Baroque"], "title": ["Predicted Cloud", "The American Way", "The one consolation", "Still Life (Pulpo y scorpa)", "Working in Marble, or The Artist Sculpting Tanagra", "Artist and His Model", "Acrobat with bouquet", "Metamorphosis III excerpt 6", "Self Portrait", "Portrait of the Marquis De Cuevas", "Maleine's room", "Metamorphosis of Hitler's Face into a Moonlit Landscape with Accompaniment", "Maleine's room", "Drawing of an equestrian monument", "Study for an arm of the marble David and the figure of the bronze David", "Armageddon", "Woman at a Fountain", "Conversation with God", "Hut in the mountains", "Rape of the Daughters of Leucippus"], "Art Nouveau (Modern)": 0.0031024211296613244, "Expressionism": 0.0027149682592991593, "Symbolism": 0.0028842117806525155, "style_dict": {"Op Art": 1, "Art Nouveau (Modern)": 3, "Neo-baroque": 1, "High Renaissance": 2, "Surrealism": 1, "Na\u00efve Art (Primitivism)": 1, "Expressionism": 1, "Metaphysical art": 1, "Symbolism": 3, "Academicism": 1, "Baroque": 1, "Post-Impressionism": 1, "Realism, Surrealism": 1, "Surrealism, Symbolism": 1, "Regionalism": 1}, "Realism, Surrealism": 0.0030739575054165944, "Regionalism": 0.002632642308858512, "Metaphysical art": 0.002648810691237433, "scores": [0.006496342730469779, 0.007609314978167194, 0.007656047613966093, 0.007847267580262801, 0.007913572134439585, 0.008159885068589699, 0.008187557737337684, 0.00872108294108819, 0.00874377070706371, 0.00888487995862907, 0.008894178479348116, 0.009101960995987892, 0.009236370787546178, 0.009606292157482382, 0.009661136774429153, 0.009680702066508095, 0.009733930338927447, 0.00974393414821822, 0.009751520045952485, 0.009841422798895669], "Surrealism, Symbolism": 0.003149062390027296, "Baroque": 0.0034048986162454812, "Post-Impressionism": 0.0033677087773693695, "style_counts": [0.00038761098974449126, 0.00030247748658418505, 0.0003797615614092864, 0.00013306498881437978, 0.0005817721286932587, 0.0005721980423589734, 0.0006899303569463111, 0.000756087925008031, 0.0005206868355929206, 0.0006669905555192202, 0.0, 3.7189838876128256e-05, 0.0003309411108288751, 0.0002558362262181646, 0.0007722563073869759], "artist": ["Roerich Nicholas", "Rockwell Norman", "de Chirico Giorgio ", "Dali Salvador", "Gerome Jean-Leon", "Chagall Marc", "Chagall Marc", "Escher M.C.", "de Chirico Giorgio ", "Dali Salvador", "Roerich Nicholas", "Dali Salvador", "Roerich Nicholas", "da Vinci Leonardo", "Michelangelo", "Roerich Nicholas", "Picasso Pablo", "Roerich Nicholas", "Roerich Nicholas", "Rubens Peter Paul"], "Op Art": 0.0030172876265010516, "contentId": ["283007.jpg", "247814.jpg", "194608.jpg", "221493.jpg", "279511.jpg", "202428.jpg", "202398.jpg", "204607.jpg", "194550.jpg", "221378.jpg", "226121.jpg", "221152.jpg", "226122.jpg", "225139.jpg", "193215.jpg", "225355.jpg", "224723.jpg", "225510.jpg", "225883.jpg", "216572.jpg"], "style_labels": ["Op Art", "Art Nouveau (Modern)", "Neo-baroque", "High Renaissance", "Surrealism", "Na\u00efve Art (Primitivism)", "Expressionism", "Metaphysical art", "Symbolism", "Academicism", "Baroque", "Post-Impressionism", "Realism, Surrealism", "Surrealism, Symbolism", "Regionalism"], "Surrealism": 0.002823126487552277, "Na\u00efve Art (Primitivism)": 0.002832700573886461, "Neo-baroque": 0.003025137054836192}