{"Fauvism": 0.004656787154175041, "Impressionism": 0.004665238957087209, "style": ["Realism", "Cubism", "Realism", "Na\u00efve Art (Primitivism)", "Expressionism", "Na\u00efve Art (Primitivism)", "Pop Art", "Pop Art", "Abstract Expressionism", "Expressionism", "Regionalism", "Cubism", "Regionalism", "Art Nouveau (Modern)", "Post-Impressionism", "Cubism", "Surrealism", "Fauvism", "Impressionism", "Pop Art"], "Abstract Expressionism": 0.00425973396104203, "artist": ["Roerich Nicholas", "Ray Man", "Kittelsen Theodor Severin", "Chagall Marc", "Escher M.C.", "Leger Fernand ", "Warhol Andy", "Warhol Andy", "Warhol Andy", "Escher M.C.", "Rockwell Norman", "Chagall Marc", "Rockwell Norman", "Roerich Nicholas", "van Gogh Vincent ", "Malevich Kazimir", "Beksinski Zdislav", "Derain Andre", "Hassam Childe", "Warhol Andy"], "contentId": ["226945.jpg", "210860.jpg", "321856.jpg", "203311.jpg", "204914.jpg", "196411.jpg", "300238.jpg", "300220.jpg", "300228.jpg", "204590.jpg", "247792.jpg", "202375.jpg", "247704.jpg", "226555.jpg", "205913.jpg", "219877.jpg", "259127.jpg", "256123.jpg", "244388.jpg", "300209.jpg"], "Art Nouveau (Modern)": 0.004438012286222944, "title": ["Tomb near village Podlipie", "Portrait of Juliet", "Daarlige Utsikter", "Uncle Mitiai & Uncle Miniai", "Young Thrush", "Trouville", "Brillo Soap Pads", "Untitled (Superman Collage #15)", "Oxidation Painting", "Merry Christmas & Happy New Year", "Sailors", "A poet", "Leap", "Shchegolikha", "Farmers Working in the Field", "The Athlete of the Future", "Untitled", "Figures from a Carnival", "Venice", "Tatum O'Neal"], "style_counts": [8.4518029122016e-06, 0.0, 0.00040550499604519175, 0.00022722667086427784, 6.083116637833896e-05, 0.0005586925539607934, 0.00048404527151091337, 0.0004005497592862728, 0.00014749790957646614, 0.0005422574962014037, 0.0009060672749094945, 0.0003745223658618846], "Surrealism": 0.004604407790708909, "style_labels": ["Fauvism", "Impressionism", "Abstract Expressionism", "Art Nouveau (Modern)", "Surrealism", "Na\u00efve Art (Primitivism)", "Expressionism", "Pop Art", "Post-Impressionism", "Cubism", "Realism", "Regionalism"], "Na\u00efve Art (Primitivism)": 0.004106546403126441, "Expressionism": 0.0041811936855763, "year": [1899.0, "unknown", "unknown", 1923.0, 1917.0, 1949.0, 1969.0, 1960.0, 1978.0, 1961.0, "unknown", "unknown", "unknown", 1912.0, 1888.0, 1913.0, 1990.0, 1906.0, 1883.0, 1987.0], "scores": [0.01061932100848102, 0.01125034129362807, 0.011517982252285064, 0.012031633076001557, 0.01210527598810673, 0.012151317522240915, 0.012253413348175406, 0.01227121603265811, 0.012312214737147043, 0.012517263346404166, 0.012532818688104496, 0.012597024763061812, 0.012734687671415872, 0.012827505373294985, 0.01305795113321329, 0.013206679820231635, 0.013308450240102106, 0.01345984607296119, 0.013484274925401826, 0.013802971818754691], "Pop Art": 0.004264689197800956, "Post-Impressionism": 0.004517741047510744, "style_dict": {"Fauvism": 1, "Impressionism": 1, "Abstract Expressionism": 1, "Art Nouveau (Modern)": 1, "Surrealism": 1, "Na\u00efve Art (Primitivism)": 2, "Expressionism": 2, "Pop Art": 3, "Post-Impressionism": 1, "Cubism": 3, "Realism": 2, "Regionalism": 2}, "Cubism": 0.004122981460885844, "Realism": 0.0037591716821778177, "Regionalism": 0.0042907165912253855}