{"Fauvism": 0.005007573733381183, "Impressionism": 0.0046736874152414135, "style": ["Symbolism", "Na\u00efve Art (Primitivism)", "Color Field Painting", "Art Nouveau (Modern)", "Romanticism", "Symbolism", "Na\u00efve Art (Primitivism)", "Na\u00efve Art (Primitivism)", "Neoclassicism", "Surrealism", "Na\u00efve Art (Primitivism)", "Impressionism", "Cubism", "Symbolism", "Post-Impressionism", "Romanticism", "Expressionism", "Fauvism", "Post-Impressionism", "Na\u00efve Art (Primitivism)"], "style_labels": ["Fauvism", "Impressionism", "Art Nouveau (Modern)", "Romanticism", "Surrealism", "Color Field Painting", "Na\u00efve Art (Primitivism)", "Expressionism", "Symbolism", "Post-Impressionism", "Cubism", "Neoclassicism"], "artist": ["Roerich Nicholas", "Rousseau Henri", "Rothko Mark", "Vallotton  Felix", "B\u00f6cklin Arnold", "Blake William ", "Rousseau Henri", "Chagall Marc", "Ingres Jean Auguste Dominique ", "Beksinski Zdislav", "Rousseau Henri", "Renoir Pierre-Auguste", "Leger Fernand ", "Roerich Nicholas", "Dali Salvador", "Turner William", "Serebriakova Zinaida", "Derain Andre", "van Gogh Vincent ", "Chagall Marc"], "contentId": ["226880.jpg", "191313.jpg", "292727.jpg", "271105.jpg", "260649.jpg", "192963.jpg", "191380.jpg", "203190.jpg", "193324.jpg", "258722.jpg", "191322.jpg", "219101.jpg", "196170.jpg", "226499.jpg", "221525.jpg", "309340.jpg", "227243.jpg", "256123.jpg", "205891.jpg", "202368.jpg"], "Art Nouveau (Modern)": 0.0037109122939406806, "title": ["The unspilling vessel", "Jungle with Lion", "Untitled (No. 17)", "Family", "Roman Landscape", "The Soldiers Casting Lots for Christ's Garments", "Scout Attacked by a Tiger", "The heart of the circus", "Don Pedro of Toledo Kissing the Sword of Henri IV", "Untitled", "Landscape with Monkeys", "Still Life with Grapes", "Still life", "Saint Sergius (Employees)", "Summer Night", "Sunset Seen from a Beach with Breakwater", "Fruit piece", "Figures from a Carnival", "Enclosed Field with Ploughman", "A jew"], "Romanticism": 0.004195561607213131, "scores": [0.0064164101913857735, 0.0070982847441830345, 0.010654905314670657, 0.010725916090435814, 0.010813403599241125, 0.011616069679655403, 0.011802426306995031, 0.012328590383978176, 0.012486695320571103, 0.013011395856837152, 0.013352269060365003, 0.013508694110248506, 0.013533077346809325, 0.013608844910068738, 0.013630687236572849, 0.01389374667230396, 0.014153427897947728, 0.014473749694547629, 0.01461624208829114, 0.014662294491285513], "Surrealism": 0.004501634027280923, "Color Field Painting": 0.0036863442515872487, "Na\u00efve Art (Primitivism)": 0.003833261165497112, "Expressionism": 0.00489674999739469, "year": [1927.0, 1910.0, 1961.0, 1899.0, 1852.0, 1800.0, 1904.0, 1962.0, 1831.0, "unknown", "unknown", "unknown", 1925.0, 1940.0, "unknown", 1845.0, 1935.0, 1906.0, 1889.0, 1914.0], "Symbolism": 0.0035207112309329947, "Post-Impressionism": 0.004796657279150099, "style_dict": {"Fauvism": 1, "Impressionism": 1, "Art Nouveau (Modern)": 1, "Romanticism": 2, "Surrealism": 1, "Color Field Painting": 1, "Na\u00efve Art (Primitivism)": 5, "Expressionism": 1, "Symbolism": 3, "Post-Impressionism": 2, "Cubism": 1, "Neoclassicism": 1}, "Cubism": 0.004682123436142257, "Neoclassicism": 0.004320100100085355, "style_counts": [0.0, 0.00033388631813979774, 0.0012966614394405163, 0.0008120121261681046, 0.0005059397061003557, 0.0013212294817940284, 0.0011743125678841393, 0.00011082373598658712, 0.0014868625024482274, 0.0002109164542311026, 0.0003254502972389606, 0.0006874736332959097]}