{"Impressionism": 0.0031358850125185597, "style": ["Neoclassicism", "Impressionism", "Romanticism", "Impressionism", "Romanticism", "Post-Impressionism", "Northern Renaissance", "Impressionism", "Abstract Expressionism", "Symbolism", "Neoclassicism", "Neoclassicism", "Realism", "Realism", "Neoclassicism", "Art Nouveau (Modern)", "Surrealism", "Romanticism", "Romanticism", "Romanticism"], "Abstract Expressionism": 0.00375954216198834, "artist": ["Piranesi Giovanni Battista", "Renoir Pierre-Auguste", "Goya Francisco", "Monet Claude", "Dore Gustave ", "Picasso Pablo", "Durer Albrecht", "Degas Edgar", "Twombly Cy", "Roerich Nicholas", "Piranesi Giovanni Battista", "Piranesi Giovanni Battista", "Courbet Gustave", "Shishkin Ivan", "Piranesi Giovanni Battista", "Roerich Nicholas", "Escher M.C.", "Dore Gustave ", "Goya Francisco", "Goya Francisco"], "contentId": ["262740.jpg", "218902.jpg", "193919.jpg", "212105.jpg", "201783.jpg", "223994.jpg", "201254.jpg", "213400.jpg", "231580.jpg", "227084.jpg", "262767.jpg", "262775.jpg", "191915.jpg", "228848.jpg", "262529.jpg", "226282.jpg", "204787.jpg", "202008.jpg", "193863.jpg", "193874.jpg"], "Art Nouveau (Modern)": 0.003974635946004679, "title": ["Vedute di Roma", "Portrait of claude", "Feminine Folly", "Morning on the Seine", "Purgatorio Canto 33", "Harlequin's Head", "The Martyrdom of St John the Evangelist", "Dancer with Raised Arms", "Untitled", "White Lady", "The Prisons (plate IV)", "The Prisons (plate V)", "The Quarry", "On a stream", "Vedute di Roma", "Old man", "Procession in Crypt", "The Last Supper", "Because she was susceptible", "Brigand Stripping a Woman"], "Northern Renaissance": 0.0036507930956617375, "Romanticism": 0.0034707592204640124, "Surrealism": 0.004039433263741721, "style_labels": ["Impressionism", "Abstract Expressionism", "Art Nouveau (Modern)", "Northern Renaissance", "Romanticism", "Surrealism", "Realism", "Symbolism", "Post-Impressionism", "Neoclassicism"], "Realism": 0.0038148917972859976, "scores": [0.0075102789995819715, 0.008643235953693418, 0.008649590521518265, 0.008783483369803446, 0.009412218803712454, 0.009874987781619299, 0.010552149257622996, 0.010756096490971465, 0.010866474487630985, 0.010948820274902554, 0.011031488501850577, 0.011092739571466816, 0.01117448550361731, 0.011290946714845108, 0.011485929131661306, 0.011488175486250828, 0.011675463823425401, 0.011789813428849927, 0.011863058329324772, 0.01192663939578997], "year": ["unknown", 1892.0, "unknown", 1896.0, "unknown", 1905.0, 1498.0, 1891.0, 1970.0, 1919.0, "unknown", "unknown", 1857.0, 1895.0, "unknown", 1930.0, 1927.0, "unknown", 1799.0, 1800.0], "Symbolism": 0.0037880318491874377, "Post-Impressionism": 0.003416511303309674, "style_dict": {"Impressionism": 3, "Abstract Expressionism": 1, "Art Nouveau (Modern)": 1, "Northern Renaissance": 1, "Romanticism": 5, "Surrealism": 1, "Realism": 2, "Symbolism": 1, "Post-Impressionism": 1, "Neoclassicism": 4}, "Neoclassicism": 0.003376591653181324, "style_counts": [0.0009035482512230741, 0.00027989110175330456, 6.47973177370087e-05, 0.0003886401680799345, 0.0005686740432776505, 0.0, 0.0002245414664556744, 0.00025140141455426424, 0.0006229219604320102, 0.0006628416105604051]}