{"High Renaissance": 0.002611916858903187, "Color Field Painting": 0.0027518373227187845, "year": [1875.0, 1869.0, 1910.0, 1944.0, 1908.0, 1516.0, 1546.0, 1801.0, "unknown", 1954.0, "unknown", 1974.0, 1889.0, 1976.0, 1654.0, "unknown", 1919.0, 1941.0, 1906.0, 1867.0], "style": ["Realism", "Impressionism", "Realism", "Regionalism", "Art Nouveau (Modern)", "High Renaissance", "Mannerism (Late Renaissance)", "Romanticism", "High Renaissance", "Color Field Painting", "Pop Art", "Surrealism", "Post-Impressionism", "Expressionism", "Baroque", "Realism", "Surrealism", "Surrealism", "Realism", "Realism"], "title": ["Jew praying", "Rough Sea at Etretat", "Cecily Homer", "Willie Gillis New Year0s Eve", "Prologue. Forest.", "Portrait of Cardinal Dovizzi de Bibbiena", "Pope Paul III", "Self portrait with spectacles", "Tommaso Fedra Inghrami", "No. 7 (Dark Over Light)", "Orange Disaster", "Cranach Metamorphosis (Woman in a Mirror)", "The Reaper after Millet", "The Unicorn (unfinished)", "Portrait of an Old Man in Red", "Reclining nude", "Family Excursions", "Portrait of Mrs. George Tait, II", "Margherita Goldsmid, later Mrs Raphael", "Tatyana Repina, the Artist's Mother"], "Art Nouveau (Modern)": 0.0026056551091187146, "Expressionism": 0.002897371847672737, "style_dict": {"Impressionism": 1, "Art Nouveau (Modern)": 1, "Color Field Painting": 1, "Romanticism": 1, "High Renaissance": 2, "Surrealism": 3, "Mannerism (Late Renaissance)": 1, "Expressionism": 1, "Pop Art": 1, "Baroque": 1, "Post-Impressionism": 1, "Realism": 5, "Regionalism": 1}, "Regionalism": 0.0024024695120027145, "Impressionism": 0.0022684126414440117, "scores": [0.006536383401165219, 0.0065565558340844095, 0.006874048976859637, 0.0069440300266992265, 0.007531311938214582, 0.007579558821043752, 0.0077864049604347806, 0.00779847591460155, 0.007801700798349277, 0.007953832879910968, 0.008013821606194653, 0.00804295908091356, 0.008233029014111172, 0.008374481760636706, 0.008539138840737407, 0.008577980259693769, 0.008622963727964896, 0.008780813156315286, 0.008782260896008538, 0.008965544104403481], "Baroque": 0.0029543392878128767, "Post-Impressionism": 0.0028484325559919687, "Realism": 0.002571056091122822, "style_counts": [0.0006859266463687952, 0.0003486841786941586, 0.00025625178633592594, 0.00034242242890969443, 0.0001228962391093269, 0.0002025019650940818, 0.00026042804986803336, 5.6967440140165415e-05, 0.0001817472901565198, 0.0, 0.00010590673182087063, 0.00038328319669000965, 0.000551869775810121], "artist": ["Repin Ilya", "Monet Claude", "Sargent John Singer", "Rockwell Norman", "Roerich Nicholas", "Raphael", "Titian", "Goya Francisco", "Raphael", "Rothko Mark", "Warhol Andy", "Dali Salvador", "van Gogh Vincent ", "Dali Salvador", "Rembrandt", "Courbet Gustave", "Ernst Max", "Dali Salvador", "Sargent John Singer", "Repin Ilya"], "contentId": ["215016.jpg", "212314.jpg", "266075.jpg", "247858.jpg", "226401.jpg", "210545.jpg", "224939.jpg", "194062.jpg", "210663.jpg", "290298.jpg", "229365.jpg", "220888.jpg", "207163.jpg", "221712.jpg", "220338.jpg", "191816.jpg", "234169.jpg", "221354.jpg", "265671.jpg", "215394.jpg"], "style_labels": ["Impressionism", "Art Nouveau (Modern)", "Romanticism", "High Renaissance", "Surrealism", "Color Field Painting", "Mannerism (Late Renaissance)", "Expressionism", "Pop Art", "Baroque", "Post-Impressionism", "Realism", "Regionalism"], "Romanticism": 0.0026980875014769316, "Surrealism": 0.0028314430487035224, "Mannerism (Late Renaissance)": 0.0026939112379448125, "Pop Art": 0.002772591997656291}