{"Impressionism": 0.002602605170011375, "style": ["Art Nouveau (Modern)", "Impressionism", "Symbolism", "Symbolism", "Abstract Art, Op Art", "Post-Impressionism", "Post-Impressionism", "Baroque", "Baroque", "Symbolism", "Surrealism", "Symbolism", "Surrealism", "Baroque", "Realism", "Surrealism", "Realism, Surrealism", "Realism", "Action painting", "Realism"], "style_labels": ["Impressionism", "Art Nouveau (Modern)", "Abstract Art, Op Art", "Surrealism", "Action painting", "Symbolism", "Baroque", "Post-Impressionism", "Realism, Surrealism", "Realism"], "artist": ["Roerich Nicholas", "Degas Edgar", "Malevich Kazimir", "B\u00f6cklin Arnold", "Dali Salvador", "Toulouse-Lautrec Henri de", "Cezanne Paul", "Rubens Peter Paul", "Rubens Peter Paul", "Roerich Nicholas", "Chagall Marc", "Roerich Nicholas", "Dali Salvador", "Rembrandt", "van Gogh Vincent ", "Picasso Pablo", "Dali Salvador", "Escher M.C.", "Pollock Jackson ", "Sargent John Singer"], "contentId": ["225522.jpg", "213542.jpg", "219898.jpg", "260647.jpg", "221292.jpg", "230458.jpg", "215489.jpg", "216513.jpg", "216361.jpg", "293812.jpg", "202428.jpg", "225657.jpg", "220994.jpg", "220618.jpg", "207406.jpg", "224774.jpg", "221378.jpg", "204563.jpg", "282427.jpg", "266290.jpg"], "Art Nouveau (Modern)": 0.0023083514146940956, "title": ["Cover of \"Literary Digest\"", "Mademoiselle Fiocre in the Ballet", "Triumph of the Skies", "Putto and Butterfly", "Pierrot Lunaire", "Indian Decor", "Bathers", "Music Making Angels", "Adoration of the Shepherds", "Himalayan Snows", "Artist and His Model", "Grand Canyon", "Flower in the Desert", "The Lamentation over the Dead Christ", "Weaver near an Open Window", "Woman with book", "Portrait of the Marquis De Cuevas", "Infant Arthur", "Convergence", "Peter A. B. Widener"], "style_counts": [0.000800634506346376, 0.0010948882616637068, 0.0006166067483502902, 0.0003385847871582026, 0.0, 0.0006836309023051657, 0.0005046500621335159, 0.0006183853530667971, 4.888638344857643e-05, 0.00013306386749734056], "Abstract Art, Op Art": 0.002786632928007542, "Surrealism": 0.003064654889199632, "Action painting": 0.003403239676357857, "scores": [0.006671993736331471, 0.007522496480355424, 0.007580353643418226, 0.00790579002710267, 0.008054405114736495, 0.008092407898640915, 0.00830725934295575, 0.008307994009656304, 0.008459018557327069, 0.008559544689135168, 0.008708754579160628, 0.009073951378074999, 0.00915194391444121, 0.009283182798376914, 0.009514836557260159, 0.009681958183039263, 0.009695328023830716, 0.009782828054801442, 0.009836627845896433, 0.010092049020335198], "year": [1896.0, 1868.0, 1907.0, 1896.0, 1978.0, 1894.0, 1890.0, 1628.0, 1608.0, "unknown", 1973.0, 1921.0, 1946.0, "unknown", 1884.0, 1932.0, 1942.0, 1929.0, 1952.0, 1903.0], "Symbolism": 0.002719608774052644, "Baroque": 0.002898589614224283, "Post-Impressionism": 0.002784854323291045, "style_dict": {"Impressionism": 1, "Art Nouveau (Modern)": 1, "Abstract Art, Op Art": 1, "Surrealism": 3, "Action painting": 1, "Symbolism": 4, "Baroque": 3, "Post-Impressionism": 2, "Realism, Surrealism": 1, "Realism": 3}, "Realism, Surrealism": 0.0033543532929091874, "Realism": 0.0032701758088605017}