{"Impressionism": 0.003328782153745396, "style": ["Color Field Painting", "Realism", "Surrealism", "Romanticism", "Realism", "Baroque", "Realism", "Neoclassicism", "Regionalism", "Impressionism", "Surrealism", "Surrealism", "Surrealism", "Expressionism", "Realism", "Romanticism", "High Renaissance", "Realism", "Regionalism", "Romanticism"], "style_labels": ["Impressionism", "Romanticism", "High Renaissance", "Surrealism", "Color Field Painting", "Realism", "Expressionism", "Baroque", "Neoclassicism", "Regionalism"], "artist": ["Rothko Mark", "Kustodiev Boris", "Beksinski Zdislav", "Dore Gustave ", "Levitan Isaac", "Rembrandt", "Corot Camille ", "Ingres Jean Auguste Dominique ", "Rockwell Norman", "Renoir Pierre-Auguste", "Beksinski Zdislav", "Beksinski Zdislav", "Beksinski Zdislav", "Modigliani Amedeo ", "Courbet Gustave", "Turner William", "Perugino Pietro ", "van Gogh Vincent ", "Rockwell Norman", "Aivazovsky Ivan "], "contentId": ["290293.jpg", "229970.jpg", "258692.jpg", "201371.jpg", "210048.jpg", "220569.jpg", "199633.jpg", "193335.jpg", "247715.jpg", "219269.jpg", "259126.jpg", "258726.jpg", "258755.jpg", "189620.jpg", "191839.jpg", "238727.jpg", "199164.jpg", "207141.jpg", "247803.jpg", "196665.jpg"], "title": ["No. 14 (Horizontals, White over Darks)", "Portrait of a priest and a deacon", "Untitled", "A Souvenir from Scotland", "About nightfall. Grove.", "The Ascension Of Christ", "Mount Soracte", "First Thought of the Vow of Louis XIII", "Marriage License", "The Piano Lesson", "Untitled", "Untitled", "Untitled", "Portrait of Anna Zborowska", "Self-Portrait at Sainte Pelagie", "Hafod", "The Almighty with Prophets and Sybils (detail 2)", "The Old Tower in the Fields", "Solitaire", "Portrait of Senator Alexander Ivanovich Kaznacheyev"], "Romanticism": 0.003334589259060875, "High Renaissance": 0.0035352009374597063, "Surrealism": 0.0030195694864129674, "Color Field Painting": 0.002362089709525103, "style_counts": [0.00020641878371430167, 0.0002006116783989098, 0.0, 0.0005156314510467164, 0.00117311122793462, 0.0005684062217503616, 0.000108900246465371, 0.00033423141578947657, 0.0003273609263173549, 8.658885799450733e-05], "Realism": 0.002966794715709357, "Expressionism": 0.0034263006909944194, "year": [1961.0, 1907.0, "unknown", 1879.0, "unknown", 1636.0, 1827.0, 1821.0, 1935.0, 1889.0, "unknown", "unknown", "unknown", 1917.0, 1873.0, 1841.0, 1500.0, 1884.0, 1950.0, 1848.0], "scores": [0.006827317386028512, 0.007136390953275986, 0.007498414773594215, 0.008831376850111925, 0.008857527253526714, 0.00925199190332204, 0.009260490791001729, 0.009271850172055186, 0.009516690708817627, 0.009621417925374461, 0.00964401035835509, 0.009756334077659155, 0.009873829004988628, 0.009903282751310383, 0.009970980967240478, 0.01017963568117295, 0.01021804494812158, 0.010627052118238781, 0.010791764952785922, 0.010957597455960581], "Baroque": 0.003200969521670234, "style_dict": {"Impressionism": 1, "Romanticism": 3, "High Renaissance": 1, "Surrealism": 4, "Color Field Painting": 1, "Neoclassicism": 1, "Expressionism": 1, "Baroque": 1, "Realism": 5, "Regionalism": 2}, "Neoclassicism": 0.003207840011142357, "Regionalism": 0.00344861207946527}