{"style": ["Symbolism", "Symbolism", "Expressionism", "Art Nouveau (Modern)", "Art Nouveau (Modern)", "Art Nouveau (Modern)", "Ukiyo-e", "Abstract Expressionism", "Art Nouveau (Modern)", "Na\u00efve Art (Primitivism)", "Surrealism", "Symbolism", "Na\u00efve Art (Primitivism)", "Art Nouveau (Modern)", "Pop Art", "Surrealism", "Na\u00efve Art (Primitivism)", "Purism", "Realism", "Na\u00efve Art (Primitivism)"], "Abstract Expressionism": 0.003084125854311468, "artist": ["Roerich Nicholas", "Serebriakova Zinaida", "Schiele Egon", "Roerich Nicholas", "Roerich Nicholas", "Roerich Nicholas", "Hokusai Katsushika", "Pollock Jackson ", "Roerich Nicholas", "Chagall Marc", "Dali Salvador", "Roerich Nicholas", "Chagall Marc", "Roerich Nicholas", "Warhol Andy", "Beksinski Zdislav", "Leger Fernand ", "Leger Fernand ", "Repin Ilya", "Chagall Marc"], "contentId": ["226183.jpg", "227333.jpg", "232864.jpg", "226484.jpg", "227032.jpg", "226555.jpg", "223577.jpg", "185288.jpg", "225518.jpg", "202425.jpg", "221678.jpg", "225678.jpg", "202505.jpg", "226129.jpg", "300238.jpg", "259023.jpg", "196197.jpg", "196125.jpg", "215426.jpg", "202877.jpg"], "Art Nouveau (Modern)": 0.0029577020992992897, "title": ["Monhegan (study)", "Nude", "Woman with Black Stockings", "Sacrificer", "Vignette for book \"N. K. Roerich\"", "Shchegolikha", "Sketch of Four Faces", "Untitled", "Courtier", "Arlequins playing", "The Simoniacs", "Guru Kambala", "Consecration of Aaron and his son", "Mariners", "Brillo Soap Pads", "Untitled", "Study\u00a0for the\u00a0Circus", "Project design stage for a fitness", "Two woman", "Lovers for Berggruen (The offering)"], "Ukiyo-e": 0.0030741211024865323, "style_counts": [0.0006988400700169706, 0.0008252638250292321, 0.0007088448218419696, 6.483497326448262e-05, 0.0003456541313964223, 0.0003910111675278216, 0.0009404508007472279, 0.0010667644438254742, 0.0001530985439025523, 0.0], "Purism": 0.0037181309510640396, "Surrealism": 0.003437311792932037, "style_labels": ["Abstract Expressionism", "Art Nouveau (Modern)", "Ukiyo-e", "Purism", "Surrealism", "Na\u00efve Art (Primitivism)", "Expressionism", "Symbolism", "Pop Art", "Realism"], "Na\u00efve Art (Primitivism)": 0.0033919547568007032, "Expressionism": 0.002842515123581291, "year": [1922.0, 1923.0, 1912.0, 1913.0, 1918.0, 1912.0, "unknown", 1941.0, 1912.0, 1968.0, "unknown", 1940.0, 1965.0, 1912.0, 1969.0, "unknown", 1949.0, 1935.0, 1878.0, 1965.0], "Symbolism": 0.0027162014805029518, "Pop Art": 0.003629867380425895, "scores": [0.007166421135953628, 0.007526313948101734, 0.008215925434592089, 0.008511263250357465, 0.00868891048515572, 0.008865099575856263, 0.008885352814979694, 0.008914270267099247, 0.009480529729610346, 0.009590057783183649, 0.009700270071744737, 0.009718302225798111, 0.01012135273726581, 0.0101661107256258, 0.01049166616129154, 0.010541639581570412, 0.010583523760367823, 0.010746780693115106, 0.010934177868762524, 0.011012595178472464], "style_dict": {"Abstract Expressionism": 1, "Art Nouveau (Modern)": 5, "Ukiyo-e": 1, "Purism": 1, "Surrealism": 2, "Na\u00efve Art (Primitivism)": 4, "Expressionism": 1, "Symbolism": 3, "Pop Art": 1, "Realism": 1}, "Realism": 0.003782965924328454}