{"style_counts": [0.00029107284985763204, 0.00010234622411864347, 0.00019940605712165382, 0.0, 0.0004754971750881021, 0.000143528799514403, 0.00010663510174802049, 0.0008242469489939674, 0.0004869685435990867, 0.00030373864380361937], "style": ["Symbolism", "High Renaissance", "Baroque", "Symbolism", "Symbolism", "Symbolism", "Symbolism", "Baroque", "Neoclassicism", "Abstract Expressionism", "Northern Renaissance", "Symbolism", "Surrealism", "Na\u00efve Art (Primitivism)", "unknown", "Baroque", "Northern Renaissance", "High Renaissance", "Romanticism", "Symbolism"], "Abstract Expressionism": 0.004467388168109388, "artist": ["Roerich Nicholas", "Titian", "Rubens Peter Paul", "Roerich Nicholas", "Roerich Nicholas", "Roerich Nicholas", "Roerich Nicholas", "Rembrandt", "Picasso Pablo", "Pollock Jackson ", "Bruegel the Elder Pieter", "Roerich Nicholas", "Dali Salvador", "Chagall Marc", "Matisse Henri", "Rubens Peter Paul", "Durer Albrecht", "Titian", "Gerome Jean-Leon", "Roerich Nicholas"], "unknown": 0.004656114793848431, "title": ["Himalayas", "Annunciation", "Albert and Nicolaas Rubens", "Brahmaputra", "Kangchenjunga", "Thinking", "Clouds above the expanses", "A Young Man at a Table (possibly Govaert Flinck)", "Three women at a fountain", "Mural", "Parable of the Sower", "Mongolia", "Paranoiac Woman-Horse (Invisible Sleeping Woman, Lion, Horse)", "Tchitchikov's arrival to town N", "Woman in Yellow and Blue with a Guitar", "Marchesa Brigida Spinola Doria", "Mary at the gate", "Madonna and Child with Sts Catherine and Dominic and a Donor", "Entry of the Christ in Jerusalem", "Himalayas. Evening."], "Northern Renaissance": 0.004559054960845454, "Romanticism": 0.004758461017967091, "High Renaissance": 0.00428296384287901, "Surrealism": 0.004614932218452681, "style_labels": ["Abstract Expressionism", "unknown", "Northern Renaissance", "Romanticism", "High Renaissance", "Surrealism", "Na\u00efve Art (Primitivism)", "Symbolism", "Baroque", "Neoclassicism"], "year": [1939.0, 1535.0, 1627.0, 1945.0, 1924.0, 1918.0, 1917.0, 1660.0, 1921.0, 1943.0, 1557.0, 1927.0, 1930.0, 1923.0, 1939.0, 1606.0, 1520.0, 1516.0, 1897.0, 1940.0], "Na\u00efve Art (Primitivism)": 0.00465182591621901, "scores": [0.010743565642183773, 0.011477133950156908, 0.01191194364682557, 0.01223248613236938, 0.01233837741447089, 0.01250127703879333, 0.01257712615776136, 0.012779759027520298, 0.012875803739550242, 0.012912412592662856, 0.013105743378228986, 0.013259229317038004, 0.01333886974882072, 0.013445506250888875, 0.013457902701662028, 0.013697040910775907, 0.013741974891521984, 0.013744717420509988, 0.013753721337381912, 0.01386994693654501], "contentId": ["225717.jpg", "224843.jpg", "216369.jpg", "225423.jpg", "225940.jpg", "226891.jpg", "225499.jpg", "219997.jpg", "224619.jpg", "185563.jpg", "9223372032559808852.jpg", "226166.jpg", "221277.jpg", "203117.jpg", "9223372032559820548.jpg", "216496.jpg", "200860.jpg", "224908.jpg", "279352.jpg", "225834.jpg"], "Symbolism": 0.003934214068973126, "Baroque": 0.004271492474368015, "style_dict": {"Abstract Expressionism": 1, "unknown": 1, "Northern Renaissance": 2, "Romanticism": 1, "High Renaissance": 2, "Surrealism": 1, "Na\u00efve Art (Primitivism)": 1, "Symbolism": 7, "Baroque": 3, "Neoclassicism": 1}, "Neoclassicism": 0.00445472237416347}