{"Impressionism": 0.0021311205381496206, "style": ["Surrealism", "Realism", "Realism", "Impressionism", "Realism", "Realism", "Impressionism", "High Renaissance", "Realism", "Realism", "Realism", "Romanticism", "Realism", "Realism", "Realism", "Impressionism", "Romanticism", "Romanticism", "Baroque", "Expressionism"], "style_labels": ["Impressionism", "Romanticism", "High Renaissance", "Surrealism", "Expressionism", "Baroque", "Realism"], "artist": ["Ernst Max", "Corot Camille ", "Kustodiev Boris", "Churchill Winston", "Kustodiev Boris", "Corot Camille ", "Pissarro Camille ", "Perugino Pietro ", "Corot Camille ", "Levitan Isaac", "van Gogh Vincent ", "Corot Camille ", "Repin Ilya", "Levitan Isaac", "Levitan Isaac", "Degas Edgar", "Alma-Tadema Lawrence ", "Corot Camille ", "Rubens Peter Paul", "Modigliani Amedeo "], "contentId": ["234168.jpg", "199734.jpg", "230232.jpg", "313773.jpg", "229764.jpg", "199931.jpg", "208928.jpg", "199039.jpg", "199812.jpg", "210405.jpg", "206090.jpg", "199835.jpg", "215367.jpg", "210357.jpg", "210464.jpg", "213738.jpg", "214603.jpg", "199836.jpg", "216692.jpg", "189784.jpg"], "title": ["Everyone Here Speaks Latin", "Smugglers", "Statement of the model in the studio of Ilya Repin", "Mountains and Sea at Sunset", "Church Parade of the Finlandsky Guard Regiment, December 12, 1905", "Young Girl Seated in a Meadow", "Young woman mending her stockings", "Combat of Love and Chastity", "The Mill in the Trees", "The evening after the rain", "Head of a Peasant Woman with Dark Cap", "The Roman Campagna (La Cervara)", "Self-portrait", "Road in a Wood", "Water lilies. Nenuphar.", "The Promenade on Houseback", "The Crossing of the River Berizina", "The Roman Campagna in Winter", "The Return of the Farm Workers from the Fields", "Woman with a Green Necklace (Madame Menier)"], "Romanticism": 0.0022718994459029157, "High Renaissance": 0.002185260479022556, "Surrealism": 0.0014556180975283757, "Expressionism": 0.002438085494012643, "year": [1943.0, 1872.0, 1899.0, "unknown", 1906.0, 1865.0, 1895.0, 1505.0, 1855.0, 1879.0, 1885.0, 1827.0, "unknown", 1881.0, 1895.0, 1868.0, 1869.0, 1830.0, 1640.0, 1918.0], "scores": [0.004207277439378562, 0.0051623247341046775, 0.006101631303329821, 0.006114546582144255, 0.006197076355608842, 0.006237227384521285, 0.00624032770686814, 0.00631621517221344, 0.0064729944787183845, 0.006696667805543199, 0.006703727864389808, 0.006733586184361522, 0.006740325909448505, 0.0067581464998629085, 0.006772052141763573, 0.006797925435893307, 0.006804265099636397, 0.006880156193084465, 0.00692232396630192, 0.007046973455230461], "Baroque": 0.002394959730488275, "style_dict": {"Impressionism": 3, "Romanticism": 3, "High Renaissance": 1, "Surrealism": 1, "Expressionism": 1, "Baroque": 1, "Realism": 10}, "Realism": 0.0019370550507461658, "style_counts": [0.00030696495586313155, 0.00016618604810980653, 0.0002528250149901323, 0.0009824673964843322, 0.0, 4.312576352438757e-05, 0.000501030443266548]}