{"High Renaissance": 0.004280785286715517, "Expressionism, Symbolism": 0.004102828939092982, "year": [1958.0, "unknown", 1958.0, 1638.0, 1909.0, 1907.0, 1972.0, 1832.0, 1972.0, 1924.0, "unknown", 1885.0, "unknown", 1917.0, 1540.0, "unknown", 1967.0, 1889.0, 1540.0, 1982.0], "Academicism": 0.004196251989691368, "Abstract Expressionism, Surrealism": 0.004014850772264609, "style": ["Realism, Surrealism", "Neoclassicism", "Surrealism, Symbolism", "Baroque", "Realism", "Impressionism", "Abstract Expressionism, Surrealism", "Orientalism", "Expressionism, Symbolism", "Expressionism", "Post-Impressionism", "Realism", "Academicism", "Expressionism", "High Renaissance", "Post-Impressionism", "Expressionism", "Post-Impressionism", "High Renaissance", "Symbolism"], "title": ["Portrait of Sir James Dunn", "The So called Temple of Salus, on the Road to Albano", "Clown for 'The Amazing Adventure of the Lacemaker and the Rhinoceros'", "Mercury and Argus", "Portrait of P.L. Barc", "Portrait of Leopold Czihaczek, Standing", "Self-Portrait (Photomontage with the famous 'Mao-Marilyn' that Philippe Halsman created at Dali's wish)", "Seated Arab in Tanger", "Quantification of Leonardo de Vinci's 'Last Supper'", "Portrait\u00a0of Ivanov\u00a0in\u00a0a suit\u00a0Spaniard", "Self Portrait", "In the forest", "Bust of Paul Reclus", "Cafe Singer", "Portrait of Benedetto Varchi", "Portrait of the Postman Joseph Roulin", "Figure Climbing a Stair", "Trees and Shrubs", "Vincenzo Cappello", "Landscape with Hidden Image of Michelangelo's 'David'"], "Expressionism": 0.004101443448390825, "Symbolism": 0.004468145989599654, "style_dict": {"Abstract Expressionism, Surrealism": 1, "Impressionism": 1, "Orientalism": 1, "High Renaissance": 2, "Expressionism, Symbolism": 1, "Neoclassicism": 1, "Expressionism": 3, "Academicism": 1, "Symbolism": 1, "Surrealism, Symbolism": 1, "Baroque": 1, "Post-Impressionism": 3, "Realism, Surrealism": 1, "Realism": 2}, "Realism, Surrealism": 0.0027631214330862105, "Neoclassicism": 0.0029530000719099948, "Impressionism": 0.003943552300361505, "scores": [0.00798644815382996, 0.008535268008913991, 0.0091834805086609, 0.010580276495225967, 0.01070225980214802, 0.011398332194751346, 0.011604411284321233, 0.011755229643256562, 0.011858700893033439, 0.01193160249037998, 0.011963211936188087, 0.012098743551329378, 0.012128728240019516, 0.01223461762278832, 0.01230547010694009, 0.012502508092052552, 0.012694259406334604, 0.012843694951588356, 0.01290355201235462, 0.012914602978495848], "Surrealism, Symbolism": 0.0031772662058341403, "Baroque": 0.0036605244520265825, "Post-Impressionism": 0.004151396227804087, "Realism": 0.0038718756806996693, "style_counts": [0.00045329521733505906, 0.0005245936892381842, 0.0004011156461350973, 0.00018736070288416506, 0.00036531705050668606, 0.000596270308899971, 0.00036670254120885204, 0.0012908797837655195, 0.0, 0.00027189399990834584, 0.0008076215375730778, 0.0003167497617955206, 0.0017050245565134459, 0.001515145917689642], "artist": ["Dali Salvador", "Piranesi Giovanni Battista", "Dali Salvador", "Rubens Peter Paul", "Kustodiev Boris", "Schiele Egon", "Dali Salvador", "Delacroix Eugene ", "Dali Salvador", "Serebriakova Zinaida", "Bonnard Pierre", "Levitan Isaac", "Gerome Jean-Leon", "Modigliani Amedeo ", "Titian", "van Gogh Vincent ", "Dali Salvador", "van Gogh Vincent ", "Titian", "Dali Salvador"], "contentId": ["221373.jpg", "262416.jpg", "220873.jpg", "216505.jpg", "230086.jpg", "232709.jpg", "221438.jpg", "187844.jpg", "221389.jpg", "227457.jpg", "222020.jpg", "210241.jpg", "279333.jpg", "189484.jpg", "224964.jpg", "206678.jpg", "221825.jpg", "207245.jpg", "225085.jpg", "221101.jpg"], "Orientalism": 0.004067030343464511, "style_labels": ["Abstract Expressionism, Surrealism", "Impressionism", "Orientalism", "High Renaissance", "Expressionism, Symbolism", "Realism", "Expressionism", "Surrealism, Symbolism", "Symbolism", "Academicism", "Baroque", "Post-Impressionism", "Realism, Surrealism", "Neoclassicism"]}