{"Impressionism": 0.004532992895584081, "style": ["Orientalism", "Surrealism", "Baroque", "Na\u00efve Art (Primitivism)", "Mannerism (Late Renaissance)", "High Renaissance", "Realism", "Post-Impressionism", "Baroque", "Neoclassicism", "Neoclassicism", "Impressionism", "Surrealism", "Na\u00efve Art (Primitivism)", "Abstract Expressionism", "Surrealism", "Abstract Art", "Realism", "Realism", "Neoclassicism"], "Abstract Expressionism": 0.004620982435087642, "artist": ["Gerome Jean-Leon", "Delvaux Paul", "Rubens Peter Paul", "Botero Fernando", "Titian", "Michelangelo", "van Gogh Vincent ", "Mondrian Piet", "Rembrandt", "Ingres Jean Auguste Dominique ", "Ingres Jean Auguste Dominique ", "Renoir Pierre-Auguste", "Chagall Marc", "Chagall Marc", "Dali Salvador", "Magritte Rene", "Kandinsky Wassily", "Courbet Gustave", "Courbet Gustave", "Bouguereau William-Adolphe"], "contentId": ["279475.jpg", "243165.jpg", "216707.jpg", "281229.jpg", "224875.jpg", "193149.jpg", "206629.jpg", "185972.jpg", "220015.jpg", "193365.jpg", "193501.jpg", "219391.jpg", "202962.jpg", "202384.jpg", "220787.jpg", "211497.jpg", "326988.jpg", "191739.jpg", "191920.jpg", "232522.jpg"], "Orientalism": 0.0030635483036190593, "title": ["The Large Pool of Bursa", "Small square station", "The Triumph of the Victory", "Man at the Street", "Diana and Actaeon", "Madonna and Child", "Pollard Willow", "Woods near Oele", "Adoration of the Shepherds", "Jupiter and Antiope", "Portrait of the Princesse de Broglie", "Village Street, Louveciennes", "Red Roofs", "Abraham and Isaac on the way to the place of Sacrifice", "Arabs - the Death of Raymond Lulle", "The drop of water", "Improvisation 28 (second version)", "Female Nude with a Dog (Portrait of Leotine Renaude)", "The Sleepers", "The Nymphaeum"], "Realism": 0.004503896995138264, "style_counts": [0.00028875489541524413, 0.00020076535591162514, 0.0017581994873802076, 0.0003178507958609966, 0.0006200745880156067, 0.0006022272429963005, 0.000708752972481741, 0.0006530523786826281, 0.0, 0.0007970690626821764, 0.0004760826093893611, 0.000382996734083485], "High Renaissance": 0.0042016732029837274, "Surrealism": 0.004219520548003014, "Mannerism (Late Renaissance)": 0.004112994818517597, "Na\u00efve Art (Primitivism)": 0.004168695412316691, "scores": [0.008854793495731234, 0.010894747844589835, 0.011025181431649853, 0.011201401839187528, 0.011888084063816522, 0.012144397561813285, 0.012517934586018627, 0.012560587910198255, 0.012675660420907802, 0.012888144487074003, 0.012931835748416106, 0.013102034644140186, 0.013148194129098442, 0.013347536689407632, 0.013356357124111568, 0.01387871968004227, 0.013936643638802709, 0.013946401004498241, 0.01401307316477874, 0.014071949150933436], "year": [1885.0, 1963.0, 1614.0, 2003.0, 1559.0, 1505.0, 1882.0, 1908.0, 1646.0, 1851.0, 1853.0, 1872.0, 1954.0, 1931.0, 1963.0, 1948.0, 1912.0, "unknown", 1866.0, 1878.0], "style_labels": ["Impressionism", "Abstract Expressionism", "Orientalism", "Realism", "High Renaissance", "Surrealism", "Mannerism (Late Renaissance)", "Na\u00efve Art (Primitivism)", "Abstract Art", "Baroque", "Post-Impressionism", "Neoclassicism"], "Abstract Art": 0.004821747790999339, "Baroque": 0.00402467872831708, "Post-Impressionism": 0.004345665181610002, "style_dict": {"Impressionism": 1, "Abstract Expressionism": 1, "Orientalism": 1, "High Renaissance": 1, "Neoclassicism": 3, "Surrealism": 3, "Mannerism (Late Renaissance)": 1, "Na\u00efve Art (Primitivism)": 2, "Abstract Art": 1, "Baroque": 2, "Post-Impressionism": 1, "Realism": 3}, "Neoclassicism": 0.004438751056915788}