{"Fauvism": 0.004903147350597711, "style_counts": [0.0008560666394716865, 0.0008009666856380049, 0.00041587973139067813, 0.00021284687383082979, 0.00011209071446038887, 0.0015832930066171924, 0.0, 0.00032730245311651807, 0.0027344172922925125, 0.000689894763392096, 0.000346379538688657, 5.088345213288825e-06], "style": ["Symbolism", "Surrealism", "Neo-Expressionism", "Fauvism", "Pop Art", "Art Nouveau (Modern)", "Neo-Expressionism", "Art Nouveau (Modern)", "Expressionism", "Realism", "Realism", "Northern Renaissance", "Romanticism", "Northern Renaissance", "Na\u00efve Art (Primitivism)", "Regionalism", "Regionalism", "Art Nouveau (Modern)", "Na\u00efve Art (Primitivism)", "Na\u00efve Art (Primitivism)"], "style_labels": ["Fauvism", "Neo-Expressionism", "Art Nouveau (Modern)", "Northern Renaissance", "Romanticism", "Surrealism", "Na\u00efve Art (Primitivism)", "Expressionism", "Symbolism", "Pop Art", "Realism", "Regionalism"], "Neo-Expressionism": 0.004958247304431392, "contentId": ["225977.jpg", "203167.jpg", "231509.jpg", "186024.jpg", "229325.jpg", "226598.jpg", "231508.jpg", "225989.jpg", "203335.jpg", "205694.jpg", "230185.jpg", "200893.jpg", "214591.jpg", "201264.jpg", "202967.jpg", "247693.jpg", "247638.jpg", "226128.jpg", "224056.jpg", "202591.jpg"], "Art Nouveau (Modern)": 0.005343334258678724, "artist": ["Roerich Nicholas", "Chagall Marc", "Twombly Cy", "Mondrian Piet", "Warhol Andy", "Roerich Nicholas", "Twombly Cy", "Roerich Nicholas", "Chagall Marc", "van Gogh Vincent ", "Kustodiev Boris", "Durer Albrecht", "Alma-Tadema Lawrence ", "Durer Albrecht", "Chagall Marc", "Rockwell Norman", "Rockwell Norman", "Roerich Nicholas", "Picasso Pablo", "Chagall Marc"], "Northern Renaissance": 0.005546367116238566, "Romanticism": 0.005647123275609045, "scores": [0.00874278694863194, 0.012069964073776127, 0.013844554907779817, 0.014171918626971028, 0.014652217124548114, 0.014879861477498289, 0.015353958355249633, 0.015668724570782288, 0.015700243697798877, 0.015887521151317426, 0.015988000341523416, 0.01623669779852089, 0.01632228562917846, 0.0164251812611187, 0.01670289786485859, 0.01671645606634645, 0.01716888761312482, 0.01747301061305105, 0.01752453140786947, 0.01753176038833526], "Surrealism": 0.004175920983452169, "title": ["King Gesar", "The Dance", "Leaving Paphos Ringed With Waves V", "Sun", "James Dean", "Sketch of costumes for \"Snow Maiden\"", "Leaving Paphos Ringed With Waves IV", "Knight", "Wandering Jew", "Austin Friars Church, London", "Seated Model", "Oriental Ruler Enthroned", "Sir Lawrence Alma Tadema", "The Piece Of Turf With The Columbine", "Revelations of Nozdryov", "Hobo and Dog", "Clown", "Mariners", "Las Meninas (Velazquez)", "Gogol and Chagall"], "Na\u00efve Art (Primitivism)": 0.005759213990069362, "Expressionism": 0.005431911536952854, "year": [1941.0, 1951.0, 2009.0, "unknown", "unknown", "unknown", 2009.0, 1912.0, 1914.0, 1874.0, 1898.0, 1497.0, "unknown", "unknown", 1923.0, 1924.0, "unknown", 1912.0, 1957.0, 1923.0], "Symbolism": 0.0030247966977769024, "Pop Art": 0.005069319226677307, "style_dict": {"Fauvism": 1, "Neo-Expressionism": 2, "Art Nouveau (Modern)": 3, "Northern Renaissance": 2, "Romanticism": 1, "Surrealism": 1, "Na\u00efve Art (Primitivism)": 3, "Expressionism": 1, "Symbolism": 1, "Pop Art": 1, "Realism": 2, "Regionalism": 2}, "Realism": 0.0054128344513807315, "Regionalism": 0.005754125644856135}